{
"model": "chemkin_uson2022_hydrogen",
"species": {
    "num_elements": 2,
    "num_species": 10,
    "index_of_water": 5,
    "invalid_index": 65535,
    "element_names": [  "H",   "O"],
                           // [         0,          1,          2,          3,          4,          5,          6,          7,          8,          9]
    "species_names":          [       "O",        "H",       "H2",       "OH",       "O2",      "H2O",      "HO2",     "H2O2",       "O3",     "OHEX"],
    "molar_weights":          [  0.015999,   0.001008,   0.002016,   0.017007,   0.031998,   0.018015,   0.033006,   0.034014,   0.047997,   0.017007],    // [kg/mol]
    "thermal_conductivities": [0.05110035, 0.29659664, 0.18899964,  0.0597095, 0.02672561, 0.02670279, 0.02969025, 0.03660812, 0.01629108, 0.05988774],    // [W/m/K] (at 303.15 K)
    "LJ_well_depths":         [1.1045e-21, 2.0019e-21, 5.2465e-22, 1.1045e-21, 1.4828e-21, 7.9028e-21, 1.4828e-21, 1.4828e-21, 2.4852e-21, 1.1045e-21],    // [J]
    "LJ_collision_diameters": [  2.75e-10,   2.05e-10,   2.92e-10,   2.75e-10,  3.458e-10,  2.605e-10,  3.458e-10,  3.458e-10,    4.1e-10,   2.75e-10],    // [m]
    "dipole_moments":         [       0.0,        0.0,        0.0,        0.0,        0.0, 6.1509e-30,        0.0,        0.0,        0.0,        0.0],    // [C*m]
    "polarizabilities":       [       0.0,        0.0,    7.9e-31,        0.0,    1.6e-30,        0.0,        0.0,        0.0,        0.0,        0.0],    // [m^3]
    "rotational_relaxations": [       0.0,        0.0,      280.0,        0.0,        3.8,        4.0,        1.0,        3.8,        2.0,        0.0]     // [-]
    
},
"thermodynamics": {
    "temp_ranges": [
        //   T_low     T_mid    T_high
        //     [K]       [K]       [K]
        [   200.0,   1000.0,   6000.0],    //   0. O
        [   200.0,   1000.0,   6000.0],    //   1. H
        [   200.0,   1000.0,   6000.0],    //   2. H2
        [   200.0,   1000.0,   6000.0],    //   3. OH
        [   200.0,   1000.0,   6000.0],    //   4. O2
        [   200.0,   1000.0,   6000.0],    //   5. H2O
        [   200.0,   1000.0,   5000.0],    //   6. HO2
        [   200.0,   1000.0,   6000.0],    //   7. H2O2
        [   200.0,   1000.0,   6000.0],    //   8. O3
        [   300.0,   1000.0,   5000.0]     //   9. OHEX
    ],
    "a_low": [
        //             a_0               a_1               a_2               a_3               a_4               a_5               a_6
        [      3.11201699,   -0.00280464778,   5.23974549e-06,  -4.42444222e-09,   1.39393321e-12,       29127.3034,       2.27964278],    //   0. O
        [             2.5,  -1.21434192e-16,   3.14642268e-19,    -3.308722e-22,   1.21191563e-25,         25473.66,      -0.44668285],    //   1. H
        [      2.68763434,    0.00508352924,  -1.09134795e-05,   9.75972638e-09,  -2.98961778e-12,      -948.720664,     -0.706735279],    //   2. H2
        [      3.98520224,   -0.00234383614,   4.44744427e-06,  -3.67375964e-09,   1.27653925e-12,       3369.50653,    -0.0765438871],    //   3. OH
        [      3.66627111,   -0.00201629566,   6.94873168e-06,  -6.16244023e-09,    1.7591906e-12,      -1053.52472,       4.12801194],    //   4. O2
        [      4.23584018,   -0.00235035878,   7.44852451e-06,  -6.61473728e-09,   2.24734749e-12,      -30297.0623,     -0.999620648],    //   5. H2O
        [      3.91532945,   -0.00148787475,   1.15167354e-05,  -1.25715747e-08,     4.354213e-12,       298.674804,       5.28114803],    //   6. HO2
        [      3.87148687,    0.00289650863,   6.57196077e-06,  -9.23920581e-09,   3.42064984e-12,      -17666.9584,       5.06975745],    //   7. H2O2
        [      1.90171935,     0.0147594463,  -2.37144203e-05,    2.3270235e-08,   -9.4776242e-12,       15999.5172,       14.3776362],    //   8. O3
        [       3.6372573,   0.000185157457,  -1.67634008e-06,   2.38739293e-09,  -8.43216802e-13,       50021.3008,       1.35889652]     //   9. OHEX
    ],
    "a_high": [
        //             a_0               a_1               a_2               a_3               a_4               a_5               a_6
        [      2.54363697,  -2.73162486e-05,   -4.1902952e-09,   4.95481845e-12,  -4.79553694e-16,       29226.5295,       4.92264671],    //   0. O
        [             2.5,              0.0,              0.0,              0.0,              0.0,         25473.66,      -0.44668285],    //   1. H
        [      2.93286575,   0.000826608026,  -1.46402364e-07,   1.54100414e-11,    -6.888048e-16,        -816.2239,      -1.02647801],    //   2. H2
        [      2.83853033,    0.00110741289,  -2.94000209e-07,   4.20698729e-11,   -2.4228989e-15,       3697.87047,       5.84498899],    //   3. OH
        [      3.66096065,   0.000656365811,  -1.41149627e-07,   2.05797935e-11,  -1.29913436e-15,      -1214.90829,       3.41609021],    //   4. O2
        [       2.6770389,     0.0029731816,   -7.7376889e-07,    9.4433514e-11,   -4.2689991e-15,      -29886.2362,       6.88231731],    //   5. H2O
        [      4.17228741,    0.00188117627,  -3.46277286e-07,   1.94657549e-11,   1.76256905e-16,       34.5761323,       2.96009637],    //   6. HO2
        [      4.57977305,    0.00405326003,   -1.2984473e-06,     1.982114e-10,  -1.13968792e-14,      -18003.0958,       0.66774843],    //   7. H2O2
        [      12.3302914,    -0.0119324783,   7.98741278e-06,  -1.77194552e-09,   1.26075824e-13,       12689.4349,      -40.8729108],    //   8. O3
        [         2.88273,     0.0010139743,    -2.276877e-07,     2.174683e-11,    -5.126305e-16,       50301.4063,       5.59571607]     //   9. OHEX
    ]
},
"arrhenius_parameters": {
    "num_reactions": 34,
    "num_max_species_per_reaction": 4,