{
"model": "chemkin_ar_he",
"species": {
    "num_elements": 6,
    "num_species": 12,
    "index_of_water": 5,
    "invalid_index": 65535,
    "element_names": [  "C",   "H",   "N",   "O",  "Ar",  "He"],
                  // [         0,          1,          2,          3,          4,          5,          6,          7,          8,          9,         10,         11]
    "species_names": [       "H",       "H2",        "O",       "O2",       "OH",      "H2O",       "N2",      "HO2",     "H2O2",       "AR",       "HE",     "OHEX"],
    "molar_weights": [  0.001008,   0.002016,   0.015999,   0.031998,   0.017007,   0.018015,   0.028014,   0.033006,   0.034014,    0.03995,  0.0040026,   0.017007]     // [kg/mol]
    
},
"thermodynamics": {
    "temp_ranges": [
        //   T_low     T_mid    T_high
        //     [K]       [K]       [K]
        [   200.0,   1000.0,   6000.0],    // H
        [   200.0,   1000.0,   6000.0],    // H2
        [   200.0,   1000.0,   6000.0],    // O
        [   200.0,   1000.0,   6000.0],    // O2
        [   200.0,   1000.0,   6000.0],    // OH
        [   200.0,   1000.0,   6000.0],    // H2O
        [   200.0,   1000.0,   6000.0],    // N2
        [   200.0,   1000.0,   5000.0],    // HO2
        [   200.0,   1000.0,   6000.0],    // H2O2
        [   200.0,   1000.0,   6000.0],    // AR
        [   200.0,   1000.0,   6000.0],    // HE
        [   300.0,   1000.0,   5000.0]     // OHEX
    ],
    "a_low": [
        //             a_0               a_1               a_2               a_3               a_4               a_5               a_6
        [             2.5,  -1.21434192e-16,   3.14642268e-19,    -3.308722e-22,   1.21191563e-25,         25473.66,      -0.44668285],    // H
        [      2.68763434,    0.00508352924,  -1.09134795e-05,   9.75972638e-09,  -2.98961778e-12,      -948.720664,     -0.706735279],    // H2
        [      3.11201699,   -0.00280464778,   5.23974549e-06,  -4.42444222e-09,   1.39393321e-12,       29127.3034,       2.27964278],    // O
        [      3.66627111,   -0.00201629566,   6.94873168e-06,  -6.16244023e-09,    1.7591906e-12,      -1053.52472,       4.12801194],    // O2
        [      3.98520224,   -0.00234383614,   4.44744427e-06,  -3.67375964e-09,   1.27653925e-12,       3369.50653,    -0.0765438871],    // OH
        [      4.23584018,   -0.00235035878,   7.44852451e-06,  -6.61473728e-09,   2.24734749e-12,      -30297.0623,     -0.999620648],    // H2O
        [      3.58256851,  -0.000558781407,   7.83391479e-07,   8.73631719e-10,  -7.49971666e-13,      -1051.60018,       2.75873431],    // N2
        [      3.91532945,   -0.00148787475,   1.15167354e-05,  -1.25715747e-08,     4.354213e-12,       298.674804,       5.28114803],    // HO2
        [      3.87148687,    0.00289650863,   6.57196077e-06,  -9.23920581e-09,   3.42064984e-12,      -17666.9584,       5.06975745],    // H2O2
        [             2.5,  -1.21434192e-16,   3.14642268e-19,    -3.308722e-22,   1.21191563e-25,         -745.375,       4.37967491],    // AR
        [             2.5,  -1.21434192e-16,   3.14642268e-19,    -3.308722e-22,   1.21191563e-25,         -745.375,      0.928723974],    // HE
        [       3.6372573,   0.000185157457,  -1.67634008e-06,   2.38739293e-09,  -8.43216802e-13,       50021.3008,       1.35889652]     // OHEX
    ],
    "a_high": [
        //             a_0               a_1               a_2               a_3               a_4               a_5               a_6
        [             2.5,              0.0,              0.0,              0.0,              0.0,         25473.66,      -0.44668285],    // H
        [      2.93286575,   0.000826608026,  -1.46402364e-07,   1.54100414e-11,    -6.888048e-16,        -816.2239,      -1.02647801],    // H2
        [      2.54363697,  -2.73162486e-05,   -4.1902952e-09,   4.95481845e-12,  -4.79553694e-16,       29226.5295,       4.92264671],    // O
        [      3.66096065,   0.000656365811,  -1.41149627e-07,   2.05797935e-11,  -1.29913436e-15,      -1214.90829,       3.41609021],    // O2
        [      2.83853033,    0.00110741289,  -2.94000209e-07,   4.20698729e-11,   -2.4228989e-15,       3697.87047,       5.84498899],    // OH
        [       2.6770389,     0.0029731816,   -7.7376889e-07,    9.4433514e-11,   -4.2689991e-15,      -29886.2362,       6.88231731],    // H2O
        [      2.95257637,     0.0013969004,  -4.92631603e-07,   7.86010195e-11,  -4.60755204e-15,      -924.423063,       5.87156477],    // N2
        [      4.17228741,    0.00188117627,  -3.46277286e-07,   1.94657549e-11,   1.76256905e-16,       34.5761323,       2.96009637],    // HO2
        [      4.57977305,    0.00405326003,   -1.2984473e-06,     1.982114e-10,  -1.13968792e-14,      -18003.0958,       0.66774843],    // H2O2
        [             2.5,              0.0,              0.0,              0.0,              0.0,         -745.375,       4.37967491],    // AR
        [             2.5,              0.0,              0.0,              0.0,              0.0,         -745.375,      0.928723974],    // HE
        [         2.88273,     0.0010139743,    -2.276877e-07,     2.174683e-11,    -5.126305e-16,       50301.4063,       5.59571607]     // OHEX
    ]
},
"arrhenius_parameters": {
    "num_reactions": 30,