run_id,run_type,timestamp,mechanism,p_A,R_E,f,nu_L,P_amb,energy_demand,raw_data_path,metadata_path
0,optimum,2026-09-21 17:06,KAUST2023_N2_C0_CKMC_ESR_v10_0_oxygenless,2.0967848759173755,138.75850214884355,10.0,0.6500000000000001,1.0,2025.3201770974863,raw_data/run_0.csv,raw_data/run_0.json
1,optimum,2026-09-21 17:06,KAUST2023_N2_C0_CKMC_ESR_v10_0_oxygenless,3.98862087431548,194.8064334854533,10.0,0.6500000000000001,2.0,1725.199695625806,raw_data/run_1.csv,raw_data/run_1.json
2,optimum,2026-09-21 17:06,KAUST2023_N2_C0_CKMC_ESR_v10_0_oxygenless,11.90364674733323,233.9580494592333,20.0,0.6500000000000001,2.0,1897.5202422232142,raw_data/run_2.csv,raw_data/run_2.json
3,optimum,2026-09-21 17:06,KAUST2023_N2_C0_CKMC_ESR_v10_0_oxygenless,26.955768257670357,143.9648867581178,50.0,1.0,2.0,2037.3932921492374,raw_data/run_3.csv,raw_data/run_3.json
4,optimum,2026-09-21 17:06,KAUST2023_N2_C0_CKMC_ESR_v10_0_oxygenless,27.83130440922742,135.24200657496314,50.0,1.0,3.0,1941.7462071500374,raw_data/run_4.csv,raw_data/run_4.json
5,optimum,2026-09-21 17:06,KAUST2023_N2_C0_CKMC_ESR_v10_0_oxygenless,27.40533443423311,125.00997760611166,50.0,1.0,4.0,1944.4005079407898,raw_data/run_5.csv,raw_data/run_5.json
6,optimum,2026-09-21 17:06,KAUST2023_N2_C0_CKMC_ESR_v10_0_oxygenless,26.391760368386027,114.65859048323045,50.0,1.0,5.0,2000.4861867017025,raw_data/run_6.csv,raw_data/run_6.json
7,optimum,2026-09-21 17:06,KAUST2023_N2_C0_CKMC_ESR_v10_0_oxygenless,17.811677841891022,50.839531443976405,50.0,1.0,10.0,2199.7220314999704,raw_data/run_7.csv,raw_data/run_7.json
8,optimum,2026-09-21 17:06,KAUST2023_N2_C0_CKMC_ESR_v10_0_oxygenless,27.652378973381037,32.532172361657295,50.0,1.0,20.0,2491.916195400975,raw_data/run_8.csv,raw_data/run_8.json
9,optimum,2026-09-21 17:06,KAUST2023_N2_C0_CKMC_ESR_v10_0_oxygenless,58.60202687710035,18.632391931200328,50.0,1.0,50.0,2911.259322323935,raw_data/run_9.csv,raw_data/run_9.json
10,optimum,2026-09-21 17:06,KAUST2023_N2_C0_CKMC_ESR_v10_0_oxygenless,110.06459080302233,12.86427710282061,50.0,1.0,100.0,3274.164299901768,raw_data/run_10.csv,raw_data/run_10.json
11,optimum,2026-09-21 17:06,KAUST2023_N2_C0_CKMC_ESR_v10_0_oxygenless,40.06246351123973,97.5548621939103,100.0,1.0,1.0,2612.9601252438183,raw_data/run_11.csv,raw_data/run_11.json
12,optimum,2026-09-21 17:06,KAUST2023_N2_C0_CKMC_ESR_v10_0_oxygenless,41.18367720386697,88.89074518931474,100.0,1.0,2.0,2362.093297708732,raw_data/run_12.csv,raw_data/run_12.json
13,optimum,2026-09-21 17:06,KAUST2023_N2_C0_CKMC_ESR_v10_0_oxygenless,6.943255055945445,131.68769875987596,20.0,0.6500000000000001,3.0,1826.6158036101676,raw_data/run_13.csv,raw_data/run_13.json
14,optimum,2026-09-21 17:06,KAUST2023_N2_C0_CKMC_ESR_v10_0_oxygenless,40.72164185606315,81.82117659926524,100.0,1.0,3.0,2256.4503386773567,raw_data/run_14.csv,raw_data/run_14.json
15,optimum,2026-09-21 17:06,KAUST2023_N2_C0_CKMC_ESR_v10_0_oxygenless,40.86967401645825,77.42690155873711,100.0,1.0,4.0,2231.943594166946,raw_data/run_15.csv,raw_data/run_15.json
16,optimum,2026-09-21 17:06,KAUST2023_N2_C0_CKMC_ESR_v10_0_oxygenless,37.7365470805952,69.74074189399829,100.0,1.0,5.0,2254.452472555552,raw_data/run_16.csv,raw_data/run_16.json
17,optimum,2026-09-21 17:06,KAUST2023_N2_C0_CKMC_ESR_v10_0_oxygenless,24.194086341064374,37.497027181531465,100.0,1.0,10.0,2560.1352579303066,raw_data/run_17.csv,raw_data/run_17.json
18,optimum,2026-09-21 17:06,KAUST2023_N2_C0_CKMC_ESR_v10_0_oxygenless,32.41699958826999,24.697616106458316,100.0,1.0,20.0,2966.948885784052,raw_data/run_18.csv,raw_data/run_18.json
19,optimum,2026-09-21 17:06,KAUST2023_N2_C0_CKMC_ESR_v10_0_oxygenless,63.22768049341493,13.923311377403241,100.0,1.0,50.0,3552.8253560651556,raw_data/run_19.csv,raw_data/run_19.json
20,optimum,2026-09-21 17:06,KAUST2023_N2_C0_CKMC_ESR_v10_0_oxygenless,115.01232861480811,9.41194912546848,100.0,1.0,100.0,4040.7364500541235,raw_data/run_20.csv,raw_data/run_20.json
21,optimum,2026-09-21 17:06,KAUST2023_N2_C0_CKMC_ESR_v10_0_oxygenless,78.12810532961147,73.53879574684454,200.0,1.0,1.0,3273.699469402175,raw_data/run_21.csv,raw_data/run_21.json
22,optimum,2026-09-21 17:06,KAUST2023_N2_C0_CKMC_ESR_v10_0_oxygenless,71.61986813964745,60.00176272453461,200.0,1.0,2.0,2940.1640059221318,raw_data/run_22.csv,raw_data/run_22.json
23,optimum,2026-09-21 17:06,KAUST2023_N2_C0_CKMC_ESR_v10_0_oxygenless,65.83185391606021,52.29609758126005,200.0,1.0,3.0,2787.7923352048438,raw_data/run_23.csv,raw_data/run_23.json
24,optimum,2026-09-21 17:06,KAUST2023_N2_C0_CKMC_ESR_v10_0_oxygenless,8.321922261917539,128.9504073017599,20.0,0.6500000000000001,4.0,1773.8545758168686,raw_data/run_24.csv,raw_data/run_24.json
25,optimum,2026-09-21 17:06,KAUST2023_N2_C0_CKMC_ESR_v10_0_oxygenless,62.39212910727622,47.68348994305259,200.0,1.0,4.0,2718.6653843435206,raw_data/run_25.csv,raw_data/run_25.json
26,optimum,2026-09-21 17:06,KAUST2023_N2_C0_CKMC_ESR_v10_0_oxygenless,60.30164884188206,44.426148425288915,200.0,1.0,5.0,2701.343244063366,raw_data/run_26.csv,raw_data/run_26.json
27,optimum,2026-09-21 17:06,KAUST2023_N2_C0_CKMC_ESR_v10_0_oxygenless,54.5007304590709,35.11521422018315,200.0,1.0,10.0,2986.1277095428795,raw_data/run_27.csv,raw_data/run_27.json
28,optimum,2026-09-21 17:06,KAUST2023_N2_C0_CKMC_ESR_v10_0_oxygenless,42.40228234845845,18.955408750127457,200.0,1.0,20.0,3581.191116929966,raw_data/run_28.csv,raw_data/run_28.json
29,optimum,2026-09-21 17:06,KAUST2023_N2_C0_CKMC_ESR_v10_0_oxygenless,71.21691106512213,10.599846972878385,200.0,1.0,50.0,4397.592494270134,raw_data/run_29.csv,raw_data/run_29.json
30,optimum,2026-09-21 17:06,KAUST2023_N2_C0_CKMC_ESR_v10_0_oxygenless,122.94234779108595,7.050255980860947,200.0,1.0,100.0,5046.727699058714,raw_data/run_30.csv,raw_data/run_30.json
31,optimum,2026-09-21 17:06,KAUST2023_N2_C0_CKMC_ESR_v10_0_oxygenless,2.0540750042186664,123.97357400620348,10.0,4.999999999999999,1.0,1732.2411382950738,raw_data/run_31.csv,raw_data/run_31.json
32,optimum,2026-09-21 17:06,KAUST2023_N2_C0_CKMC_ESR_v10_0_oxygenless,6.993709399329302,320.74169236605877,10.0,4.999999999999999,2.0,1466.8121516377669,raw_data/run_32.csv,raw_data/run_32.json
33,optimum,2026-09-21 17:06,KAUST2023_N2_C0_CKMC_ESR_v10_0_oxygenless,5.848839885220966,211.70425631092283,10.0,4.999999999999999,3.0,1312.8675202955994,raw_data/run_33.csv,raw_data/run_33.json
34,optimum,2026-09-21 17:06,KAUST2023_N2_C0_CKMC_ESR_v10_0_oxygenless,7.583019362959455,222.83216279280387,10.0,4.999999999999999,4.0,1285.9633903820757,raw_data/run_34.csv,raw_data/run_34.json
35,optimum,2026-09-21 17:06,KAUST2023_N2_C0_CKMC_ESR_v10_0_oxygenless,9.868799199159636,128.91509725467648,20.0,0.6500000000000001,5.0,1789.8958202789825,raw_data/run_35.csv,raw_data/run_35.json
36,optimum,2026-09-21 17:06,KAUST2023_N2_C0_CKMC_ESR_v10_0_oxygenless,9.13254933009056,223.78475503763184,10.0,4.999999999999999,5.0,1319.493134684316,raw_data/run_36.csv,raw_data/run_36.json
37,optimum,2026-09-21 17:06,KAUST2023_N2_C0_CKMC_ESR_v10_0_oxygenless,13.355619633815042,126.90934746492741,10.0,4.999999999999999,10.0,1468.768037664384,raw_data/run_37.csv,raw_data/run_37.json
38,optimum,2026-09-21 17:06,KAUST2023_N2_C0_CKMC_ESR_v10_0_oxygenless,23.268031654812518,73.90087515058302,10.0,4.999999999999999,20.0,1607.041477224599,raw_data/run_38.csv,raw_data/run_38.json
39,optimum,2026-09-21 17:06,KAUST2023_N2_C0_CKMC_ESR_v10_0_oxygenless,53.646834832486604,39.782938133069386,10.0,4.999999999999999,50.0,1795.761801398211,raw_data/run_39.csv,raw_data/run_39.json
40,optimum,2026-09-21 17:06,KAUST2023_N2_C0_CKMC_ESR_v10_0_oxygenless,104.21666581208333,26.42151116543182,10.0,4.999999999999999,100.0,1961.506394712915,raw_data/run_40.csv,raw_data/run_40.json
41,optimum,2026-09-21 17:06,KAUST2023_N2_C0_CKMC_ESR_v10_0_oxygenless,6.499802742533583,158.72987206204888,20.0,4.999999999999999,1.0,1907.0020008926153,raw_data/run_41.csv,raw_data/run_41.json
42,optimum,2026-09-21 17:06,KAUST2023_N2_C0_CKMC_ESR_v10_0_oxygenless,11.925633264482679,220.21471158792463,20.0,4.999999999999999,2.0,1619.09304499219,raw_data/run_42.csv,raw_data/run_42.json
43,optimum,2026-09-21 17:06,KAUST2023_N2_C0_CKMC_ESR_v10_0_oxygenless,12.979825844910955,210.2819180324533,20.0,4.999999999999999,3.0,1505.5722878723352,raw_data/run_43.csv,raw_data/run_43.json
44,optimum,2026-09-21 17:06,KAUST2023_N2_C0_CKMC_ESR_v10_0_oxygenless,8.316278461420648,122.48408127759264,20.0,4.999999999999999,4.0,1470.953730587209,raw_data/run_44.csv,raw_data/run_44.json
45,optimum,2026-09-21 17:06,KAUST2023_N2_C0_CKMC_ESR_v10_0_oxygenless,9.912435503998953,124.1086838264043,20.0,4.999999999999999,5.0,1466.2138661220956,raw_data/run_45.csv,raw_data/run_45.json
46,optimum,2026-09-21 17:06,KAUST2023_N2_C0_CKMC_ESR_v10_0_oxygenless,14.325533940428885,81.91578876792416,20.0,0.6500000000000001,10.0,1985.4260924817747,raw_data/run_46.csv,raw_data/run_46.json
47,optimum,2026-09-21 17:06,KAUST2023_N2_C0_CKMC_ESR_v10_0_oxygenless,14.378284548966027,80.01355107545889,20.0,4.999999999999999,10.0,1636.2114745085807,raw_data/run_47.csv,raw_data/run_47.json
48,optimum,2026-09-21 17:06,KAUST2023_N2_C0_CKMC_ESR_v10_0_oxygenless,24.620305964729944,50.735811735731026,20.0,4.999999999999999,20.0,1821.3230443830755,raw_data/run_48.csv,raw_data/run_48.json
49,optimum,2026-09-21 17:06,KAUST2023_N2_C0_CKMC_ESR_v10_0_oxygenless,55.202574504813,28.068666965763665,20.0,4.999999999999999,50.0,2076.8190617933233,raw_data/run_49.csv,raw_data/run_49.json
50,optimum,2026-09-21 17:06,KAUST2023_N2_C0_CKMC_ESR_v10_0_oxygenless,106.05297056397649,18.85354297504168,20.0,4.999999999999999,100.0,2302.5674342823427,raw_data/run_50.csv,raw_data/run_50.json
51,optimum,2026-09-21 17:06,KAUST2023_N2_C0_CKMC_ESR_v10_0_oxygenless,8.898304247885648,153.09891476649096,25.0,4.999999999999999,1.0,1934.4153855250963,raw_data/run_51.csv,raw_data/run_51.json
52,optimum,2026-09-21 17:06,KAUST2023_N2_C0_CKMC_ESR_v10_0_oxygenless,14.208798569118375,193.8235716840111,25.0,4.999999999999999,2.0,1669.4367075443545,raw_data/run_52.csv,raw_data/run_52.json
53,optimum,2026-09-21 17:06,KAUST2023_N2_C0_CKMC_ESR_v10_0_oxygenless,14.716526008203104,181.546316348583,25.0,4.999999999999999,3.0,1561.7508198199207,raw_data/run_53.csv,raw_data/run_53.json
54,optimum,2026-09-21 17:06,KAUST2023_N2_C0_CKMC_ESR_v10_0_oxygenless,8.89561146857351,104.81926380877005,25.0,4.999999999999999,4.0,1552.9327469059433,raw_data/run_54.csv,raw_data/run_54.json
55,optimum,2026-09-21 17:06,KAUST2023_N2_C0_CKMC_ESR_v10_0_oxygenless,10.298580998995423,102.94538550472159,25.0,4.999999999999999,5.0,1534.5493380654761,raw_data/run_55.csv,raw_data/run_55.json
56,optimum,2026-09-21 17:06,KAUST2023_N2_C0_CKMC_ESR_v10_0_oxygenless,15.458069214786102,76.66015100186543,25.0,4.999999999999999,10.0,1703.4354429970954,raw_data/run_56.csv,raw_data/run_56.json
57,optimum,2026-09-21 17:06,KAUST2023_N2_C0_CKMC_ESR_v10_0_oxygenless,24.3518733644024,49.9324879678372,20.0,0.6500000000000001,20.0,2186.2767557473007,raw_data/run_57.csv,raw_data/run_57.json
58,optimum,2026-09-21 17:06,KAUST2023_N2_C0_CKMC_ESR_v10_0_oxygenless,25.071651321105897,43.97985603084044,25.0,4.999999999999999,20.0,1907.5541956073782,raw_data/run_58.csv,raw_data/run_58.json
59,optimum,2026-09-21 17:06,KAUST2023_N2_C0_CKMC_ESR_v10_0_oxygenless,55.96041724712851,25.654883415581363,25.0,4.999999999999999,50.0,2190.3505173614694,raw_data/run_59.csv,raw_data/run_59.json
60,optimum,2026-09-21 17:06,KAUST2023_N2_C0_CKMC_ESR_v10_0_oxygenless,106.90077175509498,17.209697722589105,25.0,4.999999999999999,100.0,2440.0615870613638,raw_data/run_60.csv,raw_data/run_60.json
61,optimum,2026-09-21 17:06,KAUST2023_N2_C0_CKMC_ESR_v10_0_oxygenless,12.272036243694485,156.05903140942735,30.0,4.999999999999999,1.0,1961.9327373824622,raw_data/run_61.csv,raw_data/run_61.json
62,optimum,2026-09-21 17:06,KAUST2023_N2_C0_CKMC_ESR_v10_0_oxygenless,16.985899825656812,178.44418559774337,30.0,4.999999999999999,2.0,1708.2128513904195,raw_data/run_62.csv,raw_data/run_62.json
63,optimum,2026-09-21 17:06,KAUST2023_N2_C0_CKMC_ESR_v10_0_oxygenless,17.78710003446918,168.66193705518268,30.0,4.999999999999999,3.0,1598.6841276361317,raw_data/run_63.csv,raw_data/run_63.json
64,optimum,2026-09-21 17:06,KAUST2023_N2_C0_CKMC_ESR_v10_0_oxygenless,18.96904661170584,162.08073212197647,30.0,4.999999999999999,4.0,1597.0324135122505,raw_data/run_64.csv,raw_data/run_64.json
65,optimum,2026-09-21 17:06,KAUST2023_N2_C0_CKMC_ESR_v10_0_oxygenless,10.864566970024843,91.12033865975754,30.0,4.999999999999999,5.0,1600.1641625831132,raw_data/run_65.csv,raw_data/run_65.json
66,optimum,2026-09-21 17:06,KAUST2023_N2_C0_CKMC_ESR_v10_0_oxygenless,15.790441809030774,66.7407468165776,30.0,4.999999999999999,10.0,1759.1869011597146,raw_data/run_66.csv,raw_data/run_66.json
67,optimum,2026-09-21 17:06,KAUST2023_N2_C0_CKMC_ESR_v10_0_oxygenless,25.791135796390126,41.26893543064426,30.0,4.999999999999999,20.0,1984.3830965944553,raw_data/run_67.csv,raw_data/run_67.json
68,optimum,2026-09-21 17:06,KAUST2023_N2_C0_CKMC_ESR_v10_0_oxygenless,55.0572085470551,28.47083447861939,20.0,0.6500000000000001,50.0,2471.4636058827036,raw_data/run_68.csv,raw_data/run_68.json
69,optimum,2026-09-21 17:06,KAUST2023_N2_C0_CKMC_ESR_v10_0_oxygenless,56.6320657852968,23.638096672708613,30.0,4.999999999999999,50.0,2293.23691332843,raw_data/run_69.csv,raw_data/run_69.json
70,optimum,2026-09-21 17:06,KAUST2023_N2_C0_CKMC_ESR_v10_0_oxygenless,107.67973353947566,15.931215654520686,30.0,4.999999999999999,100.0,2563.918297694537,raw_data/run_70.csv,raw_data/run_70.json
71,optimum,2026-09-21 17:06,KAUST2023_N2_C0_CKMC_ESR_v10_0_oxygenless,22.733094057180683,135.78582912202666,50.0,4.999999999999999,1.0,2075.5377280589046,raw_data/run_71.csv,raw_data/run_71.json
72,optimum,2026-09-21 17:06,KAUST2023_N2_C0_CKMC_ESR_v10_0_oxygenless,26.591314769754675,136.68445715192613,50.0,4.999999999999999,2.0,1846.6029220983523,raw_data/run_72.csv,raw_data/run_72.json
73,optimum,2026-09-21 17:06,KAUST2023_N2_C0_CKMC_ESR_v10_0_oxygenless,26.38227505895729,125.99795787202275,50.0,4.999999999999999,3.0,1746.023581185916,raw_data/run_73.csv,raw_data/run_73.json
74,optimum,2026-09-21 17:06,KAUST2023_N2_C0_CKMC_ESR_v10_0_oxygenless,28.897879711351365,124.53979220861501,50.0,4.999999999999999,4.0,1730.301855596766,raw_data/run_74.csv,raw_data/run_74.json
75,optimum,2026-09-21 17:06,KAUST2023_N2_C0_CKMC_ESR_v10_0_oxygenless,28.92362778185715,117.20073350886786,50.0,4.999999999999999,5.0,1771.9070183937279,raw_data/run_75.csv,raw_data/run_75.json
76,optimum,2026-09-21 17:06,KAUST2023_N2_C0_CKMC_ESR_v10_0_oxygenless,19.059311207774766,55.2779732271173,50.0,4.999999999999999,10.0,1956.8063023287198,raw_data/run_76.csv,raw_data/run_76.json
77,optimum,2026-09-21 17:06,KAUST2023_N2_C0_CKMC_ESR_v10_0_oxygenless,27.96536328178954,32.819476835471626,50.0,4.999999999999999,20.0,2236.6069466263143,raw_data/run_77.csv,raw_data/run_77.json
78,optimum,2026-09-21 17:06,KAUST2023_N2_C0_CKMC_ESR_v10_0_oxygenless,58.964614383711385,18.92408469904151,50.0,4.999999999999999,50.0,2632.3848449686684,raw_data/run_78.csv,raw_data/run_78.json
79,optimum,2026-09-21 17:06,KAUST2023_N2_C0_CKMC_ESR_v10_0_oxygenless,105.92289107869816,19.265209325896226,20.0,0.6500000000000001,100.0,2724.095765385607,raw_data/run_79.csv,raw_data/run_79.json
80,optimum,2026-09-21 17:06,KAUST2023_N2_C0_CKMC_ESR_v10_0_oxygenless,110.38506709424203,12.79763366355279,50.0,4.999999999999999,100.0,2972.128178760491,raw_data/run_80.csv,raw_data/run_80.json
81,optimum,2026-09-21 17:06,KAUST2023_N2_C0_CKMC_ESR_v10_0_oxygenless,48.34604833962874,107.94643385472972,100.0,4.999999999999999,1.0,2371.1652598895384,raw_data/run_81.csv,raw_data/run_81.json
82,optimum,2026-09-21 17:06,KAUST2023_N2_C0_CKMC_ESR_v10_0_oxygenless,47.64211411227657,94.2153744369042,100.0,4.999999999999999,2.0,2138.225143919132,raw_data/run_82.csv,raw_data/run_82.json
83,optimum,2026-09-21 17:06,KAUST2023_N2_C0_CKMC_ESR_v10_0_oxygenless,46.042925362605445,85.1312183148434,100.0,4.999999999999999,3.0,2036.1358070271656,raw_data/run_83.csv,raw_data/run_83.json
84,optimum,2026-09-21 17:06,KAUST2023_N2_C0_CKMC_ESR_v10_0_oxygenless,41.7728557999065,75.56461198919773,100.0,4.999999999999999,4.0,2006.7740795836314,raw_data/run_84.csv,raw_data/run_84.json
85,optimum,2026-09-21 17:06,KAUST2023_N2_C0_CKMC_ESR_v10_0_oxygenless,42.39787274631557,72.20026553033158,100.0,4.999999999999999,5.0,2020.017712535936,raw_data/run_85.csv,raw_data/run_85.json
86,optimum,2026-09-21 17:06,KAUST2023_N2_C0_CKMC_ESR_v10_0_oxygenless,24.63254954820173,37.1037114538295,100.0,4.999999999999999,10.0,2301.7629150508637,raw_data/run_86.csv,raw_data/run_86.json
87,optimum,2026-09-21 17:06,KAUST2023_N2_C0_CKMC_ESR_v10_0_oxygenless,33.39438703329049,25.356469084463427,100.0,4.999999999999999,20.0,2678.419144695979,raw_data/run_87.csv,raw_data/run_87.json
88,optimum,2026-09-21 17:06,KAUST2023_N2_C0_CKMC_ESR_v10_0_oxygenless,64.41569462320687,14.678202390779832,100.0,4.999999999999999,50.0,3237.1746344540625,raw_data/run_88.csv,raw_data/run_88.json
89,optimum,2026-09-21 17:06,KAUST2023_N2_C0_CKMC_ESR_v10_0_oxygenless,116.02124480386124,9.726380295484024,100.0,4.999999999999999,100.0,3693.9849799665385,raw_data/run_89.csv,raw_data/run_89.json
90,optimum,2026-09-21 17:06,KAUST2023_N2_C0_CKMC_ESR_v10_0_oxygenless,8.228981943335569,156.60621260914766,25.0,0.6500000000000001,1.0,2253.702710849077,raw_data/run_90.csv,raw_data/run_90.json
91,optimum,2026-09-21 17:06,KAUST2023_N2_C0_CKMC_ESR_v10_0_oxygenless,87.87404481054496,77.15634254879618,200.0,4.999999999999999,1.0,2952.069320153543,raw_data/run_91.csv,raw_data/run_91.json
92,optimum,2026-09-21 17:06,KAUST2023_N2_C0_CKMC_ESR_v10_0_oxygenless,79.58439188771153,62.175989466661946,200.0,4.999999999999999,2.0,2661.9302079854565,raw_data/run_92.csv,raw_data/run_92.json
93,optimum,2026-09-21 17:06,KAUST2023_N2_C0_CKMC_ESR_v10_0_oxygenless,76.31739184346881,55.59205510151241,200.0,4.999999999999999,3.0,2527.7264591483404,raw_data/run_93.csv,raw_data/run_93.json
94,optimum,2026-09-21 17:06,KAUST2023_N2_C0_CKMC_ESR_v10_0_oxygenless,70.24173491401864,49.56761240548439,200.0,4.999999999999999,4.0,2465.0528718726064,raw_data/run_94.csv,raw_data/run_94.json
95,optimum,2026-09-21 17:06,KAUST2023_N2_C0_CKMC_ESR_v10_0_oxygenless,66.15974036363824,45.34187345143269,200.0,4.999999999999999,5.0,2446.4015311057137,raw_data/run_95.csv,raw_data/run_95.json
96,optimum,2026-09-21 17:06,KAUST2023_N2_C0_CKMC_ESR_v10_0_oxygenless,56.89916221659867,34.66646553858054,200.0,4.999999999999999,10.0,2681.0827114877043,raw_data/run_96.csv,raw_data/run_96.json
97,optimum,2026-09-21 17:06,KAUST2023_N2_C0_CKMC_ESR_v10_0_oxygenless,44.40627004363499,19.466860083192444,200.0,4.999999999999999,20.0,3244.565608820689,raw_data/run_97.csv,raw_data/run_97.json
98,optimum,2026-09-21 17:06,KAUST2023_N2_C0_CKMC_ESR_v10_0_oxygenless,71.55263409733163,10.419519203089468,200.0,4.999999999999999,50.0,4025.024166388504,raw_data/run_98.csv,raw_data/run_98.json
99,optimum,2026-09-21 17:06,KAUST2023_N2_C0_CKMC_ESR_v10_0_oxygenless,123.95825766354406,7.122389336731142,200.0,4.999999999999999,100.0,4640.0126429429565,raw_data/run_99.csv,raw_data/run_99.json
100,optimum,2026-09-21 17:06,KAUST2023_N2_C0_CKMC_ESR_v10_0_oxygenless,2.0936840127977288,125.63216667637394,10.0,10.0,1.0,1751.679078714162,raw_data/run_100.csv,raw_data/run_100.json
101,optimum,2026-09-21 17:06,KAUST2023_N2_C0_CKMC_ESR_v10_0_oxygenless,14.374546774113718,207.75548909756574,25.0,0.6500000000000001,2.0,1954.9630272289066,raw_data/run_101.csv,raw_data/run_101.json
102,optimum,2026-09-21 17:06,KAUST2023_N2_C0_CKMC_ESR_v10_0_oxygenless,3.823115319444646,169.70978553192498,10.0,10.0,2.0,1453.7054182779614,raw_data/run_102.csv,raw_data/run_102.json
103,optimum,2026-09-21 17:06,KAUST2023_N2_C0_CKMC_ESR_v10_0_oxygenless,5.905639102012351,212.42959533090522,10.0,10.0,3.0,1301.11860625328,raw_data/run_103.csv,raw_data/run_103.json
104,optimum,2026-09-21 17:06,KAUST2023_N2_C0_CKMC_ESR_v10_0_oxygenless,7.754852992207798,228.30590873951684,10.0,10.0,4.0,1267.6278899262145,raw_data/run_104.csv,raw_data/run_104.json
105,optimum,2026-09-21 17:06,KAUST2023_N2_C0_CKMC_ESR_v10_0_oxygenless,9.299656698226265,228.883479622805,10.0,10.0,5.0,1296.5482708743782,raw_data/run_105.csv,raw_data/run_105.json
106,optimum,2026-09-21 17:06,KAUST2023_N2_C0_CKMC_ESR_v10_0_oxygenless,13.44335981997639,129.07721793576673,10.0,10.0,10.0,1448.1080508834368,raw_data/run_106.csv,raw_data/run_106.json
107,optimum,2026-09-21 17:06,KAUST2023_N2_C0_CKMC_ESR_v10_0_oxygenless,23.34456226533731,75.11144012727992,10.0,10.0,20.0,1589.1332342348585,raw_data/run_107.csv,raw_data/run_107.json
108,optimum,2026-09-21 17:06,KAUST2023_N2_C0_CKMC_ESR_v10_0_oxygenless,53.76823667135248,40.96117405385823,10.0,10.0,50.0,1780.3032694935023,raw_data/run_108.csv,raw_data/run_108.json
109,optimum,2026-09-21 17:06,KAUST2023_N2_C0_CKMC_ESR_v10_0_oxygenless,104.36506708745992,27.116779793324273,10.0,10.0,100.0,1948.5816121973469,raw_data/run_109.csv,raw_data/run_109.json
110,optimum,2026-09-21 17:06,KAUST2023_N2_C0_CKMC_ESR_v10_0_oxygenless,7.20267376323575,168.89837452588236,20.0,10.0,1.0,1930.0512365558131,raw_data/run_110.csv,raw_data/run_110.json
111,optimum,2026-09-21 17:06,KAUST2023_N2_C0_CKMC_ESR_v10_0_oxygenless,11.96338265224877,218.77152332432618,20.0,10.0,2.0,1618.8941404887614,raw_data/run_111.csv,raw_data/run_111.json
112,optimum,2026-09-21 17:06,KAUST2023_N2_C0_CKMC_ESR_v10_0_oxygenless,6.12873987538202,235.72016692573953,10.0,0.6500000000000001,3.0,1587.6165401060266,raw_data/run_112.csv,raw_data/run_112.json
113,optimum,2026-09-21 17:06,KAUST2023_N2_C0_CKMC_ESR_v10_0_oxygenless,15.475451836686675,197.4075277992043,25.0,0.6500000000000001,3.0,1861.1110447584076,raw_data/run_113.csv,raw_data/run_113.json
114,optimum,2026-09-21 17:06,KAUST2023_N2_C0_CKMC_ESR_v10_0_oxygenless,12.961319798211704,208.16353056077904,20.0,10.0,3.0,1495.7508272841462,raw_data/run_114.csv,raw_data/run_114.json
115,optimum,2026-09-21 17:06,KAUST2023_N2_C0_CKMC_ESR_v10_0_oxygenless,8.430271915830666,123.41568366324606,20.0,10.0,4.0,1462.942676245824,raw_data/run_115.csv,raw_data/run_115.json
116,optimum,2026-09-21 17:06,KAUST2023_N2_C0_CKMC_ESR_v10_0_oxygenless,9.871037988820735,122.35637493193549,20.0,10.0,5.0,1451.7828700956804,raw_data/run_116.csv,raw_data/run_116.json
117,optimum,2026-09-21 17:06,KAUST2023_N2_C0_CKMC_ESR_v10_0_oxygenless,14.549902306574829,81.90819279137949,20.0,10.0,10.0,1619.8051548901838,raw_data/run_117.csv,raw_data/run_117.json
118,optimum,2026-09-21 17:06,KAUST2023_N2_C0_CKMC_ESR_v10_0_oxygenless,24.678818625664782,50.91959632642886,20.0,10.0,20.0,1806.8827298353729,raw_data/run_118.csv,raw_data/run_118.json
119,optimum,2026-09-21 17:06,KAUST2023_N2_C0_CKMC_ESR_v10_0_oxygenless,55.41483240569674,28.959224544346277,20.0,10.0,50.0,2065.343238295544,raw_data/run_119.csv,raw_data/run_119.json
120,optimum,2026-09-21 17:06,KAUST2023_N2_C0_CKMC_ESR_v10_0_oxygenless,106.26406646040796,19.341375786656673,20.0,10.0,100.0,2293.3690054903077,raw_data/run_120.csv,raw_data/run_120.json
121,optimum,2026-09-21 17:06,KAUST2023_N2_C0_CKMC_ESR_v10_0_oxygenless,9.517011492545286,159.02235909045962,25.0,10.0,1.0,1959.4876012063432,raw_data/run_121.csv,raw_data/run_121.json
122,optimum,2026-09-21 17:06,KAUST2023_N2_C0_CKMC_ESR_v10_0_oxygenless,14.428956969250715,193.41144506239684,25.0,10.0,2.0,1670.861428351627,raw_data/run_122.csv,raw_data/run_122.json
123,optimum,2026-09-21 17:06,KAUST2023_N2_C0_CKMC_ESR_v10_0_oxygenless,15.490705509653793,185.75704597288276,25.0,10.0,3.0,1547.411936866811,raw_data/run_123.csv,raw_data/run_123.json
124,optimum,2026-09-21 17:06,KAUST2023_N2_C0_CKMC_ESR_v10_0_oxygenless,8.847699617973856,109.82612220440348,25.0,0.6500000000000001,4.0,1857.5178830190057,raw_data/run_124.csv,raw_data/run_124.json
125,optimum,2026-09-21 17:06,KAUST2023_N2_C0_CKMC_ESR_v10_0_oxygenless,9.043408866557545,105.93806228170158,25.0,10.0,4.0,1549.228823590421,raw_data/run_125.csv,raw_data/run_125.json
126,optimum,2026-09-21 17:06,KAUST2023_N2_C0_CKMC_ESR_v10_0_oxygenless,10.539314366566384,105.8489808563925,25.0,10.0,5.0,1524.5253537437968,raw_data/run_126.csv,raw_data/run_126.json
127,optimum,2026-09-21 17:06,KAUST2023_N2_C0_CKMC_ESR_v10_0_oxygenless,15.649534154218692,78.31112259806233,25.0,10.0,10.0,1685.618843215954,raw_data/run_127.csv,raw_data/run_127.json
128,optimum,2026-09-21 17:06,KAUST2023_N2_C0_CKMC_ESR_v10_0_oxygenless,25.483752766054415,46.914391710323436,25.0,10.0,20.0,1894.2764190880098,raw_data/run_128.csv,raw_data/run_128.json
129,optimum,2026-09-21 17:06,KAUST2023_N2_C0_CKMC_ESR_v10_0_oxygenless,56.2439660273538,26.734835206857593,25.0,10.0,50.0,2181.034094705461,raw_data/run_129.csv,raw_data/run_129.json
130,optimum,2026-09-21 17:06,KAUST2023_N2_C0_CKMC_ESR_v10_0_oxygenless,107.1094326786753,17.536344922716324,25.0,10.0,100.0,2432.3605916062847,raw_data/run_130.csv,raw_data/run_130.json
131,optimum,2026-09-21 17:06,KAUST2023_N2_C0_CKMC_ESR_v10_0_oxygenless,12.37200206877343,155.25622194607274,30.0,10.0,1.0,1988.4001919855727,raw_data/run_131.csv,raw_data/run_131.json
132,optimum,2026-09-21 17:06,KAUST2023_N2_C0_CKMC_ESR_v10_0_oxygenless,16.99029769111952,177.1916021797425,30.0,10.0,2.0,1713.81681547858,raw_data/run_132.csv,raw_data/run_132.json
133,optimum,2026-09-21 17:06,KAUST2023_N2_C0_CKMC_ESR_v10_0_oxygenless,17.99822494085936,168.63345610389052,30.0,10.0,3.0,1592.3654567648516,raw_data/run_133.csv,raw_data/run_133.json
134,optimum,2026-09-21 17:06,KAUST2023_N2_C0_CKMC_ESR_v10_0_oxygenless,18.961726956760252,161.2746234872779,30.0,10.0,4.0,1583.812851131317,raw_data/run_134.csv,raw_data/run_134.json
135,optimum,2026-09-21 17:06,KAUST2023_N2_C0_CKMC_ESR_v10_0_oxygenless,10.2900266909602,108.20873449446866,25.0,0.6500000000000001,5.0,1859.565201916215,raw_data/run_135.csv,raw_data/run_135.json
136,optimum,2026-09-21 17:06,KAUST2023_N2_C0_CKMC_ESR_v10_0_oxygenless,10.907634324456778,90.56848041132424,30.0,10.0,5.0,1593.3111939157245,raw_data/run_136.csv,raw_data/run_136.json
137,optimum,2026-09-21 17:06,KAUST2023_N2_C0_CKMC_ESR_v10_0_oxygenless,16.0602069942314,68.21253125544526,30.0,10.0,10.0,1744.477569804648,raw_data/run_137.csv,raw_data/run_137.json
138,optimum,2026-09-21 17:06,KAUST2023_N2_C0_CKMC_ESR_v10_0_oxygenless,26.058140728860007,42.62853834068654,30.0,10.0,20.0,1972.1623815098433,raw_data/run_138.csv,raw_data/run_138.json
139,optimum,2026-09-21 17:06,KAUST2023_N2_C0_CKMC_ESR_v10_0_oxygenless,56.58077686072862,22.983780651378687,30.0,10.0,50.0,2288.736715265516,raw_data/run_139.csv,raw_data/run_139.json
140,optimum,2026-09-21 17:06,KAUST2023_N2_C0_CKMC_ESR_v10_0_oxygenless,107.89565921772555,16.156038273846622,30.0,10.0,100.0,2557.5348846540737,raw_data/run_140.csv,raw_data/run_140.json
141,optimum,2026-09-21 17:06,KAUST2023_N2_C0_CKMC_ESR_v10_0_oxygenless,25.16895780348627,144.95890830945896,50.0,10.0,1.0,2105.6160968396243,raw_data/run_141.csv,raw_data/run_141.json
142,optimum,2026-09-21 17:06,KAUST2023_N2_C0_CKMC_ESR_v10_0_oxygenless,26.929639086319078,136.12575829953943,50.0,10.0,2.0,1859.162369137792,raw_data/run_142.csv,raw_data/run_142.json
143,optimum,2026-09-21 17:06,KAUST2023_N2_C0_CKMC_ESR_v10_0_oxygenless,27.967577991452295,129.37652707318057,50.0,10.0,3.0,1743.430650637153,raw_data/run_143.csv,raw_data/run_143.json
144,optimum,2026-09-21 17:06,KAUST2023_N2_C0_CKMC_ESR_v10_0_oxygenless,28.714660691963555,123.04668797494952,50.0,10.0,4.0,1723.6637593637608,raw_data/run_144.csv,raw_data/run_144.json
145,optimum,2026-09-21 17:06,KAUST2023_N2_C0_CKMC_ESR_v10_0_oxygenless,29.991204413256188,118.93918431294098,50.0,10.0,5.0,1758.5795374273996,raw_data/run_145.csv,raw_data/run_145.json
146,optimum,2026-09-21 17:06,KAUST2023_N2_C0_CKMC_ESR_v10_0_oxygenless,14.807318415594974,71.33625293593168,25.0,0.6500000000000001,10.0,2060.8387465929914,raw_data/run_146.csv,raw_data/run_146.json
147,optimum,2026-09-21 17:06,KAUST2023_N2_C0_CKMC_ESR_v10_0_oxygenless,19.422164897442137,56.5066613106249,50.0,10.0,10.0,1942.2322500343166,raw_data/run_147.csv,raw_data/run_147.json
148,optimum,2026-09-21 17:06,KAUST2023_N2_C0_CKMC_ESR_v10_0_oxygenless,28.304954158135605,33.95144927281929,50.0,10.0,20.0,2226.271974559539,raw_data/run_148.csv,raw_data/run_148.json
149,optimum,2026-09-21 17:06,KAUST2023_N2_C0_CKMC_ESR_v10_0_oxygenless,59.24982087725618,19.19578551133851,50.0,10.0,50.0,2627.222554645317,raw_data/run_149.csv,raw_data/run_149.json
150,optimum,2026-09-21 17:06,KAUST2023_N2_C0_CKMC_ESR_v10_0_oxygenless,110.51933519596757,12.82875001532988,50.0,10.0,100.0,2970.5715884044353,raw_data/run_150.csv,raw_data/run_150.json
151,optimum,2026-09-21 17:06,KAUST2023_N2_C0_CKMC_ESR_v10_0_oxygenless,50.69568660253646,111.04380200989378,100.0,10.0,1.0,2409.067592149534,raw_data/run_151.csv,raw_data/run_151.json
152,optimum,2026-09-21 17:06,KAUST2023_N2_C0_CKMC_ESR_v10_0_oxygenless,51.757976534693384,98.90926803230383,100.0,10.0,2.0,2159.387470781004,raw_data/run_152.csv,raw_data/run_152.json
153,optimum,2026-09-21 17:06,KAUST2023_N2_C0_CKMC_ESR_v10_0_oxygenless,50.635061247058886,89.75132844224376,100.0,10.0,3.0,2050.3026756208437,raw_data/run_153.csv,raw_data/run_153.json
154,optimum,2026-09-21 17:06,KAUST2023_N2_C0_CKMC_ESR_v10_0_oxygenless,47.648681212721485,81.00445901753237,100.0,10.0,4.0,2014.9345084467623,raw_data/run_154.csv,raw_data/run_154.json
155,optimum,2026-09-21 17:06,KAUST2023_N2_C0_CKMC_ESR_v10_0_oxygenless,44.58349529362235,73.94824110602778,100.0,10.0,5.0,2024.0227516754396,raw_data/run_155.csv,raw_data/run_155.json
156,optimum,2026-09-21 17:06,KAUST2023_N2_C0_CKMC_ESR_v10_0_oxygenless,24.910636558688577,37.18785575939487,100.0,10.0,10.0,2302.4876520492517,raw_data/run_156.csv,raw_data/run_156.json
157,optimum,2026-09-21 17:06,KAUST2023_N2_C0_CKMC_ESR_v10_0_oxygenless,24.75532213258462,43.130834825128986,25.0,0.6500000000000001,20.0,2285.4830149998697,raw_data/run_157.csv,raw_data/run_157.json
158,optimum,2026-09-21 17:06,KAUST2023_N2_C0_CKMC_ESR_v10_0_oxygenless,33.62655185744001,25.460457965217156,100.0,10.0,20.0,2672.5715752031506,raw_data/run_158.csv,raw_data/run_158.json
159,optimum,2026-09-21 17:06,KAUST2023_N2_C0_CKMC_ESR_v10_0_oxygenless,64.3712768207655,14.484905256331169,100.0,10.0,50.0,3234.976128374094,raw_data/run_159.csv,raw_data/run_159.json
160,optimum,2026-09-21 17:06,KAUST2023_N2_C0_CKMC_ESR_v10_0_oxygenless,116.31469447808415,9.79177145628534,100.0,10.0,100.0,3699.351726462543,raw_data/run_160.csv,raw_data/run_160.json
161,optimum,2026-09-21 17:06,KAUST2023_N2_C0_CKMC_ESR_v10_0_oxygenless,93.19652156685825,80.06642806283153,200.0,10.0,1.0,3003.829689530858,raw_data/run_161.csv,raw_data/run_161.json
162,optimum,2026-09-21 17:06,KAUST2023_N2_C0_CKMC_ESR_v10_0_oxygenless,86.69677226092054,65.46666497147231,200.0,10.0,2.0,2703.4664912799262,raw_data/run_162.csv,raw_data/run_162.json
163,optimum,2026-09-21 17:06,KAUST2023_N2_C0_CKMC_ESR_v10_0_oxygenless,77.8453019728612,55.64596606401945,200.0,10.0,3.0,2565.539962011094,raw_data/run_163.csv,raw_data/run_163.json
164,optimum,2026-09-21 17:06,KAUST2023_N2_C0_CKMC_ESR_v10_0_oxygenless,71.95309895459499,49.755519393424834,200.0,10.0,4.0,2499.0953564590827,raw_data/run_164.csv,raw_data/run_164.json
165,optimum,2026-09-21 17:06,KAUST2023_N2_C0_CKMC_ESR_v10_0_oxygenless,70.25638310484183,46.75119068990374,200.0,10.0,5.0,2475.0104041128066,raw_data/run_165.csv,raw_data/run_165.json
166,optimum,2026-09-21 17:06,KAUST2023_N2_C0_CKMC_ESR_v10_0_oxygenless,61.110973829307326,36.0247658192164,200.0,10.0,10.0,2686.963020555278,raw_data/run_166.csv,raw_data/run_166.json
167,optimum,2026-09-21 17:06,KAUST2023_N2_C0_CKMC_ESR_v10_0_oxygenless,44.86923924930816,19.472553114133845,200.0,10.0,20.0,3247.1371809741004,raw_data/run_167.csv,raw_data/run_167.json
168,optimum,2026-09-21 17:06,KAUST2023_N2_C0_CKMC_ESR_v10_0_oxygenless,55.70256439996252,25.57468583464247,25.0,0.6500000000000001,50.0,2599.473665891191,raw_data/run_168.csv,raw_data/run_168.json
169,optimum,2026-09-21 17:06,KAUST2023_N2_C0_CKMC_ESR_v10_0_oxygenless,72.90336729182096,10.833548593207281,200.0,10.0,50.0,4034.9169508713317,raw_data/run_169.csv,raw_data/run_169.json
170,optimum,2026-09-21 17:06,KAUST2023_N2_C0_CKMC_ESR_v10_0_oxygenless,125.26586181181571,7.318434229398939,200.0,10.0,100.0,4659.8143416140965,raw_data/run_170.csv,raw_data/run_170.json
171,optimum,2026-09-21 17:06,KAUST2023_N2_C0_CKMC_ESR_v10_0_oxygenless,2.4607685740016887,149.40477731453842,10.0,50.0,1.0,2131.910527386872,raw_data/run_171.csv,raw_data/run_171.json
172,optimum,2026-09-21 17:06,KAUST2023_N2_C0_CKMC_ESR_v10_0_oxygenless,6.998285481367856,313.2113714761581,10.0,50.0,2.0,1592.3855492061934,raw_data/run_172.csv,raw_data/run_172.json
173,optimum,2026-09-21 17:06,KAUST2023_N2_C0_CKMC_ESR_v10_0_oxygenless,6.519760239473941,235.3577431450597,10.0,50.0,3.0,1407.84850913103,raw_data/run_173.csv,raw_data/run_173.json
174,optimum,2026-09-21 17:06,KAUST2023_N2_C0_CKMC_ESR_v10_0_oxygenless,8.037067436887458,234.7092286649682,10.0,50.0,4.0,1336.398222466631,raw_data/run_174.csv,raw_data/run_174.json
175,optimum,2026-09-21 17:06,KAUST2023_N2_C0_CKMC_ESR_v10_0_oxygenless,9.640503914429992,236.1005713203757,10.0,50.0,5.0,1345.4459478770016,raw_data/run_175.csv,raw_data/run_175.json
176,optimum,2026-09-21 17:06,KAUST2023_N2_C0_CKMC_ESR_v10_0_oxygenless,14.171150400606367,149.78306561573913,10.0,50.0,10.0,1519.2784165715675,raw_data/run_176.csv,raw_data/run_176.json
177,optimum,2026-09-21 17:06,KAUST2023_N2_C0_CKMC_ESR_v10_0_oxygenless,24.054467661849174,87.77697302394786,10.0,50.0,20.0,1688.1579256729344,raw_data/run_177.csv,raw_data/run_177.json
178,optimum,2026-09-21 17:06,KAUST2023_N2_C0_CKMC_ESR_v10_0_oxygenless,54.5508674268063,47.61935468593737,10.0,50.0,50.0,1917.8245245536361,raw_data/run_178.csv,raw_data/run_178.json
179,optimum,2026-09-21 17:06,KAUST2023_N2_C0_CKMC_ESR_v10_0_oxygenless,106.71930842005835,17.448006427236876,25.0,0.6500000000000001,100.0,2878.091899528646,raw_data/run_179.csv,raw_data/run_179.json
180,optimum,2026-09-21 17:06,KAUST2023_N2_C0_CKMC_ESR_v10_0_oxygenless,104.99804812967687,29.76946650549429,10.0,50.0,100.0,2122.2111272383854,raw_data/run_180.csv,raw_data/run_180.json
181,optimum,2026-09-21 17:06,KAUST2023_N2_C0_CKMC_ESR_v10_0_oxygenless,10.874756386722463,222.29803458333402,20.0,50.0,1.0,2306.2373975273176,raw_data/run_181.csv,raw_data/run_181.json
182,optimum,2026-09-21 17:06,KAUST2023_N2_C0_CKMC_ESR_v10_0_oxygenless,11.956125673156635,214.1736989099623,20.0,50.0,2.0,1834.888733778694,raw_data/run_182.csv,raw_data/run_182.json
183,optimum,2026-09-21 17:06,KAUST2023_N2_C0_CKMC_ESR_v10_0_oxygenless,12.833540200731754,203.59851615243122,20.0,50.0,3.0,1644.4764701828192,raw_data/run_183.csv,raw_data/run_183.json
184,optimum,2026-09-21 17:06,KAUST2023_N2_C0_CKMC_ESR_v10_0_oxygenless,13.940590503842419,195.55517625876374,20.0,50.0,4.0,1602.9113819884808,raw_data/run_184.csv,raw_data/run_184.json
185,optimum,2026-09-21 17:06,KAUST2023_N2_C0_CKMC_ESR_v10_0_oxygenless,10.766896813294046,133.29768528769898,20.0,50.0,5.0,1575.0551929143855,raw_data/run_185.csv,raw_data/run_185.json
186,optimum,2026-09-21 17:06,KAUST2023_N2_C0_CKMC_ESR_v10_0_oxygenless,16.020854387794145,100.64203013958458,20.0,50.0,10.0,1731.7635874265895,raw_data/run_186.csv,raw_data/run_186.json
187,optimum,2026-09-21 17:07,KAUST2023_N2_C0_CKMC_ESR_v10_0_oxygenless,25.852872325581874,60.47491408303035,20.0,50.0,20.0,1957.346417132196,raw_data/run_187.csv,raw_data/run_187.json
188,optimum,2026-09-21 17:07,KAUST2023_N2_C0_CKMC_ESR_v10_0_oxygenless,56.530488327412556,33.43426244304619,20.0,50.0,50.0,2262.596736013983,raw_data/run_188.csv,raw_data/run_188.json
189,optimum,2026-09-21 17:07,KAUST2023_N2_C0_CKMC_ESR_v10_0_oxygenless,107.66487861359104,22.568540176612952,20.0,50.0,100.0,2531.1844920293993,raw_data/run_189.csv,raw_data/run_189.json
190,optimum,2026-09-21 17:07,KAUST2023_N2_C0_CKMC_ESR_v10_0_oxygenless,11.052994855501938,156.20945856882304,30.0,0.6500000000000001,1.0,2286.9410379244227,raw_data/run_190.csv,raw_data/run_190.json
191,optimum,2026-09-21 17:07,KAUST2023_N2_C0_CKMC_ESR_v10_0_oxygenless,13.460284326560709,199.68542887710922,25.0,50.0,1.0,2361.062049489087,raw_data/run_191.csv,raw_data/run_191.json
192,optimum,2026-09-21 17:07,KAUST2023_N2_C0_CKMC_ESR_v10_0_oxygenless,14.492123854903832,190.57633811099078,25.0,50.0,2.0,1916.650509337866,raw_data/run_192.csv,raw_data/run_192.json
193,optimum,2026-09-21 17:07,KAUST2023_N2_C0_CKMC_ESR_v10_0_oxygenless,15.496324830658729,182.5548097910854,25.0,50.0,3.0,1720.5078317995826,raw_data/run_193.csv,raw_data/run_193.json
194,optimum,2026-09-21 17:07,KAUST2023_N2_C0_CKMC_ESR_v10_0_oxygenless,16.475111376305936,174.52311895235596,25.0,50.0,4.0,1673.7145343878778,raw_data/run_194.csv,raw_data/run_194.json
195,optimum,2026-09-21 17:07,KAUST2023_N2_C0_CKMC_ESR_v10_0_oxygenless,11.658887053570533,115.96071908145039,25.0,50.0,5.0,1680.544963694746,raw_data/run_195.csv,raw_data/run_195.json
196,optimum,2026-09-21 17:07,KAUST2023_N2_C0_CKMC_ESR_v10_0_oxygenless,16.46453027500704,84.12914144932091,25.0,50.0,10.0,1817.5823525382384,raw_data/run_196.csv,raw_data/run_196.json
197,optimum,2026-09-21 17:07,KAUST2023_N2_C0_CKMC_ESR_v10_0_oxygenless,26.588216870227264,53.52250644933536,25.0,50.0,20.0,2062.6726300788846,raw_data/run_197.csv,raw_data/run_197.json
198,optimum,2026-09-21 17:07,KAUST2023_N2_C0_CKMC_ESR_v10_0_oxygenless,57.45161297885098,30.245388233058936,25.0,50.0,50.0,2400.0832265669706,raw_data/run_198.csv,raw_data/run_198.json
199,optimum,2026-09-21 17:07,KAUST2023_N2_C0_CKMC_ESR_v10_0_oxygenless,108.62150143361623,20.217276845293195,25.0,50.0,100.0,2695.376333760014,raw_data/run_199.csv,raw_data/run_199.json
200,optimum,2026-09-21 17:07,KAUST2023_N2_C0_CKMC_ESR_v10_0_oxygenless,15.981324942565646,182.55457084246876,30.0,50.0,1.0,2415.385599997606,raw_data/run_200.csv,raw_data/run_200.json
201,optimum,2026-09-21 17:07,KAUST2023_N2_C0_CKMC_ESR_v10_0_oxygenless,16.98885719746644,189.84792130012514,30.0,0.6500000000000001,2.0,2004.6528309295015,raw_data/run_201.csv,raw_data/run_201.json
202,optimum,2026-09-21 17:07,KAUST2023_N2_C0_CKMC_ESR_v10_0_oxygenless,16.74206886639444,171.7001821774029,30.0,50.0,2.0,1992.265916315014,raw_data/run_202.csv,raw_data/run_202.json
203,optimum,2026-09-21 17:07,KAUST2023_N2_C0_CKMC_ESR_v10_0_oxygenless,17.99408256381335,165.7754212339953,30.0,50.0,3.0,1789.8498897495938,raw_data/run_203.csv,raw_data/run_203.json
204,optimum,2026-09-21 17:07,KAUST2023_N2_C0_CKMC_ESR_v10_0_oxygenless,18.810140349570876,158.1589878433439,30.0,50.0,4.0,1738.019022818155,raw_data/run_204.csv,raw_data/run_204.json
205,optimum,2026-09-21 17:07,KAUST2023_N2_C0_CKMC_ESR_v10_0_oxygenless,19.982956123598836,152.47982886476746,30.0,50.0,5.0,1755.1572599933372,raw_data/run_205.csv,raw_data/run_205.json
206,optimum,2026-09-21 17:07,KAUST2023_N2_C0_CKMC_ESR_v10_0_oxygenless,17.10401415807835,74.88240385105473,30.0,50.0,10.0,1901.45799444809,raw_data/run_206.csv,raw_data/run_206.json
207,optimum,2026-09-21 17:07,KAUST2023_N2_C0_CKMC_ESR_v10_0_oxygenless,27.31158297444962,48.89160875340111,30.0,50.0,20.0,2156.0898517108094,raw_data/run_207.csv,raw_data/run_207.json
208,optimum,2026-09-21 17:07,KAUST2023_N2_C0_CKMC_ESR_v10_0_oxygenless,58.30690087363318,27.910572109327774,30.0,50.0,50.0,2523.5351487679895,raw_data/run_208.csv,raw_data/run_208.json
209,optimum,2026-09-21 17:07,KAUST2023_N2_C0_CKMC_ESR_v10_0_oxygenless,109.57521249420196,18.620752942856473,30.0,50.0,100.0,2843.310191938828,raw_data/run_209.csv,raw_data/run_209.json
210,optimum,2026-09-21 17:07,KAUST2023_N2_C0_CKMC_ESR_v10_0_oxygenless,25.997780239454702,144.81039182511105,50.0,50.0,1.0,2621.7191214285294,raw_data/run_210.csv,raw_data/run_210.json
211,optimum,2026-09-21 17:07,KAUST2023_N2_C0_CKMC_ESR_v10_0_oxygenless,26.99779089743528,133.4350326580547,50.0,50.0,2.0,2216.4355519844157,raw_data/run_211.csv,raw_data/run_211.json
212,optimum,2026-09-21 17:07,KAUST2023_N2_C0_CKMC_ESR_v10_0_oxygenless,17.96368089008692,179.19566702984307,30.0,0.6500000000000001,3.0,1910.5042562657004,raw_data/run_212.csv,raw_data/run_212.json
213,optimum,2026-09-21 17:07,KAUST2023_N2_C0_CKMC_ESR_v10_0_oxygenless,27.99898387438231,127.06977832154185,50.0,50.0,3.0,2016.6245868126227,raw_data/run_213.csv,raw_data/run_213.json
214,optimum,2026-09-21 17:07,KAUST2023_N2_C0_CKMC_ESR_v10_0_oxygenless,28.83494629958436,121.02648544319197,50.0,50.0,4.0,1945.2051795361094,raw_data/run_214.csv,raw_data/run_214.json
215,optimum,2026-09-21 17:07,KAUST2023_N2_C0_CKMC_ESR_v10_0_oxygenless,29.990196403577528,116.89986456599046,50.0,50.0,5.0,1943.8802633401606,raw_data/run_215.csv,raw_data/run_215.json
216,optimum,2026-09-21 17:07,KAUST2023_N2_C0_CKMC_ESR_v10_0_oxygenless,21.505796904687475,62.549315255052285,50.0,50.0,10.0,2126.011586476209,raw_data/run_216.csv,raw_data/run_216.json
217,optimum,2026-09-21 17:07,KAUST2023_N2_C0_CKMC_ESR_v10_0_oxygenless,30.285863355603237,39.426691133863656,50.0,50.0,20.0,2462.8759220904512,raw_data/run_217.csv,raw_data/run_217.json
218,optimum,2026-09-21 17:07,KAUST2023_N2_C0_CKMC_ESR_v10_0_oxygenless,61.259686710632785,22.068249607214533,50.0,50.0,50.0,2930.179437348171,raw_data/run_218.csv,raw_data/run_218.json
219,optimum,2026-09-21 17:07,KAUST2023_N2_C0_CKMC_ESR_v10_0_oxygenless,112.8937141536954,14.763274909791237,50.0,50.0,100.0,3330.5015735444445,raw_data/run_219.csv,raw_data/run_219.json
220,optimum,2026-09-21 17:07,KAUST2023_N2_C0_CKMC_ESR_v10_0_oxygenless,50.915722265906666,108.10834351631878,100.0,50.0,1.0,3073.1474335259204,raw_data/run_220.csv,raw_data/run_220.json
221,optimum,2026-09-21 17:07,KAUST2023_N2_C0_CKMC_ESR_v10_0_oxygenless,51.924498036975244,96.18834638116581,100.0,50.0,2.0,2654.99405977893,raw_data/run_221.csv,raw_data/run_221.json
222,optimum,2026-09-21 17:07,KAUST2023_N2_C0_CKMC_ESR_v10_0_oxygenless,52.72594139635174,89.81980122871471,100.0,50.0,3.0,2454.1104106748253,raw_data/run_222.csv,raw_data/run_222.json
223,optimum,2026-09-21 17:07,KAUST2023_N2_C0_CKMC_ESR_v10_0_oxygenless,7.690073114176822,237.74389516512943,10.0,0.6500000000000001,4.0,1583.349260256374,raw_data/run_223.csv,raw_data/run_223.json
224,optimum,2026-09-21 17:07,KAUST2023_N2_C0_CKMC_ESR_v10_0_oxygenless,9.578214875066836,99.18288111330024,30.0,0.6500000000000001,4.0,1935.0794552493157,raw_data/run_224.csv,raw_data/run_224.json
225,optimum,2026-09-21 17:07,KAUST2023_N2_C0_CKMC_ESR_v10_0_oxygenless,53.97110785903961,85.80499470783924,100.0,50.0,4.0,2363.2161851429723,raw_data/run_225.csv,raw_data/run_225.json
226,optimum,2026-09-21 17:07,KAUST2023_N2_C0_CKMC_ESR_v10_0_oxygenless,54.90409642517548,82.16313164274106,100.0,50.0,5.0,2339.6831878376547,raw_data/run_226.csv,raw_data/run_226.json
227,optimum,2026-09-21 17:07,KAUST2023_N2_C0_CKMC_ESR_v10_0_oxygenless,52.68791216105094,65.64939471172373,100.0,50.0,10.0,2620.0152472367645,raw_data/run_227.csv,raw_data/run_227.json
228,optimum,2026-09-21 17:07,KAUST2023_N2_C0_CKMC_ESR_v10_0_oxygenless,36.80952896755216,28.702348260692325,100.0,50.0,20.0,3001.751900165497,raw_data/run_228.csv,raw_data/run_228.json
229,optimum,2026-09-21 17:07,KAUST2023_N2_C0_CKMC_ESR_v10_0_oxygenless,67.90578392240288,16.649640944848638,100.0,50.0,50.0,3654.109896184791,raw_data/run_229.csv,raw_data/run_229.json
230,optimum,2026-09-21 17:07,KAUST2023_N2_C0_CKMC_ESR_v10_0_oxygenless,119.84243062724796,11.011770767972882,100.0,50.0,100.0,4194.880749481515,raw_data/run_230.csv,raw_data/run_230.json
231,optimum,2026-09-21 17:07,KAUST2023_N2_C0_CKMC_ESR_v10_0_oxygenless,100.83870272629247,82.45979120388287,200.0,50.0,1.0,3852.0337435294837,raw_data/run_231.csv,raw_data/run_231.json
232,optimum,2026-09-21 17:07,KAUST2023_N2_C0_CKMC_ESR_v10_0_oxygenless,101.9207084349585,71.7207226731716,200.0,50.0,2.0,3382.017500672037,raw_data/run_232.csv,raw_data/run_232.json
233,optimum,2026-09-21 17:07,KAUST2023_N2_C0_CKMC_ESR_v10_0_oxygenless,102.47515956020362,65.51964120988411,200.0,50.0,3.0,3170.895281281623,raw_data/run_233.csv,raw_data/run_233.json
234,optimum,2026-09-21 17:07,KAUST2023_N2_C0_CKMC_ESR_v10_0_oxygenless,101.46952747324951,60.9378491660344,200.0,50.0,4.0,3066.907935166365,raw_data/run_234.csv,raw_data/run_234.json
235,optimum,2026-09-21 17:07,KAUST2023_N2_C0_CKMC_ESR_v10_0_oxygenless,10.5037054294392,91.61414919956253,30.0,0.6500000000000001,5.0,1927.6500949308104,raw_data/run_235.csv,raw_data/run_235.json
236,optimum,2026-09-21 17:07,KAUST2023_N2_C0_CKMC_ESR_v10_0_oxygenless,94.01855012709352,54.96525350817408,200.0,50.0,5.0,3017.7287300073012,raw_data/run_236.csv,raw_data/run_236.json
237,optimum,2026-09-21 17:07,KAUST2023_N2_C0_CKMC_ESR_v10_0_oxygenless,79.137670823548,41.28907715979316,200.0,50.0,10.0,3132.12941696719,raw_data/run_237.csv,raw_data/run_237.json
238,optimum,2026-09-21 17:07,KAUST2023_N2_C0_CKMC_ESR_v10_0_oxygenless,51.65546312265768,21.84726809831955,200.0,50.0,20.0,3712.7901119320927,raw_data/run_238.csv,raw_data/run_238.json
239,optimum,2026-09-21 17:07,KAUST2023_N2_C0_CKMC_ESR_v10_0_oxygenless,78.9554203235813,12.504076906562485,200.0,50.0,50.0,4613.02775368183,raw_data/run_239.csv,raw_data/run_239.json
240,optimum,2026-09-21 17:07,KAUST2023_N2_C0_CKMC_ESR_v10_0_oxygenless,131.89153664109324,8.515036587696944,200.0,50.0,100.0,5349.526507458693,raw_data/run_240.csv,raw_data/run_240.json
241,optimum,2026-09-21 17:07,KAUST2023_N2_C0_CKMC_ESR_v10_0_oxygenless,15.5212981010423,66.4966422602147,30.0,0.6500000000000001,10.0,2130.611773245583,raw_data/run_241.csv,raw_data/run_241.json
242,optimum,2026-09-21 17:07,KAUST2023_N2_C0_CKMC_ESR_v10_0_oxygenless,25.533719915400553,41.16689800745666,30.0,0.6500000000000001,20.0,2372.442663992695,raw_data/run_242.csv,raw_data/run_242.json
243,optimum,2026-09-21 17:07,KAUST2023_N2_C0_CKMC_ESR_v10_0_oxygenless,56.24846425265579,23.19056474571853,30.0,0.6500000000000001,50.0,2714.8844386741703,raw_data/run_243.csv,raw_data/run_243.json
244,optimum,2026-09-21 17:07,KAUST2023_N2_C0_CKMC_ESR_v10_0_oxygenless,107.38679854854766,15.985305400723432,30.0,0.6500000000000001,100.0,3016.564733398939,raw_data/run_244.csv,raw_data/run_244.json
245,optimum,2026-09-21 17:07,KAUST2023_N2_C0_CKMC_ESR_v10_0_oxygenless,19.937297256777253,132.55295706657978,50.0,0.6500000000000001,1.0,2427.319432278134,raw_data/run_245.csv,raw_data/run_245.json
246,optimum,2026-09-21 17:07,KAUST2023_N2_C0_CKMC_ESR_v10_0_oxygenless,26.982196599969065,147.51270899875524,50.0,0.6500000000000001,2.0,2176.0724063136886,raw_data/run_246.csv,raw_data/run_246.json
247,optimum,2026-09-21 17:07,KAUST2023_N2_C0_CKMC_ESR_v10_0_oxygenless,27.06466296254662,135.65666750974847,50.0,0.6500000000000001,3.0,2080.458688233535,raw_data/run_247.csv,raw_data/run_247.json
248,optimum,2026-09-21 17:07,KAUST2023_N2_C0_CKMC_ESR_v10_0_oxygenless,25.13318927484102,120.80666493152495,50.0,0.6500000000000001,4.0,2087.586759065883,raw_data/run_248.csv,raw_data/run_248.json
249,optimum,2026-09-21 17:07,KAUST2023_N2_C0_CKMC_ESR_v10_0_oxygenless,9.185918548880109,235.30232000664154,10.0,0.6500000000000001,5.0,1636.0243117815646,raw_data/run_249.csv,raw_data/run_249.json
250,optimum,2026-09-21 17:07,KAUST2023_N2_C0_CKMC_ESR_v10_0_oxygenless,24.15390471338945,110.46859106070876,50.0,0.6500000000000001,5.0,2150.4716032431706,raw_data/run_250.csv,raw_data/run_250.json
251,optimum,2026-09-21 17:07,KAUST2023_N2_C0_CKMC_ESR_v10_0_oxygenless,17.540469709108713,50.260036898152784,50.0,0.6500000000000001,10.0,2353.7020314700344,raw_data/run_251.csv,raw_data/run_251.json
252,optimum,2026-09-21 17:07,KAUST2023_N2_C0_CKMC_ESR_v10_0_oxygenless,27.582005198384834,32.74730235991938,50.0,0.6500000000000001,20.0,2659.122723729046,raw_data/run_252.csv,raw_data/run_252.json
253,optimum,2026-09-21 17:07,KAUST2023_N2_C0_CKMC_ESR_v10_0_oxygenless,58.5477449993609,18.82297299916561,50.0,0.6500000000000001,50.0,3094.623887071456,raw_data/run_253.csv,raw_data/run_253.json
254,optimum,2026-09-21 17:07,KAUST2023_N2_C0_CKMC_ESR_v10_0_oxygenless,109.8695676040211,12.677332165870286,50.0,0.6500000000000001,100.0,3472.062081790876,raw_data/run_254.csv,raw_data/run_254.json
255,optimum,2026-09-21 17:07,KAUST2023_N2_C0_CKMC_ESR_v10_0_oxygenless,39.30766645291608,98.85086445605498,100.0,0.6500000000000001,1.0,2796.787411571112,raw_data/run_255.csv,raw_data/run_255.json
256,optimum,2026-09-21 17:07,KAUST2023_N2_C0_CKMC_ESR_v10_0_oxygenless,40.039245193547,89.3542763381651,100.0,0.6500000000000001,2.0,2526.8091579046363,raw_data/run_256.csv,raw_data/run_256.json
257,optimum,2026-09-21 17:07,KAUST2023_N2_C0_CKMC_ESR_v10_0_oxygenless,38.972179243206654,81.3364094673955,100.0,0.6500000000000001,3.0,2414.6296921216444,raw_data/run_257.csv,raw_data/run_257.json
258,optimum,2026-09-21 17:07,KAUST2023_N2_C0_CKMC_ESR_v10_0_oxygenless,39.07597658077241,76.80685930691901,100.0,0.6500000000000001,4.0,2390.144073460002,raw_data/run_258.csv,raw_data/run_258.json
259,optimum,2026-09-21 17:07,KAUST2023_N2_C0_CKMC_ESR_v10_0_oxygenless,35.94893220507991,69.02797835680032,100.0,0.6500000000000001,5.0,2416.7713100388773,raw_data/run_259.csv,raw_data/run_259.json
260,optimum,2026-09-21 17:07,KAUST2023_N2_C0_CKMC_ESR_v10_0_oxygenless,13.081691023029787,120.6112331392047,10.0,0.6500000000000001,10.0,1792.56530662319,raw_data/run_260.csv,raw_data/run_260.json
261,optimum,2026-09-21 17:07,KAUST2023_N2_C0_CKMC_ESR_v10_0_oxygenless,24.044419539268105,38.055835718555834,100.0,0.6500000000000001,10.0,2733.6145688230945,raw_data/run_261.csv,raw_data/run_261.json
262,optimum,2026-09-21 17:07,KAUST2023_N2_C0_CKMC_ESR_v10_0_oxygenless,32.02756250775947,24.326423123539275,100.0,0.6500000000000001,20.0,3157.2800066957093,raw_data/run_262.csv,raw_data/run_262.json
263,optimum,2026-09-21 17:07,KAUST2023_N2_C0_CKMC_ESR_v10_0_oxygenless,63.08111798389814,14.05259556710581,100.0,0.6500000000000001,50.0,3766.4600312422604,raw_data/run_263.csv,raw_data/run_263.json
264,optimum,2026-09-21 17:07,KAUST2023_N2_C0_CKMC_ESR_v10_0_oxygenless,114.79802372951688,9.48632119002711,100.0,0.6500000000000001,100.0,4275.535955930593,raw_data/run_264.csv,raw_data/run_264.json
265,optimum,2026-09-21 17:07,KAUST2023_N2_C0_CKMC_ESR_v10_0_oxygenless,73.89010348177308,72.08642270294052,200.0,0.6500000000000001,1.0,3521.477395252911,raw_data/run_265.csv,raw_data/run_265.json
266,optimum,2026-09-21 17:07,KAUST2023_N2_C0_CKMC_ESR_v10_0_oxygenless,67.36555759324072,58.720452368743246,200.0,0.6500000000000001,2.0,3152.435260148778,raw_data/run_266.csv,raw_data/run_266.json
267,optimum,2026-09-21 17:07,KAUST2023_N2_C0_CKMC_ESR_v10_0_oxygenless,64.05409954954735,52.5457017862692,200.0,0.6500000000000001,3.0,2983.461789344927,raw_data/run_267.csv,raw_data/run_267.json
268,optimum,2026-09-21 17:07,KAUST2023_N2_C0_CKMC_ESR_v10_0_oxygenless,60.372421051085496,47.70467422900819,200.0,0.6500000000000001,4.0,2907.410476656278,raw_data/run_268.csv,raw_data/run_268.json
269,optimum,2026-09-21 17:07,KAUST2023_N2_C0_CKMC_ESR_v10_0_oxygenless,57.38178093903451,44.10916736717833,200.0,0.6500000000000001,5.0,2888.1149652473173,raw_data/run_269.csv,raw_data/run_269.json
270,optimum,2026-09-21 17:07,KAUST2023_N2_C0_CKMC_ESR_v10_0_oxygenless,52.8336450636315,34.99718455306207,200.0,0.6500000000000001,10.0,3196.1852425871607,raw_data/run_270.csv,raw_data/run_270.json
271,optimum,2026-09-21 17:07,KAUST2023_N2_C0_CKMC_ESR_v10_0_oxygenless,23.10364091771918,72.6859123570338,10.0,0.6500000000000001,20.0,1942.939782479521,raw_data/run_271.csv,raw_data/run_271.json
272,optimum,2026-09-21 17:07,KAUST2023_N2_C0_CKMC_ESR_v10_0_oxygenless,41.52929495722103,18.686896857282782,200.0,0.6500000000000001,20.0,3805.6349173842855,raw_data/run_272.csv,raw_data/run_272.json
273,optimum,2026-09-21 17:07,KAUST2023_N2_C0_CKMC_ESR_v10_0_oxygenless,70.66203316795699,10.484911594340701,200.0,0.6500000000000001,50.0,4648.750833990807,raw_data/run_273.csv,raw_data/run_273.json
274,optimum,2026-09-21 17:07,KAUST2023_N2_C0_CKMC_ESR_v10_0_oxygenless,123.03497264765413,7.196300163344233,200.0,0.6500000000000001,100.0,5322.969671379122,raw_data/run_274.csv,raw_data/run_274.json
275,optimum,2026-09-21 17:07,KAUST2023_N2_C0_CKMC_ESR_v10_0_oxygenless,2.0695415520655525,132.3179414732015,10.0,1.0,1.0,1900.397439123909,raw_data/run_275.csv,raw_data/run_275.json
276,optimum,2026-09-21 17:07,KAUST2023_N2_C0_CKMC_ESR_v10_0_oxygenless,6.973188154716851,332.76358155124154,10.0,1.0,2.0,1620.904271353869,raw_data/run_276.csv,raw_data/run_276.json
277,optimum,2026-09-21 17:07,KAUST2023_N2_C0_CKMC_ESR_v10_0_oxygenless,6.172545890830284,234.01570829074208,10.0,1.0,3.0,1479.7989996927681,raw_data/run_277.csv,raw_data/run_277.json
278,optimum,2026-09-21 17:07,KAUST2023_N2_C0_CKMC_ESR_v10_0_oxygenless,7.706043882488288,234.27699455212624,10.0,1.0,4.0,1467.3367751311298,raw_data/run_278.csv,raw_data/run_278.json
279,optimum,2026-09-21 17:07,KAUST2023_N2_C0_CKMC_ESR_v10_0_oxygenless,9.187794571158916,231.717582691796,10.0,1.0,5.0,1513.982191510953,raw_data/run_279.csv,raw_data/run_279.json
280,optimum,2026-09-21 17:07,KAUST2023_N2_C0_CKMC_ESR_v10_0_oxygenless,13.108292222521607,119.57014256946381,10.0,1.0,10.0,1668.6489186544754,raw_data/run_280.csv,raw_data/run_280.json
281,optimum,2026-09-21 17:07,KAUST2023_N2_C0_CKMC_ESR_v10_0_oxygenless,23.12368673700364,72.05867942793,10.0,1.0,20.0,1812.3589223563597,raw_data/run_281.csv,raw_data/run_281.json
282,optimum,2026-09-21 17:07,KAUST2023_N2_C0_CKMC_ESR_v10_0_oxygenless,53.46615820606263,39.32269324934559,10.0,0.6500000000000001,50.0,2154.7576155194056,raw_data/run_282.csv,raw_data/run_282.json
283,optimum,2026-09-21 17:07,KAUST2023_N2_C0_CKMC_ESR_v10_0_oxygenless,53.567379577129344,39.88417670407294,10.0,1.0,50.0,2013.7985925373368,raw_data/run_283.csv,raw_data/run_283.json
284,optimum,2026-09-21 17:07,KAUST2023_N2_C0_CKMC_ESR_v10_0_oxygenless,104.08334279640398,26.232446939063784,10.0,1.0,100.0,2191.694783841423,raw_data/run_284.csv,raw_data/run_284.json
285,optimum,2026-09-21 17:07,KAUST2023_N2_C0_CKMC_ESR_v10_0_oxygenless,5.954309179664275,156.60707259465934,20.0,1.0,1.0,2086.6579359628317,raw_data/run_285.csv,raw_data/run_285.json
286,optimum,2026-09-21 17:07,KAUST2023_N2_C0_CKMC_ESR_v10_0_oxygenless,11.985230883367791,229.1866237937284,20.0,1.0,2.0,1782.1115939554209,raw_data/run_286.csv,raw_data/run_286.json
287,optimum,2026-09-21 17:07,KAUST2023_N2_C0_CKMC_ESR_v10_0_oxygenless,12.947495915176212,216.9712005470121,20.0,1.0,3.0,1686.5991033187809,raw_data/run_287.csv,raw_data/run_287.json
288,optimum,2026-09-21 17:07,KAUST2023_N2_C0_CKMC_ESR_v10_0_oxygenless,8.339600232292423,127.0774968772584,20.0,1.0,4.0,1652.6706403092355,raw_data/run_288.csv,raw_data/run_288.json
289,optimum,2026-09-21 17:07,KAUST2023_N2_C0_CKMC_ESR_v10_0_oxygenless,9.810569617363228,125.8859320413924,20.0,1.0,5.0,1662.4374969588216,raw_data/run_289.csv,raw_data/run_289.json
290,optimum,2026-09-21 17:07,KAUST2023_N2_C0_CKMC_ESR_v10_0_oxygenless,14.39273886945405,81.96586571192036,20.0,1.0,10.0,1848.308510713904,raw_data/run_290.csv,raw_data/run_290.json
291,optimum,2026-09-21 17:07,KAUST2023_N2_C0_CKMC_ESR_v10_0_oxygenless,24.402312699695326,49.73649268152522,20.0,1.0,20.0,2043.0898139148217,raw_data/run_291.csv,raw_data/run_291.json
292,optimum,2026-09-21 17:07,KAUST2023_N2_C0_CKMC_ESR_v10_0_oxygenless,55.21993528096782,29.088494077868177,20.0,1.0,50.0,2316.878786849614,raw_data/run_292.csv,raw_data/run_292.json
293,optimum,2026-09-21 17:07,KAUST2023_N2_C0_CKMC_ESR_v10_0_oxygenless,104.06619964845387,26.467131696102424,10.0,0.6500000000000001,100.0,2341.117401043226,raw_data/run_293.csv,raw_data/run_293.json
294,optimum,2026-09-21 17:07,KAUST2023_N2_C0_CKMC_ESR_v10_0_oxygenless,105.92472663444244,18.964032808109046,20.0,1.0,100.0,2557.284657752392,raw_data/run_294.csv,raw_data/run_294.json
295,optimum,2026-09-21 17:07,KAUST2023_N2_C0_CKMC_ESR_v10_0_oxygenless,8.221509421142574,151.98036960681057,25.0,1.0,1.0,2116.1417200562432,raw_data/run_295.csv,raw_data/run_295.json
296,optimum,2026-09-21 17:07,KAUST2023_N2_C0_CKMC_ESR_v10_0_oxygenless,14.299094622028013,201.95654486262995,25.0,1.0,2.0,1837.8350996068673,raw_data/run_296.csv,raw_data/run_296.json
297,optimum,2026-09-21 17:07,KAUST2023_N2_C0_CKMC_ESR_v10_0_oxygenless,15.152844980376079,191.15366814027269,25.0,1.0,3.0,1739.7126159986863,raw_data/run_297.csv,raw_data/run_297.json
298,optimum,2026-09-21 17:07,KAUST2023_N2_C0_CKMC_ESR_v10_0_oxygenless,8.913638206767232,108.6496234156387,25.0,1.0,4.0,1734.7492733994113,raw_data/run_298.csv,raw_data/run_298.json
299,optimum,2026-09-21 17:07,KAUST2023_N2_C0_CKMC_ESR_v10_0_oxygenless,10.240178830887267,105.9116848022272,25.0,1.0,5.0,1730.3230206772862,raw_data/run_299.csv,raw_data/run_299.json
300,optimum,2026-09-21 17:07,KAUST2023_N2_C0_CKMC_ESR_v10_0_oxygenless,14.796759124689304,70.19164940721804,25.0,1.0,10.0,1921.1474375226528,raw_data/run_300.csv,raw_data/run_300.json
301,optimum,2026-09-21 17:07,KAUST2023_N2_C0_CKMC_ESR_v10_0_oxygenless,24.96790943845051,44.21654262512815,25.0,1.0,20.0,2136.3197280021077,raw_data/run_301.csv,raw_data/run_301.json
302,optimum,2026-09-21 17:07,KAUST2023_N2_C0_CKMC_ESR_v10_0_oxygenless,55.69028552585521,25.203659938418618,25.0,1.0,50.0,2438.2266800401026,raw_data/run_302.csv,raw_data/run_302.json
303,optimum,2026-09-21 17:07,KAUST2023_N2_C0_CKMC_ESR_v10_0_oxygenless,106.61452984484788,16.880005222136198,25.0,1.0,100.0,2704.8254186561585,raw_data/run_303.csv,raw_data/run_303.json
304,optimum,2026-09-21 17:07,KAUST2023_N2_C0_CKMC_ESR_v10_0_oxygenless,6.264418623700755,167.48112112023375,20.0,0.6500000000000001,1.0,2221.7459807263344,raw_data/run_304.csv,raw_data/run_304.json
305,optimum,2026-09-21 17:07,KAUST2023_N2_C0_CKMC_ESR_v10_0_oxygenless,10.811674168557124,149.9334836051824,30.0,1.0,1.0,2146.152874771389,raw_data/run_305.csv,raw_data/run_305.json
306,optimum,2026-09-21 17:07,KAUST2023_N2_C0_CKMC_ESR_v10_0_oxygenless,16.98405642544317,185.78464942148088,30.0,1.0,2.0,1881.784053087487,raw_data/run_306.csv,raw_data/run_306.json
307,optimum,2026-09-21 17:07,KAUST2023_N2_C0_CKMC_ESR_v10_0_oxygenless,17.82336761798634,175.38050053505927,30.0,1.0,3.0,1784.7032272225636,raw_data/run_307.csv,raw_data/run_307.json
308,optimum,2026-09-21 17:07,KAUST2023_N2_C0_CKMC_ESR_v10_0_oxygenless,18.96083507771726,168.15012056871018,30.0,1.0,4.0,1801.8928547304652,raw_data/run_308.csv,raw_data/run_308.json
309,optimum,2026-09-21 17:07,KAUST2023_N2_C0_CKMC_ESR_v10_0_oxygenless,10.765843492296401,93.30663153178558,30.0,1.0,5.0,1796.1336654022348,raw_data/run_309.csv,raw_data/run_309.json
310,optimum,2026-09-21 17:07,KAUST2023_N2_C0_CKMC_ESR_v10_0_oxygenless,15.788744912445447,68.40828441851961,30.0,1.0,10.0,1984.9676463822814,raw_data/run_310.csv,raw_data/run_310.json
311,optimum,2026-09-21 17:07,KAUST2023_N2_C0_CKMC_ESR_v10_0_oxygenless,25.406297841613966,39.559972992217254,30.0,1.0,20.0,2220.7468183745827,raw_data/run_311.csv,raw_data/run_311.json
312,optimum,2026-09-21 17:07,KAUST2023_N2_C0_CKMC_ESR_v10_0_oxygenless,56.347769967318264,23.310079013942758,30.0,1.0,50.0,2547.952231323071,raw_data/run_312.csv,raw_data/run_312.json
313,optimum,2026-09-21 17:07,KAUST2023_N2_C0_CKMC_ESR_v10_0_oxygenless,107.35281709405257,15.674955110528389,30.0,1.0,100.0,2837.206005505124,raw_data/run_313.csv,raw_data/run_313.json
314,optimum,2026-09-21 17:07,KAUST2023_N2_C0_CKMC_ESR_v10_0_oxygenless,20.215107484677084,130.42533566785215,50.0,1.0,1.0,2274.389624348671,raw_data/run_314.csv,raw_data/run_314.json
315,sweep,2026-09-21 21:25,chemkin_kaust2023_ammonia_oxygenless,4.0:20.0:100:lin,10.0:199.99999999999997:100:log,10.0,10.0,4.0,823.9491816657198,raw_data/run_315.csv,raw_data/run_315.json
316,sweep,2026-09-21 21:55,chemkin_kaust2023_ammonia_oxygenless,4.0:20.0:100:lin,10.0:1000.0:100:log,10.0,10.0,4.0,803.4670122881248,raw_data/run_316.csv,raw_data/run_316.json
317,optimum,2026-09-23 09:45,KAUST2023_N2_C0_CKMC_ESR_v10_0_oxygenless,2.0619909220063715,134.93824027818565,10.0,0.6500000000000001,1.0,2024.6031768252326,raw_data/run_317.csv,raw_data/run_317.json
318,optimum,2026-09-23 09:45,KAUST2023_N2_C0_CKMC_ESR_v10_0_oxygenless,3.940521980203997,191.2522819118132,10.0,0.6500000000000001,2.0,1725.22721850218,raw_data/run_318.csv,raw_data/run_318.json
319,optimum,2026-09-23 09:45,KAUST2023_N2_C0_CKMC_ESR_v10_0_oxygenless,11.998556049748782,234.6055673039255,20.0,0.6500000000000001,2.0,1895.843072107156,raw_data/run_319.csv,raw_data/run_319.json
320,optimum,2026-09-23 09:45,KAUST2023_N2_C0_CKMC_ESR_v10_0_oxygenless,26.972922546759037,144.06322641601048,50.0,1.0,2.0,2037.3480052218235,raw_data/run_320.csv,raw_data/run_320.json
321,optimum,2026-09-23 09:45,KAUST2023_N2_C0_CKMC_ESR_v10_0_oxygenless,27.98848722174171,135.65138575141108,50.0,1.0,3.0,1941.6644665714055,raw_data/run_321.csv,raw_data/run_321.json
322,optimum,2026-09-23 09:45,KAUST2023_N2_C0_CKMC_ESR_v10_0_oxygenless,26.566753727656767,122.55117707444664,50.0,1.0,4.0,1944.3195929505614,raw_data/run_322.csv,raw_data/run_322.json
323,optimum,2026-09-23 09:45,KAUST2023_N2_C0_CKMC_ESR_v10_0_oxygenless,25.747916281745542,113.01473008866095,50.0,1.0,5.0,2000.3709464157814,raw_data/run_323.csv,raw_data/run_323.json
324,optimum,2026-09-23 09:45,KAUST2023_N2_C0_CKMC_ESR_v10_0_oxygenless,17.614286352196647,49.83335766762762,50.0,1.0,10.0,2199.662645402614,raw_data/run_324.csv,raw_data/run_324.json
325,optimum,2026-09-23 09:45,KAUST2023_N2_C0_CKMC_ESR_v10_0_oxygenless,27.671098690323994,32.599693884790334,50.0,1.0,20.0,2491.95472458024,raw_data/run_325.csv,raw_data/run_325.json
326,optimum,2026-09-23 09:45,KAUST2023_N2_C0_CKMC_ESR_v10_0_oxygenless,58.58753082779247,18.63026772246522,50.0,1.0,50.0,2911.077755651104,raw_data/run_326.csv,raw_data/run_326.json
327,optimum,2026-09-23 09:45,KAUST2023_N2_C0_CKMC_ESR_v10_0_oxygenless,110.05929749571897,12.793920901591877,50.0,1.0,100.0,3273.032041513954,raw_data/run_327.csv,raw_data/run_327.json
328,optimum,2026-09-23 09:45,KAUST2023_N2_C0_CKMC_ESR_v10_0_oxygenless,42.014418801034914,101.5204041299829,100.0,1.0,1.0,2611.58671151934,raw_data/run_328.csv,raw_data/run_328.json
329,optimum,2026-09-23 09:45,KAUST2023_N2_C0_CKMC_ESR_v10_0_oxygenless,41.747034371144565,89.69437691712965,100.0,1.0,2.0,2362.0588786279955,raw_data/run_329.csv,raw_data/run_329.json
330,optimum,2026-09-23 09:45,KAUST2023_N2_C0_CKMC_ESR_v10_0_oxygenless,12.981036735216335,221.8376895624459,20.0,0.6500000000000001,3.0,1806.267968017449,raw_data/run_330.csv,raw_data/run_330.json
331,optimum,2026-09-23 09:45,KAUST2023_N2_C0_CKMC_ESR_v10_0_oxygenless,40.53086870298005,81.67493226783479,100.0,1.0,3.0,2256.4251398933156,raw_data/run_331.csv,raw_data/run_331.json
332,optimum,2026-09-23 09:45,KAUST2023_N2_C0_CKMC_ESR_v10_0_oxygenless,38.345751046932676,74.24478605199928,100.0,1.0,4.0,2230.388501851968,raw_data/run_332.csv,raw_data/run_332.json
333,optimum,2026-09-23 09:45,KAUST2023_N2_C0_CKMC_ESR_v10_0_oxygenless,36.96571272432067,68.87286142400424,100.0,1.0,5.0,2254.4164469677344,raw_data/run_333.csv,raw_data/run_333.json
334,optimum,2026-09-23 09:45,KAUST2023_N2_C0_CKMC_ESR_v10_0_oxygenless,23.836951609394553,37.0072740624572,100.0,1.0,10.0,2559.4275777665243,raw_data/run_334.csv,raw_data/run_334.json
335,optimum,2026-09-23 09:45,KAUST2023_N2_C0_CKMC_ESR_v10_0_oxygenless,32.24409190698549,24.251365264871126,100.0,1.0,20.0,2966.1841618920803,raw_data/run_335.csv,raw_data/run_335.json
336,optimum,2026-09-23 09:45,KAUST2023_N2_C0_CKMC_ESR_v10_0_oxygenless,63.17014609003246,13.896856214075829,100.0,1.0,50.0,3552.8700524901333,raw_data/run_336.csv,raw_data/run_336.json
337,optimum,2026-09-23 09:45,KAUST2023_N2_C0_CKMC_ESR_v10_0_oxygenless,115.05210813448129,9.457013633279955,100.0,1.0,100.0,4040.7278788289586,raw_data/run_337.csv,raw_data/run_337.json
338,optimum,2026-09-23 09:45,KAUST2023_N2_C0_CKMC_ESR_v10_0_oxygenless,77.58851198769081,73.04580134562204,200.0,1.0,1.0,3273.4907755445056,raw_data/run_338.csv,raw_data/run_338.json
339,optimum,2026-09-23 09:45,KAUST2023_N2_C0_CKMC_ESR_v10_0_oxygenless,71.88360148605125,60.17268015717783,200.0,1.0,2.0,2940.188900189783,raw_data/run_339.csv,raw_data/run_339.json
340,optimum,2026-09-23 09:45,KAUST2023_N2_C0_CKMC_ESR_v10_0_oxygenless,66.81964638936998,52.8391384994379,200.0,1.0,3.0,2787.565297402128,raw_data/run_340.csv,raw_data/run_340.json
341,optimum,2026-09-23 09:45,KAUST2023_N2_C0_CKMC_ESR_v10_0_oxygenless,8.380510327473472,130.16553959367852,20.0,0.6500000000000001,4.0,1773.7801914425356,raw_data/run_341.csv,raw_data/run_341.json
342,optimum,2026-09-23 09:45,KAUST2023_N2_C0_CKMC_ESR_v10_0_oxygenless,62.98917620305804,47.96923326596145,200.0,1.0,4.0,2718.601838485549,raw_data/run_342.csv,raw_data/run_342.json
343,optimum,2026-09-23 09:45,KAUST2023_N2_C0_CKMC_ESR_v10_0_oxygenless,59.84319541547541,44.332325832117746,200.0,1.0,5.0,2700.855801577433,raw_data/run_343.csv,raw_data/run_343.json
344,optimum,2026-09-23 09:45,KAUST2023_N2_C0_CKMC_ESR_v10_0_oxygenless,52.98584341278389,34.470012776218155,200.0,1.0,10.0,2986.2786373734807,raw_data/run_344.csv,raw_data/run_344.json
345,optimum,2026-09-23 09:45,KAUST2023_N2_C0_CKMC_ESR_v10_0_oxygenless,42.41132314529074,18.973195594333028,200.0,1.0,20.0,3581.2548637409463,raw_data/run_345.csv,raw_data/run_345.json
346,optimum,2026-09-23 09:45,KAUST2023_N2_C0_CKMC_ESR_v10_0_oxygenless,70.98588016447525,10.493393213227028,200.0,1.0,50.0,4397.396390033868,raw_data/run_346.csv,raw_data/run_346.json
347,optimum,2026-09-23 09:45,KAUST2023_N2_C0_CKMC_ESR_v10_0_oxygenless,123.1277367722667,7.115923903000273,200.0,1.0,100.0,5046.791716046161,raw_data/run_347.csv,raw_data/run_347.json
348,optimum,2026-09-23 09:45,KAUST2023_N2_C0_CKMC_ESR_v10_0_oxygenless,2.0615905423018175,124.78349884753877,10.0,4.999999999999999,1.0,1732.1961186274339,raw_data/run_348.csv,raw_data/run_348.json
349,optimum,2026-09-23 09:45,KAUST2023_N2_C0_CKMC_ESR_v10_0_oxygenless,6.997581038773066,320.94035333273456,10.0,4.999999999999999,2.0,1466.7107362524468,raw_data/run_349.csv,raw_data/run_349.json
350,optimum,2026-09-23 09:45,KAUST2023_N2_C0_CKMC_ESR_v10_0_oxygenless,5.896682035666453,213.84908644168803,10.0,4.999999999999999,3.0,1312.8220508796453,raw_data/run_350.csv,raw_data/run_350.json
351,optimum,2026-09-23 09:45,KAUST2023_N2_C0_CKMC_ESR_v10_0_oxygenless,7.584511298158243,222.91042795051348,10.0,4.999999999999999,4.0,1285.9605380673834,raw_data/run_351.csv,raw_data/run_351.json
352,optimum,2026-09-23 09:45,KAUST2023_N2_C0_CKMC_ESR_v10_0_oxygenless,9.92728452832036,130.07938751033998,20.0,0.6500000000000001,5.0,1789.8554196597306,raw_data/run_352.csv,raw_data/run_352.json
353,optimum,2026-09-23 09:45,KAUST2023_N2_C0_CKMC_ESR_v10_0_oxygenless,9.171831474028666,225.43560064877894,10.0,4.999999999999999,5.0,1319.3918237083512,raw_data/run_353.csv,raw_data/run_353.json
354,optimum,2026-09-23 09:45,KAUST2023_N2_C0_CKMC_ESR_v10_0_oxygenless,13.327221014801175,125.75273216204741,10.0,4.999999999999999,10.0,1468.6869324852871,raw_data/run_354.csv,raw_data/run_354.json
355,optimum,2026-09-23 09:45,KAUST2023_N2_C0_CKMC_ESR_v10_0_oxygenless,23.26505209269382,73.84645175276324,10.0,4.999999999999999,20.0,1607.0444076705244,raw_data/run_355.csv,raw_data/run_355.json
356,optimum,2026-09-23 09:45,KAUST2023_N2_C0_CKMC_ESR_v10_0_oxygenless,53.67496256511573,40.28514685655503,10.0,4.999999999999999,50.0,1795.4091154739224,raw_data/run_356.csv,raw_data/run_356.json
357,optimum,2026-09-23 09:45,KAUST2023_N2_C0_CKMC_ESR_v10_0_oxygenless,104.19930206000025,26.31893807731782,10.0,4.999999999999999,100.0,1961.4911783885416,raw_data/run_357.csv,raw_data/run_357.json
358,optimum,2026-09-23 09:45,KAUST2023_N2_C0_CKMC_ESR_v10_0_oxygenless,6.569134321644269,159.86340304957355,20.0,4.999999999999999,1.0,1907.0292229370095,raw_data/run_358.csv,raw_data/run_358.json
359,optimum,2026-09-23 09:45,KAUST2023_N2_C0_CKMC_ESR_v10_0_oxygenless,11.991372755861608,220.48693295347553,20.0,4.999999999999999,2.0,1617.899033050889,raw_data/run_359.csv,raw_data/run_359.json
360,optimum,2026-09-23 09:45,KAUST2023_N2_C0_CKMC_ESR_v10_0_oxygenless,12.987870578965293,210.3480767152263,20.0,4.999999999999999,3.0,1505.4878062832472,raw_data/run_360.csv,raw_data/run_360.json
361,optimum,2026-09-23 09:45,KAUST2023_N2_C0_CKMC_ESR_v10_0_oxygenless,8.273773009145815,121.57812310464769,20.0,4.999999999999999,4.0,1470.9638370925452,raw_data/run_361.csv,raw_data/run_361.json
362,optimum,2026-09-23 09:45,KAUST2023_N2_C0_CKMC_ESR_v10_0_oxygenless,9.867376916155425,123.18676554869143,20.0,4.999999999999999,5.0,1466.1696666806342,raw_data/run_362.csv,raw_data/run_362.json
363,optimum,2026-09-23 09:45,KAUST2023_N2_C0_CKMC_ESR_v10_0_oxygenless,14.354661242155805,82.32680522824214,20.0,0.6500000000000001,10.0,1985.2975336264446,raw_data/run_363.csv,raw_data/run_363.json
364,optimum,2026-09-23 09:45,KAUST2023_N2_C0_CKMC_ESR_v10_0_oxygenless,14.436527917551459,80.69111756458466,20.0,4.999999999999999,10.0,1635.6924495354817,raw_data/run_364.csv,raw_data/run_364.json
365,optimum,2026-09-23 09:45,KAUST2023_N2_C0_CKMC_ESR_v10_0_oxygenless,24.5363441169891,49.9679225985628,20.0,4.999999999999999,20.0,1820.9341938328196,raw_data/run_365.csv,raw_data/run_365.json
366,optimum,2026-09-23 09:45,KAUST2023_N2_C0_CKMC_ESR_v10_0_oxygenless,55.26539052983137,28.496870644318516,20.0,4.999999999999999,50.0,2076.581423753423,raw_data/run_366.csv,raw_data/run_366.json
367,optimum,2026-09-23 09:45,KAUST2023_N2_C0_CKMC_ESR_v10_0_oxygenless,106.0832751966002,18.96721888076941,20.0,4.999999999999999,100.0,2302.4446814612006,raw_data/run_367.csv,raw_data/run_367.json
368,optimum,2026-09-23 09:45,KAUST2023_N2_C0_CKMC_ESR_v10_0_oxygenless,9.078200845047059,155.30530953507198,25.0,4.999999999999999,1.0,1934.3449061296376,raw_data/run_368.csv,raw_data/run_368.json
369,optimum,2026-09-23 09:45,KAUST2023_N2_C0_CKMC_ESR_v10_0_oxygenless,14.495637176851044,196.1528312424654,25.0,4.999999999999999,2.0,1666.5558615120362,raw_data/run_369.csv,raw_data/run_369.json
370,optimum,2026-09-23 09:45,KAUST2023_N2_C0_CKMC_ESR_v10_0_oxygenless,15.491337794474456,186.61283996086166,25.0,4.999999999999999,3.0,1554.3542500834287,raw_data/run_370.csv,raw_data/run_370.json
371,optimum,2026-09-23 09:45,KAUST2023_N2_C0_CKMC_ESR_v10_0_oxygenless,16.492394676490534,178.55486164260674,25.0,4.999999999999999,4.0,1558.5224151000186,raw_data/run_371.csv,raw_data/run_371.json
372,optimum,2026-09-23 09:45,KAUST2023_N2_C0_CKMC_ESR_v10_0_oxygenless,10.25754192527124,102.690685352847,25.0,4.999999999999999,5.0,1534.2205763865586,raw_data/run_372.csv,raw_data/run_372.json
373,optimum,2026-09-23 09:45,KAUST2023_N2_C0_CKMC_ESR_v10_0_oxygenless,15.484700076593699,77.0110404381642,25.0,4.999999999999999,10.0,1703.4205791263569,raw_data/run_373.csv,raw_data/run_373.json
374,optimum,2026-09-23 09:45,KAUST2023_N2_C0_CKMC_ESR_v10_0_oxygenless,24.33736803585951,49.75392095298143,20.0,0.6500000000000001,20.0,2186.276475366268,raw_data/run_374.csv,raw_data/run_374.json
375,optimum,2026-09-23 09:45,KAUST2023_N2_C0_CKMC_ESR_v10_0_oxygenless,25.233330276370218,45.33654004996017,25.0,4.999999999999999,20.0,1907.1639819856375,raw_data/run_375.csv,raw_data/run_375.json
376,optimum,2026-09-23 09:45,KAUST2023_N2_C0_CKMC_ESR_v10_0_oxygenless,55.96884749791668,25.72741873795051,25.0,4.999999999999999,50.0,2190.338325894509,raw_data/run_376.csv,raw_data/run_376.json
377,optimum,2026-09-23 09:45,KAUST2023_N2_C0_CKMC_ESR_v10_0_oxygenless,106.9223320427576,17.228165539587515,25.0,4.999999999999999,100.0,2440.0100956107012,raw_data/run_377.csv,raw_data/run_377.json
378,optimum,2026-09-23 09:45,KAUST2023_N2_C0_CKMC_ESR_v10_0_oxygenless,11.756948940159585,151.20137087481527,30.0,4.999999999999999,1.0,1961.5596601120224,raw_data/run_378.csv,raw_data/run_378.json
379,optimum,2026-09-23 09:45,KAUST2023_N2_C0_CKMC_ESR_v10_0_oxygenless,16.95769970011297,178.31249283630586,30.0,4.999999999999999,2.0,1708.4612730732915,raw_data/run_379.csv,raw_data/run_379.json
380,optimum,2026-09-23 09:45,KAUST2023_N2_C0_CKMC_ESR_v10_0_oxygenless,17.981093250968073,169.6186075415157,30.0,4.999999999999999,3.0,1597.4840527469387,raw_data/run_380.csv,raw_data/run_380.json
381,optimum,2026-09-23 09:45,KAUST2023_N2_C0_CKMC_ESR_v10_0_oxygenless,18.98976310989305,162.37985741624658,30.0,4.999999999999999,4.0,1596.783313729364,raw_data/run_381.csv,raw_data/run_381.json
382,optimum,2026-09-23 09:45,KAUST2023_N2_C0_CKMC_ESR_v10_0_oxygenless,10.665317496167908,88.9930260609665,30.0,4.999999999999999,5.0,1600.2431810778312,raw_data/run_382.csv,raw_data/run_382.json
383,optimum,2026-09-23 09:45,KAUST2023_N2_C0_CKMC_ESR_v10_0_oxygenless,15.865712100287515,67.27385473879002,30.0,4.999999999999999,10.0,1758.8026205556598,raw_data/run_383.csv,raw_data/run_383.json
384,optimum,2026-09-23 09:45,KAUST2023_N2_C0_CKMC_ESR_v10_0_oxygenless,25.82177594187609,41.5139431047707,30.0,4.999999999999999,20.0,1984.4240149973791,raw_data/run_384.csv,raw_data/run_384.json
385,optimum,2026-09-23 09:45,KAUST2023_N2_C0_CKMC_ESR_v10_0_oxygenless,55.05587364923107,28.412545505264305,20.0,0.6500000000000001,50.0,2471.3954615742264,raw_data/run_385.csv,raw_data/run_385.json
386,optimum,2026-09-23 09:45,KAUST2023_N2_C0_CKMC_ESR_v10_0_oxygenless,56.59415828030842,23.554894893490737,30.0,4.999999999999999,50.0,2293.0897858684193,raw_data/run_386.csv,raw_data/run_386.json
387,optimum,2026-09-23 09:45,KAUST2023_N2_C0_CKMC_ESR_v10_0_oxygenless,107.61599011140835,15.7760687907746,30.0,4.999999999999999,100.0,2563.990843397113,raw_data/run_387.csv,raw_data/run_387.json
388,optimum,2026-09-23 09:45,KAUST2023_N2_C0_CKMC_ESR_v10_0_oxygenless,22.605492215043427,135.01578328786886,50.0,4.999999999999999,1.0,2075.447329959354,raw_data/run_388.csv,raw_data/run_388.json
389,optimum,2026-09-23 09:45,KAUST2023_N2_C0_CKMC_ESR_v10_0_oxygenless,26.98494953231546,138.243683350264,50.0,4.999999999999999,2.0,1845.2266645558734,raw_data/run_389.csv,raw_data/run_389.json
390,optimum,2026-09-23 09:45,KAUST2023_N2_C0_CKMC_ESR_v10_0_oxygenless,27.995452689671303,130.6672605694495,50.0,4.999999999999999,3.0,1741.9825143445446,raw_data/run_390.csv,raw_data/run_390.json
391,optimum,2026-09-23 09:45,KAUST2023_N2_C0_CKMC_ESR_v10_0_oxygenless,28.988239253773926,124.6843363322444,50.0,4.999999999999999,4.0,1730.2087978389884,raw_data/run_391.csv,raw_data/run_391.json
392,optimum,2026-09-23 09:45,KAUST2023_N2_C0_CKMC_ESR_v10_0_oxygenless,28.660072857178314,116.60837041651743,50.0,4.999999999999999,5.0,1771.8727016882194,raw_data/run_392.csv,raw_data/run_392.json
393,optimum,2026-09-23 09:45,KAUST2023_N2_C0_CKMC_ESR_v10_0_oxygenless,19.094112734321456,55.41826409903968,50.0,4.999999999999999,10.0,1956.7296788561114,raw_data/run_393.csv,raw_data/run_393.json
394,optimum,2026-09-23 09:45,KAUST2023_N2_C0_CKMC_ESR_v10_0_oxygenless,28.050641416382344,33.30066492962335,50.0,4.999999999999999,20.0,2236.1316421675597,raw_data/run_394.csv,raw_data/run_394.json
395,optimum,2026-09-23 09:45,KAUST2023_N2_C0_CKMC_ESR_v10_0_oxygenless,58.909730461385415,18.759016737194667,50.0,4.999999999999999,50.0,2632.208565665472,raw_data/run_395.csv,raw_data/run_395.json
396,optimum,2026-09-23 09:45,KAUST2023_N2_C0_CKMC_ESR_v10_0_oxygenless,105.89627881014603,19.145444436165093,20.0,0.6500000000000001,100.0,2723.8834512938342,raw_data/run_396.csv,raw_data/run_396.json
397,optimum,2026-09-23 09:45,KAUST2023_N2_C0_CKMC_ESR_v10_0_oxygenless,110.37017674775159,12.80200954859782,50.0,4.999999999999999,100.0,2972.0498599525313,raw_data/run_397.csv,raw_data/run_397.json
398,optimum,2026-09-23 09:45,KAUST2023_N2_C0_CKMC_ESR_v10_0_oxygenless,47.938158592482296,107.28154635881907,100.0,4.999999999999999,1.0,2371.111324081128,raw_data/run_398.csv,raw_data/run_398.json
399,optimum,2026-09-23 09:45,KAUST2023_N2_C0_CKMC_ESR_v10_0_oxygenless,48.804951980905884,95.78888122214893,100.0,4.999999999999999,2.0,2138.1728105508423,raw_data/run_399.csv,raw_data/run_399.json
400,optimum,2026-09-23 09:45,KAUST2023_N2_C0_CKMC_ESR_v10_0_oxygenless,46.50934352052002,85.75919765052852,100.0,4.999999999999999,3.0,2036.1731518415206,raw_data/run_400.csv,raw_data/run_400.json
401,optimum,2026-09-23 09:45,KAUST2023_N2_C0_CKMC_ESR_v10_0_oxygenless,42.98805988388062,76.74387518477644,100.0,4.999999999999999,4.0,2005.6153589868309,raw_data/run_401.csv,raw_data/run_401.json
402,optimum,2026-09-23 09:46,KAUST2023_N2_C0_CKMC_ESR_v10_0_oxygenless,41.4263176998351,71.2052454403185,100.0,4.999999999999999,5.0,2019.8217237031304,raw_data/run_402.csv,raw_data/run_402.json
403,optimum,2026-09-23 09:46,KAUST2023_N2_C0_CKMC_ESR_v10_0_oxygenless,24.60957880702831,37.06002501645923,100.0,4.999999999999999,10.0,2301.761764831319,raw_data/run_403.csv,raw_data/run_403.json
404,optimum,2026-09-23 09:46,KAUST2023_N2_C0_CKMC_ESR_v10_0_oxygenless,50.32202731699864,210.50492462333696,100.0,4.999999999999999,20.0,1184.4923392748851,raw_data/run_404.csv,raw_data/run_404.json
405,optimum,2026-09-23 09:46,KAUST2023_N2_C0_CKMC_ESR_v10_0_oxygenless,63.80989200004702,14.06402383585792,100.0,4.999999999999999,50.0,3232.5798812122825,raw_data/run_405.csv,raw_data/run_405.json
406,optimum,2026-09-23 09:46,KAUST2023_N2_C0_CKMC_ESR_v10_0_oxygenless,115.62672035748145,9.49333978739075,100.0,4.999999999999999,100.0,3692.6620024433505,raw_data/run_406.csv,raw_data/run_406.json
407,optimum,2026-09-23 09:46,KAUST2023_N2_C0_CKMC_ESR_v10_0_oxygenless,8.223180976682206,156.35346406513537,25.0,0.6500000000000001,1.0,2253.636662100648,raw_data/run_407.csv,raw_data/run_407.json
408,optimum,2026-09-23 09:46,KAUST2023_N2_C0_CKMC_ESR_v10_0_oxygenless,88.71472427585961,77.74363132585404,200.0,4.999999999999999,1.0,2952.11280199899,raw_data/run_408.csv,raw_data/run_408.json
409,optimum,2026-09-23 09:46,KAUST2023_N2_C0_CKMC_ESR_v10_0_oxygenless,81.26185354072797,62.93328927746913,200.0,4.999999999999999,2.0,2661.453090969065,raw_data/run_409.csv,raw_data/run_409.json
410,optimum,2026-09-23 09:46,KAUST2023_N2_C0_CKMC_ESR_v10_0_oxygenless,74.83266616452455,54.73441937999323,200.0,4.999999999999999,3.0,2527.560088644543,raw_data/run_410.csv,raw_data/run_410.json
411,optimum,2026-09-23 09:46,KAUST2023_N2_C0_CKMC_ESR_v10_0_oxygenless,70.39846832713289,49.5542317266896,200.0,4.999999999999999,4.0,2464.969792919748,raw_data/run_411.csv,raw_data/run_411.json
412,optimum,2026-09-23 09:46,KAUST2023_N2_C0_CKMC_ESR_v10_0_oxygenless,66.76916441771284,45.68521774785943,200.0,4.999999999999999,5.0,2446.084758882954,raw_data/run_412.csv,raw_data/run_412.json
413,optimum,2026-09-23 09:46,KAUST2023_N2_C0_CKMC_ESR_v10_0_oxygenless,58.443211310962454,35.348970303542025,200.0,4.999999999999999,10.0,2679.8063136520464,raw_data/run_413.csv,raw_data/run_413.json
414,optimum,2026-09-23 09:46,KAUST2023_N2_C0_CKMC_ESR_v10_0_oxygenless,44.04664152821215,19.268634771285267,200.0,4.999999999999999,20.0,3244.057214112715,raw_data/run_414.csv,raw_data/run_414.json
415,optimum,2026-09-23 09:46,KAUST2023_N2_C0_CKMC_ESR_v10_0_oxygenless,72.14096682423678,10.664726045311985,200.0,4.999999999999999,50.0,4023.3710017201424,raw_data/run_415.csv,raw_data/run_415.json
416,optimum,2026-09-23 09:46,KAUST2023_N2_C0_CKMC_ESR_v10_0_oxygenless,123.88145689955408,7.070074507570137,200.0,4.999999999999999,100.0,4639.479941869104,raw_data/run_416.csv,raw_data/run_416.json
417,optimum,2026-09-23 09:46,KAUST2023_N2_C0_CKMC_ESR_v10_0_oxygenless,2.0805270846499218,124.7432183774422,10.0,10.0,1.0,1751.5221499962825,raw_data/run_417.csv,raw_data/run_417.json
418,optimum,2026-09-23 09:46,KAUST2023_N2_C0_CKMC_ESR_v10_0_oxygenless,14.495405121650888,208.78517079096338,25.0,0.6500000000000001,2.0,1953.897157614452,raw_data/run_418.csv,raw_data/run_418.json
419,optimum,2026-09-23 09:46,KAUST2023_N2_C0_CKMC_ESR_v10_0_oxygenless,3.812436776733257,168.87796163183302,10.0,10.0,2.0,1453.7226089898295,raw_data/run_419.csv,raw_data/run_419.json
420,optimum,2026-09-23 09:46,KAUST2023_N2_C0_CKMC_ESR_v10_0_oxygenless,5.909347636538102,212.83960238944587,10.0,10.0,3.0,1301.0250036371501,raw_data/run_420.csv,raw_data/run_420.json
421,optimum,2026-09-23 09:46,KAUST2023_N2_C0_CKMC_ESR_v10_0_oxygenless,7.634559980522237,223.3482192180581,10.0,10.0,4.0,1267.2615607289486,raw_data/run_421.csv,raw_data/run_421.json
422,optimum,2026-09-23 09:46,KAUST2023_N2_C0_CKMC_ESR_v10_0_oxygenless,9.228554795995873,226.03920857829863,10.0,10.0,5.0,1296.3306573906784,raw_data/run_422.csv,raw_data/run_422.json
423,optimum,2026-09-23 09:46,KAUST2023_N2_C0_CKMC_ESR_v10_0_oxygenless,13.389502451298627,127.32378586493637,10.0,10.0,10.0,1447.9070774777294,raw_data/run_423.csv,raw_data/run_423.json
424,optimum,2026-09-23 09:46,KAUST2023_N2_C0_CKMC_ESR_v10_0_oxygenless,23.356300955364684,75.35315292837568,10.0,10.0,20.0,1589.0956018027,raw_data/run_424.csv,raw_data/run_424.json
425,optimum,2026-09-23 09:46,KAUST2023_N2_C0_CKMC_ESR_v10_0_oxygenless,53.788232087091686,41.15081947583608,10.0,10.0,50.0,1780.2239028189456,raw_data/run_425.csv,raw_data/run_425.json
426,optimum,2026-09-23 09:46,KAUST2023_N2_C0_CKMC_ESR_v10_0_oxygenless,104.3339137322073,26.94898773284549,10.0,10.0,100.0,1948.4872042994464,raw_data/run_426.csv,raw_data/run_426.json
427,optimum,2026-09-23 09:46,KAUST2023_N2_C0_CKMC_ESR_v10_0_oxygenless,6.943906889253831,164.6170216882377,20.0,10.0,1.0,1929.7459495844817,raw_data/run_427.csv,raw_data/run_427.json
428,optimum,2026-09-23 09:46,KAUST2023_N2_C0_CKMC_ESR_v10_0_oxygenless,11.995262074867256,218.66036524695392,20.0,10.0,2.0,1618.1770380574242,raw_data/run_428.csv,raw_data/run_428.json
429,optimum,2026-09-23 09:46,KAUST2023_N2_C0_CKMC_ESR_v10_0_oxygenless,6.035191682798462,231.53109644301963,10.0,0.6500000000000001,3.0,1587.003509104683,raw_data/run_429.csv,raw_data/run_429.json
430,optimum,2026-09-23 09:46,KAUST2023_N2_C0_CKMC_ESR_v10_0_oxygenless,15.485334785637901,197.4709180206945,25.0,0.6500000000000001,3.0,1861.058213361234,raw_data/run_430.csv,raw_data/run_430.json
431,optimum,2026-09-23 09:46,KAUST2023_N2_C0_CKMC_ESR_v10_0_oxygenless,12.970260987785407,208.56918546302495,20.0,10.0,3.0,1495.6360788803895,raw_data/run_431.csv,raw_data/run_431.json
432,optimum,2026-09-23 09:46,KAUST2023_N2_C0_CKMC_ESR_v10_0_oxygenless,8.338742276702646,121.76641583436353,20.0,10.0,4.0,1462.8604254715706,raw_data/run_432.csv,raw_data/run_432.json
433,optimum,2026-09-23 09:46,KAUST2023_N2_C0_CKMC_ESR_v10_0_oxygenless,9.960675424185471,123.8898990911633,20.0,10.0,5.0,1451.591423126424,raw_data/run_433.csv,raw_data/run_433.json
434,optimum,2026-09-23 09:46,KAUST2023_N2_C0_CKMC_ESR_v10_0_oxygenless,14.535159992080093,81.66336626083427,20.0,10.0,10.0,1619.7912013321159,raw_data/run_434.csv,raw_data/run_434.json
435,optimum,2026-09-23 09:46,KAUST2023_N2_C0_CKMC_ESR_v10_0_oxygenless,24.738137834477232,51.62384241064656,20.0,10.0,20.0,1806.7287065374785,raw_data/run_435.csv,raw_data/run_435.json
436,optimum,2026-09-23 09:46,KAUST2023_N2_C0_CKMC_ESR_v10_0_oxygenless,55.421837413258764,29.09008065124743,20.0,10.0,50.0,2065.227448492817,raw_data/run_436.csv,raw_data/run_436.json
437,optimum,2026-09-23 09:46,KAUST2023_N2_C0_CKMC_ESR_v10_0_oxygenless,106.2836141923105,19.440696168234883,20.0,10.0,100.0,2293.391615984581,raw_data/run_437.csv,raw_data/run_437.json
438,optimum,2026-09-23 09:46,KAUST2023_N2_C0_CKMC_ESR_v10_0_oxygenless,9.720208185877501,161.39995328681644,25.0,10.0,1.0,1959.3419012974807,raw_data/run_438.csv,raw_data/run_438.json
439,optimum,2026-09-23 09:46,KAUST2023_N2_C0_CKMC_ESR_v10_0_oxygenless,14.498591108705728,194.49357349225903,25.0,10.0,2.0,1669.5966114655062,raw_data/run_439.csv,raw_data/run_439.json
440,optimum,2026-09-23 09:46,KAUST2023_N2_C0_CKMC_ESR_v10_0_oxygenless,15.492809920156922,185.25669449280355,25.0,10.0,3.0,1546.929246694835,raw_data/run_440.csv,raw_data/run_440.json
441,optimum,2026-09-23 09:46,KAUST2023_N2_C0_CKMC_ESR_v10_0_oxygenless,8.872003928487263,110.15571045378802,25.0,0.6500000000000001,4.0,1857.5250724828227,raw_data/run_441.csv,raw_data/run_441.json
442,optimum,2026-09-23 09:46,KAUST2023_N2_C0_CKMC_ESR_v10_0_oxygenless,16.480364929964015,177.49459625996235,25.0,10.0,4.0,1543.290173647334,raw_data/run_442.csv,raw_data/run_442.json
443,optimum,2026-09-23 09:46,KAUST2023_N2_C0_CKMC_ESR_v10_0_oxygenless,10.366094840168678,103.16675148551276,25.0,10.0,5.0,1523.6922567108143,raw_data/run_443.csv,raw_data/run_443.json
444,optimum,2026-09-23 09:46,KAUST2023_N2_C0_CKMC_ESR_v10_0_oxygenless,15.630236565883802,77.99651751313728,25.0,10.0,10.0,1685.5937785912247,raw_data/run_444.csv,raw_data/run_444.json
445,optimum,2026-09-23 09:46,KAUST2023_N2_C0_CKMC_ESR_v10_0_oxygenless,25.361333013692512,45.85054172402543,25.0,10.0,20.0,1894.146919310717,raw_data/run_445.csv,raw_data/run_445.json
446,optimum,2026-09-23 09:46,KAUST2023_N2_C0_CKMC_ESR_v10_0_oxygenless,56.11197690410246,26.057583767157382,25.0,10.0,50.0,2180.268360611346,raw_data/run_446.csv,raw_data/run_446.json
447,optimum,2026-09-23 09:46,KAUST2023_N2_C0_CKMC_ESR_v10_0_oxygenless,107.14442112411272,17.615875698341068,25.0,10.0,100.0,2432.3153946072252,raw_data/run_447.csv,raw_data/run_447.json
448,optimum,2026-09-23 09:46,KAUST2023_N2_C0_CKMC_ESR_v10_0_oxygenless,12.773995948985032,158.8851149904233,30.0,10.0,1.0,1988.219397288563,raw_data/run_448.csv,raw_data/run_448.json
449,optimum,2026-09-23 09:46,KAUST2023_N2_C0_CKMC_ESR_v10_0_oxygenless,16.990846642180067,177.02730424227698,30.0,10.0,2.0,1713.5895337031793,raw_data/run_449.csv,raw_data/run_449.json
450,optimum,2026-09-23 09:46,KAUST2023_N2_C0_CKMC_ESR_v10_0_oxygenless,17.99620879432746,168.4412445718571,30.0,10.0,3.0,1592.2438429394501,raw_data/run_450.csv,raw_data/run_450.json
451,optimum,2026-09-23 09:46,KAUST2023_N2_C0_CKMC_ESR_v10_0_oxygenless,18.99831107875991,161.24800635168174,30.0,10.0,4.0,1583.554232483947,raw_data/run_451.csv,raw_data/run_451.json
452,optimum,2026-09-23 09:46,KAUST2023_N2_C0_CKMC_ESR_v10_0_oxygenless,10.305934703260366,108.42352384324752,25.0,0.6500000000000001,5.0,1859.5724093658496,raw_data/run_452.csv,raw_data/run_452.json
453,optimum,2026-09-23 09:46,KAUST2023_N2_C0_CKMC_ESR_v10_0_oxygenless,10.921961902621991,90.76552207171046,30.0,10.0,5.0,1593.2758894893868,raw_data/run_453.csv,raw_data/run_453.json
454,optimum,2026-09-23 09:46,KAUST2023_N2_C0_CKMC_ESR_v10_0_oxygenless,16.035865952557597,68.31999581691588,30.0,10.0,10.0,1743.652105002283,raw_data/run_454.csv,raw_data/run_454.json
455,optimum,2026-09-23 09:46,KAUST2023_N2_C0_CKMC_ESR_v10_0_oxygenless,26.01679094655518,42.38575802357426,30.0,10.0,20.0,1972.0594989331205,raw_data/run_455.csv,raw_data/run_455.json
456,optimum,2026-09-23 09:46,KAUST2023_N2_C0_CKMC_ESR_v10_0_oxygenless,56.81294960695454,24.065790084119953,30.0,10.0,50.0,2284.111885757594,raw_data/run_456.csv,raw_data/run_456.json
457,optimum,2026-09-23 09:46,KAUST2023_N2_C0_CKMC_ESR_v10_0_oxygenless,107.92684676336519,16.25992982989189,30.0,10.0,100.0,2557.4886477781115,raw_data/run_457.csv,raw_data/run_457.json
458,optimum,2026-09-23 09:46,KAUST2023_N2_C0_CKMC_ESR_v10_0_oxygenless,25.617567933045756,146.94332675940936,50.0,10.0,1.0,2105.5367830534483,raw_data/run_458.csv,raw_data/run_458.json
459,optimum,2026-09-23 09:46,KAUST2023_N2_C0_CKMC_ESR_v10_0_oxygenless,26.992761623057458,137.0129605119759,50.0,10.0,2.0,1857.0641237907216,raw_data/run_459.csv,raw_data/run_459.json
460,optimum,2026-09-23 09:46,KAUST2023_N2_C0_CKMC_ESR_v10_0_oxygenless,27.995106423879772,129.5335153838216,50.0,10.0,3.0,1743.3044167256128,raw_data/run_460.csv,raw_data/run_460.json
461,optimum,2026-09-23 09:46,KAUST2023_N2_C0_CKMC_ESR_v10_0_oxygenless,28.983863178479364,123.7397067848238,50.0,10.0,4.0,1723.2790882803743,raw_data/run_461.csv,raw_data/run_461.json
462,optimum,2026-09-23 09:46,KAUST2023_N2_C0_CKMC_ESR_v10_0_oxygenless,29.890559305464695,118.76361631756524,50.0,10.0,5.0,1758.5649669800323,raw_data/run_462.csv,raw_data/run_462.json
463,optimum,2026-09-23 09:46,KAUST2023_N2_C0_CKMC_ESR_v10_0_oxygenless,14.801263855097963,71.20130744977936,25.0,0.6500000000000001,10.0,2060.8811211999423,raw_data/run_463.csv,raw_data/run_463.json
464,optimum,2026-09-23 09:46,KAUST2023_N2_C0_CKMC_ESR_v10_0_oxygenless,19.622122848326303,57.19497869989526,50.0,10.0,10.0,1941.657811253561,raw_data/run_464.csv,raw_data/run_464.json
465,optimum,2026-09-23 09:46,KAUST2023_N2_C0_CKMC_ESR_v10_0_oxygenless,28.305321621297676,33.93228761476545,50.0,10.0,20.0,2226.2880986655355,raw_data/run_465.csv,raw_data/run_465.json
466,optimum,2026-09-23 09:46,KAUST2023_N2_C0_CKMC_ESR_v10_0_oxygenless,59.244976037253785,19.25510437375091,50.0,10.0,50.0,2626.9648980694706,raw_data/run_466.csv,raw_data/run_466.json
467,optimum,2026-09-23 09:46,KAUST2023_N2_C0_CKMC_ESR_v10_0_oxygenless,110.665450464932,12.999303210666291,50.0,10.0,100.0,2969.904411356558,raw_data/run_467.csv,raw_data/run_467.json
468,optimum,2026-09-23 09:46,KAUST2023_N2_C0_CKMC_ESR_v10_0_oxygenless,50.92872981266284,111.32534049391032,100.0,10.0,1.0,2408.9301810378474,raw_data/run_468.csv,raw_data/run_468.json
469,optimum,2026-09-23 09:46,KAUST2023_N2_C0_CKMC_ESR_v10_0_oxygenless,51.80869353567998,98.97064073597589,100.0,10.0,2.0,2159.3241789660838,raw_data/run_469.csv,raw_data/run_469.json
470,optimum,2026-09-23 09:46,KAUST2023_N2_C0_CKMC_ESR_v10_0_oxygenless,50.32434226532947,89.34989799111212,100.0,10.0,3.0,2050.2842514666513,raw_data/run_470.csv,raw_data/run_470.json
471,optimum,2026-09-23 09:46,KAUST2023_N2_C0_CKMC_ESR_v10_0_oxygenless,46.33189207705918,79.71754728370429,100.0,10.0,4.0,2014.563065154312,raw_data/run_471.csv,raw_data/run_471.json
472,optimum,2026-09-23 09:46,KAUST2023_N2_C0_CKMC_ESR_v10_0_oxygenless,44.05115194832574,73.35327631124106,100.0,10.0,5.0,2023.8975747057848,raw_data/run_472.csv,raw_data/run_472.json
473,optimum,2026-09-23 09:46,KAUST2023_N2_C0_CKMC_ESR_v10_0_oxygenless,25.059082663018266,37.36329006942202,100.0,10.0,10.0,2302.2593672797343,raw_data/run_473.csv,raw_data/run_473.json
474,optimum,2026-09-23 09:46,KAUST2023_N2_C0_CKMC_ESR_v10_0_oxygenless,24.849684043122448,43.90723696295643,25.0,0.6500000000000001,20.0,2284.4916683812467,raw_data/run_474.csv,raw_data/run_474.json
475,optimum,2026-09-23 09:46,KAUST2023_N2_C0_CKMC_ESR_v10_0_oxygenless,33.70643634244992,25.668975553131435,100.0,10.0,20.0,2672.38971353487,raw_data/run_475.csv,raw_data/run_475.json
476,optimum,2026-09-23 09:46,KAUST2023_N2_C0_CKMC_ESR_v10_0_oxygenless,64.25775005990522,14.310117791465643,100.0,10.0,50.0,3234.122006477739,raw_data/run_476.csv,raw_data/run_476.json
477,optimum,2026-09-23 09:46,KAUST2023_N2_C0_CKMC_ESR_v10_0_oxygenless,116.20530821878108,9.696803017177785,100.0,10.0,100.0,3698.8705170576186,raw_data/run_477.csv,raw_data/run_477.json
478,optimum,2026-09-23 09:46,KAUST2023_N2_C0_CKMC_ESR_v10_0_oxygenless,94.01446856886281,80.6194227008857,200.0,10.0,1.0,3003.8009354333044,raw_data/run_478.csv,raw_data/run_478.json
479,optimum,2026-09-23 09:46,KAUST2023_N2_C0_CKMC_ESR_v10_0_oxygenless,86.83590820839675,65.45748811479466,200.0,10.0,2.0,2703.540914326057,raw_data/run_479.csv,raw_data/run_479.json
480,optimum,2026-09-23 09:46,KAUST2023_N2_C0_CKMC_ESR_v10_0_oxygenless,80.45627628422059,57.02076518511822,200.0,10.0,3.0,2564.7785378531576,raw_data/run_480.csv,raw_data/run_480.json
481,optimum,2026-09-23 09:46,KAUST2023_N2_C0_CKMC_ESR_v10_0_oxygenless,74.09754088392958,50.764045224519585,200.0,10.0,4.0,2498.1293314658014,raw_data/run_481.csv,raw_data/run_481.json
482,optimum,2026-09-23 09:46,KAUST2023_N2_C0_CKMC_ESR_v10_0_oxygenless,70.29407332417729,46.8135371252969,200.0,10.0,5.0,2474.9732407517286,raw_data/run_482.csv,raw_data/run_482.json
483,optimum,2026-09-23 09:46,KAUST2023_N2_C0_CKMC_ESR_v10_0_oxygenless,61.78490211644698,36.29506113061484,200.0,10.0,10.0,2686.8931293061783,raw_data/run_483.csv,raw_data/run_483.json
484,optimum,2026-09-23 09:46,KAUST2023_N2_C0_CKMC_ESR_v10_0_oxygenless,44.86985861158439,19.514983949899424,200.0,10.0,20.0,3247.1200552509795,raw_data/run_484.csv,raw_data/run_484.json
485,optimum,2026-09-23 09:46,KAUST2023_N2_C0_CKMC_ESR_v10_0_oxygenless,55.68691210050139,25.452104111491458,25.0,0.6500000000000001,50.0,2599.3966889427606,raw_data/run_485.csv,raw_data/run_485.json
486,optimum,2026-09-23 09:46,KAUST2023_N2_C0_CKMC_ESR_v10_0_oxygenless,72.7791463883334,10.790261338516691,200.0,10.0,50.0,4034.946819317941,raw_data/run_486.csv,raw_data/run_486.json
487,optimum,2026-09-23 09:46,KAUST2023_N2_C0_CKMC_ESR_v10_0_oxygenless,125.03914179541701,7.2793326852086935,200.0,10.0,100.0,4658.641740261103,raw_data/run_487.csv,raw_data/run_487.json
488,optimum,2026-09-23 09:46,KAUST2023_N2_C0_CKMC_ESR_v10_0_oxygenless,2.388808096572096,143.1379215772863,10.0,50.0,1.0,2130.9094558587285,raw_data/run_488.csv,raw_data/run_488.json
489,optimum,2026-09-23 09:46,KAUST2023_N2_C0_CKMC_ESR_v10_0_oxygenless,6.9984161266644955,313.5087124077513,10.0,50.0,2.0,1592.2703885524274,raw_data/run_489.csv,raw_data/run_489.json
490,optimum,2026-09-23 09:46,KAUST2023_N2_C0_CKMC_ESR_v10_0_oxygenless,6.447743351503831,232.779459656108,10.0,50.0,3.0,1407.4608043031344,raw_data/run_490.csv,raw_data/run_490.json
491,optimum,2026-09-23 09:46,KAUST2023_N2_C0_CKMC_ESR_v10_0_oxygenless,7.995640517555136,233.0481457624179,10.0,50.0,4.0,1336.4030368874958,raw_data/run_491.csv,raw_data/run_491.json
492,optimum,2026-09-23 09:46,KAUST2023_N2_C0_CKMC_ESR_v10_0_oxygenless,9.631516005856165,236.03116554049544,10.0,50.0,5.0,1345.456719699083,raw_data/run_492.csv,raw_data/run_492.json
493,optimum,2026-09-23 09:46,KAUST2023_N2_C0_CKMC_ESR_v10_0_oxygenless,14.145661676234484,149.0125593182819,10.0,50.0,10.0,1519.3115760045102,raw_data/run_493.csv,raw_data/run_493.json
494,optimum,2026-09-23 09:46,KAUST2023_N2_C0_CKMC_ESR_v10_0_oxygenless,24.021982105485517,87.1218823380113,10.0,50.0,20.0,1688.1194078970314,raw_data/run_494.csv,raw_data/run_494.json
495,optimum,2026-09-23 09:46,KAUST2023_N2_C0_CKMC_ESR_v10_0_oxygenless,54.5981967016229,48.14989785518421,10.0,50.0,50.0,1917.800152371707,raw_data/run_495.csv,raw_data/run_495.json
496,optimum,2026-09-23 09:46,KAUST2023_N2_C0_CKMC_ESR_v10_0_oxygenless,106.6493284393012,17.24623239993487,25.0,0.6500000000000001,100.0,2877.8172688843974,raw_data/run_496.csv,raw_data/run_496.json
497,optimum,2026-09-23 09:46,KAUST2023_N2_C0_CKMC_ESR_v10_0_oxygenless,104.99974448663505,29.77195687922252,10.0,50.0,100.0,2122.16543087623,raw_data/run_497.csv,raw_data/run_497.json
498,optimum,2026-09-23 09:46,KAUST2023_N2_C0_CKMC_ESR_v10_0_oxygenless,10.998195204693458,223.8021686973321,20.0,50.0,1.0,2304.77660438783,raw_data/run_498.csv,raw_data/run_498.json
499,optimum,2026-09-23 09:46,KAUST2023_N2_C0_CKMC_ESR_v10_0_oxygenless,11.99766709688056,214.7189963803943,20.0,50.0,2.0,1833.8616765993074,raw_data/run_499.csv,raw_data/run_499.json
500,optimum,2026-09-23 09:46,KAUST2023_N2_C0_CKMC_ESR_v10_0_oxygenless,12.999934471730192,205.27629184229446,20.0,50.0,3.0,1641.6582083805342,raw_data/run_500.csv,raw_data/run_500.json
501,optimum,2026-09-23 09:46,KAUST2023_N2_C0_CKMC_ESR_v10_0_oxygenless,13.991764916889228,196.42784827855303,20.0,50.0,4.0,1602.4151087002085,raw_data/run_501.csv,raw_data/run_501.json
502,optimum,2026-09-23 09:46,KAUST2023_N2_C0_CKMC_ESR_v10_0_oxygenless,10.69154664975878,132.165363353651,20.0,50.0,5.0,1575.061002563261,raw_data/run_502.csv,raw_data/run_502.json
503,optimum,2026-09-23 09:46,KAUST2023_N2_C0_CKMC_ESR_v10_0_oxygenless,15.967488361293997,99.70609102540377,20.0,50.0,10.0,1731.3820044663894,raw_data/run_503.csv,raw_data/run_503.json
504,optimum,2026-09-23 09:46,KAUST2023_N2_C0_CKMC_ESR_v10_0_oxygenless,25.8014866127709,60.01004887005295,20.0,50.0,20.0,1957.291785886276,raw_data/run_504.csv,raw_data/run_504.json
505,optimum,2026-09-23 09:46,KAUST2023_N2_C0_CKMC_ESR_v10_0_oxygenless,56.54949205604637,33.55673392446284,20.0,50.0,50.0,2262.5611801650853,raw_data/run_505.csv,raw_data/run_505.json
506,optimum,2026-09-23 09:46,KAUST2023_N2_C0_CKMC_ESR_v10_0_oxygenless,107.60287189499796,22.399141554431175,20.0,50.0,100.0,2530.797798920029,raw_data/run_506.csv,raw_data/run_506.json
507,optimum,2026-09-23 09:46,KAUST2023_N2_C0_CKMC_ESR_v10_0_oxygenless,10.461322464365933,150.0735497720942,30.0,0.6500000000000001,1.0,2286.4427845024834,raw_data/run_507.csv,raw_data/run_507.json
508,optimum,2026-09-23 09:46,KAUST2023_N2_C0_CKMC_ESR_v10_0_oxygenless,13.490666662756155,199.9415077897624,25.0,50.0,1.0,2360.7567269320175,raw_data/run_508.csv,raw_data/run_508.json
509,optimum,2026-09-23 09:46,KAUST2023_N2_C0_CKMC_ESR_v10_0_oxygenless,14.490993498437923,190.78800843102968,25.0,50.0,2.0,1916.737814155217,raw_data/run_509.csv,raw_data/run_509.json
510,optimum,2026-09-23 09:46,KAUST2023_N2_C0_CKMC_ESR_v10_0_oxygenless,15.492653450323456,182.30059890315803,25.0,50.0,3.0,1720.1953979406428,raw_data/run_510.csv,raw_data/run_510.json
511,optimum,2026-09-23 09:46,KAUST2023_N2_C0_CKMC_ESR_v10_0_oxygenless,16.499255785602312,174.59157903023615,25.0,50.0,4.0,1673.4895531717275,raw_data/run_511.csv,raw_data/run_511.json
512,optimum,2026-09-23 09:46,KAUST2023_N2_C0_CKMC_ESR_v10_0_oxygenless,11.513465823779677,113.97281498678257,25.0,50.0,5.0,1680.2541831205374,raw_data/run_512.csv,raw_data/run_512.json
513,optimum,2026-09-23 09:46,KAUST2023_N2_C0_CKMC_ESR_v10_0_oxygenless,16.447884470950928,84.01646880689964,25.0,50.0,10.0,1817.5577874340765,raw_data/run_513.csv,raw_data/run_513.json
514,optimum,2026-09-23 09:46,KAUST2023_N2_C0_CKMC_ESR_v10_0_oxygenless,26.563263840678513,53.43824579673955,25.0,50.0,20.0,2062.5038241922757,raw_data/run_514.csv,raw_data/run_514.json
515,optimum,2026-09-23 09:46,KAUST2023_N2_C0_CKMC_ESR_v10_0_oxygenless,57.41586420944469,30.13236014267024,25.0,50.0,50.0,2399.983034855595,raw_data/run_515.csv,raw_data/run_515.json
516,optimum,2026-09-23 09:46,KAUST2023_N2_C0_CKMC_ESR_v10_0_oxygenless,108.66540950376941,20.33952807466367,25.0,50.0,100.0,2695.4498904843845,raw_data/run_516.csv,raw_data/run_516.json
517,optimum,2026-09-23 09:46,KAUST2023_N2_C0_CKMC_ESR_v10_0_oxygenless,15.99897609474701,183.16255943376981,30.0,50.0,1.0,2415.0814075147914,raw_data/run_517.csv,raw_data/run_517.json
518,optimum,2026-09-23 09:46,KAUST2023_N2_C0_CKMC_ESR_v10_0_oxygenless,16.999297531233893,190.18077524359958,30.0,0.6500000000000001,2.0,2004.4609854334517,raw_data/run_518.csv,raw_data/run_518.json
519,optimum,2026-09-23 09:46,KAUST2023_N2_C0_CKMC_ESR_v10_0_oxygenless,16.9999138822262,173.32791964474762,30.0,50.0,2.0,1987.4407757652548,raw_data/run_519.csv,raw_data/run_519.json
520,optimum,2026-09-23 09:46,KAUST2023_N2_C0_CKMC_ESR_v10_0_oxygenless,17.99931653990553,165.39091877691337,30.0,50.0,3.0,1789.2633526902941,raw_data/run_520.csv,raw_data/run_520.json
521,optimum,2026-09-23 09:46,KAUST2023_N2_C0_CKMC_ESR_v10_0_oxygenless,18.99059617468461,158.52304707987534,30.0,50.0,4.0,1735.0844741941846,raw_data/run_521.csv,raw_data/run_521.json
522,optimum,2026-09-23 09:46,KAUST2023_N2_C0_CKMC_ESR_v10_0_oxygenless,19.98494417532173,152.5518832088615,30.0,50.0,5.0,1755.1231045838053,raw_data/run_522.csv,raw_data/run_522.json
523,optimum,2026-09-23 09:46,KAUST2023_N2_C0_CKMC_ESR_v10_0_oxygenless,17.06292115772093,74.52906710255917,30.0,50.0,10.0,1901.4438059716301,raw_data/run_523.csv,raw_data/run_523.json
524,optimum,2026-09-23 09:46,KAUST2023_N2_C0_CKMC_ESR_v10_0_oxygenless,27.38051077207649,49.429669624377084,30.0,50.0,20.0,2155.8876189606026,raw_data/run_524.csv,raw_data/run_524.json
525,optimum,2026-09-23 09:46,KAUST2023_N2_C0_CKMC_ESR_v10_0_oxygenless,58.21225169890726,27.610875946931696,30.0,50.0,50.0,2523.422049418143,raw_data/run_525.csv,raw_data/run_525.json
526,optimum,2026-09-23 09:46,KAUST2023_N2_C0_CKMC_ESR_v10_0_oxygenless,109.57742390026496,18.63033937183036,30.0,50.0,100.0,2843.319933329486,raw_data/run_526.csv,raw_data/run_526.json
527,optimum,2026-09-23 09:46,KAUST2023_N2_C0_CKMC_ESR_v10_0_oxygenless,25.998925979236766,144.64724772641605,50.0,50.0,1.0,2621.5391649102326,raw_data/run_527.csv,raw_data/run_527.json
528,optimum,2026-09-23 09:46,KAUST2023_N2_C0_CKMC_ESR_v10_0_oxygenless,26.993632580203446,134.16386231518823,50.0,50.0,2.0,2215.215580291576,raw_data/run_528.csv,raw_data/run_528.json
529,optimum,2026-09-23 09:46,KAUST2023_N2_C0_CKMC_ESR_v10_0_oxygenless,17.987850315337433,179.59160435344953,30.0,0.6500000000000001,3.0,1910.1483527848766,raw_data/run_529.csv,raw_data/run_529.json
530,optimum,2026-09-23 09:46,KAUST2023_N2_C0_CKMC_ESR_v10_0_oxygenless,27.993678126358304,126.94266335849254,50.0,50.0,3.0,2016.6624045012034,raw_data/run_530.csv,raw_data/run_530.json
531,optimum,2026-09-23 09:46,KAUST2023_N2_C0_CKMC_ESR_v10_0_oxygenless,28.99467584029405,121.50548792828161,50.0,50.0,4.0,1944.1405075030511,raw_data/run_531.csv,raw_data/run_531.json
532,optimum,2026-09-23 09:46,KAUST2023_N2_C0_CKMC_ESR_v10_0_oxygenless,29.995606866966604,116.92639992570126,50.0,50.0,5.0,1943.8461533875113,raw_data/run_532.csv,raw_data/run_532.json
533,optimum,2026-09-23 09:46,KAUST2023_N2_C0_CKMC_ESR_v10_0_oxygenless,21.399875309390918,62.15050597850564,50.0,50.0,10.0,2125.9483296256967,raw_data/run_533.csv,raw_data/run_533.json
534,optimum,2026-09-23 09:46,KAUST2023_N2_C0_CKMC_ESR_v10_0_oxygenless,30.241397200016863,39.354643157917266,50.0,50.0,20.0,2462.9756518151703,raw_data/run_534.csv,raw_data/run_534.json
535,optimum,2026-09-23 09:46,KAUST2023_N2_C0_CKMC_ESR_v10_0_oxygenless,61.21669405591706,21.975707271945286,50.0,50.0,50.0,2930.144902236992,raw_data/run_535.csv,raw_data/run_535.json
536,optimum,2026-09-23 09:46,KAUST2023_N2_C0_CKMC_ESR_v10_0_oxygenless,112.93419628918124,14.82273029910257,50.0,50.0,100.0,3330.443080442092,raw_data/run_536.csv,raw_data/run_536.json
537,optimum,2026-09-23 09:46,KAUST2023_N2_C0_CKMC_ESR_v10_0_oxygenless,50.97971483305279,108.25647658052475,100.0,50.0,1.0,3072.42159400385,raw_data/run_537.csv,raw_data/run_537.json
538,optimum,2026-09-23 09:46,KAUST2023_N2_C0_CKMC_ESR_v10_0_oxygenless,51.997138959493,96.8813654743362,100.0,50.0,2.0,2651.768093550037,raw_data/run_538.csv,raw_data/run_538.json
539,optimum,2026-09-23 09:46,KAUST2023_N2_C0_CKMC_ESR_v10_0_oxygenless,52.999068243552216,90.41276302519437,100.0,50.0,3.0,2451.8376533506193,raw_data/run_539.csv,raw_data/run_539.json
540,optimum,2026-09-23 09:46,KAUST2023_N2_C0_CKMC_ESR_v10_0_oxygenless,7.6802073927398595,236.77708525678838,10.0,0.6500000000000001,4.0,1582.954630964622,raw_data/run_540.csv,raw_data/run_540.json
541,optimum,2026-09-23 09:46,KAUST2023_N2_C0_CKMC_ESR_v10_0_oxygenless,9.662763049429287,100.16036733238246,30.0,0.6500000000000001,4.0,1935.064517691816,raw_data/run_541.csv,raw_data/run_541.json
542,optimum,2026-09-23 09:46,KAUST2023_N2_C0_CKMC_ESR_v10_0_oxygenless,53.970368963107234,85.78151287265804,100.0,50.0,4.0,2363.2305151299643,raw_data/run_542.csv,raw_data/run_542.json
543,optimum,2026-09-23 09:46,KAUST2023_N2_C0_CKMC_ESR_v10_0_oxygenless,54.985795600567066,82.28081383468913,100.0,50.0,5.0,2339.533883146177,raw_data/run_543.csv,raw_data/run_543.json
544,optimum,2026-09-23 09:46,KAUST2023_N2_C0_CKMC_ESR_v10_0_oxygenless,32.739737931207095,46.78253007149182,100.0,50.0,10.0,2626.1624107767752,raw_data/run_544.csv,raw_data/run_544.json
545,optimum,2026-09-23 09:46,KAUST2023_N2_C0_CKMC_ESR_v10_0_oxygenless,36.69943391882319,28.44561233963095,100.0,50.0,20.0,3001.6197828260115,raw_data/run_545.csv,raw_data/run_545.json
546,optimum,2026-09-23 09:46,KAUST2023_N2_C0_CKMC_ESR_v10_0_oxygenless,67.65610892816076,16.385833410056918,100.0,50.0,50.0,3653.2312562181487,raw_data/run_546.csv,raw_data/run_546.json
547,optimum,2026-09-23 09:46,KAUST2023_N2_C0_CKMC_ESR_v10_0_oxygenless,119.87604374230783,11.024771258832788,100.0,50.0,100.0,4194.9681155855205,raw_data/run_547.csv,raw_data/run_547.json
548,optimum,2026-09-23 09:46,KAUST2023_N2_C0_CKMC_ESR_v10_0_oxygenless,100.98628120477237,82.84183668442479,200.0,50.0,1.0,3850.099170576737,raw_data/run_548.csv,raw_data/run_548.json
549,optimum,2026-09-23 09:46,KAUST2023_N2_C0_CKMC_ESR_v10_0_oxygenless,101.92822631980717,71.7015753409124,200.0,50.0,2.0,3381.9679603056475,raw_data/run_549.csv,raw_data/run_549.json
550,optimum,2026-09-23 09:46,KAUST2023_N2_C0_CKMC_ESR_v10_0_oxygenless,102.98333297795084,65.83037098607696,200.0,50.0,3.0,3170.050149264291,raw_data/run_550.csv,raw_data/run_550.json
551,optimum,2026-09-23 09:46,KAUST2023_N2_C0_CKMC_ESR_v10_0_oxygenless,101.51689841679561,60.9177146162704,200.0,50.0,4.0,3066.8316181487526,raw_data/run_551.csv,raw_data/run_551.json
552,optimum,2026-09-23 09:46,KAUST2023_N2_C0_CKMC_ESR_v10_0_oxygenless,10.758551935656849,94.6432828915338,30.0,0.6500000000000001,5.0,1926.7467921024709,raw_data/run_552.csv,raw_data/run_552.json
553,optimum,2026-09-23 09:46,KAUST2023_N2_C0_CKMC_ESR_v10_0_oxygenless,95.66906129193356,55.56048247287832,200.0,50.0,5.0,3017.671782555823,raw_data/run_553.csv,raw_data/run_553.json
554,optimum,2026-09-23 09:46,KAUST2023_N2_C0_CKMC_ESR_v10_0_oxygenless,78.95855400610293,41.21082194446517,200.0,50.0,10.0,3132.1057560475206,raw_data/run_554.csv,raw_data/run_554.json
555,optimum,2026-09-23 09:46,KAUST2023_N2_C0_CKMC_ESR_v10_0_oxygenless,51.26530790655493,21.679207728739154,200.0,50.0,20.0,3712.6685228363285,raw_data/run_555.csv,raw_data/run_555.json
556,optimum,2026-09-23 09:46,KAUST2023_N2_C0_CKMC_ESR_v10_0_oxygenless,78.73650230584646,12.42049416572883,200.0,50.0,50.0,4612.722179612747,raw_data/run_556.csv,raw_data/run_556.json
557,optimum,2026-09-23 09:46,KAUST2023_N2_C0_CKMC_ESR_v10_0_oxygenless,131.35591864464496,8.336192739724577,200.0,50.0,100.0,5347.057271058191,raw_data/run_557.csv,raw_data/run_557.json
558,optimum,2026-09-23 09:46,KAUST2023_N2_C0_CKMC_ESR_v10_0_oxygenless,15.525645251424358,66.59808500835044,30.0,0.6500000000000001,10.0,2130.501961451398,raw_data/run_558.csv,raw_data/run_558.json
559,optimum,2026-09-23 09:46,KAUST2023_N2_C0_CKMC_ESR_v10_0_oxygenless,25.473526430643602,40.76576627666404,30.0,0.6500000000000001,20.0,2372.4452355879657,raw_data/run_559.csv,raw_data/run_559.json
560,optimum,2026-09-23 09:46,KAUST2023_N2_C0_CKMC_ESR_v10_0_oxygenless,56.29811823178617,23.40846435476501,30.0,0.6500000000000001,50.0,2714.637504008581,raw_data/run_560.csv,raw_data/run_560.json
561,optimum,2026-09-23 09:46,KAUST2023_N2_C0_CKMC_ESR_v10_0_oxygenless,107.36443492574536,15.889655608636122,30.0,0.6500000000000001,100.0,3016.2994560747634,raw_data/run_561.csv,raw_data/run_561.json
562,optimum,2026-09-23 09:46,KAUST2023_N2_C0_CKMC_ESR_v10_0_oxygenless,19.726998770027002,131.49794069570228,50.0,0.6500000000000001,1.0,2427.2783347758327,raw_data/run_562.csv,raw_data/run_562.json
563,optimum,2026-09-23 09:46,KAUST2023_N2_C0_CKMC_ESR_v10_0_oxygenless,26.94957583950059,147.29019869487308,50.0,0.6500000000000001,2.0,2176.09297318737,raw_data/run_563.csv,raw_data/run_563.json
564,optimum,2026-09-23 09:46,KAUST2023_N2_C0_CKMC_ESR_v10_0_oxygenless,27.406278544278777,136.71073161731658,50.0,0.6500000000000001,3.0,2080.441001203626,raw_data/run_564.csv,raw_data/run_564.json
565,optimum,2026-09-23 09:46,KAUST2023_N2_C0_CKMC_ESR_v10_0_oxygenless,25.772017455876277,122.69763391323603,50.0,0.6500000000000001,4.0,2087.4718236228364,raw_data/run_565.csv,raw_data/run_565.json
566,optimum,2026-09-23 09:46,KAUST2023_N2_C0_CKMC_ESR_v10_0_oxygenless,9.13203295026968,233.06299018095777,10.0,0.6500000000000001,5.0,1635.8983551773422,raw_data/run_566.csv,raw_data/run_566.json
567,optimum,2026-09-23 09:46,KAUST2023_N2_C0_CKMC_ESR_v10_0_oxygenless,24.458064113063497,111.36052406618903,50.0,0.6500000000000001,5.0,2150.40095925028,raw_data/run_567.csv,raw_data/run_567.json
568,optimum,2026-09-23 09:46,KAUST2023_N2_C0_CKMC_ESR_v10_0_oxygenless,17.54424402471714,50.232812184723535,50.0,0.6500000000000001,10.0,2353.7002223743934,raw_data/run_568.csv,raw_data/run_568.json
569,optimum,2026-09-23 09:46,KAUST2023_N2_C0_CKMC_ESR_v10_0_oxygenless,27.538905652611327,32.52234159546653,50.0,0.6500000000000001,20.0,2659.07798256533,raw_data/run_569.csv,raw_data/run_569.json
570,optimum,2026-09-23 09:46,KAUST2023_N2_C0_CKMC_ESR_v10_0_oxygenless,58.505713529540685,18.711509782552525,50.0,0.6500000000000001,50.0,3094.6247625627357,raw_data/run_570.csv,raw_data/run_570.json
571,optimum,2026-09-23 09:46,KAUST2023_N2_C0_CKMC_ESR_v10_0_oxygenless,109.87610293974268,12.730614139743258,50.0,0.6500000000000001,100.0,3471.6603242234796,raw_data/run_571.csv,raw_data/run_571.json
572,optimum,2026-09-23 09:46,KAUST2023_N2_C0_CKMC_ESR_v10_0_oxygenless,40.171588541969804,100.5374422193199,100.0,0.6500000000000001,1.0,2796.5495391512404,raw_data/run_572.csv,raw_data/run_572.json
573,optimum,2026-09-23 09:46,KAUST2023_N2_C0_CKMC_ESR_v10_0_oxygenless,39.631699861840346,88.62943536104325,100.0,0.6500000000000001,2.0,2526.740527242258,raw_data/run_573.csv,raw_data/run_573.json
574,optimum,2026-09-23 09:46,KAUST2023_N2_C0_CKMC_ESR_v10_0_oxygenless,38.182222364230896,80.32417955418366,100.0,0.6500000000000001,3.0,2414.6528561663185,raw_data/run_574.csv,raw_data/run_574.json
575,optimum,2026-09-23 09:46,KAUST2023_N2_C0_CKMC_ESR_v10_0_oxygenless,36.99073494482639,74.06144534967213,100.0,0.6500000000000001,4.0,2388.786733299107,raw_data/run_575.csv,raw_data/run_575.json
576,optimum,2026-09-23 09:46,KAUST2023_N2_C0_CKMC_ESR_v10_0_oxygenless,35.502890021660285,68.5048576672481,100.0,0.6500000000000001,5.0,2416.7937041976306,raw_data/run_576.csv,raw_data/run_576.json
577,optimum,2026-09-23 09:46,KAUST2023_N2_C0_CKMC_ESR_v10_0_oxygenless,13.110393412704557,121.59964889261767,10.0,0.6500000000000001,10.0,1792.521322202859,raw_data/run_577.csv,raw_data/run_577.json
578,optimum,2026-09-23 09:46,KAUST2023_N2_C0_CKMC_ESR_v10_0_oxygenless,23.845844458879103,37.638742915490944,100.0,0.6500000000000001,10.0,2733.2684905222945,raw_data/run_578.csv,raw_data/run_578.json
579,optimum,2026-09-23 09:46,KAUST2023_N2_C0_CKMC_ESR_v10_0_oxygenless,32.026286158984455,24.266541996953865,100.0,0.6500000000000001,20.0,3157.091267630256,raw_data/run_579.csv,raw_data/run_579.json
580,optimum,2026-09-23 09:46,KAUST2023_N2_C0_CKMC_ESR_v10_0_oxygenless,63.06195207664045,13.971395310641123,100.0,0.6500000000000001,50.0,3765.5766629260906,raw_data/run_580.csv,raw_data/run_580.json
581,optimum,2026-09-23 09:46,KAUST2023_N2_C0_CKMC_ESR_v10_0_oxygenless,114.927433817952,9.500984521427302,100.0,0.6500000000000001,100.0,4273.000595686091,raw_data/run_581.csv,raw_data/run_581.json
582,optimum,2026-09-23 09:46,KAUST2023_N2_C0_CKMC_ESR_v10_0_oxygenless,73.68145204295827,71.81558456405666,200.0,0.6500000000000001,1.0,3521.248573078438,raw_data/run_582.csv,raw_data/run_582.json
583,optimum,2026-09-23 09:46,KAUST2023_N2_C0_CKMC_ESR_v10_0_oxygenless,68.4867678682694,59.32194906509832,200.0,0.6500000000000001,2.0,3152.2554709862698,raw_data/run_583.csv,raw_data/run_583.json
584,optimum,2026-09-23 09:46,KAUST2023_N2_C0_CKMC_ESR_v10_0_oxygenless,63.68895111034061,52.27958638838994,200.0,0.6500000000000001,3.0,2983.321692634634,raw_data/run_584.csv,raw_data/run_584.json
585,optimum,2026-09-23 09:46,KAUST2023_N2_C0_CKMC_ESR_v10_0_oxygenless,60.32358126087509,47.66085849837529,200.0,0.6500000000000001,4.0,2907.393569688557,raw_data/run_585.csv,raw_data/run_585.json
586,optimum,2026-09-23 09:46,KAUST2023_N2_C0_CKMC_ESR_v10_0_oxygenless,57.04876621465387,43.85775534183968,200.0,0.6500000000000001,5.0,2888.134049802571,raw_data/run_586.csv,raw_data/run_586.json
587,optimum,2026-09-23 09:46,KAUST2023_N2_C0_CKMC_ESR_v10_0_oxygenless,52.3766789149712,34.888306547394286,200.0,0.6500000000000001,10.0,3196.153329841185,raw_data/run_587.csv,raw_data/run_587.json
588,optimum,2026-09-23 09:46,KAUST2023_N2_C0_CKMC_ESR_v10_0_oxygenless,23.11728720426891,72.91511889378087,10.0,0.6500000000000001,20.0,1942.9305708012766,raw_data/run_588.csv,raw_data/run_588.json
589,optimum,2026-09-23 09:46,KAUST2023_N2_C0_CKMC_ESR_v10_0_oxygenless,41.68441507789014,18.79000571871149,200.0,0.6500000000000001,20.0,3805.576905904015,raw_data/run_589.csv,raw_data/run_589.json
590,optimum,2026-09-23 09:46,KAUST2023_N2_C0_CKMC_ESR_v10_0_oxygenless,70.69552744384686,10.50273247137839,200.0,0.6500000000000001,50.0,4648.700190748547,raw_data/run_590.csv,raw_data/run_590.json
591,optimum,2026-09-23 09:46,KAUST2023_N2_C0_CKMC_ESR_v10_0_oxygenless,122.73662887194654,7.095154501061652,200.0,0.6500000000000001,100.0,5322.427761723876,raw_data/run_591.csv,raw_data/run_591.json
592,optimum,2026-09-23 09:46,KAUST2023_N2_C0_CKMC_ESR_v10_0_oxygenless,2.0595451990942806,131.311698528276,10.0,1.0,1.0,1900.2778997967307,raw_data/run_592.csv,raw_data/run_592.json
593,optimum,2026-09-23 09:46,KAUST2023_N2_C0_CKMC_ESR_v10_0_oxygenless,3.8890533651241284,183.4460411775625,10.0,1.0,2.0,1615.9892717878497,raw_data/run_593.csv,raw_data/run_593.json
594,optimum,2026-09-23 09:46,KAUST2023_N2_C0_CKMC_ESR_v10_0_oxygenless,5.95178451850469,223.46842208328493,10.0,1.0,3.0,1478.3294563047832,raw_data/run_594.csv,raw_data/run_594.json
595,optimum,2026-09-23 09:46,KAUST2023_N2_C0_CKMC_ESR_v10_0_oxygenless,7.628072921625171,230.8667515016348,10.0,1.0,4.0,1467.2220774490274,raw_data/run_595.csv,raw_data/run_595.json
596,optimum,2026-09-23 09:46,KAUST2023_N2_C0_CKMC_ESR_v10_0_oxygenless,9.13178715852151,229.854102981167,10.0,1.0,5.0,1513.8327468793793,raw_data/run_596.csv,raw_data/run_596.json
597,optimum,2026-09-23 09:46,KAUST2023_N2_C0_CKMC_ESR_v10_0_oxygenless,13.1455340629656,121.64327710906542,10.0,1.0,10.0,1667.3843404157706,raw_data/run_597.csv,raw_data/run_597.json
598,optimum,2026-09-23 09:46,KAUST2023_N2_C0_CKMC_ESR_v10_0_oxygenless,23.153507802005922,72.88572675793222,10.0,1.0,20.0,1812.070576329013,raw_data/run_598.csv,raw_data/run_598.json
599,optimum,2026-09-23 09:46,KAUST2023_N2_C0_CKMC_ESR_v10_0_oxygenless,53.51980365815756,39.88175473626381,10.0,0.6500000000000001,50.0,2154.2982785749723,raw_data/run_599.csv,raw_data/run_599.json
600,optimum,2026-09-23 09:46,KAUST2023_N2_C0_CKMC_ESR_v10_0_oxygenless,53.559567144123434,39.92448032555847,10.0,1.0,50.0,2013.5813969127132,raw_data/run_600.csv,raw_data/run_600.json
601,optimum,2026-09-23 09:46,KAUST2023_N2_C0_CKMC_ESR_v10_0_oxygenless,104.09715992869545,26.346282572247564,10.0,1.0,100.0,2191.735581919683,raw_data/run_601.csv,raw_data/run_601.json
602,optimum,2026-09-23 09:46,KAUST2023_N2_C0_CKMC_ESR_v10_0_oxygenless,6.022942964145894,157.93801329050243,20.0,1.0,1.0,2086.5431073331656,raw_data/run_602.csv,raw_data/run_602.json
603,optimum,2026-09-23 09:46,KAUST2023_N2_C0_CKMC_ESR_v10_0_oxygenless,11.999167501153947,229.62001379133642,20.0,1.0,2.0,1781.8243507404839,raw_data/run_603.csv,raw_data/run_603.json
604,optimum,2026-09-23 09:46,KAUST2023_N2_C0_CKMC_ESR_v10_0_oxygenless,12.998593230473345,218.00062798878477,20.0,1.0,3.0,1685.9084069582284,raw_data/run_604.csv,raw_data/run_604.json
605,optimum,2026-09-23 09:46,KAUST2023_N2_C0_CKMC_ESR_v10_0_oxygenless,8.347829889793005,127.23361109136485,20.0,1.0,4.0,1652.6740668664045,raw_data/run_605.csv,raw_data/run_605.json
606,optimum,2026-09-23 09:46,KAUST2023_N2_C0_CKMC_ESR_v10_0_oxygenless,9.852684938042598,126.7815458503676,20.0,1.0,5.0,1662.332485599837,raw_data/run_606.csv,raw_data/run_606.json
607,optimum,2026-09-23 09:46,KAUST2023_N2_C0_CKMC_ESR_v10_0_oxygenless,14.3974922677587,82.09457359915731,20.0,1.0,10.0,1848.3216053205902,raw_data/run_607.csv,raw_data/run_607.json
608,optimum,2026-09-23 09:46,KAUST2023_N2_C0_CKMC_ESR_v10_0_oxygenless,24.359847897254202,49.417555640890654,20.0,1.0,20.0,2042.8909007257175,raw_data/run_608.csv,raw_data/run_608.json
609,optimum,2026-09-23 09:46,KAUST2023_N2_C0_CKMC_ESR_v10_0_oxygenless,55.07990112625005,28.193838351551687,20.0,1.0,50.0,2315.703167179808,raw_data/run_609.csv,raw_data/run_609.json
610,optimum,2026-09-23 09:46,KAUST2023_N2_C0_CKMC_ESR_v10_0_oxygenless,103.98151296846228,25.823930442838858,10.0,0.6500000000000001,100.0,2341.4418597909616,raw_data/run_610.csv,raw_data/run_610.json
611,optimum,2026-09-23 09:46,KAUST2023_N2_C0_CKMC_ESR_v10_0_oxygenless,105.92286071033226,18.992335174936176,20.0,1.0,100.0,2557.231399878737,raw_data/run_611.csv,raw_data/run_611.json
612,optimum,2026-09-23 09:46,KAUST2023_N2_C0_CKMC_ESR_v10_0_oxygenless,8.499904193661106,155.8019850896926,25.0,1.0,1.0,2116.0072212839664,raw_data/run_612.csv,raw_data/run_612.json
613,optimum,2026-09-23 09:47,KAUST2023_N2_C0_CKMC_ESR_v10_0_oxygenless,14.49567953156383,204.24445313999087,25.0,1.0,2.0,1835.370194402394,raw_data/run_613.csv,raw_data/run_613.json
614,optimum,2026-09-23 09:47,KAUST2023_N2_C0_CKMC_ESR_v10_0_oxygenless,15.498578673108469,193.75454675168675,25.0,1.0,3.0,1737.5878932552666,raw_data/run_614.csv,raw_data/run_614.json
615,optimum,2026-09-23 09:47,KAUST2023_N2_C0_CKMC_ESR_v10_0_oxygenless,8.865312669894017,108.17505355526316,25.0,1.0,4.0,1734.4335156864092,raw_data/run_615.csv,raw_data/run_615.json
616,optimum,2026-09-23 09:47,KAUST2023_N2_C0_CKMC_ESR_v10_0_oxygenless,10.218354022849084,105.54383436772866,25.0,1.0,5.0,1730.2910155406285,raw_data/run_616.csv,raw_data/run_616.json
617,optimum,2026-09-23 09:47,KAUST2023_N2_C0_CKMC_ESR_v10_0_oxygenless,14.757149667301166,69.76388656211753,25.0,1.0,10.0,1921.0915649332098,raw_data/run_617.csv,raw_data/run_617.json
618,optimum,2026-09-23 09:47,KAUST2023_N2_C0_CKMC_ESR_v10_0_oxygenless,24.985057477175808,44.46173127515953,25.0,1.0,20.0,2135.998548854746,raw_data/run_618.csv,raw_data/run_618.json
619,optimum,2026-09-23 09:47,KAUST2023_N2_C0_CKMC_ESR_v10_0_oxygenless,55.76975530201669,25.527041712003964,25.0,1.0,50.0,2437.8472878110397,raw_data/run_619.csv,raw_data/run_619.json
620,optimum,2026-09-23 09:47,KAUST2023_N2_C0_CKMC_ESR_v10_0_oxygenless,106.64605674967723,17.007144259300116,25.0,1.0,100.0,2704.5335629244632,raw_data/run_620.csv,raw_data/run_620.json
621,optimum,2026-09-23 09:47,KAUST2023_N2_C0_CKMC_ESR_v10_0_oxygenless,5.980161461809919,161.44075690885597,20.0,0.6500000000000001,1.0,2221.3656796296386,raw_data/run_621.csv,raw_data/run_621.json
622,optimum,2026-09-23 09:47,KAUST2023_N2_C0_CKMC_ESR_v10_0_oxygenless,10.876599798443348,150.3426323759582,30.0,1.0,1.0,2145.9238008712214,raw_data/run_622.csv,raw_data/run_622.json
623,optimum,2026-09-23 09:47,KAUST2023_N2_C0_CKMC_ESR_v10_0_oxygenless,16.9779151115494,185.76107741732903,30.0,1.0,2.0,1881.8104345724105,raw_data/run_623.csv,raw_data/run_623.json
624,optimum,2026-09-23 09:47,KAUST2023_N2_C0_CKMC_ESR_v10_0_oxygenless,17.99509837737837,176.14018411069773,30.0,1.0,3.0,1783.6410018025197,raw_data/run_624.csv,raw_data/run_624.json
625,optimum,2026-09-23 09:47,KAUST2023_N2_C0_CKMC_ESR_v10_0_oxygenless,9.614129733023885,97.79429281080257,30.0,1.0,4.0,1810.1628464335733,raw_data/run_625.csv,raw_data/run_625.json
626,optimum,2026-09-23 09:47,KAUST2023_N2_C0_CKMC_ESR_v10_0_oxygenless,10.766403550550448,93.1200866122674,30.0,1.0,5.0,1795.8644929185537,raw_data/run_626.csv,raw_data/run_626.json
627,optimum,2026-09-23 09:47,KAUST2023_N2_C0_CKMC_ESR_v10_0_oxygenless,15.693685530296845,67.47979549897924,30.0,1.0,10.0,1984.9320628582177,raw_data/run_627.csv,raw_data/run_627.json
628,optimum,2026-09-23 09:47,KAUST2023_N2_C0_CKMC_ESR_v10_0_oxygenless,25.57359256320401,40.92845904217797,30.0,1.0,20.0,2219.701799971223,raw_data/run_628.csv,raw_data/run_628.json
629,optimum,2026-09-23 09:47,KAUST2023_N2_C0_CKMC_ESR_v10_0_oxygenless,56.360882578855815,23.287061380747897,30.0,1.0,50.0,2548.150091032218,raw_data/run_629.csv,raw_data/run_629.json
630,optimum,2026-09-23 09:47,KAUST2023_N2_C0_CKMC_ESR_v10_0_oxygenless,107.40507602954759,15.777061559878616,30.0,1.0,100.0,2836.947726852073,raw_data/run_630.csv,raw_data/run_630.json
631,optimum,2026-09-23 09:47,KAUST2023_N2_C0_CKMC_ESR_v10_0_oxygenless,20.19234785009735,130.30406537825667,50.0,1.0,1.0,2274.388107902637,raw_data/run_631.csv,raw_data/run_631.json
632,optimum,2026-09-24 16:28,KAUST2023_N2_C0_CKMC_ESR_v10_0_oxygenless,2.066099346135341,135.26487891533324,10.0,0.6500000000000001,1.0,2024.5969325381975,raw_data/run_632.csv,raw_data/run_632.json
633,optimum,2026-09-24 16:28,KAUST2023_N2_C0_CKMC_ESR_v10_0_oxygenless,3.965914959609684,192.98545283607942,10.0,0.6500000000000001,2.0,1725.1508316347754,raw_data/run_633.csv,raw_data/run_633.json
634,optimum,2026-09-24 16:28,KAUST2023_N2_C0_CKMC_ESR_v10_0_oxygenless,11.99982368820671,234.59847136719728,20.0,0.6500000000000001,2.0,1895.8269543021472,raw_data/run_634.csv,raw_data/run_634.json
635,optimum,2026-09-24 16:28,KAUST2023_N2_C0_CKMC_ESR_v10_0_oxygenless,26.998681182153295,144.22896361320744,50.0,1.0,2.0,2037.287458583509,raw_data/run_635.csv,raw_data/run_635.json
636,optimum,2026-09-24 16:28,KAUST2023_N2_C0_CKMC_ESR_v10_0_oxygenless,27.98611261646508,135.66280271336987,50.0,1.0,3.0,1941.6665282314323,raw_data/run_636.csv,raw_data/run_636.json
637,optimum,2026-09-24 16:28,KAUST2023_N2_C0_CKMC_ESR_v10_0_oxygenless,27.042651432701312,123.9464072619553,50.0,1.0,4.0,1944.295736887808,raw_data/run_637.csv,raw_data/run_637.json
638,optimum,2026-09-24 16:28,KAUST2023_N2_C0_CKMC_ESR_v10_0_oxygenless,25.67561090925558,112.74886700113161,50.0,1.0,5.0,2000.3399370895481,raw_data/run_638.csv,raw_data/run_638.json
639,optimum,2026-09-24 16:28,KAUST2023_N2_C0_CKMC_ESR_v10_0_oxygenless,17.68860908413572,50.2328989620838,50.0,1.0,10.0,2199.6176699929124,raw_data/run_639.csv,raw_data/run_639.json
640,optimum,2026-09-24 16:28,KAUST2023_N2_C0_CKMC_ESR_v10_0_oxygenless,27.660307374378295,32.59840998288829,50.0,1.0,20.0,2491.872292131053,raw_data/run_640.csv,raw_data/run_640.json
641,optimum,2026-09-24 16:28,KAUST2023_N2_C0_CKMC_ESR_v10_0_oxygenless,58.59396764812327,18.652449282786016,50.0,1.0,50.0,2911.0616128007273,raw_data/run_641.csv,raw_data/run_641.json
642,optimum,2026-09-24 16:28,KAUST2023_N2_C0_CKMC_ESR_v10_0_oxygenless,109.98252597677748,12.688129499176888,50.0,1.0,100.0,3272.858688289218,raw_data/run_642.csv,raw_data/run_642.json
643,optimum,2026-09-24 16:28,KAUST2023_N2_C0_CKMC_ESR_v10_0_oxygenless,41.854759546905996,101.08943691642888,100.0,1.0,1.0,2611.542142420999,raw_data/run_643.csv,raw_data/run_643.json
644,optimum,2026-09-24 16:28,KAUST2023_N2_C0_CKMC_ESR_v10_0_oxygenless,41.75952025582494,89.77538151357574,100.0,1.0,2.0,2362.0088811787336,raw_data/run_644.csv,raw_data/run_644.json
645,optimum,2026-09-24 16:28,KAUST2023_N2_C0_CKMC_ESR_v10_0_oxygenless,6.84589332598137,129.5769497894831,20.0,0.6500000000000001,3.0,1826.490958705505,raw_data/run_645.csv,raw_data/run_645.json
646,optimum,2026-09-24 16:28,KAUST2023_N2_C0_CKMC_ESR_v10_0_oxygenless,40.701896672307406,81.8405652374183,100.0,1.0,3.0,2256.4076962059107,raw_data/run_646.csv,raw_data/run_646.json
647,optimum,2026-09-24 16:28,KAUST2023_N2_C0_CKMC_ESR_v10_0_oxygenless,38.622470831949606,74.55602258373393,100.0,1.0,4.0,2230.365207738663,raw_data/run_647.csv,raw_data/run_647.json
648,optimum,2026-09-24 16:28,KAUST2023_N2_C0_CKMC_ESR_v10_0_oxygenless,37.41380170235671,69.38050815592162,100.0,1.0,5.0,2254.3960341491133,raw_data/run_648.csv,raw_data/run_648.json
649,optimum,2026-09-24 16:28,KAUST2023_N2_C0_CKMC_ESR_v10_0_oxygenless,23.941947654572438,37.1990477657268,100.0,1.0,10.0,2559.38127604432,raw_data/run_649.csv,raw_data/run_649.json
650,optimum,2026-09-24 16:28,KAUST2023_N2_C0_CKMC_ESR_v10_0_oxygenless,32.22006412077867,24.263217738475774,100.0,1.0,20.0,2966.0147670067645,raw_data/run_650.csv,raw_data/run_650.json
651,optimum,2026-09-24 16:28,KAUST2023_N2_C0_CKMC_ESR_v10_0_oxygenless,63.242395384444464,13.959408757044647,100.0,1.0,50.0,3552.7631813262815,raw_data/run_651.csv,raw_data/run_651.json
652,optimum,2026-09-24 16:28,KAUST2023_N2_C0_CKMC_ESR_v10_0_oxygenless,115.08313072529428,9.463904458914982,100.0,1.0,100.0,4040.6497418572144,raw_data/run_652.csv,raw_data/run_652.json
653,optimum,2026-09-24 16:28,KAUST2023_N2_C0_CKMC_ESR_v10_0_oxygenless,77.51320358233151,72.97090025832429,200.0,1.0,1.0,3273.4434937255023,raw_data/run_653.csv,raw_data/run_653.json
654,optimum,2026-09-24 16:28,KAUST2023_N2_C0_CKMC_ESR_v10_0_oxygenless,72.15593716297916,60.31537238853715,200.0,1.0,2.0,2940.0402642544177,raw_data/run_654.csv,raw_data/run_654.json
655,optimum,2026-09-24 16:28,KAUST2023_N2_C0_CKMC_ESR_v10_0_oxygenless,66.941737722883,52.90121095586968,200.0,1.0,3.0,2787.5526864751264,raw_data/run_655.csv,raw_data/run_655.json
656,optimum,2026-09-24 16:28,KAUST2023_N2_C0_CKMC_ESR_v10_0_oxygenless,8.389497966376656,130.2699517807498,20.0,0.6500000000000001,4.0,1773.7776636080355,raw_data/run_656.csv,raw_data/run_656.json
657,optimum,2026-09-24 16:28,KAUST2023_N2_C0_CKMC_ESR_v10_0_oxygenless,63.10027645824051,48.01436860839362,200.0,1.0,4.0,2718.610849864459,raw_data/run_657.csv,raw_data/run_657.json
658,optimum,2026-09-24 16:28,KAUST2023_N2_C0_CKMC_ESR_v10_0_oxygenless,60.007785755765646,44.40890806053081,200.0,1.0,5.0,2700.8510490036224,raw_data/run_658.csv,raw_data/run_658.json
659,optimum,2026-09-24 16:28,KAUST2023_N2_C0_CKMC_ESR_v10_0_oxygenless,54.11106922560492,34.90486182139603,200.0,1.0,10.0,2985.9505298746735,raw_data/run_659.csv,raw_data/run_659.json
660,optimum,2026-09-24 16:28,KAUST2023_N2_C0_CKMC_ESR_v10_0_oxygenless,42.30543650970305,18.884859943943187,200.0,1.0,20.0,3581.166788236671,raw_data/run_660.csv,raw_data/run_660.json
661,optimum,2026-09-24 16:28,KAUST2023_N2_C0_CKMC_ESR_v10_0_oxygenless,71.02104376201918,10.502446421540208,200.0,1.0,50.0,4397.38736357135,raw_data/run_661.csv,raw_data/run_661.json
662,optimum,2026-09-24 16:28,KAUST2023_N2_C0_CKMC_ESR_v10_0_oxygenless,123.08777765504297,7.09083588392804,200.0,1.0,100.0,5046.6407112189945,raw_data/run_662.csv,raw_data/run_662.json
663,optimum,2026-09-24 16:28,KAUST2023_N2_C0_CKMC_ESR_v10_0_oxygenless,2.0582373667465363,124.62773618510072,10.0,4.999999999999999,1.0,1732.1374806620188,raw_data/run_663.csv,raw_data/run_663.json
664,optimum,2026-09-24 16:28,KAUST2023_N2_C0_CKMC_ESR_v10_0_oxygenless,3.810529351084134,170.58352072554428,10.0,4.999999999999999,2.0,1455.0862242538437,raw_data/run_664.csv,raw_data/run_664.json
665,optimum,2026-09-24 16:28,KAUST2023_N2_C0_CKMC_ESR_v10_0_oxygenless,5.899738977380273,214.1588328680981,10.0,4.999999999999999,3.0,1312.8137614378259,raw_data/run_665.csv,raw_data/run_665.json
666,optimum,2026-09-24 16:28,KAUST2023_N2_C0_CKMC_ESR_v10_0_oxygenless,7.590914488792749,223.1712294100726,10.0,4.999999999999999,4.0,1285.953285802103,raw_data/run_666.csv,raw_data/run_666.json
667,optimum,2026-09-24 16:28,KAUST2023_N2_C0_CKMC_ESR_v10_0_oxygenless,9.88985683665013,129.3956933070451,20.0,0.6500000000000001,5.0,1789.8286609295787,raw_data/run_667.csv,raw_data/run_667.json
668,optimum,2026-09-24 16:28,KAUST2023_N2_C0_CKMC_ESR_v10_0_oxygenless,9.15812930816744,224.936413668072,10.0,4.999999999999999,5.0,1319.3936955195663,raw_data/run_668.csv,raw_data/run_668.json
669,optimum,2026-09-24 16:28,KAUST2023_N2_C0_CKMC_ESR_v10_0_oxygenless,13.323496468227908,125.65992960040552,10.0,4.999999999999999,10.0,1468.6864688648955,raw_data/run_669.csv,raw_data/run_669.json
670,optimum,2026-09-24 16:28,KAUST2023_N2_C0_CKMC_ESR_v10_0_oxygenless,23.26085643416134,73.72468121666728,10.0,4.999999999999999,20.0,1607.0380164710016,raw_data/run_670.csv,raw_data/run_670.json
671,optimum,2026-09-24 16:28,KAUST2023_N2_C0_CKMC_ESR_v10_0_oxygenless,53.68391816810663,40.34432697640955,10.0,4.999999999999999,50.0,1795.3483873252897,raw_data/run_671.csv,raw_data/run_671.json
672,optimum,2026-09-24 16:28,KAUST2023_N2_C0_CKMC_ESR_v10_0_oxygenless,104.2250029278958,26.50385513854769,10.0,4.999999999999999,100.0,1961.4819503037713,raw_data/run_672.csv,raw_data/run_672.json
673,optimum,2026-09-24 16:28,KAUST2023_N2_C0_CKMC_ESR_v10_0_oxygenless,6.520830083055693,159.12495050493263,20.0,4.999999999999999,1.0,1907.001728565459,raw_data/run_673.csv,raw_data/run_673.json
674,optimum,2026-09-24 16:28,KAUST2023_N2_C0_CKMC_ESR_v10_0_oxygenless,11.999910036129684,220.62418703697742,20.0,4.999999999999999,2.0,1617.778536395337,raw_data/run_674.csv,raw_data/run_674.json
675,optimum,2026-09-24 16:28,KAUST2023_N2_C0_CKMC_ESR_v10_0_oxygenless,12.999865191456513,210.32297139599086,20.0,4.999999999999999,3.0,1505.3181721563894,raw_data/run_675.csv,raw_data/run_675.json
676,optimum,2026-09-24 16:28,KAUST2023_N2_C0_CKMC_ESR_v10_0_oxygenless,8.295154383053397,122.07307904397604,20.0,4.999999999999999,4.0,1470.9457489341746,raw_data/run_676.csv,raw_data/run_676.json
677,optimum,2026-09-24 16:28,KAUST2023_N2_C0_CKMC_ESR_v10_0_oxygenless,9.88182168437766,123.47428230510035,20.0,4.999999999999999,5.0,1466.1590827356074,raw_data/run_677.csv,raw_data/run_677.json
678,optimum,2026-09-24 16:28,KAUST2023_N2_C0_CKMC_ESR_v10_0_oxygenless,14.367330359747363,82.54768194143516,20.0,0.6500000000000001,10.0,1985.28773039349,raw_data/run_678.csv,raw_data/run_678.json
679,optimum,2026-09-24 16:28,KAUST2023_N2_C0_CKMC_ESR_v10_0_oxygenless,14.440411255350323,80.76967429028765,20.0,4.999999999999999,10.0,1635.6888437854657,raw_data/run_679.csv,raw_data/run_679.json
680,optimum,2026-09-24 16:28,KAUST2023_N2_C0_CKMC_ESR_v10_0_oxygenless,24.56390073173474,50.277595553639806,20.0,4.999999999999999,20.0,1820.9153448516195,raw_data/run_680.csv,raw_data/run_680.json
681,optimum,2026-09-24 16:28,KAUST2023_N2_C0_CKMC_ESR_v10_0_oxygenless,55.247824647801316,28.383594777189955,20.0,4.999999999999999,50.0,2076.5724030246533,raw_data/run_681.csv,raw_data/run_681.json
682,optimum,2026-09-24 16:28,KAUST2023_N2_C0_CKMC_ESR_v10_0_oxygenless,106.10354776005367,19.046851368707834,20.0,4.999999999999999,100.0,2302.413117174593,raw_data/run_682.csv,raw_data/run_682.json
683,optimum,2026-09-24 16:28,KAUST2023_N2_C0_CKMC_ESR_v10_0_oxygenless,9.07827386864464,155.37214440669717,25.0,4.999999999999999,1.0,1934.3455875982872,raw_data/run_683.csv,raw_data/run_683.json
684,optimum,2026-09-24 16:28,KAUST2023_N2_C0_CKMC_ESR_v10_0_oxygenless,14.49766360624222,196.10667257871776,25.0,4.999999999999999,2.0,1666.5473269347983,raw_data/run_684.csv,raw_data/run_684.json
685,optimum,2026-09-24 16:28,KAUST2023_N2_C0_CKMC_ESR_v10_0_oxygenless,15.499944193136107,186.79825210612168,25.0,4.999999999999999,3.0,1554.2423651521017,raw_data/run_685.csv,raw_data/run_685.json
686,optimum,2026-09-24 16:28,KAUST2023_N2_C0_CKMC_ESR_v10_0_oxygenless,8.842510235410272,104.09135700181649,25.0,4.999999999999999,4.0,1552.8892231406337,raw_data/run_686.csv,raw_data/run_686.json
687,optimum,2026-09-24 16:28,KAUST2023_N2_C0_CKMC_ESR_v10_0_oxygenless,10.278273640424523,102.97950998277102,25.0,4.999999999999999,5.0,1534.206589969963,raw_data/run_687.csv,raw_data/run_687.json
688,optimum,2026-09-24 16:28,KAUST2023_N2_C0_CKMC_ESR_v10_0_oxygenless,15.48120712481882,76.95484749437078,25.0,4.999999999999999,10.0,1703.4179753182689,raw_data/run_688.csv,raw_data/run_688.json
689,optimum,2026-09-24 16:28,KAUST2023_N2_C0_CKMC_ESR_v10_0_oxygenless,24.342063164808707,49.80473779781383,20.0,0.6500000000000001,20.0,2186.2747539399484,raw_data/run_689.csv,raw_data/run_689.json
690,optimum,2026-09-24 16:28,KAUST2023_N2_C0_CKMC_ESR_v10_0_oxygenless,25.183429934335695,44.90732719112921,25.0,4.999999999999999,20.0,1907.130751136786,raw_data/run_690.csv,raw_data/run_690.json
691,optimum,2026-09-24 16:28,KAUST2023_N2_C0_CKMC_ESR_v10_0_oxygenless,55.94600156662014,25.61164018595463,25.0,4.999999999999999,50.0,2190.3110373499762,raw_data/run_691.csv,raw_data/run_691.json
692,optimum,2026-09-24 16:28,KAUST2023_N2_C0_CKMC_ESR_v10_0_oxygenless,106.92589973107792,17.265502850713503,25.0,4.999999999999999,100.0,2439.9887298882963,raw_data/run_692.csv,raw_data/run_692.json
693,optimum,2026-09-24 16:28,KAUST2023_N2_C0_CKMC_ESR_v10_0_oxygenless,11.714815673165475,150.8302199541763,30.0,4.999999999999999,1.0,1961.5555971712213,raw_data/run_693.csv,raw_data/run_693.json
694,optimum,2026-09-24 16:28,KAUST2023_N2_C0_CKMC_ESR_v10_0_oxygenless,16.99990564726972,178.47474306200297,30.0,4.999999999999999,2.0,1708.1074914354947,raw_data/run_694.csv,raw_data/run_694.json
695,optimum,2026-09-24 16:28,KAUST2023_N2_C0_CKMC_ESR_v10_0_oxygenless,17.999754555721825,169.69952643056587,30.0,4.999999999999999,3.0,1597.386161027041,raw_data/run_695.csv,raw_data/run_695.json
696,optimum,2026-09-24 16:28,KAUST2023_N2_C0_CKMC_ESR_v10_0_oxygenless,18.998959140118306,162.46915101206346,30.0,4.999999999999999,4.0,1596.7505622744086,raw_data/run_696.csv,raw_data/run_696.json
697,optimum,2026-09-24 16:28,KAUST2023_N2_C0_CKMC_ESR_v10_0_oxygenless,10.78608125765772,90.2306467566912,30.0,4.999999999999999,5.0,1600.0705757533667,raw_data/run_697.csv,raw_data/run_697.json
698,optimum,2026-09-24 16:28,KAUST2023_N2_C0_CKMC_ESR_v10_0_oxygenless,15.88490964454423,67.49242210887643,30.0,4.999999999999999,10.0,1758.7890762982593,raw_data/run_698.csv,raw_data/run_698.json
699,optimum,2026-09-24 16:28,KAUST2023_N2_C0_CKMC_ESR_v10_0_oxygenless,25.797098595943464,41.30587981445028,30.0,4.999999999999999,20.0,1984.3780573051295,raw_data/run_699.csv,raw_data/run_699.json
700,optimum,2026-09-24 16:28,KAUST2023_N2_C0_CKMC_ESR_v10_0_oxygenless,55.0424130295388,28.34333755539921,20.0,0.6500000000000001,50.0,2471.376347237861,raw_data/run_700.csv,raw_data/run_700.json
701,optimum,2026-09-24 16:28,KAUST2023_N2_C0_CKMC_ESR_v10_0_oxygenless,56.58503477393411,23.510664728555696,30.0,4.999999999999999,50.0,2293.080959997164,raw_data/run_701.csv,raw_data/run_701.json
702,optimum,2026-09-24 16:28,KAUST2023_N2_C0_CKMC_ESR_v10_0_oxygenless,107.67722072009738,15.910147351905856,30.0,4.999999999999999,100.0,2563.852885505239,raw_data/run_702.csv,raw_data/run_702.json
703,optimum,2026-09-24 16:28,KAUST2023_N2_C0_CKMC_ESR_v10_0_oxygenless,22.776419808998774,135.82091688477857,50.0,4.999999999999999,1.0,2075.4015674263524,raw_data/run_703.csv,raw_data/run_703.json
704,optimum,2026-09-24 16:28,KAUST2023_N2_C0_CKMC_ESR_v10_0_oxygenless,26.99907685031959,138.27830042974958,50.0,4.999999999999999,2.0,1845.174703239346,raw_data/run_704.csv,raw_data/run_704.json
705,optimum,2026-09-24 16:28,KAUST2023_N2_C0_CKMC_ESR_v10_0_oxygenless,27.999019708579425,130.61664632678523,50.0,4.999999999999999,3.0,1741.9632296158766,raw_data/run_705.csv,raw_data/run_705.json
706,optimum,2026-09-24 16:28,KAUST2023_N2_C0_CKMC_ESR_v10_0_oxygenless,28.965225898581483,124.63019760961471,50.0,4.999999999999999,4.0,1730.2220541661682,raw_data/run_706.csv,raw_data/run_706.json
707,optimum,2026-09-24 16:28,KAUST2023_N2_C0_CKMC_ESR_v10_0_oxygenless,28.919446717791114,117.27749875382035,50.0,4.999999999999999,5.0,1771.893415873811,raw_data/run_707.csv,raw_data/run_707.json
708,optimum,2026-09-24 16:28,KAUST2023_N2_C0_CKMC_ESR_v10_0_oxygenless,19.196717895592332,55.866765324123165,50.0,4.999999999999999,10.0,1956.6257607910418,raw_data/run_708.csv,raw_data/run_708.json
709,optimum,2026-09-24 16:28,KAUST2023_N2_C0_CKMC_ESR_v10_0_oxygenless,28.00022457067637,33.08928198117621,50.0,4.999999999999999,20.0,2236.0846348412615,raw_data/run_709.csv,raw_data/run_709.json
710,optimum,2026-09-24 16:28,KAUST2023_N2_C0_CKMC_ESR_v10_0_oxygenless,58.919955755283695,18.785270335850466,50.0,4.999999999999999,50.0,2632.2000904665497,raw_data/run_710.csv,raw_data/run_710.json
711,optimum,2026-09-24 16:28,KAUST2023_N2_C0_CKMC_ESR_v10_0_oxygenless,105.87499143958078,19.060591207652003,20.0,0.6500000000000001,100.0,2723.841167976394,raw_data/run_711.csv,raw_data/run_711.json
712,optimum,2026-09-24 16:28,KAUST2023_N2_C0_CKMC_ESR_v10_0_oxygenless,110.3309320664958,12.741235367944382,50.0,4.999999999999999,100.0,2972.0229883027314,raw_data/run_712.csv,raw_data/run_712.json
713,optimum,2026-09-24 16:28,KAUST2023_N2_C0_CKMC_ESR_v10_0_oxygenless,47.92525081128333,107.27347655275615,100.0,4.999999999999999,1.0,2371.084983641878,raw_data/run_713.csv,raw_data/run_713.json
714,optimum,2026-09-24 16:28,KAUST2023_N2_C0_CKMC_ESR_v10_0_oxygenless,48.77816675690258,95.85879308452769,100.0,4.999999999999999,2.0,2138.1444996839614,raw_data/run_714.csv,raw_data/run_714.json
715,optimum,2026-09-24 16:28,KAUST2023_N2_C0_CKMC_ESR_v10_0_oxygenless,46.19348287175241,85.33461790870678,100.0,4.999999999999999,3.0,2036.1271888058836,raw_data/run_715.csv,raw_data/run_715.json
716,optimum,2026-09-24 16:28,KAUST2023_N2_C0_CKMC_ESR_v10_0_oxygenless,43.248154088833545,77.02057565238486,100.0,4.999999999999999,4.0,2005.575322049235,raw_data/run_716.csv,raw_data/run_716.json
717,optimum,2026-09-24 16:28,KAUST2023_N2_C0_CKMC_ESR_v10_0_oxygenless,41.329672421415204,71.10396337051093,100.0,4.999999999999999,5.0,2019.8177378717116,raw_data/run_717.csv,raw_data/run_717.json
718,optimum,2026-09-24 16:28,KAUST2023_N2_C0_CKMC_ESR_v10_0_oxygenless,24.66165884275934,37.13192110650263,100.0,4.999999999999999,10.0,2301.7381420807633,raw_data/run_718.csv,raw_data/run_718.json
719,optimum,2026-09-24 16:28,KAUST2023_N2_C0_CKMC_ESR_v10_0_oxygenless,33.00820994013457,24.829001283871666,100.0,4.999999999999999,20.0,2677.022432822196,raw_data/run_719.csv,raw_data/run_719.json
720,optimum,2026-09-24 16:28,KAUST2023_N2_C0_CKMC_ESR_v10_0_oxygenless,63.78166464625049,14.045870312413163,100.0,4.999999999999999,50.0,3232.5317872845326,raw_data/run_720.csv,raw_data/run_720.json
721,optimum,2026-09-24 16:28,KAUST2023_N2_C0_CKMC_ESR_v10_0_oxygenless,115.64258200283432,9.496815468530105,100.0,4.999999999999999,100.0,3692.6250734903165,raw_data/run_721.csv,raw_data/run_721.json
722,optimum,2026-09-24 16:28,KAUST2023_N2_C0_CKMC_ESR_v10_0_oxygenless,8.313717756327247,157.64461160569988,25.0,0.6500000000000001,1.0,2253.6350011383056,raw_data/run_722.csv,raw_data/run_722.json
723,optimum,2026-09-24 16:28,KAUST2023_N2_C0_CKMC_ESR_v10_0_oxygenless,87.92055405568112,77.20024205649804,200.0,4.999999999999999,1.0,2952.074149671545,raw_data/run_723.csv,raw_data/run_723.json
724,optimum,2026-09-24 16:28,KAUST2023_N2_C0_CKMC_ESR_v10_0_oxygenless,81.14553060414376,62.97657495715738,200.0,4.999999999999999,2.0,2661.307540440041,raw_data/run_724.csv,raw_data/run_724.json
725,optimum,2026-09-24 16:28,KAUST2023_N2_C0_CKMC_ESR_v10_0_oxygenless,75.25285337736331,54.99418304666108,200.0,4.999999999999999,3.0,2527.5010230087055,raw_data/run_725.csv,raw_data/run_725.json
726,optimum,2026-09-24 16:28,KAUST2023_N2_C0_CKMC_ESR_v10_0_oxygenless,70.74109064077575,49.755568226292404,200.0,4.999999999999999,4.0,2464.964706361464,raw_data/run_726.csv,raw_data/run_726.json
727,optimum,2026-09-24 16:28,KAUST2023_N2_C0_CKMC_ESR_v10_0_oxygenless,66.73010321309974,45.69344428897352,200.0,4.999999999999999,5.0,2446.066863552299,raw_data/run_727.csv,raw_data/run_727.json
728,optimum,2026-09-24 16:28,KAUST2023_N2_C0_CKMC_ESR_v10_0_oxygenless,58.63398631081488,35.439737274343784,200.0,4.999999999999999,10.0,2679.763818818883,raw_data/run_728.csv,raw_data/run_728.json
729,optimum,2026-09-24 16:28,KAUST2023_N2_C0_CKMC_ESR_v10_0_oxygenless,43.89038158967789,19.176084199389276,200.0,4.999999999999999,20.0,3243.9957086278773,raw_data/run_729.csv,raw_data/run_729.json
730,optimum,2026-09-24 16:28,KAUST2023_N2_C0_CKMC_ESR_v10_0_oxygenless,72.04635000344997,10.622557740666089,200.0,4.999999999999999,50.0,4023.328314553438,raw_data/run_730.csv,raw_data/run_730.json
731,optimum,2026-09-24 16:28,KAUST2023_N2_C0_CKMC_ESR_v10_0_oxygenless,124.13844549647337,7.145653086520527,200.0,4.999999999999999,100.0,4639.120896183395,raw_data/run_731.csv,raw_data/run_731.json
732,optimum,2026-09-24 16:28,KAUST2023_N2_C0_CKMC_ESR_v10_0_oxygenless,2.0888792882954204,125.44350978421265,10.0,10.0,1.0,1751.5062924234412,raw_data/run_732.csv,raw_data/run_732.json
733,optimum,2026-09-24 16:28,KAUST2023_N2_C0_CKMC_ESR_v10_0_oxygenless,14.499518621851955,208.88088786039015,25.0,0.6500000000000001,2.0,1953.856061953836,raw_data/run_733.csv,raw_data/run_733.json
734,optimum,2026-09-24 16:28,KAUST2023_N2_C0_CKMC_ESR_v10_0_oxygenless,3.8258027671043413,169.77369783597874,10.0,10.0,2.0,1453.6883955050766,raw_data/run_734.csv,raw_data/run_734.json
735,optimum,2026-09-24 16:28,KAUST2023_N2_C0_CKMC_ESR_v10_0_oxygenless,5.907693584759851,212.84726261780006,10.0,10.0,3.0,1301.0151703175154,raw_data/run_735.csv,raw_data/run_735.json
736,optimum,2026-09-24 16:28,KAUST2023_N2_C0_CKMC_ESR_v10_0_oxygenless,7.6402523114031045,223.70321264052217,10.0,10.0,4.0,1267.2418708062314,raw_data/run_736.csv,raw_data/run_736.json
737,optimum,2026-09-24 16:28,KAUST2023_N2_C0_CKMC_ESR_v10_0_oxygenless,9.219676216244592,225.77161295342057,10.0,10.0,5.0,1296.32749975881,raw_data/run_737.csv,raw_data/run_737.json
738,optimum,2026-09-24 16:28,KAUST2023_N2_C0_CKMC_ESR_v10_0_oxygenless,13.390349808711594,127.20550352744375,10.0,10.0,10.0,1447.8646928804296,raw_data/run_738.csv,raw_data/run_738.json
739,optimum,2026-09-24 16:28,KAUST2023_N2_C0_CKMC_ESR_v10_0_oxygenless,23.372083731171067,75.64759507345332,10.0,10.0,20.0,1589.096513997774,raw_data/run_739.csv,raw_data/run_739.json
740,optimum,2026-09-24 16:28,KAUST2023_N2_C0_CKMC_ESR_v10_0_oxygenless,53.789428077328566,41.17494639627074,10.0,10.0,50.0,1780.2255769825924,raw_data/run_740.csv,raw_data/run_740.json
741,optimum,2026-09-24 16:28,KAUST2023_N2_C0_CKMC_ESR_v10_0_oxygenless,104.355266664908,27.09812652678184,10.0,10.0,100.0,1948.4740534174502,raw_data/run_741.csv,raw_data/run_741.json
742,optimum,2026-09-24 16:28,KAUST2023_N2_C0_CKMC_ESR_v10_0_oxygenless,6.966169249852062,165.06165346321632,20.0,10.0,1.0,1929.7499646694823,raw_data/run_742.csv,raw_data/run_742.json
743,single,2026-09-24 16:28,KAUST2023_N2_C0_CKMC_ESR_v10_0_oxygenless,1.7892701603288028,35.24082313206852,20.0,10.0,2.0,1.391640199154182e+28,raw_data/run_743.csv,raw_data/run_743.json
744,single,2026-09-24 16:28,KAUST2023_N2_C0_CKMC_ESR_v10_0_oxygenless,7.272920121073546,6.928523202298126,20.0,10.0,2.0,660447915.2154386,raw_data/run_744.csv,raw_data/run_744.json
745,single,2026-09-24 16:28,KAUST2023_N2_C0_CKMC_ESR_v10_0_oxygenless,4.4951469308266905,4.446742580444774,20.0,10.0,2.0,605432311.6050365,raw_data/run_745.csv,raw_data/run_745.json
746,single,2026-09-24 16:28,KAUST2023_N2_C0_CKMC_ESR_v10_0_oxygenless,9.188324231548952,4.446742580444774,20.0,10.0,2.0,5988032004.486483,raw_data/run_746.csv,raw_data/run_746.json
747,single,2026-09-24 16:28,KAUST2023_N2_C0_CKMC_ESR_v10_0_oxygenless,11.999897764972076,218.90823764901154,20.0,10.0,2.0,1618.128606884453,raw_data/run_747.csv,raw_data/run_747.json
748,single,2026-09-24 16:28,KAUST2023_N2_C0_CKMC_ESR_v10_0_oxygenless,11.934938325428867,218.7265535462967,20.0,10.0,2.0,1619.863322956268,raw_data/run_748.csv,raw_data/run_748.json
749,single,2026-09-24 16:28,KAUST2023_N2_C0_CKMC_ESR_v10_0_oxygenless,6.427576294322529,218.8461302643421,20.0,10.0,2.0,1610324.9055655596,raw_data/run_749.csv,raw_data/run_749.json
750,single,2026-09-24 16:28,KAUST2023_N2_C0_CKMC_ESR_v10_0_oxygenless,11.998514516348697,218.77668001181814,20.0,10.0,2.0,1618.127239961872,raw_data/run_750.csv,raw_data/run_750.json
751,single,2026-09-24 16:28,KAUST2023_N2_C0_CKMC_ESR_v10_0_oxygenless,9.609828667002146,218.97599862788184,20.0,10.0,2.0,3774.9318629250033,raw_data/run_751.csv,raw_data/run_751.json
752,single,2026-09-24 16:28,KAUST2023_N2_C0_CKMC_ESR_v10_0_oxygenless,2.0436898913371264,218.95031390599195,20.0,10.0,2.0,7572119.38430795,raw_data/run_752.csv,raw_data/run_752.json
753,single,2026-09-24 16:28,KAUST2023_N2_C0_CKMC_ESR_v10_0_oxygenless,11.998699252144664,218.81114210813644,20.0,10.0,2.0,1618.1226833257451,raw_data/run_753.csv,raw_data/run_753.json
754,single,2026-09-24 16:28,KAUST2023_N2_C0_CKMC_ESR_v10_0_oxygenless,9.132344386363485,218.86813576544225,20.0,10.0,2.0,4990.295460047856,raw_data/run_754.csv,raw_data/run_754.json
755,single,2026-09-24 16:28,KAUST2023_N2_C0_CKMC_ESR_v10_0_oxygenless,11.44740129376252,219.23868767031803,20.0,10.0,2.0,1725.1994954387087,raw_data/run_755.csv,raw_data/run_755.json
756,single,2026-09-24 16:28,KAUST2023_N2_C0_CKMC_ESR_v10_0_oxygenless,11.9997228628844,218.8360701902097,20.0,10.0,2.0,1618.114820068613,raw_data/run_756.csv,raw_data/run_756.json
757,single,2026-09-24 16:28,KAUST2023_N2_C0_CKMC_ESR_v10_0_oxygenless,10.914970070685879,108.74827542837481,20.0,10.0,2.0,17141.788197623584,raw_data/run_757.csv,raw_data/run_757.json
758,single,2026-09-24 16:28,KAUST2023_N2_C0_CKMC_ESR_v10_0_oxygenless,11.997891509182358,218.8451167800455,20.0,10.0,2.0,1618.1421081733731,raw_data/run_758.csv,raw_data/run_758.json
759,single,2026-09-24 16:28,KAUST2023_N2_C0_CKMC_ESR_v10_0_oxygenless,10.131137982533573,218.81997214198205,20.0,10.0,2.0,2855.7642211630337,raw_data/run_759.csv,raw_data/run_759.json
760,single,2026-09-24 16:28,KAUST2023_N2_C0_CKMC_ESR_v10_0_oxygenless,11.999995328502816,218.8115529859208,20.0,10.0,2.0,1618.103391182148,raw_data/run_760.csv,raw_data/run_760.json
761,single,2026-09-24 16:28,KAUST2023_N2_C0_CKMC_ESR_v10_0_oxygenless,11.999739324777291,218.86252418193618,20.0,10.0,2.0,1618.1216515868991,raw_data/run_761.csv,raw_data/run_761.json
762,single,2026-09-24 16:28,KAUST2023_N2_C0_CKMC_ESR_v10_0_oxygenless,11.999649359909574,218.91591858408444,20.0,10.0,2.0,1618.1344047678508,raw_data/run_762.csv,raw_data/run_762.json
763,single,2026-09-24 16:28,KAUST2023_N2_C0_CKMC_ESR_v10_0_oxygenless,11.034630231930288,218.85324968537077,20.0,10.0,2.0,1921.0413701287687,raw_data/run_763.csv,raw_data/run_763.json
764,single,2026-09-24 16:28,KAUST2023_N2_C0_CKMC_ESR_v10_0_oxygenless,11.609714498506591,218.8492302266534,20.0,10.0,2.0,1666.3229092353758,raw_data/run_764.csv,raw_data/run_764.json
765,single,2026-09-24 16:28,KAUST2023_N2_C0_CKMC_ESR_v10_0_oxygenless,8.961750447807118,218.82508232562523,20.0,10.0,2.0,5604.7614419956935,raw_data/run_765.csv,raw_data/run_765.json
766,single,2026-09-24 16:28,KAUST2023_N2_C0_CKMC_ESR_v10_0_oxygenless,5.021059366089281,218.8293744455663,20.0,10.0,2.0,48782225.76793554,raw_data/run_766.csv,raw_data/run_766.json
767,single,2026-09-24 16:28,KAUST2023_N2_C0_CKMC_ESR_v10_0_oxygenless,11.99980452318366,218.86295109107016,20.0,10.0,2.0,1618.1130073085258,raw_data/run_767.csv,raw_data/run_767.json
768,single,2026-09-24 16:28,KAUST2023_N2_C0_CKMC_ESR_v10_0_oxygenless,10.706859898971226,108.31715419958155,20.0,10.0,2.0,16420.500923275547,raw_data/run_768.csv,raw_data/run_768.json
769,single,2026-09-24 16:28,KAUST2023_N2_C0_CKMC_ESR_v10_0_oxygenless,11.999996884339476,218.76128515490143,20.0,10.0,2.0,1618.113814753531,raw_data/run_769.csv,raw_data/run_769.json
770,single,2026-09-24 16:28,KAUST2023_N2_C0_CKMC_ESR_v10_0_oxygenless,11.999940627537164,218.9470714547904,20.0,10.0,2.0,1618.1490253822078,raw_data/run_770.csv,raw_data/run_770.json
771,single,2026-09-24 16:28,KAUST2023_N2_C0_CKMC_ESR_v10_0_oxygenless,5.313534846372993,218.90298357912707,20.0,10.0,2.0,56628408.1395504,raw_data/run_771.csv,raw_data/run_771.json
772,single,2026-09-24 16:28,KAUST2023_N2_C0_CKMC_ESR_v10_0_oxygenless,7.001409124970867,218.90740279530792,20.0,10.0,2.0,183704.53684969211,raw_data/run_772.csv,raw_data/run_772.json
773,single,2026-09-24 16:28,KAUST2023_N2_C0_CKMC_ESR_v10_0_oxygenless,11.999449938448114,218.8009771300942,20.0,10.0,2.0,1618.108306505166,raw_data/run_773.csv,raw_data/run_773.json
774,single,2026-09-24 16:28,KAUST2023_N2_C0_CKMC_ESR_v10_0_oxygenless,3.116000481982445,218.79825635647674,20.0,10.0,2.0,25317677.24698352,raw_data/run_774.csv,raw_data/run_774.json
775,single,2026-09-24 16:28,KAUST2023_N2_C0_CKMC_ESR_v10_0_oxygenless,11.999754076738224,218.81551011902113,20.0,10.0,2.0,1618.1039512200707,raw_data/run_775.csv,raw_data/run_775.json
776,single,2026-09-24 16:28,KAUST2023_N2_C0_CKMC_ESR_v10_0_oxygenless,5.9015310930749685,218.8606014885335,20.0,10.0,2.0,16319034.588185867,raw_data/run_776.csv,raw_data/run_776.json
777,single,2026-09-24 16:28,KAUST2023_N2_C0_CKMC_ESR_v10_0_oxygenless,11.999405634244361,218.8314905514875,20.0,10.0,2.0,1618.119099366259,raw_data/run_777.csv,raw_data/run_777.json
778,single,2026-09-24 16:28,KAUST2023_N2_C0_CKMC_ESR_v10_0_oxygenless,11.999263904290462,218.89613761336796,20.0,10.0,2.0,1618.131107185698,raw_data/run_778.csv,raw_data/run_778.json
779,single,2026-09-24 16:28,KAUST2023_N2_C0_CKMC_ESR_v10_0_oxygenless,7.6507743080475406,79.46762519914729,20.0,10.0,2.0,17128.372526900363,raw_data/run_779.csv,raw_data/run_779.json
780,single,2026-09-24 16:28,KAUST2023_N2_C0_CKMC_ESR_v10_0_oxygenless,10.872982531403181,218.8556021992625,20.0,10.0,2.0,2038.2526381928394,raw_data/run_780.csv,raw_data/run_780.json
781,single,2026-09-24 16:28,KAUST2023_N2_C0_CKMC_ESR_v10_0_oxygenless,11.999258305892644,218.77882811462004,20.0,10.0,2.0,1618.11960514066,raw_data/run_781.csv,raw_data/run_781.json
782,single,2026-09-24 16:28,KAUST2023_N2_C0_CKMC_ESR_v10_0_oxygenless,4.788714169303047,218.9566552723429,20.0,10.0,2.0,89027451.70800154,raw_data/run_782.csv,raw_data/run_782.json
783,single,2026-09-24 16:28,KAUST2023_N2_C0_CKMC_ESR_v10_0_oxygenless,4.562346813150685,218.97062082128969,20.0,10.0,2.0,75937376.67986143,raw_data/run_783.csv,raw_data/run_783.json
784,single,2026-09-24 16:28,KAUST2023_N2_C0_CKMC_ESR_v10_0_oxygenless,11.99947591002471,218.81983578934484,20.0,10.0,2.0,1618.1140977065384,raw_data/run_784.csv,raw_data/run_784.json
785,single,2026-09-24 16:28,KAUST2023_N2_C0_CKMC_ESR_v10_0_oxygenless,4.155106593513943,218.91123198960935,20.0,10.0,2.0,57818108.894074425,raw_data/run_785.csv,raw_data/run_785.json
786,single,2026-09-24 16:28,KAUST2023_N2_C0_CKMC_ESR_v10_0_oxygenless,11.99983920959336,218.8695319101396,20.0,10.0,2.0,1618.1129738594375,raw_data/run_786.csv,raw_data/run_786.json
787,single,2026-09-24 16:28,KAUST2023_N2_C0_CKMC_ESR_v10_0_oxygenless,11.999782162770385,218.77184629058817,20.0,10.0,2.0,1618.120780812951,raw_data/run_787.csv,raw_data/run_787.json
788,single,2026-09-24 16:28,KAUST2023_N2_C0_CKMC_ESR_v10_0_oxygenless,7.79923067172164,218.8848299928226,20.0,10.0,2.0,23326.526038224758,raw_data/run_788.csv,raw_data/run_788.json
789,single,2026-09-24 16:28,KAUST2023_N2_C0_CKMC_ESR_v10_0_oxygenless,3.402454512301825,218.8360701902097,20.0,10.0,2.0,41892337.45803046,raw_data/run_789.csv,raw_data/run_789.json
790,single,2026-09-24 16:28,KAUST2023_N2_C0_CKMC_ESR_v10_0_oxygenless,9.649181369263559,381.58487941280174,20.0,10.0,2.0,40997836.35654004,raw_data/run_790.csv,raw_data/run_790.json
791,single,2026-09-24 16:28,KAUST2023_N2_C0_CKMC_ESR_v10_0_oxygenless,6.8343750147417035,218.75888586055635,20.0,10.0,2.0,317966.5857826709,raw_data/run_791.csv,raw_data/run_791.json
792,single,2026-09-24 16:28,KAUST2023_N2_C0_CKMC_ESR_v10_0_oxygenless,11.999345433093339,218.82151586712482,20.0,10.0,2.0,1618.1188012119892,raw_data/run_792.csv,raw_data/run_792.json
793,single,2026-09-24 16:28,KAUST2023_N2_C0_CKMC_ESR_v10_0_oxygenless,11.999440013076391,218.86854874814637,20.0,10.0,2.0,1618.1344327971935,raw_data/run_793.csv,raw_data/run_793.json
794,single,2026-09-24 16:28,KAUST2023_N2_C0_CKMC_ESR_v10_0_oxygenless,11.997966025414218,218.78793071606955,20.0,10.0,2.0,1618.1377431658318,raw_data/run_794.csv,raw_data/run_794.json
795,single,2026-09-24 16:28,KAUST2023_N2_C0_CKMC_ESR_v10_0_oxygenless,11.99999315540124,218.7221545818563,20.0,10.0,2.0,1618.117715267648,raw_data/run_795.csv,raw_data/run_795.json
796,single,2026-09-24 16:28,KAUST2023_N2_C0_CKMC_ESR_v10_0_oxygenless,11.999883239669986,218.85311527708328,20.0,10.0,2.0,1618.1046692127325,raw_data/run_796.csv,raw_data/run_796.json
797,single,2026-09-24 16:28,KAUST2023_N2_C0_CKMC_ESR_v10_0_oxygenless,11.99975350097244,218.7810057372291,20.0,10.0,2.0,1618.1089444806812,raw_data/run_797.csv,raw_data/run_797.json
798,single,2026-09-24 16:28,KAUST2023_N2_C0_CKMC_ESR_v10_0_oxygenless,11.999208274497908,218.8179994365845,20.0,10.0,2.0,1618.1127997174888,raw_data/run_798.csv,raw_data/run_798.json
799,single,2026-09-24 16:28,KAUST2023_N2_C0_CKMC_ESR_v10_0_oxygenless,3.6660471410038573,218.80795504677408,20.0,10.0,2.0,67593016.68713859,raw_data/run_799.csv,raw_data/run_799.json
800,single,2026-09-24 16:28,KAUST2023_N2_C0_CKMC_ESR_v10_0_oxygenless,11.999316954480022,218.88366981246287,20.0,10.0,2.0,1618.1230856528568,raw_data/run_800.csv,raw_data/run_800.json
801,single,2026-09-24 16:28,KAUST2023_N2_C0_CKMC_ESR_v10_0_oxygenless,11.367955964070884,67.74193467981567,20.0,10.0,2.0,102527.10783677411,raw_data/run_801.csv,raw_data/run_801.json
802,single,2026-09-24 16:28,KAUST2023_N2_C0_CKMC_ESR_v10_0_oxygenless,11.999966910516315,218.83031342666112,20.0,10.0,2.0,1618.100661584454,raw_data/run_802.csv,raw_data/run_802.json
803,single,2026-09-24 16:28,KAUST2023_N2_C0_CKMC_ESR_v10_0_oxygenless,11.999966920516316,218.83031342666112,20.0,10.0,2.0,1618.112515725562,raw_data/run_803.csv,raw_data/run_803.json
804,single,2026-09-24 16:28,KAUST2023_N2_C0_CKMC_ESR_v10_0_oxygenless,11.999966910516315,218.83031846541533,20.0,10.0,2.0,1618.1029607357902,raw_data/run_804.csv,raw_data/run_804.json
805,single,2026-09-24 16:28,KAUST2023_N2_C0_CKMC_ESR_v10_0_oxygenless,1.0,1.0,20.0,10.0,2.0,1.8836417976160474e+111,raw_data/run_805.csv,raw_data/run_805.json
806,single,2026-09-24 16:28,KAUST2023_N2_C0_CKMC_ESR_v10_0_oxygenless,1.00000001,1.0,20.0,10.0,2.0,3.9349043596988167e+111,raw_data/run_806.csv,raw_data/run_806.json
807,single,2026-09-24 16:28,KAUST2023_N2_C0_CKMC_ESR_v10_0_oxygenless,1.0,1.0000000230258512,20.0,10.0,2.0,2.2156423178515872e+112,raw_data/run_807.csv,raw_data/run_807.json
808,single,2026-09-24 16:28,KAUST2023_N2_C0_CKMC_ESR_v10_0_oxygenless,11.999942018601558,218.82764519670977,20.0,10.0,2.0,1618.1129718925815,raw_data/run_808.csv,raw_data/run_808.json
809,single,2026-09-24 16:28,KAUST2023_N2_C0_CKMC_ESR_v10_0_oxygenless,11.999942028601561,218.82764519670977,20.0,10.0,2.0,1618.1087274205895,raw_data/run_809.csv,raw_data/run_809.json
810,single,2026-09-24 16:28,KAUST2023_N2_C0_CKMC_ESR_v10_0_oxygenless,11.999942018601558,218.82765023540256,20.0,10.0,2.0,1618.1156592318343,raw_data/run_810.csv,raw_data/run_810.json
811,single,2026-09-24 16:28,KAUST2023_N2_C0_CKMC_ESR_v10_0_oxygenless,11.999957314454399,218.82928479563785,20.0,10.0,2.0,1618.1078634318194,raw_data/run_811.csv,raw_data/run_811.json
812,single,2026-09-24 16:28,KAUST2023_N2_C0_CKMC_ESR_v10_0_oxygenless,10.74633830310363,253.5765927887593,20.0,10.0,2.0,8855.937179864311,raw_data/run_812.csv,raw_data/run_812.json
813,single,2026-09-24 16:28,KAUST2023_N2_C0_CKMC_ESR_v10_0_oxygenless,11.9999573244544,218.82928479563785,20.0,10.0,2.0,1618.0968363934144,raw_data/run_813.csv,raw_data/run_813.json
814,single,2026-09-24 16:28,KAUST2023_N2_C0_CKMC_ESR_v10_0_oxygenless,11.999957314454399,218.82928983436835,20.0,10.0,2.0,1618.105415304628,raw_data/run_814.csv,raw_data/run_814.json
815,single,2026-09-24 16:28,KAUST2023_N2_C0_CKMC_ESR_v10_0_oxygenless,11.999962196802397,218.82980814874486,20.0,10.0,2.0,1618.108881446015,raw_data/run_815.csv,raw_data/run_815.json
816,single,2026-09-24 16:28,KAUST2023_N2_C0_CKMC_ESR_v10_0_oxygenless,11.9999622068024,218.82980814874486,20.0,10.0,2.0,1618.0980205763772,raw_data/run_816.csv,raw_data/run_816.json
817,single,2026-09-24 16:28,KAUST2023_N2_C0_CKMC_ESR_v10_0_oxygenless,11.999962196802397,218.82981318748742,20.0,10.0,2.0,1618.1088161055177,raw_data/run_817.csv,raw_data/run_817.json
818,single,2026-09-24 16:28,KAUST2023_N2_C0_CKMC_ESR_v10_0_oxygenless,11.999964633241712,218.8300693182421,20.0,10.0,2.0,1618.109347093433,raw_data/run_818.csv,raw_data/run_818.json
819,single,2026-09-24 16:28,KAUST2023_N2_C0_CKMC_ESR_v10_0_oxygenless,11.999964643241714,218.8300693182421,20.0,10.0,2.0,1618.1075910747006,raw_data/run_819.csv,raw_data/run_819.json
820,single,2026-09-24 16:28,KAUST2023_N2_C0_CKMC_ESR_v10_0_oxygenless,11.999964633241712,218.83007435699068,20.0,10.0,2.0,1618.1060254135389,raw_data/run_820.csv,raw_data/run_820.json
821,single,2026-09-24 16:28,KAUST2023_N2_C0_CKMC_ESR_v10_0_oxygenless,11.999966077733099,218.8302241579069,20.0,10.0,2.0,1618.1062658474336,raw_data/run_821.csv,raw_data/run_821.json
822,single,2026-09-24 16:28,KAUST2023_N2_C0_CKMC_ESR_v10_0_oxygenless,11.999966087733098,218.8302241579069,20.0,10.0,2.0,1618.110313926568,raw_data/run_822.csv,raw_data/run_822.json
823,single,2026-09-24 16:28,KAUST2023_N2_C0_CKMC_ESR_v10_0_oxygenless,9.839120575555402,538.7734718823598,20.0,10.0,2.0,67414163.52090862,raw_data/run_823.csv,raw_data/run_823.json
824,single,2026-09-24 16:28,KAUST2023_N2_C0_CKMC_ESR_v10_0_oxygenless,11.999966077733099,218.83022919665908,20.0,10.0,2.0,1618.1185225613197,raw_data/run_824.csv,raw_data/run_824.json
825,single,2026-09-24 16:28,KAUST2023_N2_C0_CKMC_ESR_v10_0_oxygenless,11.999966698444785,218.83029069401752,20.0,10.0,2.0,1618.1151878416604,raw_data/run_825.csv,raw_data/run_825.json
826,single,2026-09-24 16:28,KAUST2023_N2_C0_CKMC_ESR_v10_0_oxygenless,11.999966708444786,218.83029069401752,20.0,10.0,2.0,1618.107704641668,raw_data/run_826.csv,raw_data/run_826.json
827,single,2026-09-24 16:28,KAUST2023_N2_C0_CKMC_ESR_v10_0_oxygenless,11.999966698444785,218.83029573277122,20.0,10.0,2.0,1618.1042619924222,raw_data/run_827.csv,raw_data/run_827.json
828,single,2026-09-24 16:28,KAUST2023_N2_C0_CKMC_ESR_v10_0_oxygenless,11.999966819801164,218.83030370260607,20.0,10.0,2.0,1618.096931312748,raw_data/run_828.csv,raw_data/run_828.json
829,single,2026-09-24 16:28,KAUST2023_N2_C0_CKMC_ESR_v10_0_oxygenless,11.999966829801167,218.83030370260607,20.0,10.0,2.0,1618.110565740388,raw_data/run_829.csv,raw_data/run_829.json
830,single,2026-09-24 16:28,KAUST2023_N2_C0_CKMC_ESR_v10_0_oxygenless,11.999966819801164,218.83030874136006,20.0,10.0,2.0,1618.1105811004663,raw_data/run_830.csv,raw_data/run_830.json
831,single,2026-09-24 16:28,KAUST2023_N2_C0_CKMC_ESR_v10_0_oxygenless,11.999966774972542,218.83029889727868,20.0,10.0,2.0,1618.110657456375,raw_data/run_831.csv,raw_data/run_831.json
832,single,2026-09-24 16:28,KAUST2023_N2_C0_CKMC_ESR_v10_0_oxygenless,11.99996678497254,218.83029889727868,20.0,10.0,2.0,1618.1081334833325,raw_data/run_832.csv,raw_data/run_832.json
833,single,2026-09-24 16:28,KAUST2023_N2_C0_CKMC_ESR_v10_0_oxygenless,11.999966774972542,218.83030393603255,20.0,10.0,2.0,1618.1060877028212,raw_data/run_833.csv,raw_data/run_833.json
834,single,2026-09-24 16:28,KAUST2023_N2_C0_CKMC_ESR_v10_0_oxygenless,11.222401158559872,69.86688304406654,20.0,10.0,2.0,88466.52949630174,raw_data/run_834.csv,raw_data/run_834.json
835,single,2026-09-24 16:28,KAUST2023_N2_C0_CKMC_ESR_v10_0_oxygenless,11.999966807892983,218.83030242612904,20.0,10.0,2.0,1618.1129868804105,raw_data/run_835.csv,raw_data/run_835.json
836,single,2026-09-24 16:28,KAUST2023_N2_C0_CKMC_ESR_v10_0_oxygenless,11.999966817892982,218.83030242612904,20.0,10.0,2.0,1618.1060257254323,raw_data/run_836.csv,raw_data/run_836.json
837,single,2026-09-24 16:28,KAUST2023_N2_C0_CKMC_ESR_v10_0_oxygenless,11.999966807892983,218.83030746488296,20.0,10.0,2.0,1618.1180089709887,raw_data/run_837.csv,raw_data/run_837.json
838,single,2026-09-24 16:28,KAUST2023_N2_C0_CKMC_ESR_v10_0_oxygenless,11.999966818155483,218.8303035262,20.0,10.0,2.0,1618.1046185210362,raw_data/run_838.csv,raw_data/run_838.json
839,single,2026-09-24 16:28,KAUST2023_N2_C0_CKMC_ESR_v10_0_oxygenless,11.999966828155484,218.8303035262,20.0,10.0,2.0,1618.1105951625718,raw_data/run_839.csv,raw_data/run_839.json
840,single,2026-09-24 16:28,KAUST2023_N2_C0_CKMC_ESR_v10_0_oxygenless,11.999966818155483,218.83030856495395,20.0,10.0,2.0,1618.102975488074,raw_data/run_840.csv,raw_data/run_840.json
841,single,2026-09-24 16:28,KAUST2023_N2_C0_CKMC_ESR_v10_0_oxygenless,11.999966819801164,218.83030370260607,20.0,10.0,2.0,1618.096931312748,raw_data/run_841.csv,raw_data/run_841.json
842,single,2026-09-24 16:28,KAUST2023_N2_C0_CKMC_ESR_v10_0_oxygenless,11.999966829801167,218.83030370260607,20.0,10.0,2.0,1618.110565740388,raw_data/run_842.csv,raw_data/run_842.json
843,single,2026-09-24 16:28,KAUST2023_N2_C0_CKMC_ESR_v10_0_oxygenless,11.999966819801164,218.83030874136006,20.0,10.0,2.0,1618.1105811004663,raw_data/run_843.csv,raw_data/run_843.json
844,single,2026-09-24 16:28,KAUST2023_N2_C0_CKMC_ESR_v10_0_oxygenless,1.0,1.0,20.0,10.0,2.0,1.8836417976160474e+111,raw_data/run_844.csv,raw_data/run_844.json
845,single,2026-09-24 16:28,KAUST2023_N2_C0_CKMC_ESR_v10_0_oxygenless,5.063654407097244,237.227109845997,20.0,10.0,2.0,58182943.097967565,raw_data/run_845.csv,raw_data/run_845.json
846,single,2026-09-24 16:28,KAUST2023_N2_C0_CKMC_ESR_v10_0_oxygenless,1.00000001,1.0,20.0,10.0,2.0,3.9349043596988167e+111,raw_data/run_846.csv,raw_data/run_846.json
847,single,2026-09-24 16:28,KAUST2023_N2_C0_CKMC_ESR_v10_0_oxygenless,1.0,1.0000000230258512,20.0,10.0,2.0,2.2156423178515872e+112,raw_data/run_847.csv,raw_data/run_847.json
848,single,2026-09-24 16:28,KAUST2023_N2_C0_CKMC_ESR_v10_0_oxygenless,11.999933468166665,218.8267286605637,20.0,10.0,2.0,1618.1015972223172,raw_data/run_848.csv,raw_data/run_848.json
849,single,2026-09-24 16:28,KAUST2023_N2_C0_CKMC_ESR_v10_0_oxygenless,11.999933478166666,218.8267286605637,20.0,10.0,2.0,1618.10875611414,raw_data/run_849.csv,raw_data/run_849.json
850,single,2026-09-24 16:28,KAUST2023_N2_C0_CKMC_ESR_v10_0_oxygenless,11.999933468166665,218.82673369923532,20.0,10.0,2.0,1618.105913792723,raw_data/run_850.csv,raw_data/run_850.json
851,single,2026-09-24 16:28,KAUST2023_N2_C0_CKMC_ESR_v10_0_oxygenless,11.99995805011748,218.82936365342667,20.0,10.0,2.0,1618.1036429594071,raw_data/run_851.csv,raw_data/run_851.json
852,single,2026-09-24 16:28,KAUST2023_N2_C0_CKMC_ESR_v10_0_oxygenless,11.999958060117478,218.82936365342667,20.0,10.0,2.0,1618.1073847672292,raw_data/run_852.csv,raw_data/run_852.json
853,single,2026-09-24 16:28,KAUST2023_N2_C0_CKMC_ESR_v10_0_oxygenless,11.99995805011748,218.82936869215905,20.0,10.0,2.0,1618.105843834711,raw_data/run_853.csv,raw_data/run_853.json
854,single,2026-09-24 16:28,KAUST2023_N2_C0_CKMC_ESR_v10_0_oxygenless,11.999964245103788,218.83002771251154,20.0,10.0,2.0,1618.1060044378537,raw_data/run_854.csv,raw_data/run_854.json
855,single,2026-09-24 16:28,KAUST2023_N2_C0_CKMC_ESR_v10_0_oxygenless,11.99996425510379,218.83002771251154,20.0,10.0,2.0,1618.107798438394,raw_data/run_855.csv,raw_data/run_855.json
856,single,2026-09-24 16:28,KAUST2023_N2_C0_CKMC_ESR_v10_0_oxygenless,9.775030237962035,2.106574277863777,20.0,10.0,2.0,119511810226.89865,raw_data/run_856.csv,raw_data/run_856.json
857,single,2026-09-24 16:28,KAUST2023_N2_C0_CKMC_ESR_v10_0_oxygenless,11.853481861229934,226.46202772240338,20.0,10.0,2.0,1798.3349938538818,raw_data/run_857.csv,raw_data/run_857.json
858,single,2026-09-24 16:28,KAUST2023_N2_C0_CKMC_ESR_v10_0_oxygenless,11.999964245103788,218.83003275125913,20.0,10.0,2.0,1618.108116266237,raw_data/run_858.csv,raw_data/run_858.json
859,single,2026-09-24 16:28,KAUST2023_N2_C0_CKMC_ESR_v10_0_oxygenless,11.999966020962658,218.8302180724994,20.0,10.0,2.0,1618.1067140721582,raw_data/run_859.csv,raw_data/run_859.json
860,single,2026-09-24 16:28,KAUST2023_N2_C0_CKMC_ESR_v10_0_oxygenless,11.999966030962659,218.8302180724994,20.0,10.0,2.0,1618.1090424258784,raw_data/run_860.csv,raw_data/run_860.json
861,single,2026-09-24 16:28,KAUST2023_N2_C0_CKMC_ESR_v10_0_oxygenless,11.999966020962658,218.83022311125143,20.0,10.0,2.0,1618.1110958010502,raw_data/run_861.csv,raw_data/run_861.json
862,single,2026-09-24 16:28,KAUST2023_N2_C0_CKMC_ESR_v10_0_oxygenless,11.999966581698237,218.83027817957264,20.0,10.0,2.0,1618.111125452229,raw_data/run_862.csv,raw_data/run_862.json
863,single,2026-09-24 16:28,KAUST2023_N2_C0_CKMC_ESR_v10_0_oxygenless,11.99996659169824,218.83027817957264,20.0,10.0,2.0,1618.1157383004884,raw_data/run_863.csv,raw_data/run_863.json
864,single,2026-09-24 16:28,KAUST2023_N2_C0_CKMC_ESR_v10_0_oxygenless,11.999966581698237,218.83028321832606,20.0,10.0,2.0,1618.1137325526113,raw_data/run_864.csv,raw_data/run_864.json
865,single,2026-09-24 16:28,KAUST2023_N2_C0_CKMC_ESR_v10_0_oxygenless,11.999966755908208,218.83029685371005,20.0,10.0,2.0,1618.1080663690593,raw_data/run_865.csv,raw_data/run_865.json
866,single,2026-09-24 16:28,KAUST2023_N2_C0_CKMC_ESR_v10_0_oxygenless,11.999966765908209,218.83029685371005,20.0,10.0,2.0,1618.114688202392,raw_data/run_866.csv,raw_data/run_866.json
867,single,2026-09-24 16:28,KAUST2023_N2_C0_CKMC_ESR_v10_0_oxygenless,11.999966755908208,218.83030189246386,20.0,10.0,2.0,1618.1049445702529,raw_data/run_867.csv,raw_data/run_867.json
868,single,2026-09-24 16:28,KAUST2023_N2_C0_CKMC_ESR_v10_0_oxygenless,10.155711742916814,194.59220523110818,20.0,10.0,2.0,1650.6979306450903,raw_data/run_868.csv,raw_data/run_868.json
869,single,2026-09-24 16:28,KAUST2023_N2_C0_CKMC_ESR_v10_0_oxygenless,11.99996680473781,218.83030208791536,20.0,10.0,2.0,1618.1054425690243,raw_data/run_869.csv,raw_data/run_869.json
870,single,2026-09-24 16:28,KAUST2023_N2_C0_CKMC_ESR_v10_0_oxygenless,11.999966814737812,218.83030208791536,20.0,10.0,2.0,1618.1023013258423,raw_data/run_870.csv,raw_data/run_870.json
871,single,2026-09-24 16:28,KAUST2023_N2_C0_CKMC_ESR_v10_0_oxygenless,11.99996680473781,218.83030712666928,20.0,10.0,2.0,1618.1046734591703,raw_data/run_871.csv,raw_data/run_871.json
872,single,2026-09-24 16:28,KAUST2023_N2_C0_CKMC_ESR_v10_0_oxygenless,11.99996681659905,218.8303033593608,20.0,10.0,2.0,1618.1188659701681,raw_data/run_872.csv,raw_data/run_872.json
873,single,2026-09-24 16:28,KAUST2023_N2_C0_CKMC_ESR_v10_0_oxygenless,11.999966826599051,218.8303033593608,20.0,10.0,2.0,1618.107021872324,raw_data/run_873.csv,raw_data/run_873.json
874,single,2026-09-24 16:28,KAUST2023_N2_C0_CKMC_ESR_v10_0_oxygenless,11.99996681659905,218.83030839811477,20.0,10.0,2.0,1618.1053835822497,raw_data/run_874.csv,raw_data/run_874.json
875,single,2026-09-24 16:28,KAUST2023_N2_C0_CKMC_ESR_v10_0_oxygenless,11.999966819678518,218.83030368945896,20.0,10.0,2.0,1618.1040203775267,raw_data/run_875.csv,raw_data/run_875.json
876,single,2026-09-24 16:28,KAUST2023_N2_C0_CKMC_ESR_v10_0_oxygenless,11.999966829678518,218.83030368945896,20.0,10.0,2.0,1618.1068652953484,raw_data/run_876.csv,raw_data/run_876.json
877,single,2026-09-24 16:28,KAUST2023_N2_C0_CKMC_ESR_v10_0_oxygenless,11.999966819678518,218.83030872821294,20.0,10.0,2.0,1618.1056206625346,raw_data/run_877.csv,raw_data/run_877.json
878,single,2026-09-24 16:28,KAUST2023_N2_C0_CKMC_ESR_v10_0_oxygenless,11.99996681980059,218.8303037025443,20.0,10.0,2.0,1618.1085926401504,raw_data/run_878.csv,raw_data/run_878.json
879,single,2026-09-24 16:28,KAUST2023_N2_C0_CKMC_ESR_v10_0_oxygenless,11.004391399064,361.98473399975194,20.0,10.0,2.0,20053727.110056862,raw_data/run_879.csv,raw_data/run_879.json
880,single,2026-09-24 16:28,KAUST2023_N2_C0_CKMC_ESR_v10_0_oxygenless,11.999966829800591,218.8303037025443,20.0,10.0,2.0,1618.106764097819,raw_data/run_880.csv,raw_data/run_880.json
881,single,2026-09-24 16:28,KAUST2023_N2_C0_CKMC_ESR_v10_0_oxygenless,11.99996681980059,218.83030874129827,20.0,10.0,2.0,1618.1056065911698,raw_data/run_881.csv,raw_data/run_881.json
882,single,2026-09-24 16:28,KAUST2023_N2_C0_CKMC_ESR_v10_0_oxygenless,11.999966819801164,218.83030370260607,20.0,10.0,2.0,1618.096931312748,raw_data/run_882.csv,raw_data/run_882.json
883,single,2026-09-24 16:28,KAUST2023_N2_C0_CKMC_ESR_v10_0_oxygenless,11.999966829801167,218.83030370260607,20.0,10.0,2.0,1618.110565740388,raw_data/run_883.csv,raw_data/run_883.json
884,single,2026-09-24 16:28,KAUST2023_N2_C0_CKMC_ESR_v10_0_oxygenless,11.999966819801164,218.83030874136006,20.0,10.0,2.0,1618.1105811004663,raw_data/run_884.csv,raw_data/run_884.json
885,single,2026-09-24 16:29,KAUST2023_N2_C0_CKMC_ESR_v10_0_oxygenless,11.999966819800878,218.8303037025752,20.0,10.0,2.0,1618.1084293708295,raw_data/run_885.csv,raw_data/run_885.json
886,single,2026-09-24 16:29,KAUST2023_N2_C0_CKMC_ESR_v10_0_oxygenless,11.999966829800877,218.8303037025752,20.0,10.0,2.0,1618.1090299801483,raw_data/run_886.csv,raw_data/run_886.json
887,single,2026-09-24 16:29,KAUST2023_N2_C0_CKMC_ESR_v10_0_oxygenless,11.999966819800878,218.8303087413292,20.0,10.0,2.0,1618.104865550912,raw_data/run_887.csv,raw_data/run_887.json
888,single,2026-09-24 16:29,KAUST2023_N2_C0_CKMC_ESR_v10_0_oxygenless,11.999966819801164,218.83030370260607,20.0,10.0,2.0,1618.096931312748,raw_data/run_888.csv,raw_data/run_888.json
889,single,2026-09-24 16:29,KAUST2023_N2_C0_CKMC_ESR_v10_0_oxygenless,11.999966829801167,218.83030370260607,20.0,10.0,2.0,1618.110565740388,raw_data/run_889.csv,raw_data/run_889.json
890,single,2026-09-24 16:29,KAUST2023_N2_C0_CKMC_ESR_v10_0_oxygenless,5.788185287844438,192.37495836732353,20.0,10.0,2.0,161579.87478167345,raw_data/run_890.csv,raw_data/run_890.json
891,single,2026-09-24 16:29,KAUST2023_N2_C0_CKMC_ESR_v10_0_oxygenless,8.610726033433908,349.1392343069318,20.0,10.0,2.0,53371462.44074171,raw_data/run_891.csv,raw_data/run_891.json
892,single,2026-09-24 16:29,KAUST2023_N2_C0_CKMC_ESR_v10_0_oxygenless,7.2234995521749825,83.51388919152605,20.0,10.0,2.0,11942.252046389283,raw_data/run_892.csv,raw_data/run_892.json
893,single,2026-09-24 16:29,KAUST2023_N2_C0_CKMC_ESR_v10_0_oxygenless,9.83024837966132,189.0500794550142,20.0,10.0,2.0,1668.2349814629024,raw_data/run_893.csv,raw_data/run_893.json
894,single,2026-09-24 16:29,KAUST2023_N2_C0_CKMC_ESR_v10_0_oxygenless,9.67242078183256,200.40666825973634,20.0,10.0,2.0,1907.700481355136,raw_data/run_894.csv,raw_data/run_894.json
895,single,2026-09-24 16:29,KAUST2023_N2_C0_CKMC_ESR_v10_0_oxygenless,7.664554859517169,93.43536236271365,20.0,10.0,2.0,9993.740220550688,raw_data/run_895.csv,raw_data/run_895.json
896,single,2026-09-24 16:29,KAUST2023_N2_C0_CKMC_ESR_v10_0_oxygenless,8.08076307259809,170.33666305499528,20.0,10.0,2.0,1696.8049053420702,raw_data/run_896.csv,raw_data/run_896.json
897,single,2026-09-24 16:29,KAUST2023_N2_C0_CKMC_ESR_v10_0_oxygenless,9.183618430815592,82.01870270955824,20.0,10.0,2.0,27666.15539942707,raw_data/run_897.csv,raw_data/run_897.json
898,single,2026-09-24 16:29,KAUST2023_N2_C0_CKMC_ESR_v10_0_oxygenless,11.693344952818478,337.14513690437803,20.0,10.0,2.0,31610016.908693794,raw_data/run_898.csv,raw_data/run_898.json
899,single,2026-09-24 16:29,KAUST2023_N2_C0_CKMC_ESR_v10_0_oxygenless,6.797903205646689,691.1993825672955,20.0,10.0,2.0,1.7976931348623157e+308,raw_data/run_899.csv,raw_data/run_899.json
900,single,2026-09-24 16:29,KAUST2023_N2_C0_CKMC_ESR_v10_0_oxygenless,9.361296591547704,197.9098064194508,20.0,10.0,2.0,2009.3336706355,raw_data/run_900.csv,raw_data/run_900.json
901,single,2026-09-24 16:29,KAUST2023_N2_C0_CKMC_ESR_v10_0_oxygenless,11.718190471710333,643.8218269369838,20.0,10.0,2.0,29057319.547647096,raw_data/run_901.csv,raw_data/run_901.json
902,single,2026-09-24 16:29,KAUST2023_N2_C0_CKMC_ESR_v10_0_oxygenless,4.261182574006332,43.15342158179728,20.0,10.0,2.0,9673.104843457926,raw_data/run_902.csv,raw_data/run_902.json
903,single,2026-09-24 16:29,KAUST2023_N2_C0_CKMC_ESR_v10_0_oxygenless,9.696660949256257,213.17991169210762,20.0,10.0,2.0,2896.1395919111187,raw_data/run_903.csv,raw_data/run_903.json
904,single,2026-09-24 16:29,KAUST2023_N2_C0_CKMC_ESR_v10_0_oxygenless,9.951274170095294,108.95276132341246,20.0,10.0,2.0,12927.921702206506,raw_data/run_904.csv,raw_data/run_904.json
905,single,2026-09-24 16:29,KAUST2023_N2_C0_CKMC_ESR_v10_0_oxygenless,11.172342863188288,987.2498102961443,20.0,10.0,2.0,1.7976931348623157e+308,raw_data/run_905.csv,raw_data/run_905.json
906,single,2026-09-24 16:29,KAUST2023_N2_C0_CKMC_ESR_v10_0_oxygenless,6.273196815541049,639.61371904559,20.0,10.0,2.0,61394153.295773126,raw_data/run_906.csv,raw_data/run_906.json
907,single,2026-09-24 16:29,KAUST2023_N2_C0_CKMC_ESR_v10_0_oxygenless,10.930421908211592,309.1966908324405,20.0,10.0,2.0,5967122.223298532,raw_data/run_907.csv,raw_data/run_907.json
908,single,2026-09-24 16:29,KAUST2023_N2_C0_CKMC_ESR_v10_0_oxygenless,5.779539515966062,16.080130006525767,20.0,10.0,2.0,42031691.15209714,raw_data/run_908.csv,raw_data/run_908.json
909,single,2026-09-24 16:29,KAUST2023_N2_C0_CKMC_ESR_v10_0_oxygenless,4.4951469308266905,65.15813376821419,20.0,10.0,2.0,3911.0750396136827,raw_data/run_909.csv,raw_data/run_909.json
910,single,2026-09-24 16:29,KAUST2023_N2_C0_CKMC_ESR_v10_0_oxygenless,10.914970070685879,220.69616746428844,20.0,10.0,2.0,2120.8325607184906,raw_data/run_910.csv,raw_data/run_910.json
911,single,2026-09-24 16:29,KAUST2023_N2_C0_CKMC_ESR_v10_0_oxygenless,9.022367621482474,183.89869167338566,20.0,10.0,2.0,1680.3843197187202,raw_data/run_911.csv,raw_data/run_911.json
912,single,2026-09-24 16:29,KAUST2023_N2_C0_CKMC_ESR_v10_0_oxygenless,11.160188236120224,206.27785761651967,20.0,10.0,2.0,1641.8829618552704,raw_data/run_912.csv,raw_data/run_912.json
913,single,2026-09-24 16:29,KAUST2023_N2_C0_CKMC_ESR_v10_0_oxygenless,10.947380884924637,196.98370062694877,20.0,10.0,2.0,1775.7996452807092,raw_data/run_913.csv,raw_data/run_913.json
914,single,2026-09-24 16:29,KAUST2023_N2_C0_CKMC_ESR_v10_0_oxygenless,4.743864600549799,682.4846195128258,20.0,10.0,2.0,162716874.28434247,raw_data/run_914.csv,raw_data/run_914.json
915,single,2026-09-24 16:29,KAUST2023_N2_C0_CKMC_ESR_v10_0_oxygenless,11.290910476106813,606.2164770229341,20.0,10.0,2.0,1.7976931348623157e+308,raw_data/run_915.csv,raw_data/run_915.json
916,single,2026-09-24 16:29,KAUST2023_N2_C0_CKMC_ESR_v10_0_oxygenless,9.080751138026638,159.86915684522035,20.0,10.0,2.0,2390.0947472161165,raw_data/run_916.csv,raw_data/run_916.json
917,single,2026-09-24 16:29,KAUST2023_N2_C0_CKMC_ESR_v10_0_oxygenless,4.086549921477284,852.1873607980799,20.0,10.0,2.0,1.1617840392684118e+48,raw_data/run_917.csv,raw_data/run_917.json
918,single,2026-09-24 16:29,KAUST2023_N2_C0_CKMC_ESR_v10_0_oxygenless,5.063654407097244,173.4329108746831,20.0,10.0,2.0,133690.24415707187,raw_data/run_918.csv,raw_data/run_918.json
919,single,2026-09-24 16:29,KAUST2023_N2_C0_CKMC_ESR_v10_0_oxygenless,4.2642904970639925,1.0612856931090715,20.0,10.0,2.0,4602922603.515267,raw_data/run_919.csv,raw_data/run_919.json
920,single,2026-09-24 16:29,KAUST2023_N2_C0_CKMC_ESR_v10_0_oxygenless,11.215300159117607,203.92635142578015,20.0,10.0,2.0,1683.645685024903,raw_data/run_920.csv,raw_data/run_920.json
921,single,2026-09-24 16:29,KAUST2023_N2_C0_CKMC_ESR_v10_0_oxygenless,10.974839254574166,963.6003010175091,20.0,10.0,2.0,1.7976931348623157e+308,raw_data/run_921.csv,raw_data/run_921.json
922,single,2026-09-24 16:29,KAUST2023_N2_C0_CKMC_ESR_v10_0_oxygenless,3.497374302948047,230.00928274850526,20.0,10.0,2.0,21693075.565587156,raw_data/run_922.csv,raw_data/run_922.json
923,single,2026-09-24 16:29,KAUST2023_N2_C0_CKMC_ESR_v10_0_oxygenless,8.674584030807983,198.82675444260914,20.0,10.0,2.0,2947.650988626876,raw_data/run_923.csv,raw_data/run_923.json
924,single,2026-09-24 16:29,KAUST2023_N2_C0_CKMC_ESR_v10_0_oxygenless,3.9663986325377385,346.8741554359752,20.0,10.0,2.0,11495413.484389925,raw_data/run_924.csv,raw_data/run_924.json
925,single,2026-09-24 16:29,KAUST2023_N2_C0_CKMC_ESR_v10_0_oxygenless,3.16191499794137,83.51388919152605,20.0,10.0,2.0,13794.991659169367,raw_data/run_925.csv,raw_data/run_925.json
926,single,2026-09-24 16:29,KAUST2023_N2_C0_CKMC_ESR_v10_0_oxygenless,7.055178881068354,67.31972743353924,20.0,10.0,2.0,22202.98443807436,raw_data/run_926.csv,raw_data/run_926.json
927,single,2026-09-24 16:29,KAUST2023_N2_C0_CKMC_ESR_v10_0_oxygenless,9.67242078183256,66.58782362213041,20.0,10.0,2.0,66222.05567076431,raw_data/run_927.csv,raw_data/run_927.json
928,single,2026-09-24 16:29,KAUST2023_N2_C0_CKMC_ESR_v10_0_oxygenless,1.0354071784042933,377.1312420118776,20.0,10.0,2.0,1879279.6393940926,raw_data/run_928.csv,raw_data/run_928.json
929,single,2026-09-24 16:29,KAUST2023_N2_C0_CKMC_ESR_v10_0_oxygenless,11.626858676570142,126.69828476149627,20.0,10.0,2.0,11780.876085892638,raw_data/run_929.csv,raw_data/run_929.json
930,single,2026-09-24 16:29,KAUST2023_N2_C0_CKMC_ESR_v10_0_oxygenless,11.449556651275623,482.758764143833,20.0,10.0,2.0,27329067.479526427,raw_data/run_930.csv,raw_data/run_930.json
931,single,2026-09-24 16:29,KAUST2023_N2_C0_CKMC_ESR_v10_0_oxygenless,9.85621186218139,214.28968784574073,20.0,10.0,2.0,2778.7776241869324,raw_data/run_931.csv,raw_data/run_931.json
932,single,2026-09-24 16:29,KAUST2023_N2_C0_CKMC_ESR_v10_0_oxygenless,10.821285819400648,201.3145301212864,20.0,10.0,2.0,1655.8702396697934,raw_data/run_932.csv,raw_data/run_932.json
933,single,2026-09-24 16:29,KAUST2023_N2_C0_CKMC_ESR_v10_0_oxygenless,9.361296591547704,249.03190232239328,20.0,10.0,2.0,35037.35630399363,raw_data/run_933.csv,raw_data/run_933.json
934,single,2026-09-24 16:29,KAUST2023_N2_C0_CKMC_ESR_v10_0_oxygenless,2.892137338857711,218.98267519961144,20.0,10.0,2.0,36725201.920404874,raw_data/run_934.csv,raw_data/run_934.json
935,single,2026-09-24 16:29,KAUST2023_N2_C0_CKMC_ESR_v10_0_oxygenless,6.714732897363804,78.61056580894176,20.0,10.0,2.0,11253.056799884609,raw_data/run_935.csv,raw_data/run_935.json
936,single,2026-09-24 16:29,KAUST2023_N2_C0_CKMC_ESR_v10_0_oxygenless,9.014548908610085,876.1138185880615,20.0,10.0,2.0,1.7976931348623157e+308,raw_data/run_936.csv,raw_data/run_936.json
937,single,2026-09-24 16:29,KAUST2023_N2_C0_CKMC_ESR_v10_0_oxygenless,2.7543880841924353,886.0140658633147,20.0,10.0,2.0,2.123993676911441e+83,raw_data/run_937.csv,raw_data/run_937.json
938,single,2026-09-24 16:29,KAUST2023_N2_C0_CKMC_ESR_v10_0_oxygenless,7.680011258163233,448.3719226809606,20.0,10.0,2.0,20452322.70576166,raw_data/run_938.csv,raw_data/run_938.json
939,single,2026-09-24 16:29,KAUST2023_N2_C0_CKMC_ESR_v10_0_oxygenless,7.3008313005340515,35.71296615558704,20.0,10.0,2.0,239548.8078594433,raw_data/run_939.csv,raw_data/run_939.json
940,single,2026-09-24 16:29,KAUST2023_N2_C0_CKMC_ESR_v10_0_oxygenless,10.930421908211592,886.0140658633147,20.0,10.0,2.0,1.7976931348623157e+308,raw_data/run_940.csv,raw_data/run_940.json
941,single,2026-09-24 16:29,KAUST2023_N2_C0_CKMC_ESR_v10_0_oxygenless,8.762834144995253,965.7144357956597,20.0,10.0,2.0,1.7976931348623157e+308,raw_data/run_941.csv,raw_data/run_941.json
942,single,2026-09-24 16:29,KAUST2023_N2_C0_CKMC_ESR_v10_0_oxygenless,9.324553046994868,186.90823228897005,20.0,10.0,2.0,1664.055529107726,raw_data/run_942.csv,raw_data/run_942.json
943,single,2026-09-24 16:29,KAUST2023_N2_C0_CKMC_ESR_v10_0_oxygenless,10.58074123732236,301.7648708975725,20.0,10.0,2.0,3221486.2841197173,raw_data/run_943.csv,raw_data/run_943.json
944,single,2026-09-24 16:29,KAUST2023_N2_C0_CKMC_ESR_v10_0_oxygenless,11.69857399115931,222.12885823379833,20.0,10.0,2.0,1717.2669490913274,raw_data/run_944.csv,raw_data/run_944.json
945,single,2026-09-24 16:29,KAUST2023_N2_C0_CKMC_ESR_v10_0_oxygenless,10.155711742916814,224.5037018040294,20.0,10.0,2.0,3482.7131961757277,raw_data/run_945.csv,raw_data/run_945.json
946,single,2026-09-24 16:29,KAUST2023_N2_C0_CKMC_ESR_v10_0_oxygenless,11.943458629041501,198.4320334334331,20.0,10.0,2.0,2125.776474060767,raw_data/run_946.csv,raw_data/run_946.json
947,single,2026-09-24 16:29,KAUST2023_N2_C0_CKMC_ESR_v10_0_oxygenless,6.0988631222675895,56.59815276995486,20.0,10.0,2.0,22162.19246366434,raw_data/run_947.csv,raw_data/run_947.json
948,single,2026-09-24 16:29,KAUST2023_N2_C0_CKMC_ESR_v10_0_oxygenless,8.084666845266414,708.1835304241316,20.0,10.0,2.0,3262269.8774865917,raw_data/run_948.csv,raw_data/run_948.json
949,single,2026-09-24 16:29,KAUST2023_N2_C0_CKMC_ESR_v10_0_oxygenless,2.9077583187100857,159.86915684522035,20.0,10.0,2.0,33533123.616283875,raw_data/run_949.csv,raw_data/run_949.json
950,single,2026-09-24 16:29,KAUST2023_N2_C0_CKMC_ESR_v10_0_oxygenless,11.007957241696875,169.90252648636633,20.0,10.0,2.0,3194.7556943043237,raw_data/run_950.csv,raw_data/run_950.json
951,single,2026-09-24 16:29,KAUST2023_N2_C0_CKMC_ESR_v10_0_oxygenless,8.070956600008198,96.90566260552613,20.0,10.0,2.0,10402.150847036795,raw_data/run_951.csv,raw_data/run_951.json
952,single,2026-09-24 16:29,KAUST2023_N2_C0_CKMC_ESR_v10_0_oxygenless,4.836722107103623,50.65570020153466,20.0,10.0,2.0,11376.694724757937,raw_data/run_952.csv,raw_data/run_952.json
953,single,2026-09-24 16:29,KAUST2023_N2_C0_CKMC_ESR_v10_0_oxygenless,6.4471463391878965,203.92635142578015,20.0,10.0,2.0,100820.68474314341,raw_data/run_953.csv,raw_data/run_953.json
954,single,2026-09-24 16:29,KAUST2023_N2_C0_CKMC_ESR_v10_0_oxygenless,7.19470340723424,219.28391901055394,20.0,10.0,2.0,106547.65379109007,raw_data/run_954.csv,raw_data/run_954.json
955,single,2026-09-24 16:29,KAUST2023_N2_C0_CKMC_ESR_v10_0_oxygenless,11.766236786600784,213.65118952476845,20.0,10.0,2.0,1631.8211474897805,raw_data/run_955.csv,raw_data/run_955.json
956,single,2026-09-24 16:29,KAUST2023_N2_C0_CKMC_ESR_v10_0_oxygenless,9.11367451838287,111.68117378665657,20.0,10.0,2.0,9097.654861801235,raw_data/run_956.csv,raw_data/run_956.json
957,single,2026-09-24 16:29,KAUST2023_N2_C0_CKMC_ESR_v10_0_oxygenless,11.897314373502983,270.11174353128393,20.0,10.0,2.0,9169.117745100624,raw_data/run_957.csv,raw_data/run_957.json
958,single,2026-09-24 16:29,KAUST2023_N2_C0_CKMC_ESR_v10_0_oxygenless,11.369395679243253,202.07371165602459,20.0,10.0,2.0,1767.3435020970726,raw_data/run_958.csv,raw_data/run_958.json
959,single,2026-09-24 16:29,KAUST2023_N2_C0_CKMC_ESR_v10_0_oxygenless,9.83024837966132,553.8885589463957,20.0,10.0,2.0,1437972742.923235,raw_data/run_959.csv,raw_data/run_959.json
960,single,2026-09-24 16:29,KAUST2023_N2_C0_CKMC_ESR_v10_0_oxygenless,9.731048865904594,161.02888717038596,20.0,10.0,2.0,2802.143333573526,raw_data/run_960.csv,raw_data/run_960.json
961,single,2026-09-24 16:29,KAUST2023_N2_C0_CKMC_ESR_v10_0_oxygenless,4.253258802727362,29.80415004238548,20.0,10.0,2.0,26788.188643190457,raw_data/run_961.csv,raw_data/run_961.json
962,single,2026-09-24 16:29,KAUST2023_N2_C0_CKMC_ESR_v10_0_oxygenless,7.678055226724855,61.53639050763369,20.0,10.0,2.0,40147.98202809114,raw_data/run_962.csv,raw_data/run_962.json
963,single,2026-09-24 16:29,KAUST2023_N2_C0_CKMC_ESR_v10_0_oxygenless,6.306814383012051,3.738450723503267,20.0,10.0,2.0,2697365590.439219,raw_data/run_963.csv,raw_data/run_963.json
964,single,2026-09-24 16:29,KAUST2023_N2_C0_CKMC_ESR_v10_0_oxygenless,11.927362686468975,218.14846801723357,20.0,10.0,2.0,1619.1788955342843,raw_data/run_964.csv,raw_data/run_964.json
965,single,2026-09-24 16:29,KAUST2023_N2_C0_CKMC_ESR_v10_0_oxygenless,11.943223521608301,197.32348448122465,20.0,10.0,2.0,2174.2017913154255,raw_data/run_965.csv,raw_data/run_965.json
966,single,2026-09-24 16:29,KAUST2023_N2_C0_CKMC_ESR_v10_0_oxygenless,9.057697145056848,219.84618092151183,20.0,10.0,2.0,5489.938144179887,raw_data/run_966.csv,raw_data/run_966.json
967,single,2026-09-24 16:29,KAUST2023_N2_C0_CKMC_ESR_v10_0_oxygenless,6.356180551778541,558.9383381124795,20.0,10.0,2.0,5797507.780851301,raw_data/run_967.csv,raw_data/run_967.json
968,single,2026-09-24 16:29,KAUST2023_N2_C0_CKMC_ESR_v10_0_oxygenless,2.887066093576224,214.3989278082939,20.0,10.0,2.0,50883517.153902754,raw_data/run_968.csv,raw_data/run_968.json
969,single,2026-09-24 16:29,KAUST2023_N2_C0_CKMC_ESR_v10_0_oxygenless,11.527088304099774,213.17991169210762,20.0,10.0,2.0,1624.6940990530652,raw_data/run_969.csv,raw_data/run_969.json
970,single,2026-09-24 16:29,KAUST2023_N2_C0_CKMC_ESR_v10_0_oxygenless,6.067464868136652,250.94246276131497,20.0,10.0,2.0,71671438.22675104,raw_data/run_970.csv,raw_data/run_970.json
971,single,2026-09-24 16:29,KAUST2023_N2_C0_CKMC_ESR_v10_0_oxygenless,2.971711880348899,20.569448619837136,20.0,10.0,2.0,5886.924948058497,raw_data/run_971.csv,raw_data/run_971.json
972,single,2026-09-24 16:29,KAUST2023_N2_C0_CKMC_ESR_v10_0_oxygenless,8.437050921682449,249.90663609654067,20.0,10.0,2.0,337160.17535917374,raw_data/run_972.csv,raw_data/run_972.json
973,single,2026-09-24 16:29,KAUST2023_N2_C0_CKMC_ESR_v10_0_oxygenless,10.16263123833425,182.95332505381194,20.0,10.0,2.0,1935.7007969315243,raw_data/run_973.csv,raw_data/run_973.json
974,single,2026-09-24 16:29,KAUST2023_N2_C0_CKMC_ESR_v10_0_oxygenless,5.063654407097244,315.78583070718986,20.0,10.0,2.0,21768294.433004986,raw_data/run_974.csv,raw_data/run_974.json
975,single,2026-09-24 16:29,KAUST2023_N2_C0_CKMC_ESR_v10_0_oxygenless,10.078952931677783,214.4081085779899,20.0,10.0,2.0,2496.749962876926,raw_data/run_975.csv,raw_data/run_975.json
976,single,2026-09-24 16:29,KAUST2023_N2_C0_CKMC_ESR_v10_0_oxygenless,10.914970070685879,255.80148152768518,20.0,10.0,2.0,8772.306221394618,raw_data/run_976.csv,raw_data/run_976.json
977,single,2026-09-24 16:29,KAUST2023_N2_C0_CKMC_ESR_v10_0_oxygenless,9.240845069167978,207.6736776499623,20.0,10.0,2.0,3005.0230324520394,raw_data/run_977.csv,raw_data/run_977.json
978,single,2026-09-24 16:29,KAUST2023_N2_C0_CKMC_ESR_v10_0_oxygenless,10.155711742916814,56.0604583685358,20.0,10.0,2.0,140961.75617538393,raw_data/run_978.csv,raw_data/run_978.json
979,single,2026-09-24 16:29,KAUST2023_N2_C0_CKMC_ESR_v10_0_oxygenless,11.858714602430082,243.83429688695495,20.0,10.0,2.0,3111.410927133977,raw_data/run_979.csv,raw_data/run_979.json
980,single,2026-09-24 16:29,KAUST2023_N2_C0_CKMC_ESR_v10_0_oxygenless,2.0439231101956725,76.04664091951395,20.0,10.0,2.0,98328541.86160398,raw_data/run_980.csv,raw_data/run_980.json
981,single,2026-09-24 16:29,KAUST2023_N2_C0_CKMC_ESR_v10_0_oxygenless,11.987818810322992,253.5765927887593,20.0,10.0,2.0,4166.259227935337,raw_data/run_981.csv,raw_data/run_981.json
982,single,2026-09-24 16:29,KAUST2023_N2_C0_CKMC_ESR_v10_0_oxygenless,9.080751138026638,194.12558825077855,20.0,10.0,2.0,2022.6963147979711,raw_data/run_982.csv,raw_data/run_982.json
983,single,2026-09-24 16:29,KAUST2023_N2_C0_CKMC_ESR_v10_0_oxygenless,10.698465904783854,175.65676256915881,20.0,10.0,2.0,2583.8830027565173,raw_data/run_983.csv,raw_data/run_983.json
984,single,2026-09-24 16:29,KAUST2023_N2_C0_CKMC_ESR_v10_0_oxygenless,10.935665741093404,214.70024454399172,20.0,10.0,2.0,1792.7817272512796,raw_data/run_984.csv,raw_data/run_984.json
985,single,2026-09-24 16:29,KAUST2023_N2_C0_CKMC_ESR_v10_0_oxygenless,11.18047606051927,73.86222162760558,20.0,10.0,2.0,72089.20278746208,raw_data/run_985.csv,raw_data/run_985.json
986,single,2026-09-24 16:29,KAUST2023_N2_C0_CKMC_ESR_v10_0_oxygenless,10.857844971819526,41.43134419459687,20.0,10.0,2.0,1094364.7554733304,raw_data/run_986.csv,raw_data/run_986.json
987,single,2026-09-24 16:29,KAUST2023_N2_C0_CKMC_ESR_v10_0_oxygenless,11.310302028034155,236.14596502650392,20.0,10.0,2.0,3035.0019547705365,raw_data/run_987.csv,raw_data/run_987.json
988,single,2026-09-24 16:29,KAUST2023_N2_C0_CKMC_ESR_v10_0_oxygenless,5.0393962168607915,219.28391901055394,20.0,10.0,2.0,46581334.44400844,raw_data/run_988.csv,raw_data/run_988.json
989,single,2026-09-24 16:29,KAUST2023_N2_C0_CKMC_ESR_v10_0_oxygenless,10.210432230894197,189.8003779233958,20.0,10.0,2.0,1737.9500751986086,raw_data/run_989.csv,raw_data/run_989.json
990,single,2026-09-24 16:29,KAUST2023_N2_C0_CKMC_ESR_v10_0_oxygenless,6.894941438536794,872.7483926994557,20.0,10.0,2.0,18753885.660479106,raw_data/run_990.csv,raw_data/run_990.json
991,single,2026-09-24 16:29,KAUST2023_N2_C0_CKMC_ESR_v10_0_oxygenless,11.739854170779651,212.40340866759493,20.0,10.0,2.0,1641.6470971909957,raw_data/run_991.csv,raw_data/run_991.json
992,single,2026-09-24 16:29,KAUST2023_N2_C0_CKMC_ESR_v10_0_oxygenless,2.5596337175872432,902.6154062914693,20.0,10.0,2.0,1.289623084539212e+96,raw_data/run_992.csv,raw_data/run_992.json
993,single,2026-09-24 16:29,KAUST2023_N2_C0_CKMC_ESR_v10_0_oxygenless,8.055998550751884,93.78007708363545,20.0,10.0,2.0,11581.62042941293,raw_data/run_993.csv,raw_data/run_993.json
994,single,2026-09-24 16:29,KAUST2023_N2_C0_CKMC_ESR_v10_0_oxygenless,9.159940473385529,200.40666825973634,20.0,10.0,2.0,2398.65693427148,raw_data/run_994.csv,raw_data/run_994.json
995,single,2026-09-24 16:29,KAUST2023_N2_C0_CKMC_ESR_v10_0_oxygenless,7.913347234645242,83.11668168011775,20.0,10.0,2.0,16491.470651364405,raw_data/run_995.csv,raw_data/run_995.json
996,single,2026-09-24 16:29,KAUST2023_N2_C0_CKMC_ESR_v10_0_oxygenless,11.225813018366658,189.8767094279646,20.0,10.0,2.0,2156.7485213059103,raw_data/run_996.csv,raw_data/run_996.json
997,single,2026-09-24 16:29,KAUST2023_N2_C0_CKMC_ESR_v10_0_oxygenless,1.267557997477505,156.43013492116538,20.0,10.0,2.0,15749749.354670567,raw_data/run_997.csv,raw_data/run_997.json
998,single,2026-09-24 16:29,KAUST2023_N2_C0_CKMC_ESR_v10_0_oxygenless,7.210052609734935,58.713724881622355,20.0,10.0,2.0,37288.563660477645,raw_data/run_998.csv,raw_data/run_998.json
999,single,2026-09-24 16:29,KAUST2023_N2_C0_CKMC_ESR_v10_0_oxygenless,10.910098703705367,207.587322677166,20.0,10.0,2.0,1640.4655759824589,raw_data/run_999.csv,raw_data/run_999.json
1000,single,2026-09-24 16:29,KAUST2023_N2_C0_CKMC_ESR_v10_0_oxygenless,9.361296591547704,125.94539204610945,20.0,10.0,2.0,6350.835464867825,raw_data/run_1000.csv,raw_data/run_1000.json
1001,single,2026-09-24 16:29,KAUST2023_N2_C0_CKMC_ESR_v10_0_oxygenless,11.680447282588583,558.9383381124795,20.0,10.0,2.0,45405020.44769072,raw_data/run_1001.csv,raw_data/run_1001.json
1002,single,2026-09-24 16:29,KAUST2023_N2_C0_CKMC_ESR_v10_0_oxygenless,2.396946512784754,43.15342158179728,20.0,10.0,2.0,1630054.9685360233,raw_data/run_1002.csv,raw_data/run_1002.json
1003,single,2026-09-24 16:29,KAUST2023_N2_C0_CKMC_ESR_v10_0_oxygenless,1.5947672354945344,213.17991169210762,20.0,10.0,2.0,7594291.289328414,raw_data/run_1003.csv,raw_data/run_1003.json
1004,single,2026-09-24 16:29,KAUST2023_N2_C0_CKMC_ESR_v10_0_oxygenless,7.675022128762933,181.50775495832144,20.0,10.0,2.0,2756.946300222744,raw_data/run_1004.csv,raw_data/run_1004.json
1005,single,2026-09-24 16:29,KAUST2023_N2_C0_CKMC_ESR_v10_0_oxygenless,11.972851968616554,216.11272492486182,20.0,10.0,2.0,1628.5401879389547,raw_data/run_1005.csv,raw_data/run_1005.json
1006,single,2026-09-24 16:29,KAUST2023_N2_C0_CKMC_ESR_v10_0_oxygenless,2.0797017067355323,120.74005578820835,20.0,10.0,2.0,17994035.310956877,raw_data/run_1006.csv,raw_data/run_1006.json
1007,single,2026-09-24 16:29,KAUST2023_N2_C0_CKMC_ESR_v10_0_oxygenless,11.98728911333109,228.26477813032844,20.0,10.0,2.0,1804.3916069732768,raw_data/run_1007.csv,raw_data/run_1007.json
1008,single,2026-09-24 16:29,KAUST2023_N2_C0_CKMC_ESR_v10_0_oxygenless,2.5732275407182135,29.24508413154039,20.0,10.0,2.0,8261.632524320596,raw_data/run_1008.csv,raw_data/run_1008.json
1009,single,2026-09-24 16:29,KAUST2023_N2_C0_CKMC_ESR_v10_0_oxygenless,10.000632996758867,397.97174455969974,20.0,10.0,2.0,38910372.85260273,raw_data/run_1009.csv,raw_data/run_1009.json
1010,single,2026-09-24 16:29,KAUST2023_N2_C0_CKMC_ESR_v10_0_oxygenless,10.914970070685879,209.13236896249435,20.0,10.0,2.0,1656.2676937059155,raw_data/run_1010.csv,raw_data/run_1010.json
1011,single,2026-09-24 16:29,KAUST2023_N2_C0_CKMC_ESR_v10_0_oxygenless,11.501885158710168,211.48304381996763,20.0,10.0,2.0,1628.9037347039177,raw_data/run_1011.csv,raw_data/run_1011.json
1012,single,2026-09-24 16:29,KAUST2023_N2_C0_CKMC_ESR_v10_0_oxygenless,11.325066058128503,221.2569442299372,20.0,10.0,2.0,1858.1055129104375,raw_data/run_1012.csv,raw_data/run_1012.json
1013,single,2026-09-24 16:29,KAUST2023_N2_C0_CKMC_ESR_v10_0_oxygenless,10.947380884924637,372.32217821088085,20.0,10.0,2.0,168680345.06681278,raw_data/run_1013.csv,raw_data/run_1013.json
1014,single,2026-09-24 16:29,KAUST2023_N2_C0_CKMC_ESR_v10_0_oxygenless,11.746859611697568,267.9638888764214,20.0,10.0,2.0,9112.26411136889,raw_data/run_1014.csv,raw_data/run_1014.json
1015,single,2026-09-24 16:29,KAUST2023_N2_C0_CKMC_ESR_v10_0_oxygenless,8.629580523098994,82.57864694093995,20.0,10.0,2.0,22283.544900858717,raw_data/run_1015.csv,raw_data/run_1015.json
1016,single,2026-09-24 16:29,KAUST2023_N2_C0_CKMC_ESR_v10_0_oxygenless,11.758096933864524,194.12558825077855,20.0,10.0,2.0,2229.024646208099,raw_data/run_1016.csv,raw_data/run_1016.json
1017,single,2026-09-24 16:29,KAUST2023_N2_C0_CKMC_ESR_v10_0_oxygenless,5.040070319887259,280.4661398966086,20.0,10.0,2.0,34649417.80761594,raw_data/run_1017.csv,raw_data/run_1017.json
1018,single,2026-09-24 16:29,KAUST2023_N2_C0_CKMC_ESR_v10_0_oxygenless,6.627896714213907,214.70024454399172,20.0,10.0,2.0,330735.24965989264,raw_data/run_1018.csv,raw_data/run_1018.json
1019,single,2026-09-24 16:29,KAUST2023_N2_C0_CKMC_ESR_v10_0_oxygenless,6.799519097368979,117.49657543753901,20.0,10.0,2.0,3150.661676577333,raw_data/run_1019.csv,raw_data/run_1019.json
1020,single,2026-09-24 16:29,KAUST2023_N2_C0_CKMC_ESR_v10_0_oxygenless,11.72387867603626,214.20265640727666,20.0,10.0,2.0,1625.313489266263,raw_data/run_1020.csv,raw_data/run_1020.json
1021,single,2026-09-24 16:29,KAUST2023_N2_C0_CKMC_ESR_v10_0_oxygenless,11.94803950943593,211.89638706955887,20.0,10.0,2.0,1685.2445034432083,raw_data/run_1021.csv,raw_data/run_1021.json
1022,single,2026-09-24 16:29,KAUST2023_N2_C0_CKMC_ESR_v10_0_oxygenless,1.5861564152622822,600.6015967667188,20.0,10.0,2.0,2.2105887618280896e+47,raw_data/run_1022.csv,raw_data/run_1022.json
1023,single,2026-09-24 16:29,KAUST2023_N2_C0_CKMC_ESR_v10_0_oxygenless,9.569000325914878,192.37495836732353,20.0,10.0,2.0,1686.4965182876736,raw_data/run_1023.csv,raw_data/run_1023.json
1024,single,2026-09-24 16:29,KAUST2023_N2_C0_CKMC_ESR_v10_0_oxygenless,11.739854170779651,229.77579499747662,20.0,10.0,2.0,2032.1242014280183,raw_data/run_1024.csv,raw_data/run_1024.json
1025,single,2026-09-24 16:29,KAUST2023_N2_C0_CKMC_ESR_v10_0_oxygenless,7.8028387789915925,219.5393496790592,20.0,10.0,2.0,24880.21965332493,raw_data/run_1025.csv,raw_data/run_1025.json
1026,single,2026-09-24 16:29,KAUST2023_N2_C0_CKMC_ESR_v10_0_oxygenless,11.40855168309039,127.81606061434275,20.0,10.0,2.0,10773.736001574689,raw_data/run_1026.csv,raw_data/run_1026.json
1027,single,2026-09-24 16:29,KAUST2023_N2_C0_CKMC_ESR_v10_0_oxygenless,11.945337832941448,200.40666825973634,20.0,10.0,2.0,2044.2792117502538,raw_data/run_1027.csv,raw_data/run_1027.json
1028,single,2026-09-24 16:29,KAUST2023_N2_C0_CKMC_ESR_v10_0_oxygenless,7.47631772188787,79.84412534044922,20.0,10.0,2.0,15592.024973717682,raw_data/run_1028.csv,raw_data/run_1028.json
1029,single,2026-09-24 16:29,KAUST2023_N2_C0_CKMC_ESR_v10_0_oxygenless,9.751800927462787,218.94325328753922,20.0,10.0,2.0,3491.7798928251514,raw_data/run_1029.csv,raw_data/run_1029.json
1030,single,2026-09-24 16:29,KAUST2023_N2_C0_CKMC_ESR_v10_0_oxygenless,3.3985780297739843,1.6090912364488796,20.0,10.0,2.0,1212831690.8345528,raw_data/run_1030.csv,raw_data/run_1030.json
1031,single,2026-09-24 16:29,KAUST2023_N2_C0_CKMC_ESR_v10_0_oxygenless,9.540580308000937,874.9040934482914,20.0,10.0,2.0,1.7976931348623157e+308,raw_data/run_1031.csv,raw_data/run_1031.json
1032,single,2026-09-24 16:29,KAUST2023_N2_C0_CKMC_ESR_v10_0_oxygenless,1.7304726047436843,252.30141442989162,20.0,10.0,2.0,6334817.4758467795,raw_data/run_1032.csv,raw_data/run_1032.json
1033,single,2026-09-24 16:29,KAUST2023_N2_C0_CKMC_ESR_v10_0_oxygenless,9.361296591547704,188.25154372923183,20.0,10.0,2.0,1671.1465317438212,raw_data/run_1033.csv,raw_data/run_1033.json
1034,single,2026-09-24 16:29,KAUST2023_N2_C0_CKMC_ESR_v10_0_oxygenless,6.356180551778541,203.03235986515446,20.0,10.0,2.0,118844.57093509145,raw_data/run_1034.csv,raw_data/run_1034.json
1035,single,2026-09-24 16:29,KAUST2023_N2_C0_CKMC_ESR_v10_0_oxygenless,11.44352752088439,250.92907730412372,20.0,10.0,2.0,4924.665441763218,raw_data/run_1035.csv,raw_data/run_1035.json
1036,single,2026-09-24 16:29,KAUST2023_N2_C0_CKMC_ESR_v10_0_oxygenless,3.0654222676636547,213.17991169210762,20.0,10.0,2.0,57542290.89233063,raw_data/run_1036.csv,raw_data/run_1036.json
1037,single,2026-09-24 16:29,KAUST2023_N2_C0_CKMC_ESR_v10_0_oxygenless,10.346278777636927,236.0722142197917,20.0,10.0,2.0,4926.721497757082,raw_data/run_1037.csv,raw_data/run_1037.json
1038,single,2026-09-24 16:29,KAUST2023_N2_C0_CKMC_ESR_v10_0_oxygenless,11.972851968616554,199.44920974893301,20.0,10.0,2.0,2095.95792893196,raw_data/run_1038.csv,raw_data/run_1038.json
1039,single,2026-09-24 16:29,KAUST2023_N2_C0_CKMC_ESR_v10_0_oxygenless,11.667939755784744,33.68116151447383,20.0,10.0,2.0,6993851.016021279,raw_data/run_1039.csv,raw_data/run_1039.json
1040,single,2026-09-24 16:29,KAUST2023_N2_C0_CKMC_ESR_v10_0_oxygenless,11.896275895353993,227.89709794242526,20.0,10.0,2.0,1835.6165537332377,raw_data/run_1040.csv,raw_data/run_1040.json
1041,single,2026-09-24 16:29,KAUST2023_N2_C0_CKMC_ESR_v10_0_oxygenless,6.945332667756334,212.77749108273,20.0,10.0,2.0,83189.0543865319,raw_data/run_1041.csv,raw_data/run_1041.json
1042,single,2026-09-24 16:29,KAUST2023_N2_C0_CKMC_ESR_v10_0_oxygenless,9.957384177954669,195.8781703794738,20.0,10.0,2.0,1658.3845470340395,raw_data/run_1042.csv,raw_data/run_1042.json
1043,single,2026-09-24 16:29,KAUST2023_N2_C0_CKMC_ESR_v10_0_oxygenless,7.113489337739533,228.10105473101024,20.0,10.0,2.0,607308.7286107137,raw_data/run_1043.csv,raw_data/run_1043.json
1044,single,2026-09-24 16:29,KAUST2023_N2_C0_CKMC_ESR_v10_0_oxygenless,11.501885158710168,170.90211396412712,20.0,10.0,2.0,3532.642777691116,raw_data/run_1044.csv,raw_data/run_1044.json
1045,single,2026-09-24 16:29,KAUST2023_N2_C0_CKMC_ESR_v10_0_oxygenless,4.543451538453378,192.6022864757657,20.0,10.0,2.0,38970751.30442,raw_data/run_1045.csv,raw_data/run_1045.json
1046,single,2026-09-24 16:29,KAUST2023_N2_C0_CKMC_ESR_v10_0_oxygenless,8.798127315876286,225.11464030093305,20.0,10.0,2.0,9293.89717770619,raw_data/run_1046.csv,raw_data/run_1046.json
1047,single,2026-09-24 16:29,KAUST2023_N2_C0_CKMC_ESR_v10_0_oxygenless,11.43148947784721,267.9638888764214,20.0,10.0,2.0,11974.629684664073,raw_data/run_1047.csv,raw_data/run_1047.json
1048,single,2026-09-24 16:29,KAUST2023_N2_C0_CKMC_ESR_v10_0_oxygenless,1.2610299512221257,939.8072647113237,20.0,10.0,2.0,2.050073534335563e+96,raw_data/run_1048.csv,raw_data/run_1048.json
1049,single,2026-09-24 16:29,KAUST2023_N2_C0_CKMC_ESR_v10_0_oxygenless,9.080751138026638,236.67819707541878,20.0,10.0,2.0,16120.150003235065,raw_data/run_1049.csv,raw_data/run_1049.json
1050,single,2026-09-24 16:29,KAUST2023_N2_C0_CKMC_ESR_v10_0_oxygenless,11.995324455055238,232.54648266316994,20.0,10.0,2.0,2009.0904112575377,raw_data/run_1050.csv,raw_data/run_1050.json
1051,single,2026-09-24 16:29,KAUST2023_N2_C0_CKMC_ESR_v10_0_oxygenless,7.03889044618256,253.59839632846766,20.0,10.0,2.0,36150573.657950215,raw_data/run_1051.csv,raw_data/run_1051.json
1052,single,2026-09-24 16:29,KAUST2023_N2_C0_CKMC_ESR_v10_0_oxygenless,1.6430048661215537,6.178446110063873,20.0,10.0,2.0,4.032513881869654e+112,raw_data/run_1052.csv,raw_data/run_1052.json
1053,single,2026-09-24 16:29,KAUST2023_N2_C0_CKMC_ESR_v10_0_oxygenless,11.079143191075742,209.3062203296952,20.0,10.0,2.0,1635.5396575860393,raw_data/run_1053.csv,raw_data/run_1053.json
1054,single,2026-09-24 16:29,KAUST2023_N2_C0_CKMC_ESR_v10_0_oxygenless,8.508619569730286,242.26016205971,20.0,10.0,2.0,89503.99694223728,raw_data/run_1054.csv,raw_data/run_1054.json
1055,single,2026-09-24 16:29,KAUST2023_N2_C0_CKMC_ESR_v10_0_oxygenless,9.376041243159907,191.18184110107705,20.0,10.0,2.0,1719.1358822068323,raw_data/run_1055.csv,raw_data/run_1055.json
1056,single,2026-09-24 16:29,KAUST2023_N2_C0_CKMC_ESR_v10_0_oxygenless,11.631786126441371,207.7992020019068,20.0,10.0,2.0,1698.5535862061934,raw_data/run_1056.csv,raw_data/run_1056.json
1057,single,2026-09-24 16:29,KAUST2023_N2_C0_CKMC_ESR_v10_0_oxygenless,7.8308353110997375,212.40340866759493,20.0,10.0,2.0,11914.241953222845,raw_data/run_1057.csv,raw_data/run_1057.json
1058,single,2026-09-24 16:29,KAUST2023_N2_C0_CKMC_ESR_v10_0_oxygenless,11.642447466656249,213.66221982157117,20.0,10.0,2.0,1624.6854033116354,raw_data/run_1058.csv,raw_data/run_1058.json
1059,single,2026-09-24 16:29,KAUST2023_N2_C0_CKMC_ESR_v10_0_oxygenless,2.4262314438433723,916.0349557317113,20.0,10.0,2.0,4.8558912654640135e+98,raw_data/run_1059.csv,raw_data/run_1059.json
1060,single,2026-09-24 16:29,KAUST2023_N2_C0_CKMC_ESR_v10_0_oxygenless,5.634586908187172,232.1222510287983,20.0,10.0,2.0,50753712.49518445,raw_data/run_1060.csv,raw_data/run_1060.json
1061,single,2026-09-24 16:29,KAUST2023_N2_C0_CKMC_ESR_v10_0_oxygenless,11.050051820675987,255.62066553833816,20.0,10.0,2.0,7804.456228922758,raw_data/run_1061.csv,raw_data/run_1061.json
1062,single,2026-09-24 16:29,KAUST2023_N2_C0_CKMC_ESR_v10_0_oxygenless,8.08076307259809,50.258660408335665,20.0,10.0,2.0,93827.17934832627,raw_data/run_1062.csv,raw_data/run_1062.json
1063,single,2026-09-24 16:29,KAUST2023_N2_C0_CKMC_ESR_v10_0_oxygenless,2.979989072834391,3.0211621498740597,20.0,10.0,2.0,21348340.775451902,raw_data/run_1063.csv,raw_data/run_1063.json
1064,single,2026-09-24 16:29,KAUST2023_N2_C0_CKMC_ESR_v10_0_oxygenless,11.57400708444742,208.12516665514855,20.0,10.0,2.0,1679.4044389193455,raw_data/run_1064.csv,raw_data/run_1064.json
1065,single,2026-09-24 16:29,KAUST2023_N2_C0_CKMC_ESR_v10_0_oxygenless,10.910098703705367,255.9824562915798,20.0,10.0,2.0,8903.218988212853,raw_data/run_1065.csv,raw_data/run_1065.json
1066,single,2026-09-24 16:29,KAUST2023_N2_C0_CKMC_ESR_v10_0_oxygenless,10.877919172140826,184.78285573495364,20.0,10.0,2.0,2211.1825826812533,raw_data/run_1066.csv,raw_data/run_1066.json
1067,single,2026-09-24 16:29,KAUST2023_N2_C0_CKMC_ESR_v10_0_oxygenless,6.356180551778541,182.42504930257357,20.0,10.0,2.0,9396.631225536863,raw_data/run_1067.csv,raw_data/run_1067.json
1068,single,2026-09-24 16:29,KAUST2023_N2_C0_CKMC_ESR_v10_0_oxygenless,11.44352752088439,192.5945002893363,20.0,10.0,2.0,2143.0999330557997,raw_data/run_1068.csv,raw_data/run_1068.json
1069,single,2026-09-24 16:29,KAUST2023_N2_C0_CKMC_ESR_v10_0_oxygenless,11.527088304099774,200.03577093072616,20.0,10.0,2.0,1886.1027337707342,raw_data/run_1069.csv,raw_data/run_1069.json
1070,single,2026-09-24 16:29,KAUST2023_N2_C0_CKMC_ESR_v10_0_oxygenless,2.1740491195477603,241.67685254957283,20.0,10.0,2.0,8802627.269553013,raw_data/run_1070.csv,raw_data/run_1070.json
1071,single,2026-09-24 16:29,KAUST2023_N2_C0_CKMC_ESR_v10_0_oxygenless,11.972851968616554,225.47687710312326,20.0,10.0,2.0,1715.3394215555816,raw_data/run_1071.csv,raw_data/run_1071.json
1072,single,2026-09-24 16:29,KAUST2023_N2_C0_CKMC_ESR_v10_0_oxygenless,10.85294630910105,198.43592023886455,20.0,10.0,2.0,1711.884339588094,raw_data/run_1072.csv,raw_data/run_1072.json
1073,single,2026-09-24 16:29,KAUST2023_N2_C0_CKMC_ESR_v10_0_oxygenless,10.539589230903028,282.8957395627866,20.0,10.0,2.0,224349.2857396473,raw_data/run_1073.csv,raw_data/run_1073.json
1074,single,2026-09-24 16:29,KAUST2023_N2_C0_CKMC_ESR_v10_0_oxygenless,3.600594940409587,8.621924993870664,20.0,10.0,2.0,1101129.221688986,raw_data/run_1074.csv,raw_data/run_1074.json
1075,single,2026-09-24 16:29,KAUST2023_N2_C0_CKMC_ESR_v10_0_oxygenless,10.929949838129371,191.48013565916713,20.0,10.0,2.0,1952.3433540193466,raw_data/run_1075.csv,raw_data/run_1075.json
1076,single,2026-09-24 16:29,KAUST2023_N2_C0_CKMC_ESR_v10_0_oxygenless,10.914970070685879,287.3451441226944,20.0,10.0,2.0,183284.3895599894,raw_data/run_1076.csv,raw_data/run_1076.json
1077,single,2026-09-24 16:29,KAUST2023_N2_C0_CKMC_ESR_v10_0_oxygenless,10.077224948196388,197.294545886559,20.0,10.0,2.0,1655.1954354646311,raw_data/run_1077.csv,raw_data/run_1077.json
1078,single,2026-09-24 16:29,KAUST2023_N2_C0_CKMC_ESR_v10_0_oxygenless,9.805972364678585,279.33795155380216,20.0,10.0,2.0,784611.0730652205,raw_data/run_1078.csv,raw_data/run_1078.json
1079,single,2026-09-24 16:29,KAUST2023_N2_C0_CKMC_ESR_v10_0_oxygenless,9.76714842431064,192.7008006082247,20.0,10.0,2.0,1656.0003571363136,raw_data/run_1079.csv,raw_data/run_1079.json
1080,single,2026-09-24 16:29,KAUST2023_N2_C0_CKMC_ESR_v10_0_oxygenless,4.269002135275808,225.47687710312326,20.0,10.0,2.0,37808470.87604701,raw_data/run_1080.csv,raw_data/run_1080.json
1081,single,2026-09-24 16:29,KAUST2023_N2_C0_CKMC_ESR_v10_0_oxygenless,11.987818810322992,177.77411850103357,20.0,10.0,2.0,3379.9267631269713,raw_data/run_1081.csv,raw_data/run_1081.json
1082,single,2026-09-24 16:29,KAUST2023_N2_C0_CKMC_ESR_v10_0_oxygenless,5.959713990931034,182.66623090172297,20.0,10.0,2.0,21533.564804603,raw_data/run_1082.csv,raw_data/run_1082.json
1083,single,2026-09-24 16:29,KAUST2023_N2_C0_CKMC_ESR_v10_0_oxygenless,10.45133547265019,212.60090691429747,20.0,10.0,2.0,1995.5080813605443,raw_data/run_1083.csv,raw_data/run_1083.json
1084,single,2026-09-24 16:29,KAUST2023_N2_C0_CKMC_ESR_v10_0_oxygenless,10.935665741093404,240.49447190590806,20.0,10.0,2.0,4268.448641340002,raw_data/run_1084.csv,raw_data/run_1084.json
1085,single,2026-09-24 16:29,KAUST2023_N2_C0_CKMC_ESR_v10_0_oxygenless,5.766022989236198,195.50084296927156,20.0,10.0,2.0,314421.009304891,raw_data/run_1085.csv,raw_data/run_1085.json
1086,single,2026-09-24 16:29,KAUST2023_N2_C0_CKMC_ESR_v10_0_oxygenless,7.195249571273257,214.20265640727666,20.0,10.0,2.0,51003.874172301774,raw_data/run_1086.csv,raw_data/run_1086.json
1087,single,2026-09-24 16:29,KAUST2023_N2_C0_CKMC_ESR_v10_0_oxygenless,11.85282193300838,250.76897831376138,20.0,10.0,2.0,4004.5010072562604,raw_data/run_1087.csv,raw_data/run_1087.json
1088,single,2026-09-24 16:29,KAUST2023_N2_C0_CKMC_ESR_v10_0_oxygenless,11.985570038914963,239.4854881044238,20.0,10.0,2.0,2523.1741987356622,raw_data/run_1088.csv,raw_data/run_1088.json
1089,single,2026-09-24 16:29,KAUST2023_N2_C0_CKMC_ESR_v10_0_oxygenless,11.46492206242274,221.75714723856257,20.0,10.0,2.0,1804.2537435654656,raw_data/run_1089.csv,raw_data/run_1089.json
1090,single,2026-09-24 16:29,KAUST2023_N2_C0_CKMC_ESR_v10_0_oxygenless,4.53926701643282,211.74305593626306,20.0,10.0,2.0,43620133.84182364,raw_data/run_1090.csv,raw_data/run_1090.json
1091,single,2026-09-24 16:29,KAUST2023_N2_C0_CKMC_ESR_v10_0_oxygenless,10.688013269967266,209.0695304847461,20.0,10.0,2.0,1715.5791632602695,raw_data/run_1091.csv,raw_data/run_1091.json
1092,single,2026-09-24 16:29,KAUST2023_N2_C0_CKMC_ESR_v10_0_oxygenless,3.04745217628496,239.7607677094968,20.0,10.0,2.0,63569076.608880974,raw_data/run_1092.csv,raw_data/run_1092.json
1093,single,2026-09-24 16:29,KAUST2023_N2_C0_CKMC_ESR_v10_0_oxygenless,11.647539707016461,224.93759178896306,20.0,10.0,2.0,1841.2758977779927,raw_data/run_1093.csv,raw_data/run_1093.json
1094,single,2026-09-24 16:29,KAUST2023_N2_C0_CKMC_ESR_v10_0_oxygenless,6.1803939975177435,252.8005064493895,20.0,10.0,2.0,155283310.42689008,raw_data/run_1094.csv,raw_data/run_1094.json
1095,single,2026-09-24 16:29,KAUST2023_N2_C0_CKMC_ESR_v10_0_oxygenless,9.941833785797295,170.33666305499528,20.0,10.0,2.0,2392.389342451544,raw_data/run_1095.csv,raw_data/run_1095.json
1096,single,2026-09-24 16:29,KAUST2023_N2_C0_CKMC_ESR_v10_0_oxygenless,8.549413384949428,558.6081712647091,20.0,10.0,2.0,1.7976931348623157e+308,raw_data/run_1096.csv,raw_data/run_1096.json
1097,single,2026-09-24 16:29,KAUST2023_N2_C0_CKMC_ESR_v10_0_oxygenless,2.218096998268459,37.65802356707504,20.0,10.0,2.0,156507175.10210884,raw_data/run_1097.csv,raw_data/run_1097.json
1098,single,2026-09-24 16:29,KAUST2023_N2_C0_CKMC_ESR_v10_0_oxygenless,11.9222287701002,183.99120609164967,20.0,10.0,2.0,2885.498948817339,raw_data/run_1098.csv,raw_data/run_1098.json
1099,single,2026-09-24 16:29,KAUST2023_N2_C0_CKMC_ESR_v10_0_oxygenless,11.405667985309949,210.82739250156362,20.0,10.0,2.0,1628.0917785429165,raw_data/run_1099.csv,raw_data/run_1099.json
1100,single,2026-09-24 16:29,KAUST2023_N2_C0_CKMC_ESR_v10_0_oxygenless,10.692469108511903,204.68842190302027,20.0,10.0,2.0,1642.3417563715523,raw_data/run_1100.csv,raw_data/run_1100.json
1101,single,2026-09-24 16:29,KAUST2023_N2_C0_CKMC_ESR_v10_0_oxygenless,8.353564887034274,235.29685233515573,20.0,10.0,2.0,51069.098044647144,raw_data/run_1101.csv,raw_data/run_1101.json
1102,single,2026-09-24 16:29,KAUST2023_N2_C0_CKMC_ESR_v10_0_oxygenless,9.616486922437591,229.81476768591656,20.0,10.0,2.0,5935.729714214776,raw_data/run_1102.csv,raw_data/run_1102.json
1103,single,2026-09-24 16:29,KAUST2023_N2_C0_CKMC_ESR_v10_0_oxygenless,11.90917895016606,215.02123472738262,20.0,10.0,2.0,1632.5392627456793,raw_data/run_1103.csv,raw_data/run_1103.json
1104,single,2026-09-24 16:29,KAUST2023_N2_C0_CKMC_ESR_v10_0_oxygenless,7.675022128762933,224.43350122267037,20.0,10.0,2.0,60447.26491343833,raw_data/run_1104.csv,raw_data/run_1104.json
1105,single,2026-09-24 16:29,KAUST2023_N2_C0_CKMC_ESR_v10_0_oxygenless,11.571247667102377,216.11272492486182,20.0,10.0,2.0,1634.929149115767,raw_data/run_1105.csv,raw_data/run_1105.json
1106,single,2026-09-24 16:29,KAUST2023_N2_C0_CKMC_ESR_v10_0_oxygenless,9.271095589780849,218.53262073858326,20.0,10.0,2.0,4506.395752705069,raw_data/run_1106.csv,raw_data/run_1106.json
1107,single,2026-09-24 16:29,KAUST2023_N2_C0_CKMC_ESR_v10_0_oxygenless,11.98728911333109,235.29685233515573,20.0,10.0,2.0,2191.5374039875237,raw_data/run_1107.csv,raw_data/run_1107.json
1108,single,2026-09-24 16:29,KAUST2023_N2_C0_CKMC_ESR_v10_0_oxygenless,7.272920121073546,10.494669175476814,20.0,10.0,2.0,366019216.6708408,raw_data/run_1108.csv,raw_data/run_1108.json
1109,single,2026-09-24 16:29,KAUST2023_N2_C0_CKMC_ESR_v10_0_oxygenless,10.830507621426689,218.67977131357569,20.0,10.0,2.0,2061.4443152045355,raw_data/run_1109.csv,raw_data/run_1109.json
1110,single,2026-09-24 16:29,KAUST2023_N2_C0_CKMC_ESR_v10_0_oxygenless,10.476620307923756,209.13236896249435,20.0,10.0,2.0,1810.0925153931921,raw_data/run_1110.csv,raw_data/run_1110.json
1111,single,2026-09-24 16:29,KAUST2023_N2_C0_CKMC_ESR_v10_0_oxygenless,9.01984692510917,193.57209251552962,20.0,10.0,2.0,2042.7032262621196,raw_data/run_1111.csv,raw_data/run_1111.json
1112,single,2026-09-24 16:29,KAUST2023_N2_C0_CKMC_ESR_v10_0_oxygenless,10.155711742916814,224.7553989736261,20.0,10.0,2.0,3516.009197891333,raw_data/run_1112.csv,raw_data/run_1112.json
1113,single,2026-09-24 16:29,KAUST2023_N2_C0_CKMC_ESR_v10_0_oxygenless,9.142887647077629,208.06662781109497,20.0,10.0,2.0,3218.9099162566886,raw_data/run_1113.csv,raw_data/run_1113.json
1114,single,2026-09-24 16:29,KAUST2023_N2_C0_CKMC_ESR_v10_0_oxygenless,2.1449109192906617,267.9638888764214,20.0,10.0,2.0,7454239.614788734,raw_data/run_1114.csv,raw_data/run_1114.json
1115,single,2026-09-24 16:29,KAUST2023_N2_C0_CKMC_ESR_v10_0_oxygenless,11.937942904678915,227.07198696155274,20.0,10.0,2.0,1781.88209384299,raw_data/run_1115.csv,raw_data/run_1115.json
1116,single,2026-09-24 16:29,KAUST2023_N2_C0_CKMC_ESR_v10_0_oxygenless,9.080751138026638,208.45187041772246,20.0,10.0,2.0,3381.8186481123435,raw_data/run_1116.csv,raw_data/run_1116.json
1117,single,2026-09-24 16:29,KAUST2023_N2_C0_CKMC_ESR_v10_0_oxygenless,11.64273674518713,215.28237657335634,20.0,10.0,2.0,1623.948613357444,raw_data/run_1117.csv,raw_data/run_1117.json
1118,single,2026-09-24 16:29,KAUST2023_N2_C0_CKMC_ESR_v10_0_oxygenless,11.607799074985774,207.06942788577325,20.0,10.0,2.0,1708.6734655991281,raw_data/run_1118.csv,raw_data/run_1118.json
1119,single,2026-09-24 16:29,KAUST2023_N2_C0_CKMC_ESR_v10_0_oxygenless,2.1055125437259425,7.059429384001321,20.0,10.0,2.0,2.0581619930840187e+18,raw_data/run_1119.csv,raw_data/run_1119.json
1120,single,2026-09-24 16:29,KAUST2023_N2_C0_CKMC_ESR_v10_0_oxygenless,3.5248455328208324,214.20265640727666,20.0,10.0,2.0,32909839.0976301,raw_data/run_1120.csv,raw_data/run_1120.json
1121,single,2026-09-24 16:29,KAUST2023_N2_C0_CKMC_ESR_v10_0_oxygenless,11.973605299523571,215.11201101978787,20.0,10.0,2.0,1638.5733902147447,raw_data/run_1121.csv,raw_data/run_1121.json
1122,single,2026-09-24 16:29,KAUST2023_N2_C0_CKMC_ESR_v10_0_oxygenless,11.734323137412693,208.21657222946996,20.0,10.0,2.0,1714.2994036043756,raw_data/run_1122.csv,raw_data/run_1122.json
1123,single,2026-09-24 16:29,KAUST2023_N2_C0_CKMC_ESR_v10_0_oxygenless,8.226860963208665,196.19962907894418,20.0,10.0,2.0,3470.4416265048435,raw_data/run_1123.csv,raw_data/run_1123.json
1124,single,2026-09-24 16:29,KAUST2023_N2_C0_CKMC_ESR_v10_0_oxygenless,11.867686068870748,217.74497886133332,20.0,10.0,2.0,1620.372972718605,raw_data/run_1124.csv,raw_data/run_1124.json
1125,single,2026-09-24 16:29,KAUST2023_N2_C0_CKMC_ESR_v10_0_oxygenless,11.642447466656249,248.69709072754605,20.0,10.0,2.0,4098.073934971815,raw_data/run_1125.csv,raw_data/run_1125.json
1126,single,2026-09-24 16:29,KAUST2023_N2_C0_CKMC_ESR_v10_0_oxygenless,11.718563422032995,214.85162364623372,20.0,10.0,2.0,1622.7729116107885,raw_data/run_1126.csv,raw_data/run_1126.json
1127,single,2026-09-24 16:29,KAUST2023_N2_C0_CKMC_ESR_v10_0_oxygenless,11.929813723039118,227.6782598744923,20.0,10.0,2.0,1809.2141701567296,raw_data/run_1127.csv,raw_data/run_1127.json
1128,single,2026-09-24 16:29,KAUST2023_N2_C0_CKMC_ESR_v10_0_oxygenless,11.753839553618661,216.02357192202578,20.0,10.0,2.0,1621.5337106623042,raw_data/run_1128.csv,raw_data/run_1128.json
1129,single,2026-09-24 16:29,KAUST2023_N2_C0_CKMC_ESR_v10_0_oxygenless,11.478773674731794,215.1053443914303,20.0,10.0,2.0,1637.2277502851719,raw_data/run_1129.csv,raw_data/run_1129.json
1130,single,2026-09-24 16:29,KAUST2023_N2_C0_CKMC_ESR_v10_0_oxygenless,5.449328625702465,281.1403897594696,20.0,10.0,2.0,39949206.81951135,raw_data/run_1130.csv,raw_data/run_1130.json
1131,single,2026-09-24 16:29,KAUST2023_N2_C0_CKMC_ESR_v10_0_oxygenless,7.2646805227328315,189.74562936256467,20.0,10.0,2.0,5187.684967267433,raw_data/run_1131.csv,raw_data/run_1131.json
1132,single,2026-09-24 16:29,KAUST2023_N2_C0_CKMC_ESR_v10_0_oxygenless,11.405667985309949,234.31491116397478,20.0,10.0,2.0,2719.367128309821,raw_data/run_1132.csv,raw_data/run_1132.json
1133,single,2026-09-24 16:29,KAUST2023_N2_C0_CKMC_ESR_v10_0_oxygenless,10.692469108511903,214.0832280755633,20.0,10.0,2.0,1904.3432852418862,raw_data/run_1133.csv,raw_data/run_1133.json
1134,single,2026-09-24 16:29,KAUST2023_N2_C0_CKMC_ESR_v10_0_oxygenless,11.889322879112225,229.17673588347512,20.0,10.0,2.0,1898.5889674430896,raw_data/run_1134.csv,raw_data/run_1134.json
1135,single,2026-09-24 16:29,KAUST2023_N2_C0_CKMC_ESR_v10_0_oxygenless,11.44352752088439,225.64511287719353,20.0,10.0,2.0,2007.6436722325188,raw_data/run_1135.csv,raw_data/run_1135.json
1136,single,2026-09-24 16:29,KAUST2023_N2_C0_CKMC_ESR_v10_0_oxygenless,11.20889670375037,213.17991169210762,20.0,10.0,2.0,1658.1730620739977,raw_data/run_1136.csv,raw_data/run_1136.json
1137,single,2026-09-24 16:29,KAUST2023_N2_C0_CKMC_ESR_v10_0_oxygenless,10.121047568993363,206.94067607732103,20.0,10.0,2.0,1927.618038581718,raw_data/run_1137.csv,raw_data/run_1137.json
1138,single,2026-09-24 16:29,KAUST2023_N2_C0_CKMC_ESR_v10_0_oxygenless,6.321191371708295,238.87353442467167,20.0,10.0,2.0,44712502.0031029,raw_data/run_1138.csv,raw_data/run_1138.json
1139,single,2026-09-24 16:29,KAUST2023_N2_C0_CKMC_ESR_v10_0_oxygenless,10.85294630910105,199.96006177116453,20.0,10.0,2.0,1681.5481323421889,raw_data/run_1139.csv,raw_data/run_1139.json
1140,single,2026-09-24 16:29,KAUST2023_N2_C0_CKMC_ESR_v10_0_oxygenless,8.064114021927422,211.83890200116386,20.0,10.0,2.0,8488.077328676658,raw_data/run_1140.csv,raw_data/run_1140.json
1141,single,2026-09-24 16:29,KAUST2023_N2_C0_CKMC_ESR_v10_0_oxygenless,5.792222825581567,50.80952136174182,20.0,10.0,2.0,25060.024157194825,raw_data/run_1141.csv,raw_data/run_1141.json
1142,single,2026-09-24 16:29,KAUST2023_N2_C0_CKMC_ESR_v10_0_oxygenless,10.815150675591594,195.8781703794738,20.0,10.0,2.0,1764.3078966467226,raw_data/run_1142.csv,raw_data/run_1142.json
1143,single,2026-09-24 16:29,KAUST2023_N2_C0_CKMC_ESR_v10_0_oxygenless,10.914970070685879,228.48935051034724,20.0,10.0,2.0,2771.7334149781477,raw_data/run_1143.csv,raw_data/run_1143.json
1144,single,2026-09-24 16:29,KAUST2023_N2_C0_CKMC_ESR_v10_0_oxygenless,11.977289018197107,218.63654290133866,20.0,10.0,2.0,1618.4341733800475,raw_data/run_1144.csv,raw_data/run_1144.json
1145,single,2026-09-24 16:29,KAUST2023_N2_C0_CKMC_ESR_v10_0_oxygenless,10.685813683999301,218.5184495160121,20.0,10.0,2.0,2176.5880564363465,raw_data/run_1145.csv,raw_data/run_1145.json
1146,single,2026-09-24 16:29,KAUST2023_N2_C0_CKMC_ESR_v10_0_oxygenless,3.483760008980485,239.50544220319455,20.0,10.0,2.0,29846119.708185993,raw_data/run_1146.csv,raw_data/run_1146.json
1147,single,2026-09-24 16:29,KAUST2023_N2_C0_CKMC_ESR_v10_0_oxygenless,11.746859611697568,230.50820234074789,20.0,10.0,2.0,2071.527409134603,raw_data/run_1147.csv,raw_data/run_1147.json
1148,single,2026-09-24 16:29,KAUST2023_N2_C0_CKMC_ESR_v10_0_oxygenless,11.756399794706821,217.52786121461688,20.0,10.0,2.0,1626.2489874205512,raw_data/run_1148.csv,raw_data/run_1148.json
1149,single,2026-09-24 16:29,KAUST2023_N2_C0_CKMC_ESR_v10_0_oxygenless,11.511031613835288,209.23785613787356,20.0,10.0,2.0,1650.6931780920197,raw_data/run_1149.csv,raw_data/run_1149.json
1150,single,2026-09-24 16:29,KAUST2023_N2_C0_CKMC_ESR_v10_0_oxygenless,11.64273674518713,230.40399803778368,20.0,10.0,2.0,2149.7226125873285,raw_data/run_1150.csv,raw_data/run_1150.json
1151,single,2026-09-24 16:29,KAUST2023_N2_C0_CKMC_ESR_v10_0_oxygenless,11.324877764392209,200.88626570008998,20.0,10.0,2.0,1786.836409833128,raw_data/run_1151.csv,raw_data/run_1151.json
1152,single,2026-09-24 16:29,KAUST2023_N2_C0_CKMC_ESR_v10_0_oxygenless,4.961266219621033,15.736422555131073,20.0,10.0,2.0,3063894.574779623,raw_data/run_1152.csv,raw_data/run_1152.json
1153,single,2026-09-24 16:29,KAUST2023_N2_C0_CKMC_ESR_v10_0_oxygenless,9.180362824955573,222.06857610525466,20.0,10.0,2.0,5587.596714502839,raw_data/run_1153.csv,raw_data/run_1153.json
1154,single,2026-09-24 16:29,KAUST2023_N2_C0_CKMC_ESR_v10_0_oxygenless,9.503624852281861,226.5091876117496,20.0,10.0,2.0,5493.076215242928,raw_data/run_1154.csv,raw_data/run_1154.json
1155,single,2026-09-24 16:29,KAUST2023_N2_C0_CKMC_ESR_v10_0_oxygenless,11.800531450225396,215.197213414691,20.0,10.0,2.0,1623.8010977223898,raw_data/run_1155.csv,raw_data/run_1155.json
1156,single,2026-09-24 16:29,KAUST2023_N2_C0_CKMC_ESR_v10_0_oxygenless,5.620166239737268,232.81963839702502,20.0,10.0,2.0,52910961.70584033,raw_data/run_1156.csv,raw_data/run_1156.json
1157,single,2026-09-24 16:29,KAUST2023_N2_C0_CKMC_ESR_v10_0_oxygenless,11.991236755490029,222.21025097301458,20.0,10.0,2.0,1641.8283692449616,raw_data/run_1157.csv,raw_data/run_1157.json
1158,single,2026-09-24 16:29,KAUST2023_N2_C0_CKMC_ESR_v10_0_oxygenless,4.431504694709709,217.90985641133125,20.0,10.0,2.0,109826138.47075716,raw_data/run_1158.csv,raw_data/run_1158.json
1159,single,2026-09-24 16:29,KAUST2023_N2_C0_CKMC_ESR_v10_0_oxygenless,11.718563422032995,223.48970860851801,20.0,10.0,2.0,1751.49888075529,raw_data/run_1159.csv,raw_data/run_1159.json
1160,single,2026-09-24 16:29,KAUST2023_N2_C0_CKMC_ESR_v10_0_oxygenless,11.827601798657478,217.83176702549002,20.0,10.0,2.0,1622.543775511496,raw_data/run_1160.csv,raw_data/run_1160.json
1161,single,2026-09-24 16:29,KAUST2023_N2_C0_CKMC_ESR_v10_0_oxygenless,1.7726977159921953,220.4994551929751,20.0,10.0,2.0,9430958.434225649,raw_data/run_1161.csv,raw_data/run_1161.json
1162,single,2026-09-24 16:29,KAUST2023_N2_C0_CKMC_ESR_v10_0_oxygenless,10.368053981599513,211.40390542113587,20.0,10.0,2.0,1990.298438043082,raw_data/run_1162.csv,raw_data/run_1162.json
1163,single,2026-09-24 16:29,KAUST2023_N2_C0_CKMC_ESR_v10_0_oxygenless,5.933445530270453,33.20219307506564,20.0,10.0,2.0,108572.84898036365,raw_data/run_1163.csv,raw_data/run_1163.json
1164,single,2026-09-24 16:29,KAUST2023_N2_C0_CKMC_ESR_v10_0_oxygenless,3.067363038852533,237.23732141915468,20.0,10.0,2.0,28893296.841173906,raw_data/run_1164.csv,raw_data/run_1164.json
1165,single,2026-09-24 16:29,KAUST2023_N2_C0_CKMC_ESR_v10_0_oxygenless,11.405667985309949,225.85084823564608,20.0,10.0,2.0,2048.4818941839417,raw_data/run_1165.csv,raw_data/run_1165.json
1166,single,2026-09-24 16:29,KAUST2023_N2_C0_CKMC_ESR_v10_0_oxygenless,11.607584916206026,219.7961652358917,20.0,10.0,2.0,1686.7151941227278,raw_data/run_1166.csv,raw_data/run_1166.json
1167,single,2026-09-24 16:29,KAUST2023_N2_C0_CKMC_ESR_v10_0_oxygenless,10.792588154587069,199.74341868853264,20.0,10.0,2.0,1673.634891519316,raw_data/run_1167.csv,raw_data/run_1167.json
1168,single,2026-09-24 16:29,KAUST2023_N2_C0_CKMC_ESR_v10_0_oxygenless,11.605234041329096,215.48477055218325,20.0,10.0,2.0,1626.9739916435303,raw_data/run_1168.csv,raw_data/run_1168.json
1169,single,2026-09-24 16:29,KAUST2023_N2_C0_CKMC_ESR_v10_0_oxygenless,8.630782797928454,222.4830760824921,20.0,10.0,2.0,9322.380182928287,raw_data/run_1169.csv,raw_data/run_1169.json
1170,single,2026-09-24 16:29,KAUST2023_N2_C0_CKMC_ESR_v10_0_oxygenless,11.98955199525039,227.36549131964375,20.0,10.0,2.0,1769.3494019971126,raw_data/run_1170.csv,raw_data/run_1170.json
1171,single,2026-09-24 16:29,KAUST2023_N2_C0_CKMC_ESR_v10_0_oxygenless,7.313456624403741,216.11272492486182,20.0,10.0,2.0,48784.58271584575,raw_data/run_1171.csv,raw_data/run_1171.json
1172,single,2026-09-24 16:29,KAUST2023_N2_C0_CKMC_ESR_v10_0_oxygenless,10.85294630910105,214.85651283482315,20.0,10.0,2.0,1842.8783005690887,raw_data/run_1172.csv,raw_data/run_1172.json
1173,single,2026-09-24 16:29,KAUST2023_N2_C0_CKMC_ESR_v10_0_oxygenless,6.930809919707739,228.26477813032844,20.0,10.0,2.0,1239179.5792151168,raw_data/run_1173.csv,raw_data/run_1173.json
1174,single,2026-09-24 16:29,KAUST2023_N2_C0_CKMC_ESR_v10_0_oxygenless,2.465522803358203,44.03686832928046,20.0,10.0,2.0,283142.1880153209,raw_data/run_1174.csv,raw_data/run_1174.json
1175,single,2026-09-24 16:29,KAUST2023_N2_C0_CKMC_ESR_v10_0_oxygenless,10.810059368043127,204.76025159715792,20.0,10.0,2.0,1635.2388441182313,raw_data/run_1175.csv,raw_data/run_1175.json
1176,single,2026-09-24 16:29,KAUST2023_N2_C0_CKMC_ESR_v10_0_oxygenless,11.825253920314774,209.13236896249435,20.0,10.0,2.0,1716.174198019619,raw_data/run_1176.csv,raw_data/run_1176.json
1177,single,2026-09-24 16:29,KAUST2023_N2_C0_CKMC_ESR_v10_0_oxygenless,11.836729199582745,218.14846801723357,20.0,10.0,2.0,1623.3438933262205,raw_data/run_1177.csv,raw_data/run_1177.json
1178,single,2026-09-24 16:29,KAUST2023_N2_C0_CKMC_ESR_v10_0_oxygenless,11.916636684949731,217.42929731414912,20.0,10.0,2.0,1619.5512081566617,raw_data/run_1178.csv,raw_data/run_1178.json
1179,single,2026-09-24 16:29,KAUST2023_N2_C0_CKMC_ESR_v10_0_oxygenless,9.76714842431064,217.42452403994469,20.0,10.0,2.0,3271.025786989325,raw_data/run_1179.csv,raw_data/run_1179.json
1180,single,2026-09-24 16:29,KAUST2023_N2_C0_CKMC_ESR_v10_0_oxygenless,11.915731613217385,230.50820234074789,20.0,10.0,2.0,1950.1347043223293,raw_data/run_1180.csv,raw_data/run_1180.json
1181,single,2026-09-24 16:29,KAUST2023_N2_C0_CKMC_ESR_v10_0_oxygenless,10.791380646352433,200.1646051332591,20.0,10.0,2.0,1666.910484227566,raw_data/run_1181.csv,raw_data/run_1181.json
1182,single,2026-09-24 16:29,KAUST2023_N2_C0_CKMC_ESR_v10_0_oxygenless,11.672300590719844,231.33308332504237,20.0,10.0,2.0,2188.301233783774,raw_data/run_1182.csv,raw_data/run_1182.json
1183,single,2026-09-24 16:29,KAUST2023_N2_C0_CKMC_ESR_v10_0_oxygenless,11.859419166468678,215.28237657335634,20.0,10.0,2.0,1626.406642737304,raw_data/run_1183.csv,raw_data/run_1183.json
1184,single,2026-09-24 16:29,KAUST2023_N2_C0_CKMC_ESR_v10_0_oxygenless,11.607799074985774,210.7630505234813,20.0,10.0,2.0,1644.5346944352877,raw_data/run_1184.csv,raw_data/run_1184.json
1185,single,2026-09-24 16:29,KAUST2023_N2_C0_CKMC_ESR_v10_0_oxygenless,3.1345517420682647,33.68116151447383,20.0,10.0,2.0,3199.246197286372,raw_data/run_1185.csv,raw_data/run_1185.json
1186,single,2026-09-24 16:29,KAUST2023_N2_C0_CKMC_ESR_v10_0_oxygenless,10.892244886190296,206.1266924828896,20.0,10.0,2.0,1634.6024592683127,raw_data/run_1186.csv,raw_data/run_1186.json
1187,single,2026-09-24 16:29,KAUST2023_N2_C0_CKMC_ESR_v10_0_oxygenless,11.711273643204459,216.7450882140495,20.0,10.0,2.0,1625.485438949121,raw_data/run_1187.csv,raw_data/run_1187.json
1188,single,2026-09-24 16:29,KAUST2023_N2_C0_CKMC_ESR_v10_0_oxygenless,1.2720504143011713,225.9711104295918,20.0,10.0,2.0,3951135.10961456,raw_data/run_1188.csv,raw_data/run_1188.json
1189,single,2026-09-24 16:29,KAUST2023_N2_C0_CKMC_ESR_v10_0_oxygenless,7.418110484559578,221.60520923358106,20.0,10.0,2.0,79623.16356366976,raw_data/run_1189.csv,raw_data/run_1189.json
1190,single,2026-09-24 16:29,KAUST2023_N2_C0_CKMC_ESR_v10_0_oxygenless,1.7379830587474752,232.07092462672736,20.0,10.0,2.0,7345703.684708789,raw_data/run_1190.csv,raw_data/run_1190.json
1191,single,2026-09-24 16:29,KAUST2023_N2_C0_CKMC_ESR_v10_0_oxygenless,2.272290931477178,219.13407194960976,20.0,10.0,2.0,26106221.389640175,raw_data/run_1191.csv,raw_data/run_1191.json
1192,single,2026-09-24 16:29,KAUST2023_N2_C0_CKMC_ESR_v10_0_oxygenless,1.6359173663988287,218.60093476513612,20.0,10.0,2.0,8170386.732937337,raw_data/run_1192.csv,raw_data/run_1192.json
1193,single,2026-09-24 16:29,KAUST2023_N2_C0_CKMC_ESR_v10_0_oxygenless,4.69272734201,226.7562850416898,20.0,10.0,2.0,49140696.731810406,raw_data/run_1193.csv,raw_data/run_1193.json
1194,single,2026-09-24 16:29,KAUST2023_N2_C0_CKMC_ESR_v10_0_oxygenless,4.851287444687602,216.02357192202578,20.0,10.0,2.0,57887675.66117889,raw_data/run_1194.csv,raw_data/run_1194.json
1195,single,2026-09-24 16:29,KAUST2023_N2_C0_CKMC_ESR_v10_0_oxygenless,11.478773674731794,214.11659746691183,20.0,10.0,2.0,1629.552189248681,raw_data/run_1195.csv,raw_data/run_1195.json
1196,single,2026-09-24 16:29,KAUST2023_N2_C0_CKMC_ESR_v10_0_oxygenless,7.511355582084095,239.561685706669,20.0,10.0,2.0,1134165.6780072218,raw_data/run_1196.csv,raw_data/run_1196.json
1197,single,2026-09-24 16:29,KAUST2023_N2_C0_CKMC_ESR_v10_0_oxygenless,8.400884673494913,227.27587087259468,20.0,10.0,2.0,18984.45269629384,raw_data/run_1197.csv,raw_data/run_1197.json
1198,single,2026-09-24 16:29,KAUST2023_N2_C0_CKMC_ESR_v10_0_oxygenless,3.570710064176739,210.82739250156362,20.0,10.0,2.0,10320190.417805163,raw_data/run_1198.csv,raw_data/run_1198.json
1199,single,2026-09-24 16:29,KAUST2023_N2_C0_CKMC_ESR_v10_0_oxygenless,11.574775679022896,214.82828338065215,20.0,10.0,2.0,1626.080136338639,raw_data/run_1199.csv,raw_data/run_1199.json
1200,single,2026-09-24 16:29,KAUST2023_N2_C0_CKMC_ESR_v10_0_oxygenless,11.4608149940446,214.1854575194795,20.0,10.0,2.0,1631.640338899586,raw_data/run_1200.csv,raw_data/run_1200.json
1201,single,2026-09-24 16:29,KAUST2023_N2_C0_CKMC_ESR_v10_0_oxygenless,5.30575485431065,218.11978626213195,20.0,10.0,2.0,37821373.46138643,raw_data/run_1201.csv,raw_data/run_1201.json
1202,single,2026-09-24 16:29,KAUST2023_N2_C0_CKMC_ESR_v10_0_oxygenless,8.16651920607762,213.17991169210762,20.0,10.0,2.0,8288.543275946718,raw_data/run_1202.csv,raw_data/run_1202.json
1203,single,2026-09-24 16:29,KAUST2023_N2_C0_CKMC_ESR_v10_0_oxygenless,5.050704142992482,215.08934947420212,20.0,10.0,2.0,52115629.761879876,raw_data/run_1203.csv,raw_data/run_1203.json
1204,single,2026-09-24 16:29,KAUST2023_N2_C0_CKMC_ESR_v10_0_oxygenless,11.727068670137934,216.26978449319662,20.0,10.0,2.0,1622.730971478298,raw_data/run_1204.csv,raw_data/run_1204.json
1205,single,2026-09-24 16:29,KAUST2023_N2_C0_CKMC_ESR_v10_0_oxygenless,4.603848037820907,219.20947109743534,20.0,10.0,2.0,43822813.51568233,raw_data/run_1205.csv,raw_data/run_1205.json
1206,single,2026-09-24 16:29,KAUST2023_N2_C0_CKMC_ESR_v10_0_oxygenless,3.555656657916333,226.72219223369,20.0,10.0,2.0,26417255.937339023,raw_data/run_1206.csv,raw_data/run_1206.json
1207,single,2026-09-24 16:29,KAUST2023_N2_C0_CKMC_ESR_v10_0_oxygenless,7.76056225299877,1.4144523410548013,20.0,10.0,2.0,62170685472.3589,raw_data/run_1207.csv,raw_data/run_1207.json
1208,single,2026-09-24 16:29,KAUST2023_N2_C0_CKMC_ESR_v10_0_oxygenless,11.407863877183193,4.446742580444774,20.0,10.0,2.0,1058323160.9323462,raw_data/run_1208.csv,raw_data/run_1208.json
1209,single,2026-09-24 16:29,KAUST2023_N2_C0_CKMC_ESR_v10_0_oxygenless,2.178486966748026,225.60840077253437,20.0,10.0,2.0,11050501.857182221,raw_data/run_1209.csv,raw_data/run_1209.json
1210,single,2026-09-24 16:29,KAUST2023_N2_C0_CKMC_ESR_v10_0_oxygenless,11.934938325428867,218.3494810674249,20.0,10.0,2.0,1619.1675934628615,raw_data/run_1210.csv,raw_data/run_1210.json
1211,single,2026-09-24 16:29,KAUST2023_N2_C0_CKMC_ESR_v10_0_oxygenless,11.783552807122046,208.28655608381715,20.0,10.0,2.0,1725.4099801044365,raw_data/run_1211.csv,raw_data/run_1211.json
1212,single,2026-09-24 16:29,KAUST2023_N2_C0_CKMC_ESR_v10_0_oxygenless,6.315352102055905,217.42929731414912,20.0,10.0,2.0,1934652.3343244875,raw_data/run_1212.csv,raw_data/run_1212.json
1213,single,2026-09-24 16:29,KAUST2023_N2_C0_CKMC_ESR_v10_0_oxygenless,9.45811042100238,225.60840077253437,20.0,10.0,2.0,5434.6339731763765,raw_data/run_1213.csv,raw_data/run_1213.json
1214,single,2026-09-24 16:29,KAUST2023_N2_C0_CKMC_ESR_v10_0_oxygenless,11.85727839645913,215.7390236266497,20.0,10.0,2.0,1623.6111822891273,raw_data/run_1214.csv,raw_data/run_1214.json
1215,single,2026-09-24 16:29,KAUST2023_N2_C0_CKMC_ESR_v10_0_oxygenless,11.65356274564815,217.52786121461688,20.0,10.0,2.0,1638.1748080037914,raw_data/run_1215.csv,raw_data/run_1215.json
1216,single,2026-09-24 16:29,KAUST2023_N2_C0_CKMC_ESR_v10_0_oxygenless,11.511031613835288,228.68795606242074,20.0,10.0,2.0,2145.8449783096153,raw_data/run_1216.csv,raw_data/run_1216.json
1217,single,2026-09-24 16:29,KAUST2023_N2_C0_CKMC_ESR_v10_0_oxygenless,11.64273674518713,235.61453434632173,20.0,10.0,2.0,2560.1463454754785,raw_data/run_1217.csv,raw_data/run_1217.json
1218,single,2026-09-24 16:29,KAUST2023_N2_C0_CKMC_ESR_v10_0_oxygenless,11.214808171688357,205.5374261596002,20.0,10.0,2.0,1657.291403462991,raw_data/run_1218.csv,raw_data/run_1218.json
1219,single,2026-09-24 16:29,KAUST2023_N2_C0_CKMC_ESR_v10_0_oxygenless,9.078904037086604,206.14760494411178,20.0,10.0,2.0,3100.6189442795785,raw_data/run_1219.csv,raw_data/run_1219.json
1220,single,2026-09-24 16:29,KAUST2023_N2_C0_CKMC_ESR_v10_0_oxygenless,11.72387867603626,223.752133993764,20.0,10.0,2.0,1758.1008650027745,raw_data/run_1220.csv,raw_data/run_1220.json
1221,single,2026-09-24 16:29,KAUST2023_N2_C0_CKMC_ESR_v10_0_oxygenless,4.194629891074337,238.72764279036173,20.0,10.0,2.0,35499556.392438844,raw_data/run_1221.csv,raw_data/run_1221.json
1222,single,2026-09-24 16:29,KAUST2023_N2_C0_CKMC_ESR_v10_0_oxygenless,10.6347252971126,202.59220419865875,20.0,10.0,2.0,1637.8773157908804,raw_data/run_1222.csv,raw_data/run_1222.json
1223,single,2026-09-24 16:29,KAUST2023_N2_C0_CKMC_ESR_v10_0_oxygenless,11.899507116001104,218.00345163419618,20.0,10.0,2.0,1619.7500004998785,raw_data/run_1223.csv,raw_data/run_1223.json
1224,single,2026-09-24 16:29,KAUST2023_N2_C0_CKMC_ESR_v10_0_oxygenless,11.8710605203165,218.06511211644522,20.0,10.0,2.0,1620.98610050175,raw_data/run_1224.csv,raw_data/run_1224.json
1225,single,2026-09-24 16:29,KAUST2023_N2_C0_CKMC_ESR_v10_0_oxygenless,3.8003864281343045,220.47037096296108,20.0,10.0,2.0,41692960.37805119,raw_data/run_1225.csv,raw_data/run_1225.json
1226,single,2026-09-24 16:29,KAUST2023_N2_C0_CKMC_ESR_v10_0_oxygenless,10.694470561239328,202.404751430187,20.0,10.0,2.0,1637.7289357115267,raw_data/run_1226.csv,raw_data/run_1226.json
1227,single,2026-09-24 16:29,KAUST2023_N2_C0_CKMC_ESR_v10_0_oxygenless,11.465028519747527,217.83176702549002,20.0,10.0,2.0,1683.3742085809345,raw_data/run_1227.csv,raw_data/run_1227.json
1228,single,2026-09-24 16:29,KAUST2023_N2_C0_CKMC_ESR_v10_0_oxygenless,11.768452306651145,216.84089870745512,20.0,10.0,2.0,1622.3700926667625,raw_data/run_1228.csv,raw_data/run_1228.json
1229,single,2026-09-24 16:29,KAUST2023_N2_C0_CKMC_ESR_v10_0_oxygenless,11.790600669847382,218.62408457669613,20.0,10.0,2.0,1630.9186508132564,raw_data/run_1229.csv,raw_data/run_1229.json
1230,single,2026-09-24 16:29,KAUST2023_N2_C0_CKMC_ESR_v10_0_oxygenless,8.966942157842142,81.3089978124549,20.0,10.0,2.0,26488.009594498642,raw_data/run_1230.csv,raw_data/run_1230.json
1231,single,2026-09-24 16:29,KAUST2023_N2_C0_CKMC_ESR_v10_0_oxygenless,10.945654668490949,206.60480508348473,20.0,10.0,2.0,1633.448968635575,raw_data/run_1231.csv,raw_data/run_1231.json
1232,single,2026-09-24 16:29,KAUST2023_N2_C0_CKMC_ESR_v10_0_oxygenless,2.4419705404324974,219.5312360848187,20.0,10.0,2.0,24771808.783242777,raw_data/run_1232.csv,raw_data/run_1232.json
1233,single,2026-09-24 16:29,KAUST2023_N2_C0_CKMC_ESR_v10_0_oxygenless,9.449096817308224,219.07083596840945,20.0,10.0,2.0,4146.155211508692,raw_data/run_1233.csv,raw_data/run_1233.json
1234,single,2026-09-24 16:29,KAUST2023_N2_C0_CKMC_ESR_v10_0_oxygenless,11.774705917338796,217.9446541699713,20.0,10.0,2.0,1627.276517491225,raw_data/run_1234.csv,raw_data/run_1234.json
1235,single,2026-09-24 16:29,KAUST2023_N2_C0_CKMC_ESR_v10_0_oxygenless,10.65358088773375,223.18222338887261,20.0,10.0,2.0,2592.138861444005,raw_data/run_1235.csv,raw_data/run_1235.json
1236,single,2026-09-24 16:29,KAUST2023_N2_C0_CKMC_ESR_v10_0_oxygenless,11.527088304099774,219.19975565826698,20.0,10.0,2.0,1696.847214176184,raw_data/run_1236.csv,raw_data/run_1236.json
1237,single,2026-09-24 16:29,KAUST2023_N2_C0_CKMC_ESR_v10_0_oxygenless,11.81773839715693,215.8343245034188,20.0,10.0,2.0,1621.8935575776825,raw_data/run_1237.csv,raw_data/run_1237.json
1238,single,2026-09-24 16:29,KAUST2023_N2_C0_CKMC_ESR_v10_0_oxygenless,11.338394971944439,207.2163254960209,20.0,10.0,2.0,1652.79928477148,raw_data/run_1238.csv,raw_data/run_1238.json
1239,single,2026-09-24 16:29,KAUST2023_N2_C0_CKMC_ESR_v10_0_oxygenless,10.85294630910105,221.29201387577544,20.0,10.0,2.0,2218.560273737453,raw_data/run_1239.csv,raw_data/run_1239.json
1240,single,2026-09-24 16:29,KAUST2023_N2_C0_CKMC_ESR_v10_0_oxygenless,11.8185984412942,218.47427626006515,20.0,10.0,2.0,1626.730643778924,raw_data/run_1240.csv,raw_data/run_1240.json
1241,single,2026-09-24 16:29,KAUST2023_N2_C0_CKMC_ESR_v10_0_oxygenless,7.050425219949334,65.21381589942705,20.0,10.0,2.0,24533.52537353662,raw_data/run_1241.csv,raw_data/run_1241.json
1242,single,2026-09-24 16:29,KAUST2023_N2_C0_CKMC_ESR_v10_0_oxygenless,10.427731739619675,227.6291679973819,20.0,10.0,2.0,3406.6052371791584,raw_data/run_1242.csv,raw_data/run_1242.json
1243,single,2026-09-24 16:29,KAUST2023_N2_C0_CKMC_ESR_v10_0_oxygenless,10.763574605806074,234.94309572468097,20.0,10.0,2.0,3777.6069701683564,raw_data/run_1243.csv,raw_data/run_1243.json
1244,single,2026-09-24 16:29,KAUST2023_N2_C0_CKMC_ESR_v10_0_oxygenless,1.0419269284900086,218.59452940403344,20.0,10.0,2.0,9645578059.775118,raw_data/run_1244.csv,raw_data/run_1244.json
1245,single,2026-09-24 16:29,KAUST2023_N2_C0_CKMC_ESR_v10_0_oxygenless,11.169152040225754,217.42929731414912,20.0,10.0,2.0,1782.428665205631,raw_data/run_1245.csv,raw_data/run_1245.json
1246,single,2026-09-24 16:29,KAUST2023_N2_C0_CKMC_ESR_v10_0_oxygenless,11.947891160802559,219.16476961429666,20.0,10.0,2.0,1620.5718979545445,raw_data/run_1246.csv,raw_data/run_1246.json
1247,single,2026-09-24 16:29,KAUST2023_N2_C0_CKMC_ESR_v10_0_oxygenless,11.85727839645913,224.25461216114496,20.0,10.0,2.0,1721.4271578702428,raw_data/run_1247.csv,raw_data/run_1247.json
1248,single,2026-09-24 16:29,KAUST2023_N2_C0_CKMC_ESR_v10_0_oxygenless,11.756399794706821,207.16434152306823,20.0,10.0,2.0,1746.090502037065,raw_data/run_1248.csv,raw_data/run_1248.json
1249,single,2026-09-24 16:29,KAUST2023_N2_C0_CKMC_ESR_v10_0_oxygenless,11.866381952760612,209.23785613787356,20.0,10.0,2.0,1724.3153235460506,raw_data/run_1249.csv,raw_data/run_1249.json
1250,single,2026-09-24 16:29,KAUST2023_N2_C0_CKMC_ESR_v10_0_oxygenless,11.34494778499341,208.42732886580168,20.0,10.0,2.0,1639.881968587852,raw_data/run_1250.csv,raw_data/run_1250.json
1251,single,2026-09-24 16:29,KAUST2023_N2_C0_CKMC_ESR_v10_0_oxygenless,7.43377316334759,218.7989300623517,20.0,10.0,2.0,51667.355406529976,raw_data/run_1251.csv,raw_data/run_1251.json
1252,single,2026-09-24 16:29,KAUST2023_N2_C0_CKMC_ESR_v10_0_oxygenless,7.936086773111794,225.26818843934998,20.0,10.0,2.0,36689.830257593225,raw_data/run_1252.csv,raw_data/run_1252.json
1253,single,2026-09-24 16:29,KAUST2023_N2_C0_CKMC_ESR_v10_0_oxygenless,11.784977486322383,214.20265640727666,20.0,10.0,2.0,1628.9101573569571,raw_data/run_1253.csv,raw_data/run_1253.json
1254,single,2026-09-24 16:29,KAUST2023_N2_C0_CKMC_ESR_v10_0_oxygenless,11.866000033292385,216.46473974002382,20.0,10.0,2.0,1621.0404037219398,raw_data/run_1254.csv,raw_data/run_1254.json
1255,single,2026-09-24 16:29,KAUST2023_N2_C0_CKMC_ESR_v10_0_oxygenless,3.8567953080393114,220.01510458373,20.0,10.0,2.0,48561495.82746668,raw_data/run_1255.csv,raw_data/run_1255.json
1256,single,2026-09-24 16:29,KAUST2023_N2_C0_CKMC_ESR_v10_0_oxygenless,11.85141020277068,216.66295764062056,20.0,10.0,2.0,1620.4505863441977,raw_data/run_1256.csv,raw_data/run_1256.json
1257,single,2026-09-24 16:29,KAUST2023_N2_C0_CKMC_ESR_v10_0_oxygenless,11.617388589433686,217.74497886133332,20.0,10.0,2.0,1646.7130794632196,raw_data/run_1257.csv,raw_data/run_1257.json
1258,single,2026-09-24 16:29,KAUST2023_N2_C0_CKMC_ESR_v10_0_oxygenless,11.642447466656249,220.2627340258359,20.0,10.0,2.0,1687.3274581766534,raw_data/run_1258.csv,raw_data/run_1258.json
1259,single,2026-09-24 16:29,KAUST2023_N2_C0_CKMC_ESR_v10_0_oxygenless,11.988664243141658,220.72693137120967,20.0,10.0,2.0,1626.2326350550975,raw_data/run_1259.csv,raw_data/run_1259.json
1260,single,2026-09-24 16:29,KAUST2023_N2_C0_CKMC_ESR_v10_0_oxygenless,11.932436457569132,222.48130312812552,20.0,10.0,2.0,1657.8107770210922,raw_data/run_1260.csv,raw_data/run_1260.json
1261,single,2026-09-24 16:29,KAUST2023_N2_C0_CKMC_ESR_v10_0_oxygenless,11.776087393041553,213.94649903320257,20.0,10.0,2.0,1630.1968461059555,raw_data/run_1261.csv,raw_data/run_1261.json
1262,single,2026-09-24 16:29,KAUST2023_N2_C0_CKMC_ESR_v10_0_oxygenless,11.478773674731794,221.6442660335711,20.0,10.0,2.0,1793.1238920305161,raw_data/run_1262.csv,raw_data/run_1262.json
1263,single,2026-09-24 16:29,KAUST2023_N2_C0_CKMC_ESR_v10_0_oxygenless,11.367955964070884,267.9638888764214,20.0,10.0,2.0,12740.232401831083,raw_data/run_1263.csv,raw_data/run_1263.json
1264,single,2026-09-24 16:29,KAUST2023_N2_C0_CKMC_ESR_v10_0_oxygenless,11.756053841538764,215.78749775581792,20.0,10.0,2.0,1621.519149688669,raw_data/run_1264.csv,raw_data/run_1264.json
1265,single,2026-09-24 16:29,KAUST2023_N2_C0_CKMC_ESR_v10_0_oxygenless,11.75661375369163,217.50215815484384,20.0,10.0,2.0,1626.0492665459042,raw_data/run_1265.csv,raw_data/run_1265.json
1266,single,2026-09-24 16:29,KAUST2023_N2_C0_CKMC_ESR_v10_0_oxygenless,11.798972698956849,217.22864619765267,20.0,10.0,2.0,1622.0225549797933,raw_data/run_1266.csv,raw_data/run_1266.json
1267,single,2026-09-24 16:29,KAUST2023_N2_C0_CKMC_ESR_v10_0_oxygenless,11.965374151880868,218.0362487076154,20.0,10.0,2.0,1618.8257189978394,raw_data/run_1267.csv,raw_data/run_1267.json
1268,single,2026-09-24 16:29,KAUST2023_N2_C0_CKMC_ESR_v10_0_oxygenless,11.569858361528013,215.48477055218325,20.0,10.0,2.0,1630.0074917076756,raw_data/run_1268.csv,raw_data/run_1268.json
1269,single,2026-09-24 16:29,KAUST2023_N2_C0_CKMC_ESR_v10_0_oxygenless,11.933505967859677,218.24228751446728,20.0,10.0,2.0,1619.1004777955388,raw_data/run_1269.csv,raw_data/run_1269.json
1270,single,2026-09-24 16:29,KAUST2023_N2_C0_CKMC_ESR_v10_0_oxygenless,11.81773839715693,216.6841685965053,20.0,10.0,2.0,1620.6150305807216,raw_data/run_1270.csv,raw_data/run_1270.json
1271,single,2026-09-24 16:29,KAUST2023_N2_C0_CKMC_ESR_v10_0_oxygenless,11.34862318486967,206.38881940171026,20.0,10.0,2.0,1666.5311714336972,raw_data/run_1271.csv,raw_data/run_1271.json
1272,single,2026-09-24 16:29,KAUST2023_N2_C0_CKMC_ESR_v10_0_oxygenless,11.742827999403044,216.96746883367572,20.0,10.0,2.0,1624.2870575785503,raw_data/run_1272.csv,raw_data/run_1272.json
1273,single,2026-09-24 16:29,KAUST2023_N2_C0_CKMC_ESR_v10_0_oxygenless,9.407814442939893,219.19067395838132,20.0,10.0,2.0,4266.681177308536,raw_data/run_1273.csv,raw_data/run_1273.json
1274,single,2026-09-24 16:29,KAUST2023_N2_C0_CKMC_ESR_v10_0_oxygenless,9.742840489303049,66.96625237098608,20.0,10.0,2.0,66426.7593580885,raw_data/run_1274.csv,raw_data/run_1274.json
1275,single,2026-09-24 16:29,KAUST2023_N2_C0_CKMC_ESR_v10_0_oxygenless,11.843787316136764,217.20698026909685,20.0,10.0,2.0,1620.3682847236673,raw_data/run_1275.csv,raw_data/run_1275.json
1276,single,2026-09-24 16:29,KAUST2023_N2_C0_CKMC_ESR_v10_0_oxygenless,11.904769736313206,218.3494810674249,20.0,10.0,2.0,1620.2199787461811,raw_data/run_1276.csv,raw_data/run_1276.json
1277,single,2026-09-24 16:29,KAUST2023_N2_C0_CKMC_ESR_v10_0_oxygenless,11.927362686468975,221.7472848472344,20.0,10.0,2.0,1646.8736954547517,raw_data/run_1277.csv,raw_data/run_1277.json
1278,single,2026-09-24 16:29,KAUST2023_N2_C0_CKMC_ESR_v10_0_oxygenless,11.85948974622175,216.57343276998895,20.0,10.0,2.0,1620.6738373705057,raw_data/run_1278.csv,raw_data/run_1278.json
1279,single,2026-09-24 16:29,KAUST2023_N2_C0_CKMC_ESR_v10_0_oxygenless,11.947891160802559,213.71531880966012,20.0,10.0,2.0,1653.4975018366604,raw_data/run_1279.csv,raw_data/run_1279.json
1280,single,2026-09-24 16:29,KAUST2023_N2_C0_CKMC_ESR_v10_0_oxygenless,3.6288292823925485,220.4057075333158,20.0,10.0,2.0,32719784.146232415,raw_data/run_1280.csv,raw_data/run_1280.json
1281,single,2026-09-24 16:29,KAUST2023_N2_C0_CKMC_ESR_v10_0_oxygenless,11.756399794706821,219.39896613187017,20.0,10.0,2.0,1644.6838747450468,raw_data/run_1281.csv,raw_data/run_1281.json
1282,single,2026-09-24 16:29,KAUST2023_N2_C0_CKMC_ESR_v10_0_oxygenless,11.964952492684224,209.23785613787356,20.0,10.0,2.0,1751.5886706283338,raw_data/run_1282.csv,raw_data/run_1282.json
1283,single,2026-09-24 16:29,KAUST2023_N2_C0_CKMC_ESR_v10_0_oxygenless,4.094789837205499,215.28237657335634,20.0,10.0,2.0,62017005.23598978,raw_data/run_1283.csv,raw_data/run_1283.json
1284,single,2026-09-24 16:29,KAUST2023_N2_C0_CKMC_ESR_v10_0_oxygenless,11.607799074985774,220.74092373880228,20.0,10.0,2.0,1710.3670307115035,raw_data/run_1284.csv,raw_data/run_1284.json
1285,single,2026-09-24 16:29,KAUST2023_N2_C0_CKMC_ESR_v10_0_oxygenless,8.843509375463565,213.29745409258504,20.0,10.0,2.0,4732.343641344488,raw_data/run_1285.csv,raw_data/run_1285.json
1286,single,2026-09-24 16:29,KAUST2023_N2_C0_CKMC_ESR_v10_0_oxygenless,11.990653613990577,214.20265640727666,20.0,10.0,2.0,1652.9938273082269,raw_data/run_1286.csv,raw_data/run_1286.json
1287,single,2026-09-24 16:29,KAUST2023_N2_C0_CKMC_ESR_v10_0_oxygenless,11.866000033292385,218.42110886985117,20.0,10.0,2.0,1622.594453645169,raw_data/run_1287.csv,raw_data/run_1287.json
1288,single,2026-09-24 16:29,KAUST2023_N2_C0_CKMC_ESR_v10_0_oxygenless,11.91234196368477,218.42984825284955,20.0,10.0,2.0,1620.095285366499,raw_data/run_1288.csv,raw_data/run_1288.json
1289,single,2026-09-24 16:29,KAUST2023_N2_C0_CKMC_ESR_v10_0_oxygenless,11.862127369895743,218.153542002998,20.0,10.0,2.0,1621.7376814234576,raw_data/run_1289.csv,raw_data/run_1289.json
1290,single,2026-09-24 16:29,KAUST2023_N2_C0_CKMC_ESR_v10_0_oxygenless,11.680313408964327,217.74497886133332,20.0,10.0,2.0,1636.667042911147,raw_data/run_1290.csv,raw_data/run_1290.json
1291,single,2026-09-24 16:29,KAUST2023_N2_C0_CKMC_ESR_v10_0_oxygenless,11.977848930349971,219.81076353562403,20.0,10.0,2.0,1621.4013446046026,raw_data/run_1291.csv,raw_data/run_1291.json
1292,single,2026-09-24 16:29,KAUST2023_N2_C0_CKMC_ESR_v10_0_oxygenless,11.859388786323684,217.11749023194875,20.0,10.0,2.0,1620.0397795698802,raw_data/run_1292.csv,raw_data/run_1292.json
1293,single,2026-09-24 16:29,KAUST2023_N2_C0_CKMC_ESR_v10_0_oxygenless,11.962578171389616,217.83176702549002,20.0,10.0,2.0,1619.1447702888786,raw_data/run_1293.csv,raw_data/run_1293.json
1294,single,2026-09-24 16:29,KAUST2023_N2_C0_CKMC_ESR_v10_0_oxygenless,7.321949382782759,216.02357192202578,20.0,10.0,2.0,47195.204287386216,raw_data/run_1294.csv,raw_data/run_1294.json
1295,single,2026-09-24 16:29,KAUST2023_N2_C0_CKMC_ESR_v10_0_oxygenless,11.478773674731794,218.7987405872346,20.0,10.0,2.0,1702.1973963650375,raw_data/run_1295.csv,raw_data/run_1295.json
1296,single,2026-09-24 16:29,KAUST2023_N2_C0_CKMC_ESR_v10_0_oxygenless,5.056788516622934,3.738450723503267,20.0,10.0,2.0,1051635963.9187677,raw_data/run_1296.csv,raw_data/run_1296.json
1297,single,2026-09-24 16:29,KAUST2023_N2_C0_CKMC_ESR_v10_0_oxygenless,11.98351550893446,219.1613472606275,20.0,10.0,2.0,1618.8977973157969,raw_data/run_1297.csv,raw_data/run_1297.json
1298,single,2026-09-24 16:29,KAUST2023_N2_C0_CKMC_ESR_v10_0_oxygenless,11.905212840008307,218.46440000564962,20.0,10.0,2.0,1620.5199955837184,raw_data/run_1298.csv,raw_data/run_1298.json
1299,single,2026-09-24 16:29,KAUST2023_N2_C0_CKMC_ESR_v10_0_oxygenless,11.798972698956849,218.9182397012716,20.0,10.0,2.0,1632.596098357808,raw_data/run_1299.csv,raw_data/run_1299.json
1300,single,2026-09-24 16:29,KAUST2023_N2_C0_CKMC_ESR_v10_0_oxygenless,11.966150924343266,218.7008742084659,20.0,10.0,2.0,1618.7211518065844,raw_data/run_1300.csv,raw_data/run_1300.json
1301,single,2026-09-24 16:29,KAUST2023_N2_C0_CKMC_ESR_v10_0_oxygenless,11.477464147776526,218.75246090913313,20.0,10.0,2.0,1701.4345514554286,raw_data/run_1301.csv,raw_data/run_1301.json
1302,single,2026-09-24 16:29,KAUST2023_N2_C0_CKMC_ESR_v10_0_oxygenless,11.721456940641547,218.24228751446728,20.0,10.0,2.0,1636.1824098109723,raw_data/run_1302.csv,raw_data/run_1302.json
1303,single,2026-09-24 16:29,KAUST2023_N2_C0_CKMC_ESR_v10_0_oxygenless,11.90211413006719,216.6841685965053,20.0,10.0,2.0,1621.1902509513434,raw_data/run_1303.csv,raw_data/run_1303.json
1304,single,2026-09-24 16:29,KAUST2023_N2_C0_CKMC_ESR_v10_0_oxygenless,11.763130225864039,216.5034924243182,20.0,10.0,2.0,1621.8049797446606,raw_data/run_1304.csv,raw_data/run_1304.json
1305,single,2026-09-24 16:29,KAUST2023_N2_C0_CKMC_ESR_v10_0_oxygenless,8.157573547597814,222.30429053517128,20.0,10.0,2.0,17499.18472388443,raw_data/run_1305.csv,raw_data/run_1305.json
1306,single,2026-09-24 16:29,KAUST2023_N2_C0_CKMC_ESR_v10_0_oxygenless,4.950646606362149,222.77188349510166,20.0,10.0,2.0,75712436.26227032,raw_data/run_1306.csv,raw_data/run_1306.json
1307,single,2026-09-24 16:29,KAUST2023_N2_C0_CKMC_ESR_v10_0_oxygenless,6.092624541322691,315.78583070718986,20.0,10.0,2.0,35661558.48624165,raw_data/run_1307.csv,raw_data/run_1307.json
1308,single,2026-09-24 16:29,KAUST2023_N2_C0_CKMC_ESR_v10_0_oxygenless,11.75680580448959,213.82972929729308,20.0,10.0,2.0,1629.6153066331449,raw_data/run_1308.csv,raw_data/run_1308.json
1309,single,2026-09-24 16:29,KAUST2023_N2_C0_CKMC_ESR_v10_0_oxygenless,2.5077237385344797,217.35144416647597,20.0,10.0,2.0,20646508.0636691,raw_data/run_1309.csv,raw_data/run_1309.json
1310,single,2026-09-24 16:29,KAUST2023_N2_C0_CKMC_ESR_v10_0_oxygenless,11.948648017326498,218.00183725036496,20.0,10.0,2.0,1618.881661065228,raw_data/run_1310.csv,raw_data/run_1310.json
1311,single,2026-09-24 16:29,KAUST2023_N2_C0_CKMC_ESR_v10_0_oxygenless,11.82763334968114,215.73967649880035,20.0,10.0,2.0,1622.484815960072,raw_data/run_1311.csv,raw_data/run_1311.json
1312,single,2026-09-24 16:29,KAUST2023_N2_C0_CKMC_ESR_v10_0_oxygenless,11.947891160802559,225.3130740225419,20.0,10.0,2.0,1719.5058245554112,raw_data/run_1312.csv,raw_data/run_1312.json
1313,single,2026-09-24 16:29,KAUST2023_N2_C0_CKMC_ESR_v10_0_oxygenless,2.3048204921034054,221.04613753377217,20.0,10.0,2.0,20096150.622262053,raw_data/run_1313.csv,raw_data/run_1313.json
1314,single,2026-09-24 16:29,KAUST2023_N2_C0_CKMC_ESR_v10_0_oxygenless,11.975457807082767,217.52786121461688,20.0,10.0,2.0,1620.2275698850851,raw_data/run_1314.csv,raw_data/run_1314.json
1315,single,2026-09-24 16:29,KAUST2023_N2_C0_CKMC_ESR_v10_0_oxygenless,2.0367537432416016,219.88868638446297,20.0,10.0,2.0,9939813.686498977,raw_data/run_1315.csv,raw_data/run_1315.json
1316,single,2026-09-24 16:29,KAUST2023_N2_C0_CKMC_ESR_v10_0_oxygenless,2.6254961321066057,217.88945280699124,20.0,10.0,2.0,29521645.929001424,raw_data/run_1316.csv,raw_data/run_1316.json
1317,single,2026-09-24 16:29,KAUST2023_N2_C0_CKMC_ESR_v10_0_oxygenless,11.607799074985774,217.50530288119612,20.0,10.0,2.0,1645.1649807328015,raw_data/run_1317.csv,raw_data/run_1317.json
1318,single,2026-09-24 16:29,KAUST2023_N2_C0_CKMC_ESR_v10_0_oxygenless,10.173725272252796,15.736422555131073,20.0,10.0,2.0,70309225.05043551,raw_data/run_1318.csv,raw_data/run_1318.json
1319,single,2026-09-24 16:29,KAUST2023_N2_C0_CKMC_ESR_v10_0_oxygenless,10.914970070685879,212.29599381577214,20.0,10.0,2.0,1722.362279563414,raw_data/run_1319.csv,raw_data/run_1319.json
1320,single,2026-09-24 16:29,KAUST2023_N2_C0_CKMC_ESR_v10_0_oxygenless,2.6059500008999255,218.41020397175464,20.0,10.0,2.0,46652364.101173066,raw_data/run_1320.csv,raw_data/run_1320.json
1321,single,2026-09-24 16:29,KAUST2023_N2_C0_CKMC_ESR_v10_0_oxygenless,11.903442673853505,218.84237517919325,20.0,10.0,2.0,1621.987966278672,raw_data/run_1321.csv,raw_data/run_1321.json
1322,single,2026-09-24 16:29,KAUST2023_N2_C0_CKMC_ESR_v10_0_oxygenless,11.951700607330794,218.1152416808529,20.0,10.0,2.0,1618.7958668428348,raw_data/run_1322.csv,raw_data/run_1322.json
1323,single,2026-09-24 16:29,KAUST2023_N2_C0_CKMC_ESR_v10_0_oxygenless,11.809904226821192,217.44366359909984,20.0,10.0,2.0,1622.1406207950292,raw_data/run_1323.csv,raw_data/run_1323.json
1324,single,2026-09-24 16:29,KAUST2023_N2_C0_CKMC_ESR_v10_0_oxygenless,11.867686068870748,213.2458609069227,20.0,10.0,2.0,1648.0535603709206,raw_data/run_1324.csv,raw_data/run_1324.json
1325,single,2026-09-24 16:29,KAUST2023_N2_C0_CKMC_ESR_v10_0_oxygenless,1.6948185813415027,220.35304411747288,20.0,10.0,2.0,9342952.151727617,raw_data/run_1325.csv,raw_data/run_1325.json
1326,single,2026-09-24 16:29,KAUST2023_N2_C0_CKMC_ESR_v10_0_oxygenless,11.942244718111315,219.1590795955614,20.0,10.0,2.0,1620.883410624,raw_data/run_1326.csv,raw_data/run_1326.json
1327,single,2026-09-24 16:29,KAUST2023_N2_C0_CKMC_ESR_v10_0_oxygenless,11.825705577723934,217.90100918261194,20.0,10.0,2.0,1622.9447891144584,raw_data/run_1327.csv,raw_data/run_1327.json
1328,single,2026-09-24 16:29,KAUST2023_N2_C0_CKMC_ESR_v10_0_oxygenless,11.712981424074117,217.16854209417744,20.0,10.0,2.0,1627.8410895263992,raw_data/run_1328.csv,raw_data/run_1328.json
1329,single,2026-09-24 16:29,KAUST2023_N2_C0_CKMC_ESR_v10_0_oxygenless,11.82399852351384,216.28296429626977,20.0,10.0,2.0,1620.9212401441764,raw_data/run_1329.csv,raw_data/run_1329.json
1330,single,2026-09-24 16:29,KAUST2023_N2_C0_CKMC_ESR_v10_0_oxygenless,11.471847555073088,2.2612738857829955,20.0,10.0,2.0,198688929774.6431,raw_data/run_1330.csv,raw_data/run_1330.json
1331,single,2026-09-24 16:29,KAUST2023_N2_C0_CKMC_ESR_v10_0_oxygenless,10.55263173722335,218.74245440193343,20.0,10.0,2.0,2325.091760836076,raw_data/run_1331.csv,raw_data/run_1331.json
1332,single,2026-09-24 16:29,KAUST2023_N2_C0_CKMC_ESR_v10_0_oxygenless,11.911131244534689,216.96491093325295,20.0,10.0,2.0,1620.5000667224915,raw_data/run_1332.csv,raw_data/run_1332.json
1333,single,2026-09-24 16:29,KAUST2023_N2_C0_CKMC_ESR_v10_0_oxygenless,11.664228424822248,217.22864619765267,20.0,10.0,2.0,1633.6635077363694,raw_data/run_1333.csv,raw_data/run_1333.json
1334,single,2026-09-24 16:29,KAUST2023_N2_C0_CKMC_ESR_v10_0_oxygenless,7.579729612490501,218.7008742084659,20.0,10.0,2.0,36060.53877584016,raw_data/run_1334.csv,raw_data/run_1334.json
1335,single,2026-09-24 16:29,KAUST2023_N2_C0_CKMC_ESR_v10_0_oxygenless,11.930168118076413,215.48477055218325,20.0,10.0,2.0,1630.2470309818464,raw_data/run_1335.csv,raw_data/run_1335.json
1336,single,2026-09-24 16:29,KAUST2023_N2_C0_CKMC_ESR_v10_0_oxygenless,9.619809183769076,219.83535175897214,20.0,10.0,2.0,3880.673361863927,raw_data/run_1336.csv,raw_data/run_1336.json
1337,single,2026-09-24 16:29,KAUST2023_N2_C0_CKMC_ESR_v10_0_oxygenless,11.930103887375044,218.80742920325702,20.0,10.0,2.0,1620.3026872355742,raw_data/run_1337.csv,raw_data/run_1337.json
1338,single,2026-09-24 16:29,KAUST2023_N2_C0_CKMC_ESR_v10_0_oxygenless,11.763130225864039,219.12245887239334,20.0,10.0,2.0,1639.939171223369,raw_data/run_1338.csv,raw_data/run_1338.json
1339,single,2026-09-24 16:29,KAUST2023_N2_C0_CKMC_ESR_v10_0_oxygenless,11.934957941677238,218.71496422392437,20.0,10.0,2.0,1619.8354203164595,raw_data/run_1339.csv,raw_data/run_1339.json
1340,single,2026-09-24 16:29,KAUST2023_N2_C0_CKMC_ESR_v10_0_oxygenless,10.609311490452928,224.3277713647192,20.0,10.0,2.0,2759.208552186749,raw_data/run_1340.csv,raw_data/run_1340.json
1341,single,2026-09-24 16:29,KAUST2023_N2_C0_CKMC_ESR_v10_0_oxygenless,9.794552988292612,361.8161019611064,20.0,10.0,2.0,48339803.92686347,raw_data/run_1341.csv,raw_data/run_1341.json
1342,single,2026-09-24 16:29,KAUST2023_N2_C0_CKMC_ESR_v10_0_oxygenless,10.454889501864038,221.22541247807325,20.0,10.0,2.0,2657.2789529457646,raw_data/run_1342.csv,raw_data/run_1342.json
1343,single,2026-09-24 16:29,KAUST2023_N2_C0_CKMC_ESR_v10_0_oxygenless,11.862657368342486,218.21222365531824,20.0,10.0,2.0,1621.9308286308355,raw_data/run_1343.csv,raw_data/run_1343.json
1344,single,2026-09-24 16:29,KAUST2023_N2_C0_CKMC_ESR_v10_0_oxygenless,3.518083118256883,218.9583351143775,20.0,10.0,2.0,68943293.81796956,raw_data/run_1344.csv,raw_data/run_1344.json
1345,single,2026-09-24 16:29,KAUST2023_N2_C0_CKMC_ESR_v10_0_oxygenless,11.928131503160499,218.45278655372786,20.0,10.0,2.0,1619.5302147625662,raw_data/run_1345.csv,raw_data/run_1345.json
1346,single,2026-09-24 16:29,KAUST2023_N2_C0_CKMC_ESR_v10_0_oxygenless,8.308540761753683,220.08782480362555,20.0,10.0,2.0,11534.051171613095,raw_data/run_1346.csv,raw_data/run_1346.json
1347,single,2026-09-24 16:29,KAUST2023_N2_C0_CKMC_ESR_v10_0_oxygenless,11.85727839645913,220.64195555649604,20.0,10.0,2.0,1643.876512413082,raw_data/run_1347.csv,raw_data/run_1347.json
1348,single,2026-09-24 16:29,KAUST2023_N2_C0_CKMC_ESR_v10_0_oxygenless,11.660908850046566,212.55658519735582,20.0,10.0,2.0,1632.092183821328,raw_data/run_1348.csv,raw_data/run_1348.json
1349,single,2026-09-24 16:29,KAUST2023_N2_C0_CKMC_ESR_v10_0_oxygenless,11.511031613835288,219.7243170571108,20.0,10.0,2.0,1715.9738991157965,raw_data/run_1349.csv,raw_data/run_1349.json
1350,single,2026-09-24 16:29,KAUST2023_N2_C0_CKMC_ESR_v10_0_oxygenless,11.93117171232602,215.28237657335634,20.0,10.0,2.0,1632.1923341923798,raw_data/run_1350.csv,raw_data/run_1350.json
1351,single,2026-09-24 16:29,KAUST2023_N2_C0_CKMC_ESR_v10_0_oxygenless,4.395079407490497,210.7630505234813,20.0,10.0,2.0,66892538.137544416,raw_data/run_1351.csv,raw_data/run_1351.json
1352,single,2026-09-24 16:29,KAUST2023_N2_C0_CKMC_ESR_v10_0_oxygenless,9.320976373035899,60.564070673404096,20.0,10.0,2.0,81383.50849542336,raw_data/run_1352.csv,raw_data/run_1352.json
1353,single,2026-09-24 16:29,KAUST2023_N2_C0_CKMC_ESR_v10_0_oxygenless,11.72387867603626,221.07329910724806,20.0,10.0,2.0,1682.3440925353761,raw_data/run_1353.csv,raw_data/run_1353.json
1354,single,2026-09-24 16:29,KAUST2023_N2_C0_CKMC_ESR_v10_0_oxygenless,11.866000033292385,218.07222716952194,20.0,10.0,2.0,1621.266857791928,raw_data/run_1354.csv,raw_data/run_1354.json
1355,single,2026-09-24 16:29,KAUST2023_N2_C0_CKMC_ESR_v10_0_oxygenless,11.94786028154969,218.50788628679328,20.0,10.0,2.0,1619.0046394255248,raw_data/run_1355.csv,raw_data/run_1355.json
1356,single,2026-09-24 16:29,KAUST2023_N2_C0_CKMC_ESR_v10_0_oxygenless,11.899507116001104,218.70901485062228,20.0,10.0,2.0,1621.6863387014898,raw_data/run_1356.csv,raw_data/run_1356.json
1357,single,2026-09-24 16:29,KAUST2023_N2_C0_CKMC_ESR_v10_0_oxygenless,8.18018644076131,217.74497886133332,20.0,10.0,2.0,11352.743657885701,raw_data/run_1357.csv,raw_data/run_1357.json
1358,single,2026-09-24 16:29,KAUST2023_N2_C0_CKMC_ESR_v10_0_oxygenless,9.960136331608833,219.50505134945584,20.0,10.0,2.0,3196.837067974302,raw_data/run_1358.csv,raw_data/run_1358.json
1359,single,2026-09-24 16:29,KAUST2023_N2_C0_CKMC_ESR_v10_0_oxygenless,11.951012410493641,218.78054124230133,20.0,10.0,2.0,1619.3315967188835,raw_data/run_1359.csv,raw_data/run_1359.json
1360,single,2026-09-24 16:29,KAUST2023_N2_C0_CKMC_ESR_v10_0_oxygenless,8.520096881359036,225.01341958477113,20.0,10.0,2.0,12949.64745944321,raw_data/run_1360.csv,raw_data/run_1360.json
1361,single,2026-09-24 16:29,KAUST2023_N2_C0_CKMC_ESR_v10_0_oxygenless,11.772901148279194,213.5230964045818,20.0,10.0,2.0,1633.555566158852,raw_data/run_1361.csv,raw_data/run_1361.json
1362,single,2026-09-24 16:29,KAUST2023_N2_C0_CKMC_ESR_v10_0_oxygenless,11.82399852351384,220.38588502288175,20.0,10.0,2.0,1646.2960455949406,raw_data/run_1362.csv,raw_data/run_1362.json
1363,single,2026-09-24 16:29,KAUST2023_N2_C0_CKMC_ESR_v10_0_oxygenless,8.992976786271981,162.81519711133,20.0,10.0,2.0,2179.69920467972,raw_data/run_1363.csv,raw_data/run_1363.json
1364,single,2026-09-24 16:29,KAUST2023_N2_C0_CKMC_ESR_v10_0_oxygenless,3.4745181816646866,219.98624110952957,20.0,10.0,2.0,71889605.59200782,raw_data/run_1364.csv,raw_data/run_1364.json
1365,single,2026-09-24 16:29,KAUST2023_N2_C0_CKMC_ESR_v10_0_oxygenless,11.858386793623957,219.2871579599359,20.0,10.0,2.0,1628.7981957615075,raw_data/run_1365.csv,raw_data/run_1365.json
1366,single,2026-09-24 16:29,KAUST2023_N2_C0_CKMC_ESR_v10_0_oxygenless,10.520485590512235,219.93427725730848,20.0,10.0,2.0,2459.666718643927,raw_data/run_1366.csv,raw_data/run_1366.json
1367,single,2026-09-24 16:29,KAUST2023_N2_C0_CKMC_ESR_v10_0_oxygenless,11.997950123499002,218.7008742084659,20.0,10.0,2.0,1618.1420098080155,raw_data/run_1367.csv,raw_data/run_1367.json
1368,single,2026-09-24 16:29,KAUST2023_N2_C0_CKMC_ESR_v10_0_oxygenless,11.990410037243347,218.06684805015146,20.0,10.0,2.0,1618.955535343477,raw_data/run_1368.csv,raw_data/run_1368.json
1369,single,2026-09-24 16:29,KAUST2023_N2_C0_CKMC_ESR_v10_0_oxygenless,7.9420007331080935,218.24228751446728,20.0,10.0,2.0,16920.69799514808,raw_data/run_1369.csv,raw_data/run_1369.json
1370,single,2026-09-24 16:29,KAUST2023_N2_C0_CKMC_ESR_v10_0_oxygenless,10.04055123418135,224.95038708187428,20.0,10.0,2.0,3760.9152199398172,raw_data/run_1370.csv,raw_data/run_1370.json
1371,single,2026-09-24 16:29,KAUST2023_N2_C0_CKMC_ESR_v10_0_oxygenless,11.620273463863356,210.11022311553324,20.0,10.0,2.0,1654.9087955693212,raw_data/run_1371.csv,raw_data/run_1371.json
1372,single,2026-09-24 16:29,KAUST2023_N2_C0_CKMC_ESR_v10_0_oxygenless,3.108345842176436,218.84129645866795,20.0,10.0,2.0,24717802.13218638,raw_data/run_1372.csv,raw_data/run_1372.json
1373,single,2026-09-24 16:29,KAUST2023_N2_C0_CKMC_ESR_v10_0_oxygenless,11.8185984412942,218.61145958631406,20.0,10.0,2.0,1627.749350317713,raw_data/run_1373.csv,raw_data/run_1373.json
1374,single,2026-09-24 16:29,KAUST2023_N2_C0_CKMC_ESR_v10_0_oxygenless,8.798108873115579,27.913478069583007,20.0,10.0,2.0,12543027.005418789,raw_data/run_1374.csv,raw_data/run_1374.json
1375,single,2026-09-24 16:29,KAUST2023_N2_C0_CKMC_ESR_v10_0_oxygenless,7.682193503394494,219.70771358381387,20.0,10.0,2.0,32504.62905664417,raw_data/run_1375.csv,raw_data/run_1375.json
1376,single,2026-09-24 16:29,KAUST2023_N2_C0_CKMC_ESR_v10_0_oxygenless,4.406654857251391,226.36727696417603,20.0,10.0,2.0,32938661.589825697,raw_data/run_1376.csv,raw_data/run_1376.json
1377,single,2026-09-24 16:29,KAUST2023_N2_C0_CKMC_ESR_v10_0_oxygenless,11.905251186856889,217.3403200674615,20.0,10.0,2.0,1619.6406266194817,raw_data/run_1377.csv,raw_data/run_1377.json
1378,single,2026-09-24 16:29,KAUST2023_N2_C0_CKMC_ESR_v10_0_oxygenless,10.950751490972067,219.94471577821244,20.0,10.0,2.0,2043.180377941802,raw_data/run_1378.csv,raw_data/run_1378.json
1379,single,2026-09-24 16:29,KAUST2023_N2_C0_CKMC_ESR_v10_0_oxygenless,11.963889830730546,219.31953781886858,20.0,10.0,2.0,1620.2486323581377,raw_data/run_1379.csv,raw_data/run_1379.json
1380,single,2026-09-24 16:29,KAUST2023_N2_C0_CKMC_ESR_v10_0_oxygenless,1.9729940363312624,220.69615049561006,20.0,10.0,2.0,24569494.53584736,raw_data/run_1380.csv,raw_data/run_1380.json
1381,single,2026-09-24 16:29,KAUST2023_N2_C0_CKMC_ESR_v10_0_oxygenless,11.788036222642287,217.52786121461688,20.0,10.0,2.0,1623.8025290362825,raw_data/run_1381.csv,raw_data/run_1381.json
1382,single,2026-09-24 16:29,KAUST2023_N2_C0_CKMC_ESR_v10_0_oxygenless,4.295313508884602,219.56759210213355,20.0,10.0,2.0,48988100.15604343,raw_data/run_1382.csv,raw_data/run_1382.json
1383,single,2026-09-24 16:29,KAUST2023_N2_C0_CKMC_ESR_v10_0_oxygenless,11.80363106924846,215.4019341467032,20.0,10.0,2.0,1623.035264221883,raw_data/run_1383.csv,raw_data/run_1383.json
1384,single,2026-09-24 16:29,KAUST2023_N2_C0_CKMC_ESR_v10_0_oxygenless,5.296638477206632,220.0006635528543,20.0,10.0,2.0,52468336.30204056,raw_data/run_1384.csv,raw_data/run_1384.json
1385,single,2026-09-24 16:29,KAUST2023_N2_C0_CKMC_ESR_v10_0_oxygenless,4.0071727094866105,6.178446110063873,20.0,10.0,2.0,106978278.47355887,raw_data/run_1385.csv,raw_data/run_1385.json
1386,single,2026-09-24 16:29,KAUST2023_N2_C0_CKMC_ESR_v10_0_oxygenless,8.0804373205744,219.53065253073956,20.0,10.0,2.0,15268.903193847016,raw_data/run_1386.csv,raw_data/run_1386.json
1387,single,2026-09-24 16:29,KAUST2023_N2_C0_CKMC_ESR_v10_0_oxygenless,9.127269777440475,220.73030770907113,20.0,10.0,2.0,5447.693688305811,raw_data/run_1387.csv,raw_data/run_1387.json
1388,single,2026-09-24 16:29,KAUST2023_N2_C0_CKMC_ESR_v10_0_oxygenless,11.90901644786661,218.73472261238135,20.0,10.0,2.0,1621.213410976792,raw_data/run_1388.csv,raw_data/run_1388.json
1389,single,2026-09-24 16:29,KAUST2023_N2_C0_CKMC_ESR_v10_0_oxygenless,11.96323398350947,217.12874393141192,20.0,10.0,2.0,1621.4278850735302,raw_data/run_1389.csv,raw_data/run_1389.json
1390,single,2026-09-24 16:29,KAUST2023_N2_C0_CKMC_ESR_v10_0_oxygenless,4.3162709049014145,225.1797778721103,20.0,10.0,2.0,58933036.68016658,raw_data/run_1390.csv,raw_data/run_1390.json
1391,single,2026-09-24 16:29,KAUST2023_N2_C0_CKMC_ESR_v10_0_oxygenless,9.372596470851638,220.4880916973088,20.0,10.0,2.0,4593.876635014566,raw_data/run_1391.csv,raw_data/run_1391.json
1392,single,2026-09-24 16:29,KAUST2023_N2_C0_CKMC_ESR_v10_0_oxygenless,11.951012410493641,218.25250433708317,20.0,10.0,2.0,1618.7790112255993,raw_data/run_1392.csv,raw_data/run_1392.json
1393,single,2026-09-24 16:29,KAUST2023_N2_C0_CKMC_ESR_v10_0_oxygenless,10.773992347645661,219.13263138680645,20.0,10.0,2.0,2139.16289556331,raw_data/run_1393.csv,raw_data/run_1393.json
1394,single,2026-09-24 16:29,KAUST2023_N2_C0_CKMC_ESR_v10_0_oxygenless,11.753839553618661,218.4407757282717,20.0,10.0,2.0,1633.805819405441,raw_data/run_1394.csv,raw_data/run_1394.json
1395,single,2026-09-24 16:29,KAUST2023_N2_C0_CKMC_ESR_v10_0_oxygenless,9.70001282304025,224.56327534894675,20.0,10.0,2.0,4469.326270774869,raw_data/run_1395.csv,raw_data/run_1395.json
1396,single,2026-09-24 16:29,KAUST2023_N2_C0_CKMC_ESR_v10_0_oxygenless,8.816292379813017,22.571891247202114,20.0,10.0,2.0,9375170.116330393,raw_data/run_1396.csv,raw_data/run_1396.json
1397,single,2026-09-24 16:29,KAUST2023_N2_C0_CKMC_ESR_v10_0_oxygenless,2.598103881987859,220.2781923053325,20.0,10.0,2.0,16792138.315383054,raw_data/run_1397.csv,raw_data/run_1397.json
1398,single,2026-09-24 16:29,KAUST2023_N2_C0_CKMC_ESR_v10_0_oxygenless,11.911131244534689,219.35396588358714,20.0,10.0,2.0,1624.093524760101,raw_data/run_1398.csv,raw_data/run_1398.json
1399,single,2026-09-24 16:29,KAUST2023_N2_C0_CKMC_ESR_v10_0_oxygenless,5.356718281922468,218.30050904321575,20.0,10.0,2.0,44652681.1462652,raw_data/run_1399.csv,raw_data/run_1399.json
1400,single,2026-09-24 16:29,KAUST2023_N2_C0_CKMC_ESR_v10_0_oxygenless,6.851815223004288,221.83309456386675,20.0,10.0,2.0,517127.5407197003,raw_data/run_1400.csv,raw_data/run_1400.json
1401,single,2026-09-24 16:29,KAUST2023_N2_C0_CKMC_ESR_v10_0_oxygenless,8.096372076871285,225.59662582362577,20.0,10.0,2.0,27460.420529003433,raw_data/run_1401.csv,raw_data/run_1401.json
1402,single,2026-09-24 16:29,KAUST2023_N2_C0_CKMC_ESR_v10_0_oxygenless,11.962399022373273,218.54541561416863,20.0,10.0,2.0,1618.6833877643605,raw_data/run_1402.csv,raw_data/run_1402.json
1403,single,2026-09-24 16:29,KAUST2023_N2_C0_CKMC_ESR_v10_0_oxygenless,11.835912896538657,217.98912662808198,20.0,10.0,2.0,1622.6728654794647,raw_data/run_1403.csv,raw_data/run_1403.json
1404,single,2026-09-24 16:29,KAUST2023_N2_C0_CKMC_ESR_v10_0_oxygenless,11.763130225864039,220.64229518046727,20.0,10.0,2.0,1663.2664772838407,raw_data/run_1404.csv,raw_data/run_1404.json
1405,single,2026-09-24 16:29,KAUST2023_N2_C0_CKMC_ESR_v10_0_oxygenless,11.868201314305452,216.70650773327503,20.0,10.0,2.0,1620.4889974920222,raw_data/run_1405.csv,raw_data/run_1405.json
1406,single,2026-09-24 16:29,KAUST2023_N2_C0_CKMC_ESR_v10_0_oxygenless,11.8185984412942,219.02844724880603,20.0,10.0,2.0,1631.1974431669717,raw_data/run_1406.csv,raw_data/run_1406.json
1407,single,2026-09-24 16:29,KAUST2023_N2_C0_CKMC_ESR_v10_0_oxygenless,7.4681575290436575,8.621924993870664,20.0,10.0,2.0,383856543.8880037,raw_data/run_1407.csv,raw_data/run_1407.json
1408,single,2026-09-24 16:29,KAUST2023_N2_C0_CKMC_ESR_v10_0_oxygenless,11.914625563664579,218.11041402200962,20.0,10.0,2.0,1619.4570720289453,raw_data/run_1408.csv,raw_data/run_1408.json
1409,single,2026-09-24 16:29,KAUST2023_N2_C0_CKMC_ESR_v10_0_oxygenless,11.656338371927111,211.14669611608284,20.0,10.0,2.0,1646.152154835667,raw_data/run_1409.csv,raw_data/run_1409.json
1410,single,2026-09-24 16:29,KAUST2023_N2_C0_CKMC_ESR_v10_0_oxygenless,11.986134801506752,218.28711716679194,20.0,10.0,2.0,1618.5370787839859,raw_data/run_1410.csv,raw_data/run_1410.json
1411,single,2026-09-24 16:29,KAUST2023_N2_C0_CKMC_ESR_v10_0_oxygenless,11.928131503160499,220.0218097481861,20.0,10.0,2.0,1627.1210150302757,raw_data/run_1411.csv,raw_data/run_1411.json
1412,single,2026-09-24 16:29,KAUST2023_N2_C0_CKMC_ESR_v10_0_oxygenless,1.3736681906266597,218.0741704911845,20.0,10.0,2.0,5003031.108668108,raw_data/run_1412.csv,raw_data/run_1412.json
1413,single,2026-09-24 16:29,KAUST2023_N2_C0_CKMC_ESR_v10_0_oxygenless,11.84466371107441,216.7273802124612,20.0,10.0,2.0,1620.3677553327464,raw_data/run_1413.csv,raw_data/run_1413.json
1414,single,2026-09-24 16:29,KAUST2023_N2_C0_CKMC_ESR_v10_0_oxygenless,11.62495715173841,211.14274041249885,20.0,10.0,2.0,1642.2334863062217,raw_data/run_1414.csv,raw_data/run_1414.json
1415,single,2026-09-24 16:29,KAUST2023_N2_C0_CKMC_ESR_v10_0_oxygenless,11.511031613835288,218.4602936692895,20.0,10.0,2.0,1684.21938660876,raw_data/run_1415.csv,raw_data/run_1415.json
1416,single,2026-09-24 16:29,KAUST2023_N2_C0_CKMC_ESR_v10_0_oxygenless,11.979890540573965,218.9254550557408,20.0,10.0,2.0,1618.6102876405134,raw_data/run_1416.csv,raw_data/run_1416.json
1417,single,2026-09-24 16:29,KAUST2023_N2_C0_CKMC_ESR_v10_0_oxygenless,6.52930512297687,219.15945871990934,20.0,10.0,2.0,1113724.802486078,raw_data/run_1417.csv,raw_data/run_1417.json
1418,single,2026-09-24 16:29,KAUST2023_N2_C0_CKMC_ESR_v10_0_oxygenless,9.896172950822754,69.66929021711786,20.0,10.0,2.0,60866.630564605024,raw_data/run_1418.csv,raw_data/run_1418.json
1419,single,2026-09-24 16:29,KAUST2023_N2_C0_CKMC_ESR_v10_0_oxygenless,11.266012698778198,218.9047924194463,20.0,10.0,2.0,1791.4136120434557,raw_data/run_1419.csv,raw_data/run_1419.json
1420,single,2026-09-24 16:29,KAUST2023_N2_C0_CKMC_ESR_v10_0_oxygenless,2.583491565265834,220.2781923053325,20.0,10.0,2.0,21906810.39985756,raw_data/run_1420.csv,raw_data/run_1420.json
1421,single,2026-09-24 16:29,KAUST2023_N2_C0_CKMC_ESR_v10_0_oxygenless,4.448598030226816,219.30489122535795,20.0,10.0,2.0,77202410.69717672,raw_data/run_1421.csv,raw_data/run_1421.json
1422,single,2026-09-24 16:29,KAUST2023_N2_C0_CKMC_ESR_v10_0_oxygenless,8.339993430671253,218.00345163419618,20.0,10.0,2.0,9484.681193943748,raw_data/run_1422.csv,raw_data/run_1422.json
1423,single,2026-09-24 16:29,KAUST2023_N2_C0_CKMC_ESR_v10_0_oxygenless,6.727738840057211,220.2345470731177,20.0,10.0,2.0,616644.7899576058,raw_data/run_1423.csv,raw_data/run_1423.json
1424,single,2026-09-24 16:29,KAUST2023_N2_C0_CKMC_ESR_v10_0_oxygenless,6.798279549845187,219.81076353562403,20.0,10.0,2.0,438350.48577055114,raw_data/run_1424.csv,raw_data/run_1424.json
1425,single,2026-09-24 16:29,KAUST2023_N2_C0_CKMC_ESR_v10_0_oxygenless,11.957537555950754,217.8556190028462,20.0,10.0,2.0,1619.0626606180626,raw_data/run_1425.csv,raw_data/run_1425.json
1426,single,2026-09-24 16:29,KAUST2023_N2_C0_CKMC_ESR_v10_0_oxygenless,11.984872944993784,217.6347887226075,20.0,10.0,2.0,1620.1021889994645,raw_data/run_1426.csv,raw_data/run_1426.json
1427,single,2026-09-24 16:29,KAUST2023_N2_C0_CKMC_ESR_v10_0_oxygenless,5.798335689786997,216.02357192202578,20.0,10.0,2.0,13082226.584899954,raw_data/run_1427.csv,raw_data/run_1427.json
1428,single,2026-09-24 16:29,KAUST2023_N2_C0_CKMC_ESR_v10_0_oxygenless,11.836136110759892,213.1784076657516,20.0,10.0,2.0,1644.5534499574164,raw_data/run_1428.csv,raw_data/run_1428.json
1429,single,2026-09-24 16:29,KAUST2023_N2_C0_CKMC_ESR_v10_0_oxygenless,8.279160185609477,644.4312480674274,20.0,10.0,2.0,22519643.828546744,raw_data/run_1429.csv,raw_data/run_1429.json
1430,single,2026-09-24 16:29,KAUST2023_N2_C0_CKMC_ESR_v10_0_oxygenless,7.163262668579386,212.29599381577214,20.0,10.0,2.0,42881.58175937322,raw_data/run_1430.csv,raw_data/run_1430.json
1431,single,2026-09-24 16:29,KAUST2023_N2_C0_CKMC_ESR_v10_0_oxygenless,11.822212987060507,217.92905616038303,20.0,10.0,2.0,1623.306440351116,raw_data/run_1431.csv,raw_data/run_1431.json
1432,single,2026-09-24 16:29,KAUST2023_N2_C0_CKMC_ESR_v10_0_oxygenless,11.849111002237153,216.96491093325295,20.0,10.0,2.0,1620.1917848380383,raw_data/run_1432.csv,raw_data/run_1432.json
1433,single,2026-09-24 16:29,KAUST2023_N2_C0_CKMC_ESR_v10_0_oxygenless,8.073338098559411,217.22864619765267,20.0,10.0,2.0,12608.14337657598,raw_data/run_1433.csv,raw_data/run_1433.json
1434,single,2026-09-24 16:29,KAUST2023_N2_C0_CKMC_ESR_v10_0_oxygenless,11.977289018197107,216.38310498654647,20.0,10.0,2.0,1626.7344917077403,raw_data/run_1434.csv,raw_data/run_1434.json
1435,single,2026-09-24 16:29,KAUST2023_N2_C0_CKMC_ESR_v10_0_oxygenless,11.776373443531066,219.1505001218841,20.0,10.0,2.0,1638.2371659765765,raw_data/run_1435.csv,raw_data/run_1435.json
1436,single,2026-09-24 16:29,KAUST2023_N2_C0_CKMC_ESR_v10_0_oxygenless,10.162133898201992,219.2304049636113,20.0,10.0,2.0,2854.5323096396633,raw_data/run_1436.csv,raw_data/run_1436.json
1437,single,2026-09-24 16:29,KAUST2023_N2_C0_CKMC_ESR_v10_0_oxygenless,9.051146313653955,219.76508189775822,20.0,10.0,2.0,5494.453722752595,raw_data/run_1437.csv,raw_data/run_1437.json
1438,single,2026-09-24 16:29,KAUST2023_N2_C0_CKMC_ESR_v10_0_oxygenless,8.970485446433745,227.09727055402342,20.0,10.0,2.0,8844.883607900121,raw_data/run_1438.csv,raw_data/run_1438.json
1439,single,2026-09-24 16:29,KAUST2023_N2_C0_CKMC_ESR_v10_0_oxygenless,10.935908467870588,222.68115582587305,20.0,10.0,2.0,2241.488783832062,raw_data/run_1439.csv,raw_data/run_1439.json
1440,single,2026-09-24 16:29,KAUST2023_N2_C0_CKMC_ESR_v10_0_oxygenless,1.521860071763192,219.51567675938776,20.0,10.0,2.0,5563719.386888678,raw_data/run_1440.csv,raw_data/run_1440.json
1441,single,2026-09-24 16:29,KAUST2023_N2_C0_CKMC_ESR_v10_0_oxygenless,8.694723618323087,32.15506208204213,20.0,10.0,2.0,2169633.858096734,raw_data/run_1441.csv,raw_data/run_1441.json
1442,single,2026-09-24 16:29,KAUST2023_N2_C0_CKMC_ESR_v10_0_oxygenless,5.5543796820923585,218.64353210619757,20.0,10.0,2.0,40703650.729713164,raw_data/run_1442.csv,raw_data/run_1442.json
1443,single,2026-09-24 16:29,KAUST2023_N2_C0_CKMC_ESR_v10_0_oxygenless,5.676278429586911,218.3494810674249,20.0,10.0,2.0,31852369.115185037,raw_data/run_1443.csv,raw_data/run_1443.json
1444,single,2026-09-24 16:29,KAUST2023_N2_C0_CKMC_ESR_v10_0_oxygenless,10.703568574265418,218.76624612649306,20.0,10.0,2.0,2177.59920073704,raw_data/run_1444.csv,raw_data/run_1444.json
1445,single,2026-09-24 16:29,KAUST2023_N2_C0_CKMC_ESR_v10_0_oxygenless,11.946514429241695,219.17937291678726,20.0,10.0,2.0,1620.7173287996884,raw_data/run_1445.csv,raw_data/run_1445.json
1446,single,2026-09-24 16:29,KAUST2023_N2_C0_CKMC_ESR_v10_0_oxygenless,10.578154364547895,220.88461321355337,20.0,10.0,2.0,2475.4145426149034,raw_data/run_1446.csv,raw_data/run_1446.json
1447,single,2026-09-24 16:29,KAUST2023_N2_C0_CKMC_ESR_v10_0_oxygenless,10.573833481988217,220.35428091388678,20.0,10.0,2.0,2434.686532933126,raw_data/run_1447.csv,raw_data/run_1447.json
1448,single,2026-09-24 16:29,KAUST2023_N2_C0_CKMC_ESR_v10_0_oxygenless,6.541606223136589,227.20417098344237,20.0,10.0,2.0,4814320.244977093,raw_data/run_1448.csv,raw_data/run_1448.json
1449,single,2026-09-24 16:29,KAUST2023_N2_C0_CKMC_ESR_v10_0_oxygenless,11.985905188404416,219.2253115191885,20.0,10.0,2.0,1618.9322989888262,raw_data/run_1449.csv,raw_data/run_1449.json
1450,single,2026-09-24 16:29,KAUST2023_N2_C0_CKMC_ESR_v10_0_oxygenless,8.64952192763496,218.9254550557408,20.0,10.0,2.0,7287.707702105375,raw_data/run_1450.csv,raw_data/run_1450.json
1451,single,2026-09-24 16:29,KAUST2023_N2_C0_CKMC_ESR_v10_0_oxygenless,9.465279485465643,218.46357921869895,20.0,10.0,2.0,4010.781232845506,raw_data/run_1451.csv,raw_data/run_1451.json
1452,single,2026-09-24 16:29,KAUST2023_N2_C0_CKMC_ESR_v10_0_oxygenless,2.9361503460768827,931.2210775212657,20.0,10.0,2.0,7.177983213017195e+80,raw_data/run_1452.csv,raw_data/run_1452.json
1453,single,2026-09-24 16:29,KAUST2023_N2_C0_CKMC_ESR_v10_0_oxygenless,11.972759546856729,218.8566235205083,20.0,10.0,2.0,1618.7303479356642,raw_data/run_1453.csv,raw_data/run_1453.json
1454,single,2026-09-24 16:29,KAUST2023_N2_C0_CKMC_ESR_v10_0_oxygenless,11.980898439388891,217.98153195996107,20.0,10.0,2.0,1619.02385742302,raw_data/run_1454.csv,raw_data/run_1454.json
1455,single,2026-09-24 16:29,KAUST2023_N2_C0_CKMC_ESR_v10_0_oxygenless,11.655449467701644,218.1152416808529,20.0,10.0,2.0,1644.9991016662423,raw_data/run_1455.csv,raw_data/run_1455.json
1456,single,2026-09-24 16:29,KAUST2023_N2_C0_CKMC_ESR_v10_0_oxygenless,11.963230704550588,218.23561070232932,20.0,10.0,2.0,1618.6453910042942,raw_data/run_1456.csv,raw_data/run_1456.json
1457,single,2026-09-24 16:29,KAUST2023_N2_C0_CKMC_ESR_v10_0_oxygenless,7.598464337061252,217.74497886133332,20.0,10.0,2.0,30834.252361187682,raw_data/run_1457.csv,raw_data/run_1457.json
1458,single,2026-09-24 16:29,KAUST2023_N2_C0_CKMC_ESR_v10_0_oxygenless,11.84776229970063,218.14494449932633,20.0,10.0,2.0,1622.576960915511,raw_data/run_1458.csv,raw_data/run_1458.json
1459,single,2026-09-24 16:29,KAUST2023_N2_C0_CKMC_ESR_v10_0_oxygenless,10.33521724268432,220.6269653560479,20.0,10.0,2.0,2756.5443340666698,raw_data/run_1459.csv,raw_data/run_1459.json
1460,single,2026-09-24 16:29,KAUST2023_N2_C0_CKMC_ESR_v10_0_oxygenless,11.932516299301954,217.67964697579816,20.0,10.0,2.0,1619.2385469877004,raw_data/run_1460.csv,raw_data/run_1460.json
1461,single,2026-09-24 16:29,KAUST2023_N2_C0_CKMC_ESR_v10_0_oxygenless,6.102531947890739,224.8520873764878,20.0,10.0,2.0,17555432.480327114,raw_data/run_1461.csv,raw_data/run_1461.json
1462,single,2026-09-24 16:29,KAUST2023_N2_C0_CKMC_ESR_v10_0_oxygenless,11.994636718966103,219.30407626377485,20.0,10.0,2.0,1618.764128885278,raw_data/run_1462.csv,raw_data/run_1462.json
1463,single,2026-09-24 16:29,KAUST2023_N2_C0_CKMC_ESR_v10_0_oxygenless,8.238017832118862,395.1962222981872,20.0,10.0,2.0,39602413.53297312,raw_data/run_1463.csv,raw_data/run_1463.json
1464,single,2026-09-24 16:29,KAUST2023_N2_C0_CKMC_ESR_v10_0_oxygenless,11.997950123499002,218.8306765465832,20.0,10.0,2.0,1618.1307979445803,raw_data/run_1464.csv,raw_data/run_1464.json
1465,single,2026-09-24 16:29,KAUST2023_N2_C0_CKMC_ESR_v10_0_oxygenless,9.004862108306037,219.37603899977861,20.0,10.0,2.0,5576.728861958874,raw_data/run_1465.csv,raw_data/run_1465.json
1466,single,2026-09-24 16:29,KAUST2023_N2_C0_CKMC_ESR_v10_0_oxygenless,5.13284268663695,219.3663890427854,20.0,10.0,2.0,29297467.73514744,raw_data/run_1466.csv,raw_data/run_1466.json
1467,single,2026-09-24 16:29,KAUST2023_N2_C0_CKMC_ESR_v10_0_oxygenless,11.91250257948975,215.61963590747914,20.0,10.0,2.0,1627.697189425119,raw_data/run_1467.csv,raw_data/run_1467.json
1468,single,2026-09-24 16:29,KAUST2023_N2_C0_CKMC_ESR_v10_0_oxygenless,4.065992272000221,220.5378605675736,20.0,10.0,2.0,72930849.05056278,raw_data/run_1468.csv,raw_data/run_1468.json
1469,single,2026-09-24 16:29,KAUST2023_N2_C0_CKMC_ESR_v10_0_oxygenless,10.740941578178965,219.76748674241725,20.0,10.0,2.0,2214.244812655132,raw_data/run_1469.csv,raw_data/run_1469.json
1470,single,2026-09-24 16:29,KAUST2023_N2_C0_CKMC_ESR_v10_0_oxygenless,9.307726276846626,220.06987483607375,20.0,10.0,2.0,4698.295334155376,raw_data/run_1470.csv,raw_data/run_1470.json
1471,single,2026-09-24 16:29,KAUST2023_N2_C0_CKMC_ESR_v10_0_oxygenless,11.982854806576555,218.92405055211825,20.0,10.0,2.0,1618.5227343535744,raw_data/run_1471.csv,raw_data/run_1471.json
1472,single,2026-09-24 16:29,KAUST2023_N2_C0_CKMC_ESR_v10_0_oxygenless,11.700136764393507,219.56327315670126,20.0,10.0,2.0,1658.3624130089133,raw_data/run_1472.csv,raw_data/run_1472.json
1473,single,2026-09-24 16:29,KAUST2023_N2_C0_CKMC_ESR_v10_0_oxygenless,11.96616886465592,218.40613932761534,20.0,10.0,2.0,1618.564402771271,raw_data/run_1473.csv,raw_data/run_1473.json
1474,single,2026-09-24 16:29,KAUST2023_N2_C0_CKMC_ESR_v10_0_oxygenless,6.0498805904928785,208.5148677648894,20.0,10.0,2.0,1111737.7031374422,raw_data/run_1474.csv,raw_data/run_1474.json
1475,single,2026-09-24 16:29,KAUST2023_N2_C0_CKMC_ESR_v10_0_oxygenless,3.647713325748806,218.56221908460103,20.0,10.0,2.0,63129428.169523194,raw_data/run_1475.csv,raw_data/run_1475.json
1476,single,2026-09-24 16:29,KAUST2023_N2_C0_CKMC_ESR_v10_0_oxygenless,5.171742592754474,219.4433933199434,20.0,10.0,2.0,47380638.93301899,raw_data/run_1476.csv,raw_data/run_1476.json
1477,single,2026-09-24 16:29,KAUST2023_N2_C0_CKMC_ESR_v10_0_oxygenless,11.932726513580345,217.99744014966632,20.0,10.0,2.0,1619.0268795444772,raw_data/run_1477.csv,raw_data/run_1477.json
1478,single,2026-09-24 16:29,KAUST2023_N2_C0_CKMC_ESR_v10_0_oxygenless,11.992232853373242,218.51724509631168,20.0,10.0,2.0,1618.284015361639,raw_data/run_1478.csv,raw_data/run_1478.json
1479,single,2026-09-24 16:29,KAUST2023_N2_C0_CKMC_ESR_v10_0_oxygenless,11.975660388489139,219.31953781886858,20.0,10.0,2.0,1619.627023294666,raw_data/run_1479.csv,raw_data/run_1479.json
1480,single,2026-09-24 16:29,KAUST2023_N2_C0_CKMC_ESR_v10_0_oxygenless,11.9231555392445,218.21203206646322,20.0,10.0,2.0,1619.3369342753863,raw_data/run_1480.csv,raw_data/run_1480.json
1481,single,2026-09-24 16:29,KAUST2023_N2_C0_CKMC_ESR_v10_0_oxygenless,11.975457807082767,218.87392347872984,20.0,10.0,2.0,1618.677769255538,raw_data/run_1481.csv,raw_data/run_1481.json
1482,single,2026-09-24 16:29,KAUST2023_N2_C0_CKMC_ESR_v10_0_oxygenless,11.967435178430122,219.2253115191885,20.0,10.0,2.0,1619.7572100255734,raw_data/run_1482.csv,raw_data/run_1482.json
1483,single,2026-09-24 16:29,KAUST2023_N2_C0_CKMC_ESR_v10_0_oxygenless,11.996942775704321,218.96134345931364,20.0,10.0,2.0,1618.2200321482292,raw_data/run_1483.csv,raw_data/run_1483.json
1484,single,2026-09-24 16:29,KAUST2023_N2_C0_CKMC_ESR_v10_0_oxygenless,8.70996893210765,219.2092189271295,20.0,10.0,2.0,7009.6174313117635,raw_data/run_1484.csv,raw_data/run_1484.json
1485,single,2026-09-24 16:29,KAUST2023_N2_C0_CKMC_ESR_v10_0_oxygenless,9.754540532952678,15.736422555131073,20.0,10.0,2.0,60211319.57278143,raw_data/run_1485.csv,raw_data/run_1485.json
1486,single,2026-09-24 16:29,KAUST2023_N2_C0_CKMC_ESR_v10_0_oxygenless,11.888492798652821,217.94794443977327,20.0,10.0,2.0,1620.011439558899,raw_data/run_1486.csv,raw_data/run_1486.json
1487,single,2026-09-24 16:29,KAUST2023_N2_C0_CKMC_ESR_v10_0_oxygenless,5.8001895737234115,219.11965165124175,20.0,10.0,2.0,20872196.705134228,raw_data/run_1487.csv,raw_data/run_1487.json
1488,single,2026-09-24 16:29,KAUST2023_N2_C0_CKMC_ESR_v10_0_oxygenless,11.995068675816109,219.56856248893138,20.0,10.0,2.0,1619.4287391136486,raw_data/run_1488.csv,raw_data/run_1488.json
1489,single,2026-09-24 16:29,KAUST2023_N2_C0_CKMC_ESR_v10_0_oxygenless,11.963230704550588,218.5859789464976,20.0,10.0,2.0,1618.7017404009719,raw_data/run_1489.csv,raw_data/run_1489.json
1490,single,2026-09-24 16:29,KAUST2023_N2_C0_CKMC_ESR_v10_0_oxygenless,1.5235539467129076,217.74497886133332,20.0,10.0,2.0,9002020.409959424,raw_data/run_1490.csv,raw_data/run_1490.json
1491,single,2026-09-24 16:29,KAUST2023_N2_C0_CKMC_ESR_v10_0_oxygenless,11.988739996282565,219.161461115805,20.0,10.0,2.0,1618.7044741921,raw_data/run_1491.csv,raw_data/run_1491.json
1492,single,2026-09-24 16:29,KAUST2023_N2_C0_CKMC_ESR_v10_0_oxygenless,8.860196768384867,218.51989920860177,20.0,10.0,2.0,5960.341557628288,raw_data/run_1492.csv,raw_data/run_1492.json
1493,single,2026-09-24 16:29,KAUST2023_N2_C0_CKMC_ESR_v10_0_oxygenless,11.957179832369125,218.25274477216078,20.0,10.0,2.0,1618.7023289238093,raw_data/run_1493.csv,raw_data/run_1493.json
1494,single,2026-09-24 16:29,KAUST2023_N2_C0_CKMC_ESR_v10_0_oxygenless,2.072541245905488,218.84976679610264,20.0,10.0,2.0,15234347.793250684,raw_data/run_1494.csv,raw_data/run_1494.json
1495,single,2026-09-24 16:29,KAUST2023_N2_C0_CKMC_ESR_v10_0_oxygenless,4.799061015317603,218.70917736545707,20.0,10.0,2.0,54498132.85525347,raw_data/run_1495.csv,raw_data/run_1495.json
1496,single,2026-09-24 16:29,KAUST2023_N2_C0_CKMC_ESR_v10_0_oxygenless,6.480253931885248,181.50775495832144,20.0,10.0,2.0,7353.6654359156955,raw_data/run_1496.csv,raw_data/run_1496.json
1497,single,2026-09-24 16:29,KAUST2023_N2_C0_CKMC_ESR_v10_0_oxygenless,11.978426941464479,218.95144723242564,20.0,10.0,2.0,1618.6964108484515,raw_data/run_1497.csv,raw_data/run_1497.json
1498,single,2026-09-24 16:29,KAUST2023_N2_C0_CKMC_ESR_v10_0_oxygenless,11.849111002237153,219.18938698718034,20.0,10.0,2.0,1629.0090757682217,raw_data/run_1498.csv,raw_data/run_1498.json
1499,single,2026-09-24 16:29,KAUST2023_N2_C0_CKMC_ESR_v10_0_oxygenless,11.976687463005632,219.0241783707477,20.0,10.0,2.0,1618.8744640863829,raw_data/run_1499.csv,raw_data/run_1499.json
1500,single,2026-09-24 16:29,KAUST2023_N2_C0_CKMC_ESR_v10_0_oxygenless,11.721090644425589,212.969408758735,20.0,10.0,2.0,1633.7801928290528,raw_data/run_1500.csv,raw_data/run_1500.json
1501,single,2026-09-24 16:29,KAUST2023_N2_C0_CKMC_ESR_v10_0_oxygenless,10.355111662239352,219.47907877859433,20.0,10.0,2.0,2618.566149609177,raw_data/run_1501.csv,raw_data/run_1501.json
1502,single,2026-09-24 16:29,KAUST2023_N2_C0_CKMC_ESR_v10_0_oxygenless,11.921275036005305,218.02703943272036,20.0,10.0,2.0,1619.2191645001112,raw_data/run_1502.csv,raw_data/run_1502.json
1503,single,2026-09-24 16:29,KAUST2023_N2_C0_CKMC_ESR_v10_0_oxygenless,6.076546648813206,218.80742920325702,20.0,10.0,2.0,7352029.637343837,raw_data/run_1503.csv,raw_data/run_1503.json
1504,single,2026-09-24 16:29,KAUST2023_N2_C0_CKMC_ESR_v10_0_oxygenless,11.896124908092988,217.7235345270924,20.0,10.0,2.0,1619.5677760274434,raw_data/run_1504.csv,raw_data/run_1504.json
1505,single,2026-09-24 16:29,KAUST2023_N2_C0_CKMC_ESR_v10_0_oxygenless,10.28923180274481,219.26677424192852,20.0,10.0,2.0,2683.5153611471796,raw_data/run_1505.csv,raw_data/run_1505.json
1506,single,2026-09-24 16:29,KAUST2023_N2_C0_CKMC_ESR_v10_0_oxygenless,4.2852975296682105,219.2735242823199,20.0,10.0,2.0,62611298.39892107,raw_data/run_1506.csv,raw_data/run_1506.json
1507,single,2026-09-24 16:29,KAUST2023_N2_C0_CKMC_ESR_v10_0_oxygenless,9.302213755481805,20.569448619837136,20.0,10.0,2.0,27159057.920219243,raw_data/run_1507.csv,raw_data/run_1507.json
1508,single,2026-09-24 16:29,KAUST2023_N2_C0_CKMC_ESR_v10_0_oxygenless,11.998666809353526,218.73775997534204,20.0,10.0,2.0,1618.1360058791015,raw_data/run_1508.csv,raw_data/run_1508.json
1509,single,2026-09-24 16:29,KAUST2023_N2_C0_CKMC_ESR_v10_0_oxygenless,8.660159953174047,218.3494810674249,20.0,10.0,2.0,6979.881130635725,raw_data/run_1509.csv,raw_data/run_1509.json
1510,single,2026-09-24 16:29,KAUST2023_N2_C0_CKMC_ESR_v10_0_oxygenless,11.989553207441235,218.47255314709247,20.0,10.0,2.0,1618.3353804207104,raw_data/run_1510.csv,raw_data/run_1510.json
1511,single,2026-09-24 16:29,KAUST2023_N2_C0_CKMC_ESR_v10_0_oxygenless,11.992232853373242,219.55968755685575,20.0,10.0,2.0,1619.5354327995233,raw_data/run_1511.csv,raw_data/run_1511.json
1512,single,2026-09-24 16:29,KAUST2023_N2_C0_CKMC_ESR_v10_0_oxygenless,3.485654820197332,224.82600908821453,20.0,10.0,2.0,27376246.222201828,raw_data/run_1512.csv,raw_data/run_1512.json
1513,single,2026-09-24 16:29,KAUST2023_N2_C0_CKMC_ESR_v10_0_oxygenless,5.807944702788109,218.98487887289082,20.0,10.0,2.0,20738917.874961384,raw_data/run_1513.csv,raw_data/run_1513.json
1514,single,2026-09-24 16:29,KAUST2023_N2_C0_CKMC_ESR_v10_0_oxygenless,11.992075775228606,218.35293640238947,20.0,10.0,2.0,1618.448546171913,raw_data/run_1514.csv,raw_data/run_1514.json
1515,single,2026-09-24 16:29,KAUST2023_N2_C0_CKMC_ESR_v10_0_oxygenless,11.981582016591204,219.2253115191885,20.0,10.0,2.0,1619.1024751100829,raw_data/run_1515.csv,raw_data/run_1515.json
1516,single,2026-09-24 16:29,KAUST2023_N2_C0_CKMC_ESR_v10_0_oxygenless,2.3987418625586736,218.59564115152665,20.0,10.0,2.0,18302342.12737799,raw_data/run_1516.csv,raw_data/run_1516.json
1517,single,2026-09-24 16:29,KAUST2023_N2_C0_CKMC_ESR_v10_0_oxygenless,11.997964079639871,219.09121269279484,20.0,10.0,2.0,1618.308782838417,raw_data/run_1517.csv,raw_data/run_1517.json
1518,single,2026-09-24 16:29,KAUST2023_N2_C0_CKMC_ESR_v10_0_oxygenless,9.62591568857208,221.40110961043447,20.0,10.0,2.0,4110.744721992977,raw_data/run_1518.csv,raw_data/run_1518.json
1519,single,2026-09-24 16:29,KAUST2023_N2_C0_CKMC_ESR_v10_0_oxygenless,11.972759546856729,218.05251899702026,20.0,10.0,2.0,1618.8252133336032,raw_data/run_1519.csv,raw_data/run_1519.json
1520,single,2026-09-24 16:29,KAUST2023_N2_C0_CKMC_ESR_v10_0_oxygenless,3.7829987325666727,218.83084805921848,20.0,10.0,2.0,25861843.065778542,raw_data/run_1520.csv,raw_data/run_1520.json
1521,single,2026-09-24 16:29,KAUST2023_N2_C0_CKMC_ESR_v10_0_oxygenless,10.693077415398134,218.30347034287234,20.0,10.0,2.0,2154.930145741125,raw_data/run_1521.csv,raw_data/run_1521.json
1522,single,2026-09-24 16:29,KAUST2023_N2_C0_CKMC_ESR_v10_0_oxygenless,11.949170470050511,218.88026206738695,20.0,10.0,2.0,1619.6263338109648,raw_data/run_1522.csv,raw_data/run_1522.json
1523,single,2026-09-24 16:29,KAUST2023_N2_C0_CKMC_ESR_v10_0_oxygenless,11.867686068870748,219.53626622596835,20.0,10.0,2.0,1629.8216550904149,raw_data/run_1523.csv,raw_data/run_1523.json
1524,single,2026-09-24 16:29,KAUST2023_N2_C0_CKMC_ESR_v10_0_oxygenless,7.977649134361019,218.2958192780098,20.0,10.0,2.0,16037.466484861037,raw_data/run_1524.csv,raw_data/run_1524.json
1525,single,2026-09-24 16:29,KAUST2023_N2_C0_CKMC_ESR_v10_0_oxygenless,11.999856579585703,218.86252418193618,20.0,10.0,2.0,1618.113794770981,raw_data/run_1525.csv,raw_data/run_1525.json
1526,single,2026-09-24 16:29,KAUST2023_N2_C0_CKMC_ESR_v10_0_oxygenless,9.728567163757402,218.25274477216078,20.0,10.0,2.0,3444.0591253031744,raw_data/run_1526.csv,raw_data/run_1526.json
1527,single,2026-09-24 16:29,KAUST2023_N2_C0_CKMC_ESR_v10_0_oxygenless,11.916574802825949,217.83402677690393,20.0,10.0,2.0,1619.253210532498,raw_data/run_1527.csv,raw_data/run_1527.json
1528,single,2026-09-24 16:29,KAUST2023_N2_C0_CKMC_ESR_v10_0_oxygenless,11.995551636920547,218.87474923609165,20.0,10.0,2.0,1618.201274971392,raw_data/run_1528.csv,raw_data/run_1528.json
1529,single,2026-09-24 16:29,KAUST2023_N2_C0_CKMC_ESR_v10_0_oxygenless,10.930421908211592,239.561685706669,20.0,10.0,2.0,4130.618771097202,raw_data/run_1529.csv,raw_data/run_1529.json
1530,single,2026-09-24 16:29,KAUST2023_N2_C0_CKMC_ESR_v10_0_oxygenless,11.983250394919464,219.0323233210597,20.0,10.0,2.0,1618.665260658559,raw_data/run_1530.csv,raw_data/run_1530.json
1531,single,2026-09-24 16:29,KAUST2023_N2_C0_CKMC_ESR_v10_0_oxygenless,11.995351410456607,216.96491093325295,20.0,10.0,2.0,1623.899759181852,raw_data/run_1531.csv,raw_data/run_1531.json
1532,single,2026-09-24 16:29,KAUST2023_N2_C0_CKMC_ESR_v10_0_oxygenless,9.056558983367404,219.04003902263645,20.0,10.0,2.0,5292.748858211916,raw_data/run_1532.csv,raw_data/run_1532.json
1533,single,2026-09-24 16:29,KAUST2023_N2_C0_CKMC_ESR_v10_0_oxygenless,11.977289018197107,218.49865641075095,20.0,10.0,2.0,1618.4239036798788,raw_data/run_1533.csv,raw_data/run_1533.json
1534,single,2026-09-24 16:29,KAUST2023_N2_C0_CKMC_ESR_v10_0_oxygenless,11.935953956082788,218.06684805015146,20.0,10.0,2.0,1618.9841738835983,raw_data/run_1534.csv,raw_data/run_1534.json
1535,single,2026-09-24 16:29,KAUST2023_N2_C0_CKMC_ESR_v10_0_oxygenless,3.3482494942931638,219.2452925107918,20.0,10.0,2.0,27745522.275179286,raw_data/run_1535.csv,raw_data/run_1535.json
1536,single,2026-09-24 16:29,KAUST2023_N2_C0_CKMC_ESR_v10_0_oxygenless,11.9449183872308,218.30463303658794,20.0,10.0,2.0,1618.901380802473,raw_data/run_1536.csv,raw_data/run_1536.json
1537,single,2026-09-24 16:29,KAUST2023_N2_C0_CKMC_ESR_v10_0_oxygenless,8.51089061221989,218.92405055211825,20.0,10.0,2.0,8357.98802311403,raw_data/run_1537.csv,raw_data/run_1537.json
1538,single,2026-09-24 16:29,KAUST2023_N2_C0_CKMC_ESR_v10_0_oxygenless,1.8149257436945303,219.94405829820147,20.0,10.0,2.0,8169225.673840338,raw_data/run_1538.csv,raw_data/run_1538.json
1539,single,2026-09-24 16:29,KAUST2023_N2_C0_CKMC_ESR_v10_0_oxygenless,11.954741621437297,218.74355200497754,20.0,10.0,2.0,1619.1352627930041,raw_data/run_1539.csv,raw_data/run_1539.json
1540,single,2026-09-24 16:29,KAUST2023_N2_C0_CKMC_ESR_v10_0_oxygenless,2.465522803358203,20.569448619837136,20.0,10.0,2.0,13546.07318006487,raw_data/run_1540.csv,raw_data/run_1540.json
1541,single,2026-09-24 16:29,KAUST2023_N2_C0_CKMC_ESR_v10_0_oxygenless,7.286339397775064,4.446742580444774,20.0,10.0,2.0,4765322093.809669,raw_data/run_1541.csv,raw_data/run_1541.json
1542,single,2026-09-24 16:29,KAUST2023_N2_C0_CKMC_ESR_v10_0_oxygenless,11.99864398542357,219.4744348882541,20.0,10.0,2.0,1618.9916317718273,raw_data/run_1542.csv,raw_data/run_1542.json
1543,single,2026-09-24 16:29,KAUST2023_N2_C0_CKMC_ESR_v10_0_oxygenless,11.987634524423575,219.58347849321066,20.0,10.0,2.0,1619.870829990479,raw_data/run_1543.csv,raw_data/run_1543.json
1544,single,2026-09-24 16:29,KAUST2023_N2_C0_CKMC_ESR_v10_0_oxygenless,11.89800664356348,217.1801085646152,20.0,10.0,2.0,1619.8448517414965,raw_data/run_1544.csv,raw_data/run_1544.json
1545,single,2026-09-24 16:29,KAUST2023_N2_C0_CKMC_ESR_v10_0_oxygenless,11.889038602573233,217.47165018459253,20.0,10.0,2.0,1619.6363523313514,raw_data/run_1545.csv,raw_data/run_1545.json
1546,single,2026-09-24 16:29,KAUST2023_N2_C0_CKMC_ESR_v10_0_oxygenless,4.451555055968121,219.31953781886858,20.0,10.0,2.0,51641346.291753255,raw_data/run_1546.csv,raw_data/run_1546.json
1547,single,2026-09-24 16:29,KAUST2023_N2_C0_CKMC_ESR_v10_0_oxygenless,11.9231555392445,219.50107213836333,20.0,10.0,2.0,1623.9592042975396,raw_data/run_1547.csv,raw_data/run_1547.json
1548,single,2026-09-24 16:29,KAUST2023_N2_C0_CKMC_ESR_v10_0_oxygenless,11.992075775228606,219.50107213836333,20.0,10.0,2.0,1619.3749471240274,raw_data/run_1548.csv,raw_data/run_1548.json
1549,single,2026-09-24 16:29,KAUST2023_N2_C0_CKMC_ESR_v10_0_oxygenless,11.945954157829645,218.36893546722948,20.0,10.0,2.0,1618.9217885429694,raw_data/run_1549.csv,raw_data/run_1549.json
1550,single,2026-09-24 16:29,KAUST2023_N2_C0_CKMC_ESR_v10_0_oxygenless,1.1465122877161278,219.44939791043126,20.0,10.0,2.0,3072595.6418142323,raw_data/run_1550.csv,raw_data/run_1550.json
1551,single,2026-09-24 16:29,KAUST2023_N2_C0_CKMC_ESR_v10_0_oxygenless,3.653275740126175,219.68961007191018,20.0,10.0,2.0,63401974.303464234,raw_data/run_1551.csv,raw_data/run_1551.json
1552,single,2026-09-24 16:29,KAUST2023_N2_C0_CKMC_ESR_v10_0_oxygenless,11.477448444876906,219.28391901055394,20.0,10.0,2.0,1715.57214606651,raw_data/run_1552.csv,raw_data/run_1552.json
1553,single,2026-09-24 16:29,KAUST2023_N2_C0_CKMC_ESR_v10_0_oxygenless,11.989837367321542,218.275560269203,20.0,10.0,2.0,1618.5469850083152,raw_data/run_1553.csv,raw_data/run_1553.json
1554,single,2026-09-24 16:29,KAUST2023_N2_C0_CKMC_ESR_v10_0_oxygenless,4.538115497509757,219.21895557867393,20.0,10.0,2.0,190999343.31280118,raw_data/run_1554.csv,raw_data/run_1554.json
1555,single,2026-09-24 16:29,KAUST2023_N2_C0_CKMC_ESR_v10_0_oxygenless,11.951700607330794,218.30463303658794,20.0,10.0,2.0,1618.7827815313724,raw_data/run_1555.csv,raw_data/run_1555.json
1556,single,2026-09-24 16:29,KAUST2023_N2_C0_CKMC_ESR_v10_0_oxygenless,11.991891088374818,218.68296441984793,20.0,10.0,2.0,1618.218076954425,raw_data/run_1556.csv,raw_data/run_1556.json
1557,single,2026-09-24 16:29,KAUST2023_N2_C0_CKMC_ESR_v10_0_oxygenless,10.325029774006754,219.30429301358214,20.0,10.0,2.0,2640.4459955699785,raw_data/run_1557.csv,raw_data/run_1557.json
1558,single,2026-09-24 16:29,KAUST2023_N2_C0_CKMC_ESR_v10_0_oxygenless,1.2529753011620448,219.29387898147115,20.0,10.0,2.0,3853417.5423309244,raw_data/run_1558.csv,raw_data/run_1558.json
1559,single,2026-09-24 16:29,KAUST2023_N2_C0_CKMC_ESR_v10_0_oxygenless,2.7449302363256947,219.31899270396266,20.0,10.0,2.0,29067819.541630913,raw_data/run_1559.csv,raw_data/run_1559.json
1560,single,2026-09-24 16:29,KAUST2023_N2_C0_CKMC_ESR_v10_0_oxygenless,11.992396787933082,218.42535108430314,20.0,10.0,2.0,1618.3657740173594,raw_data/run_1560.csv,raw_data/run_1560.json
1561,single,2026-09-24 16:29,KAUST2023_N2_C0_CKMC_ESR_v10_0_oxygenless,9.522784529930709,219.18575055465183,20.0,10.0,2.0,3994.0158385801087,raw_data/run_1561.csv,raw_data/run_1561.json
1562,single,2026-09-24 16:29,KAUST2023_N2_C0_CKMC_ESR_v10_0_oxygenless,3.038686588545721,218.98785608279906,20.0,10.0,2.0,36262235.15025759,raw_data/run_1562.csv,raw_data/run_1562.json
1563,single,2026-09-24 16:29,KAUST2023_N2_C0_CKMC_ESR_v10_0_oxygenless,10.277198924299617,57.359299513091685,20.0,10.0,2.0,134837.58783228608,raw_data/run_1563.csv,raw_data/run_1563.json
1564,single,2026-09-24 16:29,KAUST2023_N2_C0_CKMC_ESR_v10_0_oxygenless,11.984336650779555,217.85417391458523,20.0,10.0,2.0,1619.3961033483388,raw_data/run_1564.csv,raw_data/run_1564.json
1565,single,2026-09-24 16:29,KAUST2023_N2_C0_CKMC_ESR_v10_0_oxygenless,11.999204807177811,218.9470714547904,20.0,10.0,2.0,1618.1521975827502,raw_data/run_1565.csv,raw_data/run_1565.json
1566,single,2026-09-24 16:29,KAUST2023_N2_C0_CKMC_ESR_v10_0_oxygenless,11.94556454218502,218.21508291892596,20.0,10.0,2.0,1618.858539417635,raw_data/run_1566.csv,raw_data/run_1566.json
1567,single,2026-09-24 16:29,KAUST2023_N2_C0_CKMC_ESR_v10_0_oxygenless,11.984785157045378,219.59318119452112,20.0,10.0,2.0,1620.0640253892645,raw_data/run_1567.csv,raw_data/run_1567.json
1568,single,2026-09-24 16:29,KAUST2023_N2_C0_CKMC_ESR_v10_0_oxygenless,11.564569971402992,218.93168334443357,20.0,10.0,2.0,1679.6114356176881,raw_data/run_1568.csv,raw_data/run_1568.json
1569,single,2026-09-24 16:29,KAUST2023_N2_C0_CKMC_ESR_v10_0_oxygenless,11.996990896012504,219.29799547382703,20.0,10.0,2.0,1618.668816643847,raw_data/run_1569.csv,raw_data/run_1569.json
1570,single,2026-09-24 16:29,KAUST2023_N2_C0_CKMC_ESR_v10_0_oxygenless,7.03661237058417,219.54310087423275,20.0,10.0,2.0,181754.2967381939,raw_data/run_1570.csv,raw_data/run_1570.json
1571,single,2026-09-24 16:29,KAUST2023_N2_C0_CKMC_ESR_v10_0_oxygenless,1.636390503487318,219.55959346081644,20.0,10.0,2.0,7314015.26463124,raw_data/run_1571.csv,raw_data/run_1571.json
1572,single,2026-09-24 16:29,KAUST2023_N2_C0_CKMC_ESR_v10_0_oxygenless,11.97145473012367,218.81088943686947,20.0,10.0,2.0,1618.7052242659602,raw_data/run_1572.csv,raw_data/run_1572.json
1573,single,2026-09-24 16:29,KAUST2023_N2_C0_CKMC_ESR_v10_0_oxygenless,2.24077717460946,218.40613932761534,20.0,10.0,2.0,18210743.221945025,raw_data/run_1573.csv,raw_data/run_1573.json
1574,single,2026-09-24 16:29,KAUST2023_N2_C0_CKMC_ESR_v10_0_oxygenless,7.050425219949334,451.78495501526015,20.0,10.0,2.0,24838624.315058935,raw_data/run_1574.csv,raw_data/run_1574.json
1575,single,2026-09-24 16:29,KAUST2023_N2_C0_CKMC_ESR_v10_0_oxygenless,11.979122933961142,218.73775997534204,20.0,10.0,2.0,1618.4459710717324,raw_data/run_1575.csv,raw_data/run_1575.json
1576,single,2026-09-24 16:29,KAUST2023_N2_C0_CKMC_ESR_v10_0_oxygenless,10.392884793267868,218.6830467186223,20.0,10.0,2.0,2499.436209624384,raw_data/run_1576.csv,raw_data/run_1576.json
1577,single,2026-09-24 16:29,KAUST2023_N2_C0_CKMC_ESR_v10_0_oxygenless,6.413785228507496,218.47255314709247,20.0,10.0,2.0,1588363.93907805,raw_data/run_1577.csv,raw_data/run_1577.json
1578,single,2026-09-24 16:29,KAUST2023_N2_C0_CKMC_ESR_v10_0_oxygenless,10.208079862493056,218.51724509631168,20.0,10.0,2.0,2717.9735648209908,raw_data/run_1578.csv,raw_data/run_1578.json
1579,single,2026-09-24 16:29,KAUST2023_N2_C0_CKMC_ESR_v10_0_oxygenless,11.9659438613983,219.31953781886858,20.0,10.0,2.0,1620.1289933450128,raw_data/run_1579.csv,raw_data/run_1579.json
1580,single,2026-09-24 16:29,KAUST2023_N2_C0_CKMC_ESR_v10_0_oxygenless,11.982615563027027,218.06118110099976,20.0,10.0,2.0,1618.8786254831941,raw_data/run_1580.csv,raw_data/run_1580.json
1581,single,2026-09-24 16:29,KAUST2023_N2_C0_CKMC_ESR_v10_0_oxygenless,11.933229733571983,218.45986565982184,20.0,10.0,2.0,1619.3876432783534,raw_data/run_1581.csv,raw_data/run_1581.json
1582,single,2026-09-24 16:29,KAUST2023_N2_C0_CKMC_ESR_v10_0_oxygenless,11.99148065482739,218.36893546722948,20.0,10.0,2.0,1618.4387228066307,raw_data/run_1582.csv,raw_data/run_1582.json
1583,single,2026-09-24 16:29,KAUST2023_N2_C0_CKMC_ESR_v10_0_oxygenless,11.988309758012967,218.96134345931364,20.0,10.0,2.0,1618.4197249663262,raw_data/run_1583.csv,raw_data/run_1583.json
1584,single,2026-09-24 16:29,KAUST2023_N2_C0_CKMC_ESR_v10_0_oxygenless,9.919777077162859,219.09121269279484,20.0,10.0,2.0,3214.2630036650116,raw_data/run_1584.csv,raw_data/run_1584.json
1585,single,2026-09-24 16:29,KAUST2023_N2_C0_CKMC_ESR_v10_0_oxygenless,10.212218143644098,225.26818843934998,20.0,10.0,2.0,3481.1326625618035,raw_data/run_1585.csv,raw_data/run_1585.json
1586,single,2026-09-24 16:29,KAUST2023_N2_C0_CKMC_ESR_v10_0_oxygenless,11.949894385284923,218.3551051117358,20.0,10.0,2.0,1618.8270682663856,raw_data/run_1586.csv,raw_data/run_1586.json
1587,single,2026-09-24 16:29,KAUST2023_N2_C0_CKMC_ESR_v10_0_oxygenless,11.997988873243267,217.98153195996107,20.0,10.0,2.0,1619.296214841342,raw_data/run_1587.csv,raw_data/run_1587.json
1588,single,2026-09-24 16:29,KAUST2023_N2_C0_CKMC_ESR_v10_0_oxygenless,1.2185772927647154,218.79872468721894,20.0,10.0,2.0,4438858.996148851,raw_data/run_1588.csv,raw_data/run_1588.json
1589,single,2026-09-24 16:29,KAUST2023_N2_C0_CKMC_ESR_v10_0_oxygenless,6.7300870413463425,218.67219730627534,20.0,10.0,2.0,460992.1470619305,raw_data/run_1589.csv,raw_data/run_1589.json
1590,single,2026-09-24 16:29,KAUST2023_N2_C0_CKMC_ESR_v10_0_oxygenless,11.97663333857346,218.42037267250436,20.0,10.0,2.0,1618.4453497068182,raw_data/run_1590.csv,raw_data/run_1590.json
1591,single,2026-09-24 16:29,KAUST2023_N2_C0_CKMC_ESR_v10_0_oxygenless,11.995573256007694,219.161461115805,20.0,10.0,2.0,1618.4728417036902,raw_data/run_1591.csv,raw_data/run_1591.json
1592,single,2026-09-24 16:29,KAUST2023_N2_C0_CKMC_ESR_v10_0_oxygenless,11.975748300544423,218.60784239551154,20.0,10.0,2.0,1618.4439042874867,raw_data/run_1592.csv,raw_data/run_1592.json
1593,single,2026-09-24 16:29,KAUST2023_N2_C0_CKMC_ESR_v10_0_oxygenless,11.950482015091936,218.27364560693587,20.0,10.0,2.0,1618.789649825618,raw_data/run_1593.csv,raw_data/run_1593.json
1594,single,2026-09-24 16:29,KAUST2023_N2_C0_CKMC_ESR_v10_0_oxygenless,6.328362900710217,217.83402677690393,20.0,10.0,2.0,2004732.1811669993,raw_data/run_1594.csv,raw_data/run_1594.json
1595,single,2026-09-24 16:29,KAUST2023_N2_C0_CKMC_ESR_v10_0_oxygenless,6.905319420267065,218.37551328798273,20.0,10.0,2.0,276359.11189612903,raw_data/run_1595.csv,raw_data/run_1595.json
1596,single,2026-09-24 16:29,KAUST2023_N2_C0_CKMC_ESR_v10_0_oxygenless,9.578001227769047,84.27708162168898,20.0,10.0,2.0,28620.45915138762,raw_data/run_1596.csv,raw_data/run_1596.json
1597,single,2026-09-24 16:29,KAUST2023_N2_C0_CKMC_ESR_v10_0_oxygenless,11.993564906131656,218.5531984366926,20.0,10.0,2.0,1618.253643074419,raw_data/run_1597.csv,raw_data/run_1597.json
1598,single,2026-09-24 16:29,KAUST2023_N2_C0_CKMC_ESR_v10_0_oxygenless,11.995769285416445,218.65870459313356,20.0,10.0,2.0,1618.1836958830584,raw_data/run_1598.csv,raw_data/run_1598.json
1599,single,2026-09-24 16:29,KAUST2023_N2_C0_CKMC_ESR_v10_0_oxygenless,11.979182274506226,218.786916259041,20.0,10.0,2.0,1618.47829471519,raw_data/run_1599.csv,raw_data/run_1599.json
1600,single,2026-09-24 16:29,KAUST2023_N2_C0_CKMC_ESR_v10_0_oxygenless,11.976958811569316,218.5548464194537,20.0,10.0,2.0,1618.433451090382,raw_data/run_1600.csv,raw_data/run_1600.json
1601,single,2026-09-24 16:29,KAUST2023_N2_C0_CKMC_ESR_v10_0_oxygenless,11.990800145151157,219.4152685011671,20.0,10.0,2.0,1619.2062148469302,raw_data/run_1601.csv,raw_data/run_1601.json
1602,single,2026-09-24 16:29,KAUST2023_N2_C0_CKMC_ESR_v10_0_oxygenless,11.966835743465243,219.29799547382703,20.0,10.0,2.0,1620.0005655293464,raw_data/run_1602.csv,raw_data/run_1602.json
1603,single,2026-09-24 16:29,KAUST2023_N2_C0_CKMC_ESR_v10_0_oxygenless,11.9449183872308,218.2122185757953,20.0,10.0,2.0,1618.8677314194304,raw_data/run_1603.csv,raw_data/run_1603.json
1604,single,2026-09-24 16:29,KAUST2023_N2_C0_CKMC_ESR_v10_0_oxygenless,6.05429131208452,219.4447078441833,20.0,10.0,2.0,8423194.141813606,raw_data/run_1604.csv,raw_data/run_1604.json
1605,single,2026-09-24 16:29,KAUST2023_N2_C0_CKMC_ESR_v10_0_oxygenless,11.97145473012367,219.160333512607,20.0,10.0,2.0,1619.3844799682415,raw_data/run_1605.csv,raw_data/run_1605.json
1606,single,2026-09-24 16:29,KAUST2023_N2_C0_CKMC_ESR_v10_0_oxygenless,5.776206338703958,219.11615123343466,20.0,10.0,2.0,26474407.17543408,raw_data/run_1606.csv,raw_data/run_1606.json
1607,single,2026-09-24 16:29,KAUST2023_N2_C0_CKMC_ESR_v10_0_oxygenless,7.242925810247775,269.7262132163113,20.0,10.0,2.0,62449552.31425994,raw_data/run_1607.csv,raw_data/run_1607.json
1608,single,2026-09-24 16:29,KAUST2023_N2_C0_CKMC_ESR_v10_0_oxygenless,11.997618491513677,219.33707944648904,20.0,10.0,2.0,1618.7128184530227,raw_data/run_1608.csv,raw_data/run_1608.json
1609,single,2026-09-24 16:29,KAUST2023_N2_C0_CKMC_ESR_v10_0_oxygenless,1.8717893194045578,219.0327011993324,20.0,10.0,2.0,17087157.381244417,raw_data/run_1609.csv,raw_data/run_1609.json
1610,single,2026-09-24 16:29,KAUST2023_N2_C0_CKMC_ESR_v10_0_oxygenless,11.989553207441235,219.0542023543402,20.0,10.0,2.0,1618.4989887195711,raw_data/run_1610.csv,raw_data/run_1610.json
1611,single,2026-09-24 16:29,KAUST2023_N2_C0_CKMC_ESR_v10_0_oxygenless,7.362416515923363,218.37339788742992,20.0,10.0,2.0,58499.473177273154,raw_data/run_1611.csv,raw_data/run_1611.json
1612,single,2026-09-24 16:29,KAUST2023_N2_C0_CKMC_ESR_v10_0_oxygenless,11.867408909727267,219.31953781886858,20.0,10.0,2.0,1628.0779924604956,raw_data/run_1612.csv,raw_data/run_1612.json
1613,single,2026-09-24 16:29,KAUST2023_N2_C0_CKMC_ESR_v10_0_oxygenless,5.618998089299812,219.28217164541715,20.0,10.0,2.0,31008346.500548005,raw_data/run_1613.csv,raw_data/run_1613.json
1614,single,2026-09-24 16:29,KAUST2023_N2_C0_CKMC_ESR_v10_0_oxygenless,6.30635209442437,219.16390246836556,20.0,10.0,2.0,2896193.025483983,raw_data/run_1614.csv,raw_data/run_1614.json
1615,single,2026-09-24 16:29,KAUST2023_N2_C0_CKMC_ESR_v10_0_oxygenless,11.948373254114326,218.36893546722948,20.0,10.0,2.0,1618.8580036076419,raw_data/run_1615.csv,raw_data/run_1615.json
1616,single,2026-09-24 16:29,KAUST2023_N2_C0_CKMC_ESR_v10_0_oxygenless,3.38596966963668,219.24600309156767,20.0,10.0,2.0,36312811.16183747,raw_data/run_1616.csv,raw_data/run_1616.json
1617,single,2026-09-24 16:29,KAUST2023_N2_C0_CKMC_ESR_v10_0_oxygenless,11.021866381283902,218.81422070937288,20.0,10.0,2.0,1927.4117116612188,raw_data/run_1617.csv,raw_data/run_1617.json
1618,single,2026-09-24 16:29,KAUST2023_N2_C0_CKMC_ESR_v10_0_oxygenless,6.000347084653688,184.3800707568005,20.0,10.0,2.0,23846.597376871203,raw_data/run_1618.csv,raw_data/run_1618.json
1619,single,2026-09-24 16:29,KAUST2023_N2_C0_CKMC_ESR_v10_0_oxygenless,2.0746099580395505,218.275560269203,20.0,10.0,2.0,14459301.330524456,raw_data/run_1619.csv,raw_data/run_1619.json
1620,single,2026-09-24 16:29,KAUST2023_N2_C0_CKMC_ESR_v10_0_oxygenless,8.194886171148651,218.91209544996377,20.0,10.0,2.0,12227.470894436114,raw_data/run_1620.csv,raw_data/run_1620.json
1621,single,2026-09-24 16:29,KAUST2023_N2_C0_CKMC_ESR_v10_0_oxygenless,7.650017368928256,219.00185112191977,20.0,10.0,2.0,32023.767028321043,raw_data/run_1621.csv,raw_data/run_1621.json
1622,single,2026-09-24 16:29,KAUST2023_N2_C0_CKMC_ESR_v10_0_oxygenless,11.991891088374818,218.80526692262276,20.0,10.0,2.0,1618.2360054439246,raw_data/run_1622.csv,raw_data/run_1622.json
1623,single,2026-09-24 16:29,KAUST2023_N2_C0_CKMC_ESR_v10_0_oxygenless,1.333876555456043,219.0441023665193,20.0,10.0,2.0,5035153.702312601,raw_data/run_1623.csv,raw_data/run_1623.json
1624,single,2026-09-24 16:29,KAUST2023_N2_C0_CKMC_ESR_v10_0_oxygenless,11.970201536424307,218.95762288812412,20.0,10.0,2.0,1618.9753002382815,raw_data/run_1624.csv,raw_data/run_1624.json
1625,single,2026-09-24 16:29,KAUST2023_N2_C0_CKMC_ESR_v10_0_oxygenless,11.973924809136653,218.8205098879725,20.0,10.0,2.0,1618.6386281168693,raw_data/run_1625.csv,raw_data/run_1625.json
1626,single,2026-09-24 16:29,KAUST2023_N2_C0_CKMC_ESR_v10_0_oxygenless,11.99522471434862,218.41543445780022,20.0,10.0,2.0,1618.3735185486807,raw_data/run_1626.csv,raw_data/run_1626.json
1627,single,2026-09-24 16:29,KAUST2023_N2_C0_CKMC_ESR_v10_0_oxygenless,11.999038677868823,218.78667108609443,20.0,10.0,2.0,1618.1227189018025,raw_data/run_1627.csv,raw_data/run_1627.json
1628,single,2026-09-24 16:29,KAUST2023_N2_C0_CKMC_ESR_v10_0_oxygenless,9.293933019662557,218.3111723195045,20.0,10.0,2.0,4404.291555032095,raw_data/run_1628.csv,raw_data/run_1628.json
1629,single,2026-09-24 16:29,KAUST2023_N2_C0_CKMC_ESR_v10_0_oxygenless,5.056788516622934,69.86688304406654,20.0,10.0,2.0,5348.92005555942,raw_data/run_1629.csv,raw_data/run_1629.json
1630,single,2026-09-24 16:29,KAUST2023_N2_C0_CKMC_ESR_v10_0_oxygenless,4.6882695594522,219.03480965876307,20.0,10.0,2.0,72495416.75886312,raw_data/run_1630.csv,raw_data/run_1630.json
1631,single,2026-09-24 16:29,KAUST2023_N2_C0_CKMC_ESR_v10_0_oxygenless,11.993441201198195,218.61429297719118,20.0,10.0,2.0,1618.2214995330014,raw_data/run_1631.csv,raw_data/run_1631.json
1632,single,2026-09-24 16:29,KAUST2023_N2_C0_CKMC_ESR_v10_0_oxygenless,11.990504246889776,218.786916259041,20.0,10.0,2.0,1618.2466411355138,raw_data/run_1632.csv,raw_data/run_1632.json
1633,single,2026-09-24 16:29,KAUST2023_N2_C0_CKMC_ESR_v10_0_oxygenless,10.688641876712538,218.3327430282336,20.0,10.0,2.0,2160.9525397024745,raw_data/run_1633.csv,raw_data/run_1633.json
1634,single,2026-09-24 16:29,KAUST2023_N2_C0_CKMC_ESR_v10_0_oxygenless,11.990410037243347,218.89128638243344,20.0,10.0,2.0,1618.2979960993493,raw_data/run_1634.csv,raw_data/run_1634.json
1635,single,2026-09-24 16:29,KAUST2023_N2_C0_CKMC_ESR_v10_0_oxygenless,11.829502526800383,218.88982781972464,20.0,10.0,2.0,1628.7306776787868,raw_data/run_1635.csv,raw_data/run_1635.json
1636,single,2026-09-24 16:29,KAUST2023_N2_C0_CKMC_ESR_v10_0_oxygenless,11.986809540114383,218.2122185757953,20.0,10.0,2.0,1618.6366783383692,raw_data/run_1636.csv,raw_data/run_1636.json
1637,single,2026-09-24 16:29,KAUST2023_N2_C0_CKMC_ESR_v10_0_oxygenless,11.982854806576555,219.42964429835772,20.0,10.0,2.0,1619.6123430734933,raw_data/run_1637.csv,raw_data/run_1637.json
1638,single,2026-09-24 16:29,KAUST2023_N2_C0_CKMC_ESR_v10_0_oxygenless,11.97145473012367,219.27374472909545,20.0,10.0,2.0,1619.7011756355896,raw_data/run_1638.csv,raw_data/run_1638.json
1639,single,2026-09-24 16:29,KAUST2023_N2_C0_CKMC_ESR_v10_0_oxygenless,11.995971703862837,218.62033655981352,20.0,10.0,2.0,1618.1980262880545,raw_data/run_1639.csv,raw_data/run_1639.json
1640,single,2026-09-24 16:29,KAUST2023_N2_C0_CKMC_ESR_v10_0_oxygenless,5.063654407097244,742.3236690351755,20.0,10.0,2.0,1.7976931348623157e+308,raw_data/run_1640.csv,raw_data/run_1640.json
1641,single,2026-09-24 16:29,KAUST2023_N2_C0_CKMC_ESR_v10_0_oxygenless,6.326521800446709,219.18380205826642,20.0,10.0,2.0,2698098.6801822064,raw_data/run_1641.csv,raw_data/run_1641.json
1642,single,2026-09-24 16:29,KAUST2023_N2_C0_CKMC_ESR_v10_0_oxygenless,7.437973272721569,218.74612724732597,20.0,10.0,2.0,50778.45944360195,raw_data/run_1642.csv,raw_data/run_1642.json
1643,single,2026-09-24 16:29,KAUST2023_N2_C0_CKMC_ESR_v10_0_oxygenless,11.985073763307746,218.85148235209425,20.0,10.0,2.0,1618.3945715693285,raw_data/run_1643.csv,raw_data/run_1643.json
1644,single,2026-09-24 16:29,KAUST2023_N2_C0_CKMC_ESR_v10_0_oxygenless,5.983369855725056,219.36244690288717,20.0,10.0,2.0,10794893.330719335,raw_data/run_1644.csv,raw_data/run_1644.json
1645,single,2026-09-24 16:29,KAUST2023_N2_C0_CKMC_ESR_v10_0_oxygenless,7.03987666984764,218.84793551131565,20.0,10.0,2.0,160557.57222672438,raw_data/run_1645.csv,raw_data/run_1645.json
1646,single,2026-09-24 16:29,KAUST2023_N2_C0_CKMC_ESR_v10_0_oxygenless,11.982615563027027,218.470568122221,20.0,10.0,2.0,1618.3735230776642,raw_data/run_1646.csv,raw_data/run_1646.json
1647,single,2026-09-24 16:29,KAUST2023_N2_C0_CKMC_ESR_v10_0_oxygenless,11.982607916626652,218.769760831378,20.0,10.0,2.0,1618.3944918956906,raw_data/run_1647.csv,raw_data/run_1647.json
1648,single,2026-09-24 16:29,KAUST2023_N2_C0_CKMC_ESR_v10_0_oxygenless,1.6327785006587678,219.30888881972297,20.0,10.0,2.0,6759539.851153398,raw_data/run_1648.csv,raw_data/run_1648.json
1649,single,2026-09-24 16:29,KAUST2023_N2_C0_CKMC_ESR_v10_0_oxygenless,11.998270034808389,218.88891150928507,20.0,10.0,2.0,1618.144959926067,raw_data/run_1649.csv,raw_data/run_1649.json
1650,single,2026-09-24 16:29,KAUST2023_N2_C0_CKMC_ESR_v10_0_oxygenless,11.992639037992076,218.6369362047475,20.0,10.0,2.0,1618.2041438868744,raw_data/run_1650.csv,raw_data/run_1650.json
1651,single,2026-09-24 16:29,KAUST2023_N2_C0_CKMC_ESR_v10_0_oxygenless,11.665005362215826,12.537919751221613,20.0,10.0,2.0,126122208.27498879,raw_data/run_1651.csv,raw_data/run_1651.json
1652,single,2026-09-24 16:29,KAUST2023_N2_C0_CKMC_ESR_v10_0_oxygenless,7.421736535445287,206.14760494411178,20.0,10.0,2.0,12902.45689911433,raw_data/run_1652.csv,raw_data/run_1652.json
1653,single,2026-09-24 16:29,KAUST2023_N2_C0_CKMC_ESR_v10_0_oxygenless,11.989837367321542,219.12288532927073,20.0,10.0,2.0,1618.5921470473259,raw_data/run_1653.csv,raw_data/run_1653.json
1654,single,2026-09-24 16:29,KAUST2023_N2_C0_CKMC_ESR_v10_0_oxygenless,11.99751232950387,219.1743498785084,20.0,10.0,2.0,1618.4199808994076,raw_data/run_1654.csv,raw_data/run_1654.json
1655,single,2026-09-24 16:29,KAUST2023_N2_C0_CKMC_ESR_v10_0_oxygenless,11.997579844599894,218.89750320930452,20.0,10.0,2.0,1618.1679806261066,raw_data/run_1655.csv,raw_data/run_1655.json
1656,single,2026-09-24 16:29,KAUST2023_N2_C0_CKMC_ESR_v10_0_oxygenless,11.999345433093339,218.83098290240576,20.0,10.0,2.0,1618.1119118932834,raw_data/run_1656.csv,raw_data/run_1656.json
1657,single,2026-09-24 16:29,KAUST2023_N2_C0_CKMC_ESR_v10_0_oxygenless,11.997758888316024,218.85736642695602,20.0,10.0,2.0,1618.1480791915387,raw_data/run_1657.csv,raw_data/run_1657.json
1658,single,2026-09-24 16:29,KAUST2023_N2_C0_CKMC_ESR_v10_0_oxygenless,8.697553852075801,218.86497758169045,20.0,10.0,2.0,6950.939186946147,raw_data/run_1658.csv,raw_data/run_1658.json
1659,single,2026-09-24 16:29,KAUST2023_N2_C0_CKMC_ESR_v10_0_oxygenless,11.997950123499002,218.68128152585732,20.0,10.0,2.0,1618.1469082594833,raw_data/run_1659.csv,raw_data/run_1659.json
1660,single,2026-09-24 16:29,KAUST2023_N2_C0_CKMC_ESR_v10_0_oxygenless,11.972748703664204,218.42535108430314,20.0,10.0,2.0,1618.4836161497738,raw_data/run_1660.csv,raw_data/run_1660.json
1661,single,2026-09-24 16:29,KAUST2023_N2_C0_CKMC_ESR_v10_0_oxygenless,2.110312894933684,218.98882648751598,20.0,10.0,2.0,13476209.77674452,raw_data/run_1661.csv,raw_data/run_1661.json
1662,single,2026-09-24 16:29,KAUST2023_N2_C0_CKMC_ESR_v10_0_oxygenless,11.990011184228228,218.87474923609165,20.0,10.0,2.0,1618.3096757815536,raw_data/run_1662.csv,raw_data/run_1662.json
1663,single,2026-09-24 16:29,KAUST2023_N2_C0_CKMC_ESR_v10_0_oxygenless,11.98531023064123,150.5739278841214,20.0,10.0,2.0,6634.391895380863,raw_data/run_1663.csv,raw_data/run_1663.json
1664,single,2026-09-24 16:29,KAUST2023_N2_C0_CKMC_ESR_v10_0_oxygenless,1.3872048330909328,218.8688590735281,20.0,10.0,2.0,6583190.369828403,raw_data/run_1664.csv,raw_data/run_1664.json
1665,single,2026-09-24 16:29,KAUST2023_N2_C0_CKMC_ESR_v10_0_oxygenless,11.993668250611147,219.00222763163978,20.0,10.0,2.0,1618.3246626524035,raw_data/run_1665.csv,raw_data/run_1665.json
1666,single,2026-09-24 16:29,KAUST2023_N2_C0_CKMC_ESR_v10_0_oxygenless,7.258277546504893,219.27044916965883,20.0,10.0,2.0,88356.0881520492,raw_data/run_1666.csv,raw_data/run_1666.json
1667,single,2026-09-24 16:29,KAUST2023_N2_C0_CKMC_ESR_v10_0_oxygenless,11.977289018197107,219.3248229460896,20.0,10.0,2.0,1619.5571623885637,raw_data/run_1667.csv,raw_data/run_1667.json
1668,single,2026-09-24 16:29,KAUST2023_N2_C0_CKMC_ESR_v10_0_oxygenless,11.995601659643677,218.53963042336076,20.0,10.0,2.0,1618.2478853642217,raw_data/run_1668.csv,raw_data/run_1668.json
1669,single,2026-09-24 16:29,KAUST2023_N2_C0_CKMC_ESR_v10_0_oxygenless,11.996990896012504,219.06044064942827,20.0,10.0,2.0,1618.303989223066,raw_data/run_1669.csv,raw_data/run_1669.json
1670,single,2026-09-24 16:29,KAUST2023_N2_C0_CKMC_ESR_v10_0_oxygenless,11.991744357063629,219.06044064942827,20.0,10.0,2.0,1618.4548889874773,raw_data/run_1670.csv,raw_data/run_1670.json
1671,single,2026-09-24 16:29,KAUST2023_N2_C0_CKMC_ESR_v10_0_oxygenless,9.111314159940232,218.5558823171261,20.0,10.0,2.0,4990.656832196159,raw_data/run_1671.csv,raw_data/run_1671.json
1672,single,2026-09-24 16:29,KAUST2023_N2_C0_CKMC_ESR_v10_0_oxygenless,11.995738680523843,218.79092824403972,20.0,10.0,2.0,1618.164397294538,raw_data/run_1672.csv,raw_data/run_1672.json
1673,single,2026-09-24 16:29,KAUST2023_N2_C0_CKMC_ESR_v10_0_oxygenless,3.3597854491718406,218.82844384180768,20.0,10.0,2.0,30801501.57265067,raw_data/run_1673.csv,raw_data/run_1673.json
1674,single,2026-09-24 16:29,KAUST2023_N2_C0_CKMC_ESR_v10_0_oxygenless,2.5732275407182135,49.92223281118411,20.0,10.0,2.0,80229.94907901365,raw_data/run_1674.csv,raw_data/run_1674.json
1675,single,2026-09-24 16:29,KAUST2023_N2_C0_CKMC_ESR_v10_0_oxygenless,11.993590087595926,218.54804907468832,20.0,10.0,2.0,1618.2528902365068,raw_data/run_1675.csv,raw_data/run_1675.json
1676,single,2026-09-24 16:29,KAUST2023_N2_C0_CKMC_ESR_v10_0_oxygenless,9.498635705459364,218.6767880561656,20.0,10.0,2.0,3969.056109019694,raw_data/run_1676.csv,raw_data/run_1676.json
1677,single,2026-09-24 16:29,KAUST2023_N2_C0_CKMC_ESR_v10_0_oxygenless,1.6782751681705985,218.92042627989827,20.0,10.0,2.0,6570484.383243302,raw_data/run_1677.csv,raw_data/run_1677.json
1678,single,2026-09-24 16:29,KAUST2023_N2_C0_CKMC_ESR_v10_0_oxygenless,11.997941399072396,218.96778190791122,20.0,10.0,2.0,1618.1924492825913,raw_data/run_1678.csv,raw_data/run_1678.json
1679,single,2026-09-24 16:29,KAUST2023_N2_C0_CKMC_ESR_v10_0_oxygenless,11.996305794863167,218.97860480387422,20.0,10.0,2.0,1618.2416371410889,raw_data/run_1679.csv,raw_data/run_1679.json
1680,single,2026-09-24 16:29,KAUST2023_N2_C0_CKMC_ESR_v10_0_oxygenless,11.982615563027027,218.60023192894064,20.0,10.0,2.0,1618.3389110871833,raw_data/run_1680.csv,raw_data/run_1680.json
1681,single,2026-09-24 16:29,KAUST2023_N2_C0_CKMC_ESR_v10_0_oxygenless,11.995768509574177,218.59110829369385,20.0,10.0,2.0,1618.2101823982186,raw_data/run_1681.csv,raw_data/run_1681.json
1682,single,2026-09-24 16:29,KAUST2023_N2_C0_CKMC_ESR_v10_0_oxygenless,6.639640292571576,219.16631607362143,20.0,10.0,2.0,837488.8770518757,raw_data/run_1682.csv,raw_data/run_1682.json
1683,single,2026-09-24 16:29,KAUST2023_N2_C0_CKMC_ESR_v10_0_oxygenless,4.893103587215036,218.86053061039078,20.0,10.0,2.0,47468754.236268766,raw_data/run_1683.csv,raw_data/run_1683.json
1684,single,2026-09-24 16:29,KAUST2023_N2_C0_CKMC_ESR_v10_0_oxygenless,11.99702884282749,218.68655254390154,20.0,10.0,2.0,1618.1574089272526,raw_data/run_1684.csv,raw_data/run_1684.json
1685,single,2026-09-24 16:29,KAUST2023_N2_C0_CKMC_ESR_v10_0_oxygenless,8.96660347545045,192.37495836732353,20.0,10.0,2.0,2016.7378239808247,raw_data/run_1685.csv,raw_data/run_1685.json
1686,single,2026-09-24 16:29,KAUST2023_N2_C0_CKMC_ESR_v10_0_oxygenless,7.119326888600272,218.82844384180768,20.0,10.0,2.0,124604.26768346432,raw_data/run_1686.csv,raw_data/run_1686.json
1687,single,2026-09-24 16:29,KAUST2023_N2_C0_CKMC_ESR_v10_0_oxygenless,11.999456969065552,218.7810057372291,20.0,10.0,2.0,1618.111689785076,raw_data/run_1687.csv,raw_data/run_1687.json
1688,single,2026-09-24 16:29,KAUST2023_N2_C0_CKMC_ESR_v10_0_oxygenless,11.997579844599894,218.8115529859208,20.0,10.0,2.0,1618.1362253443417,raw_data/run_1688.csv,raw_data/run_1688.json
1689,single,2026-09-24 16:29,KAUST2023_N2_C0_CKMC_ESR_v10_0_oxygenless,11.990455480540044,218.8366681592098,20.0,10.0,2.0,1618.2773615773237,raw_data/run_1689.csv,raw_data/run_1689.json
1690,single,2026-09-24 16:29,KAUST2023_N2_C0_CKMC_ESR_v10_0_oxygenless,2.5786124683000855,219.04465781332559,20.0,10.0,2.0,19141688.091195576,raw_data/run_1690.csv,raw_data/run_1690.json
1691,single,2026-09-24 16:29,KAUST2023_N2_C0_CKMC_ESR_v10_0_oxygenless,11.995573256007694,218.77371885521407,20.0,10.0,2.0,1618.1709016016139,raw_data/run_1691.csv,raw_data/run_1691.json
1692,single,2026-09-24 16:29,KAUST2023_N2_C0_CKMC_ESR_v10_0_oxygenless,11.986487429374899,218.8306765465832,20.0,10.0,2.0,1618.3567919042277,raw_data/run_1692.csv,raw_data/run_1692.json
1693,single,2026-09-24 16:29,KAUST2023_N2_C0_CKMC_ESR_v10_0_oxygenless,11.998694205802424,218.8832236918243,20.0,10.0,2.0,1618.1415298665086,raw_data/run_1693.csv,raw_data/run_1693.json
1694,single,2026-09-24 16:29,KAUST2023_N2_C0_CKMC_ESR_v10_0_oxygenless,11.963312644922599,218.4677653944941,20.0,10.0,2.0,1618.6163981786003,raw_data/run_1694.csv,raw_data/run_1694.json
1695,single,2026-09-24 16:29,KAUST2023_N2_C0_CKMC_ESR_v10_0_oxygenless,3.1425928680056283,218.87474923609165,20.0,10.0,2.0,22170474.2079766,raw_data/run_1695.csv,raw_data/run_1695.json
1696,single,2026-09-24 16:29,KAUST2023_N2_C0_CKMC_ESR_v10_0_oxygenless,10.284328165489676,392.7124707659304,20.0,10.0,2.0,60726102.03522967,raw_data/run_1696.csv,raw_data/run_1696.json
1697,single,2026-09-24 16:29,KAUST2023_N2_C0_CKMC_ESR_v10_0_oxygenless,11.963141402905087,218.3651753103422,20.0,10.0,2.0,1618.6094052812418,raw_data/run_1697.csv,raw_data/run_1697.json
1698,single,2026-09-24 16:29,KAUST2023_N2_C0_CKMC_ESR_v10_0_oxygenless,11.998299258660015,218.6218473137816,20.0,10.0,2.0,1618.1775244600926,raw_data/run_1698.csv,raw_data/run_1698.json
1699,single,2026-09-24 16:29,KAUST2023_N2_C0_CKMC_ESR_v10_0_oxygenless,11.98936685883126,218.6275211749613,20.0,10.0,2.0,1618.2598528821545,raw_data/run_1699.csv,raw_data/run_1699.json
1700,single,2026-09-24 16:29,KAUST2023_N2_C0_CKMC_ESR_v10_0_oxygenless,11.977289018197107,218.71787977976885,20.0,10.0,2.0,1618.4693621971026,raw_data/run_1700.csv,raw_data/run_1700.json
1701,single,2026-09-24 16:29,KAUST2023_N2_C0_CKMC_ESR_v10_0_oxygenless,3.573604743773755,218.81978393845773,20.0,10.0,2.0,27687382.164063826,raw_data/run_1701.csv,raw_data/run_1701.json
1702,single,2026-09-24 16:29,KAUST2023_N2_C0_CKMC_ESR_v10_0_oxygenless,11.995836990797894,218.59463249362486,20.0,10.0,2.0,1618.2087160485726,raw_data/run_1702.csv,raw_data/run_1702.json
1703,single,2026-09-24 16:29,KAUST2023_N2_C0_CKMC_ESR_v10_0_oxygenless,11.971414389605446,219.06044064942827,20.0,10.0,2.0,1619.1456626560268,raw_data/run_1703.csv,raw_data/run_1703.json
1704,single,2026-09-24 16:29,KAUST2023_N2_C0_CKMC_ESR_v10_0_oxygenless,11.982854806576555,218.6659384739408,20.0,10.0,2.0,1618.3450039357722,raw_data/run_1704.csv,raw_data/run_1704.json
1705,single,2026-09-24 16:29,KAUST2023_N2_C0_CKMC_ESR_v10_0_oxygenless,1.851093084573046,218.71945124941288,20.0,10.0,2.0,8609450.206886219,raw_data/run_1705.csv,raw_data/run_1705.json
1706,single,2026-09-24 16:29,KAUST2023_N2_C0_CKMC_ESR_v10_0_oxygenless,11.995396791020516,218.62033655981352,20.0,10.0,2.0,1618.202451339062,raw_data/run_1706.csv,raw_data/run_1706.json
1707,single,2026-09-24 16:29,KAUST2023_N2_C0_CKMC_ESR_v10_0_oxygenless,11.743927057953787,436.6269621932744,20.0,10.0,2.0,46960104.75548088,raw_data/run_1707.csv,raw_data/run_1707.json
1708,single,2026-09-24 16:29,KAUST2023_N2_C0_CKMC_ESR_v10_0_oxygenless,2.1960000756993967,219.05897916561636,20.0,10.0,2.0,15656203.212336568,raw_data/run_1708.csv,raw_data/run_1708.json
1709,single,2026-09-24 16:29,KAUST2023_N2_C0_CKMC_ESR_v10_0_oxygenless,10.44733671172921,219.12512342309148,20.0,10.0,2.0,2474.02376280183,raw_data/run_1709.csv,raw_data/run_1709.json
1710,single,2026-09-24 16:29,KAUST2023_N2_C0_CKMC_ESR_v10_0_oxygenless,11.997662057164575,218.68364750200155,20.0,10.0,2.0,1618.1558255291275,raw_data/run_1710.csv,raw_data/run_1710.json
1711,single,2026-09-24 16:29,KAUST2023_N2_C0_CKMC_ESR_v10_0_oxygenless,11.997863655551233,218.96778190791122,20.0,10.0,2.0,1618.1985278172644,raw_data/run_1711.csv,raw_data/run_1711.json
1712,single,2026-09-24 16:29,KAUST2023_N2_C0_CKMC_ESR_v10_0_oxygenless,6.214407211433445,218.79278125084187,20.0,10.0,2.0,3950708.2337430124,raw_data/run_1712.csv,raw_data/run_1712.json
1713,single,2026-09-24 16:29,KAUST2023_N2_C0_CKMC_ESR_v10_0_oxygenless,11.982615563027027,218.66919325622789,20.0,10.0,2.0,1618.3527410736654,raw_data/run_1713.csv,raw_data/run_1713.json
1714,single,2026-09-24 16:29,KAUST2023_N2_C0_CKMC_ESR_v10_0_oxygenless,11.995768509574177,218.72402267024768,20.0,10.0,2.0,1618.1643543074185,raw_data/run_1714.csv,raw_data/run_1714.json
1715,single,2026-09-24 16:29,KAUST2023_N2_C0_CKMC_ESR_v10_0_oxygenless,11.987178066037131,218.36893546722948,20.0,10.0,2.0,1618.4338349041352,raw_data/run_1715.csv,raw_data/run_1715.json
1716,single,2026-09-24 16:29,KAUST2023_N2_C0_CKMC_ESR_v10_0_oxygenless,11.997348267662355,218.54264430030716,20.0,10.0,2.0,1618.2402343073163,raw_data/run_1716.csv,raw_data/run_1716.json
1717,single,2026-09-24 16:29,KAUST2023_N2_C0_CKMC_ESR_v10_0_oxygenless,9.991120672727984,218.86482951625055,20.0,10.0,2.0,3071.8847433154783,raw_data/run_1717.csv,raw_data/run_1717.json
1718,single,2026-09-24 16:29,KAUST2023_N2_C0_CKMC_ESR_v10_0_oxygenless,11.888153980941084,420.4510548096768,20.0,10.0,2.0,51667958.262502916,raw_data/run_1718.csv,raw_data/run_1718.json
1719,single,2026-09-24 16:29,KAUST2023_N2_C0_CKMC_ESR_v10_0_oxygenless,11.989837367321542,218.93459805130567,20.0,10.0,2.0,1618.3542741622373,raw_data/run_1719.csv,raw_data/run_1719.json
1720,single,2026-09-24 16:29,KAUST2023_N2_C0_CKMC_ESR_v10_0_oxygenless,11.999649299418683,218.73488365371088,20.0,10.0,2.0,1618.1217257863102,raw_data/run_1720.csv,raw_data/run_1720.json
1721,single,2026-09-24 16:29,KAUST2023_N2_C0_CKMC_ESR_v10_0_oxygenless,11.994709382447658,218.8967692684449,20.0,10.0,2.0,1618.219246117249,raw_data/run_1721.csv,raw_data/run_1721.json
1722,single,2026-09-24 16:29,KAUST2023_N2_C0_CKMC_ESR_v10_0_oxygenless,11.994877657700899,218.92790214930204,20.0,10.0,2.0,1618.237841998875,raw_data/run_1722.csv,raw_data/run_1722.json
1723,single,2026-09-24 16:29,KAUST2023_N2_C0_CKMC_ESR_v10_0_oxygenless,11.999053043040504,218.73575153635915,20.0,10.0,2.0,1618.1221987944102,raw_data/run_1723.csv,raw_data/run_1723.json
1724,single,2026-09-24 16:29,KAUST2023_N2_C0_CKMC_ESR_v10_0_oxygenless,4.240622689420427,218.94557835487745,20.0,10.0,2.0,71741002.26842326,raw_data/run_1724.csv,raw_data/run_1724.json
1725,single,2026-09-24 16:29,KAUST2023_N2_C0_CKMC_ESR_v10_0_oxygenless,11.99751727583252,218.81330227367306,20.0,10.0,2.0,1618.1454008536286,raw_data/run_1725.csv,raw_data/run_1725.json
1726,single,2026-09-24 16:29,KAUST2023_N2_C0_CKMC_ESR_v10_0_oxygenless,11.996784598810446,218.8832236918243,20.0,10.0,2.0,1618.1807527609744,raw_data/run_1726.csv,raw_data/run_1726.json
1727,single,2026-09-24 16:29,KAUST2023_N2_C0_CKMC_ESR_v10_0_oxygenless,11.998515822860284,218.78667108609443,20.0,10.0,2.0,1618.127014466113,raw_data/run_1727.csv,raw_data/run_1727.json
1728,single,2026-09-24 16:29,KAUST2023_N2_C0_CKMC_ESR_v10_0_oxygenless,11.999316954480022,218.87474923609165,20.0,10.0,2.0,1618.123777173919,raw_data/run_1728.csv,raw_data/run_1728.json
1729,single,2026-09-24 16:29,KAUST2023_N2_C0_CKMC_ESR_v10_0_oxygenless,7.2508845144281375,264.6784115911124,20.0,10.0,2.0,46511207.705226034,raw_data/run_1729.csv,raw_data/run_1729.json
1730,single,2026-09-24 16:29,KAUST2023_N2_C0_CKMC_ESR_v10_0_oxygenless,10.317282445107072,218.79448223395042,20.0,10.0,2.0,2602.0794445995375,raw_data/run_1730.csv,raw_data/run_1730.json
1731,single,2026-09-24 16:29,KAUST2023_N2_C0_CKMC_ESR_v10_0_oxygenless,10.460488118312398,219.02269375551236,20.0,10.0,2.0,2449.855349473878,raw_data/run_1731.csv,raw_data/run_1731.json
1732,single,2026-09-24 16:29,KAUST2023_N2_C0_CKMC_ESR_v10_0_oxygenless,11.990504246889776,218.777131264229,20.0,10.0,2.0,1618.2441880999756,raw_data/run_1732.csv,raw_data/run_1732.json
1733,single,2026-09-24 16:29,KAUST2023_N2_C0_CKMC_ESR_v10_0_oxygenless,9.56008425167125,218.94043301674768,20.0,10.0,2.0,3874.633586147858,raw_data/run_1733.csv,raw_data/run_1733.json
1734,single,2026-09-24 16:29,KAUST2023_N2_C0_CKMC_ESR_v10_0_oxygenless,11.99920700278264,218.53963042336076,20.0,10.0,2.0,1618.2369970245109,raw_data/run_1734.csv,raw_data/run_1734.json
1735,single,2026-09-24 16:29,KAUST2023_N2_C0_CKMC_ESR_v10_0_oxygenless,11.998925555783972,218.85168431034057,20.0,10.0,2.0,1618.1384111014524,raw_data/run_1735.csv,raw_data/run_1735.json
1736,single,2026-09-24 16:29,KAUST2023_N2_C0_CKMC_ESR_v10_0_oxygenless,11.09675499761142,218.9754834098314,20.0,10.0,2.0,1887.582312337141,raw_data/run_1736.csv,raw_data/run_1736.json
1737,single,2026-09-24 16:29,KAUST2023_N2_C0_CKMC_ESR_v10_0_oxygenless,10.383946567712051,218.94854032397254,20.0,10.0,2.0,2533.805716162888,raw_data/run_1737.csv,raw_data/run_1737.json
1738,single,2026-09-24 16:29,KAUST2023_N2_C0_CKMC_ESR_v10_0_oxygenless,4.387214923892899,218.70941482618377,20.0,10.0,2.0,83546048.03181435,raw_data/run_1738.csv,raw_data/run_1738.json
1739,single,2026-09-24 16:29,KAUST2023_N2_C0_CKMC_ESR_v10_0_oxygenless,11.999263904290462,218.7151039461757,20.0,10.0,2.0,1618.122463109982,raw_data/run_1739.csv,raw_data/run_1739.json
1740,single,2026-09-24 16:29,KAUST2023_N2_C0_CKMC_ESR_v10_0_oxygenless,11.392591681961049,255.62066553833816,20.0,10.0,2.0,6183.8228169640015,raw_data/run_1740.csv,raw_data/run_1740.json
1741,single,2026-09-24 16:29,KAUST2023_N2_C0_CKMC_ESR_v10_0_oxygenless,3.691759041100275,218.62233170818604,20.0,10.0,2.0,28600302.420618877,raw_data/run_1741.csv,raw_data/run_1741.json
1742,single,2026-09-24 16:29,KAUST2023_N2_C0_CKMC_ESR_v10_0_oxygenless,8.036051736080628,218.59299804101454,20.0,10.0,2.0,15022.106992975467,raw_data/run_1742.csv,raw_data/run_1742.json
1743,single,2026-09-24 16:29,KAUST2023_N2_C0_CKMC_ESR_v10_0_oxygenless,8.032107973251527,218.92542498276362,20.0,10.0,2.0,15583.727956549355,raw_data/run_1743.csv,raw_data/run_1743.json
1744,single,2026-09-24 16:29,KAUST2023_N2_C0_CKMC_ESR_v10_0_oxygenless,11.989219747094483,218.7687567226141,20.0,10.0,2.0,1618.2768953110417,raw_data/run_1744.csv,raw_data/run_1744.json
1745,single,2026-09-24 16:29,KAUST2023_N2_C0_CKMC_ESR_v10_0_oxygenless,11.99947591002471,218.88158389329175,20.0,10.0,2.0,1618.1240712010592,raw_data/run_1745.csv,raw_data/run_1745.json
1746,single,2026-09-24 16:29,KAUST2023_N2_C0_CKMC_ESR_v10_0_oxygenless,11.982615563027027,219.07480071733056,20.0,10.0,2.0,1618.7539886011075,raw_data/run_1746.csv,raw_data/run_1746.json
1747,single,2026-09-24 16:29,KAUST2023_N2_C0_CKMC_ESR_v10_0_oxygenless,11.998548666372656,218.86092620383266,20.0,10.0,2.0,1618.137286839057,raw_data/run_1747.csv,raw_data/run_1747.json
1748,single,2026-09-24 16:29,KAUST2023_N2_C0_CKMC_ESR_v10_0_oxygenless,11.987178066037131,218.64892338085355,20.0,10.0,2.0,1618.2859310633758,raw_data/run_1748.csv,raw_data/run_1748.json
1749,single,2026-09-24 16:29,KAUST2023_N2_C0_CKMC_ESR_v10_0_oxygenless,11.999026422124587,218.78686213905647,20.0,10.0,2.0,1618.1198366451858,raw_data/run_1749.csv,raw_data/run_1749.json
1750,single,2026-09-24 16:29,KAUST2023_N2_C0_CKMC_ESR_v10_0_oxygenless,8.839099079373247,218.75378454897194,20.0,10.0,2.0,6132.694683764403,raw_data/run_1750.csv,raw_data/run_1750.json
1751,single,2026-09-24 16:29,KAUST2023_N2_C0_CKMC_ESR_v10_0_oxygenless,11.036757327697979,399.2014176422459,20.0,10.0,2.0,68197979.70554407,raw_data/run_1751.csv,raw_data/run_1751.json
1752,single,2026-09-24 16:29,KAUST2023_N2_C0_CKMC_ESR_v10_0_oxygenless,11.998132879362819,218.8537447934426,20.0,10.0,2.0,1618.1443306779013,raw_data/run_1752.csv,raw_data/run_1752.json
1753,single,2026-09-24 16:29,KAUST2023_N2_C0_CKMC_ESR_v10_0_oxygenless,9.460159416622846,218.83098290240576,20.0,10.0,2.0,4080.9900897821385,raw_data/run_1753.csv,raw_data/run_1753.json
1754,single,2026-09-24 16:29,KAUST2023_N2_C0_CKMC_ESR_v10_0_oxygenless,11.994508306099776,218.84566169303824,20.0,10.0,2.0,1618.2016968243108,raw_data/run_1754.csv,raw_data/run_1754.json
1755,single,2026-09-24 16:29,KAUST2023_N2_C0_CKMC_ESR_v10_0_oxygenless,6.9235042620436555,218.85321663902386,20.0,10.0,2.0,236631.88187658924,raw_data/run_1755.csv,raw_data/run_1755.json
1756,single,2026-09-24 16:29,KAUST2023_N2_C0_CKMC_ESR_v10_0_oxygenless,11.991883189247345,218.73575153635915,20.0,10.0,2.0,1618.2071573713308,raw_data/run_1756.csv,raw_data/run_1756.json
1757,single,2026-09-24 16:29,KAUST2023_N2_C0_CKMC_ESR_v10_0_oxygenless,11.966329167880211,218.56205395918317,20.0,10.0,2.0,1618.6076359771569,raw_data/run_1757.csv,raw_data/run_1757.json
1758,single,2026-09-24 16:29,KAUST2023_N2_C0_CKMC_ESR_v10_0_oxygenless,11.999649359909574,218.84189457097315,20.0,10.0,2.0,1618.1109416851182,raw_data/run_1758.csv,raw_data/run_1758.json
1759,single,2026-09-24 16:29,KAUST2023_N2_C0_CKMC_ESR_v10_0_oxygenless,5.730153139806803,218.8832236918243,20.0,10.0,2.0,23904200.182039592,raw_data/run_1759.csv,raw_data/run_1759.json
1760,single,2026-09-24 16:29,KAUST2023_N2_C0_CKMC_ESR_v10_0_oxygenless,11.987872780681707,218.67478887622318,20.0,10.0,2.0,1618.2695211731286,raw_data/run_1760.csv,raw_data/run_1760.json
1761,single,2026-09-24 16:29,KAUST2023_N2_C0_CKMC_ESR_v10_0_oxygenless,11.99384521533141,218.75558080130116,20.0,10.0,2.0,1618.1922524472989,raw_data/run_1761.csv,raw_data/run_1761.json
1762,single,2026-09-24 16:29,KAUST2023_N2_C0_CKMC_ESR_v10_0_oxygenless,9.85219321570351,385.82873952280426,20.0,10.0,2.0,67751023.27516803,raw_data/run_1762.csv,raw_data/run_1762.json
1763,single,2026-09-24 16:29,KAUST2023_N2_C0_CKMC_ESR_v10_0_oxygenless,6.843414044099415,219.28391901055394,20.0,10.0,2.0,338436.3822285868,raw_data/run_1763.csv,raw_data/run_1763.json
1764,single,2026-09-24 16:29,KAUST2023_N2_C0_CKMC_ESR_v10_0_oxygenless,11.999649359909574,218.7338866054757,20.0,10.0,2.0,1618.122624135058,raw_data/run_1764.csv,raw_data/run_1764.json
1765,single,2026-09-24 16:29,KAUST2023_N2_C0_CKMC_ESR_v10_0_oxygenless,11.999628065857332,218.9470714547904,20.0,10.0,2.0,1618.1497837970428,raw_data/run_1765.csv,raw_data/run_1765.json
1766,single,2026-09-24 16:29,KAUST2023_N2_C0_CKMC_ESR_v10_0_oxygenless,11.99701347668631,218.89862036386413,20.0,10.0,2.0,1618.1668011587233,raw_data/run_1766.csv,raw_data/run_1766.json
1767,single,2026-09-24 16:29,KAUST2023_N2_C0_CKMC_ESR_v10_0_oxygenless,11.999064863383541,218.84312045899824,20.0,10.0,2.0,1618.1190913212308,raw_data/run_1767.csv,raw_data/run_1767.json
1768,single,2026-09-24 16:29,KAUST2023_N2_C0_CKMC_ESR_v10_0_oxygenless,2.1311172120053445,218.56254938485202,20.0,10.0,2.0,14213205.881099187,raw_data/run_1768.csv,raw_data/run_1768.json
1769,single,2026-09-24 16:29,KAUST2023_N2_C0_CKMC_ESR_v10_0_oxygenless,11.996731264228083,218.85168431034057,20.0,10.0,2.0,1618.168841708348,raw_data/run_1769.csv,raw_data/run_1769.json
1770,single,2026-09-24 16:29,KAUST2023_N2_C0_CKMC_ESR_v10_0_oxygenless,11.997694377137451,219.06044064942827,20.0,10.0,2.0,1618.2837369345827,raw_data/run_1770.csv,raw_data/run_1770.json
1771,single,2026-09-24 16:29,KAUST2023_N2_C0_CKMC_ESR_v10_0_oxygenless,5.277340344588,218.6659384739408,20.0,10.0,2.0,47030367.243604824,raw_data/run_1771.csv,raw_data/run_1771.json
1772,single,2026-09-24 16:29,KAUST2023_N2_C0_CKMC_ESR_v10_0_oxygenless,11.99943212281706,218.7761860940256,20.0,10.0,2.0,1618.117613706388,raw_data/run_1772.csv,raw_data/run_1772.json
1773,single,2026-09-24 16:29,KAUST2023_N2_C0_CKMC_ESR_v10_0_oxygenless,8.599510218590028,218.81544580317362,20.0,10.0,2.0,7591.716209227913,raw_data/run_1773.csv,raw_data/run_1773.json
1774,single,2026-09-24 16:29,KAUST2023_N2_C0_CKMC_ESR_v10_0_oxygenless,10.44329519763317,234.05781836801782,20.0,10.0,2.0,4307.012732914601,raw_data/run_1774.csv,raw_data/run_1774.json
1775,single,2026-09-24 16:29,KAUST2023_N2_C0_CKMC_ESR_v10_0_oxygenless,11.999897764972076,218.76985263473077,20.0,10.0,2.0,1618.1127949795086,raw_data/run_1775.csv,raw_data/run_1775.json
1776,single,2026-09-24 16:29,KAUST2023_N2_C0_CKMC_ESR_v10_0_oxygenless,1.6381212424900096,218.82641765211304,20.0,10.0,2.0,7441014.846443121,raw_data/run_1776.csv,raw_data/run_1776.json
1777,single,2026-09-24 16:29,KAUST2023_N2_C0_CKMC_ESR_v10_0_oxygenless,11.951512118279833,218.44908058299998,20.0,10.0,2.0,1618.8535182432986,raw_data/run_1777.csv,raw_data/run_1777.json
1778,single,2026-09-24 16:29,KAUST2023_N2_C0_CKMC_ESR_v10_0_oxygenless,7.559374150800692,218.96778190791122,20.0,10.0,2.0,39043.46163191819,raw_data/run_1778.csv,raw_data/run_1778.json
1779,single,2026-09-24 16:29,KAUST2023_N2_C0_CKMC_ESR_v10_0_oxygenless,11.998329718185701,218.90464010696894,20.0,10.0,2.0,1618.1553276051384,raw_data/run_1779.csv,raw_data/run_1779.json
1780,single,2026-09-24 16:29,KAUST2023_N2_C0_CKMC_ESR_v10_0_oxygenless,6.344254806747497,218.9936192013869,20.0,10.0,2.0,2393808.9913566755,raw_data/run_1780.csv,raw_data/run_1780.json
1781,single,2026-09-24 16:29,KAUST2023_N2_C0_CKMC_ESR_v10_0_oxygenless,11.998548666372656,219.30508827226703,20.0,10.0,2.0,1618.6289550906035,raw_data/run_1781.csv,raw_data/run_1781.json
1782,single,2026-09-24 16:29,KAUST2023_N2_C0_CKMC_ESR_v10_0_oxygenless,11.999377068722344,218.64892338085355,20.0,10.0,2.0,1618.1530241442244,raw_data/run_1782.csv,raw_data/run_1782.json
1783,single,2026-09-24 16:29,KAUST2023_N2_C0_CKMC_ESR_v10_0_oxygenless,11.998986423741009,218.70933757339114,20.0,10.0,2.0,1618.128318216352,raw_data/run_1783.csv,raw_data/run_1783.json
1784,single,2026-09-24 16:29,KAUST2023_N2_C0_CKMC_ESR_v10_0_oxygenless,11.99702884282749,218.8757476158599,20.0,10.0,2.0,1618.1597064846956,raw_data/run_1784.csv,raw_data/run_1784.json
1785,single,2026-09-24 16:29,KAUST2023_N2_C0_CKMC_ESR_v10_0_oxygenless,10.437225247610376,73.86222162760558,20.0,10.0,2.0,58545.99192284576,raw_data/run_1785.csv,raw_data/run_1785.json
1786,single,2026-09-24 16:29,KAUST2023_N2_C0_CKMC_ESR_v10_0_oxygenless,9.085029285262374,218.91256550843337,20.0,10.0,2.0,5159.945452349102,raw_data/run_1786.csv,raw_data/run_1786.json
1787,single,2026-09-24 16:29,KAUST2023_N2_C0_CKMC_ESR_v10_0_oxygenless,11.532784464135036,218.83303433211034,20.0,10.0,2.0,1686.3924106913303,raw_data/run_1787.csv,raw_data/run_1787.json
1788,single,2026-09-24 16:29,KAUST2023_N2_C0_CKMC_ESR_v10_0_oxygenless,11.997579844599894,218.84406829950726,20.0,10.0,2.0,1618.1474887753636,raw_data/run_1788.csv,raw_data/run_1788.json
1789,single,2026-09-24 16:29,KAUST2023_N2_C0_CKMC_ESR_v10_0_oxygenless,11.999876612319362,218.8500538083082,20.0,10.0,2.0,1618.1138730208122,raw_data/run_1789.csv,raw_data/run_1789.json
1790,single,2026-09-24 16:29,KAUST2023_N2_C0_CKMC_ESR_v10_0_oxygenless,11.999942016865507,218.859139695578,20.0,10.0,2.0,1618.110812237992,raw_data/run_1790.csv,raw_data/run_1790.json
1791,single,2026-09-24 16:29,KAUST2023_N2_C0_CKMC_ESR_v10_0_oxygenless,11.999638666009009,218.86712537443137,20.0,10.0,2.0,1618.118039302065,raw_data/run_1791.csv,raw_data/run_1791.json
1792,single,2026-09-24 16:29,KAUST2023_N2_C0_CKMC_ESR_v10_0_oxygenless,11.999456969065552,218.90070003321614,20.0,10.0,2.0,1618.1306025522629,raw_data/run_1792.csv,raw_data/run_1792.json
1793,single,2026-09-24 16:29,KAUST2023_N2_C0_CKMC_ESR_v10_0_oxygenless,11.998694205802424,218.8099642707515,20.0,10.0,2.0,1618.1197552157607,raw_data/run_1793.csv,raw_data/run_1793.json
1794,single,2026-09-24 16:29,KAUST2023_N2_C0_CKMC_ESR_v10_0_oxygenless,6.534849479453906,218.8412937299783,20.0,10.0,2.0,1022630.7261651527,raw_data/run_1794.csv,raw_data/run_1794.json
1795,single,2026-09-24 16:29,KAUST2023_N2_C0_CKMC_ESR_v10_0_oxygenless,4.223411891429814,218.76760309454835,20.0,10.0,2.0,62136246.687618405,raw_data/run_1795.csv,raw_data/run_1795.json
1796,single,2026-09-24 16:29,KAUST2023_N2_C0_CKMC_ESR_v10_0_oxygenless,7.421473722984393,395.1962222981872,20.0,10.0,2.0,31199389.96601041,raw_data/run_1796.csv,raw_data/run_1796.json
1797,single,2026-09-24 16:29,KAUST2023_N2_C0_CKMC_ESR_v10_0_oxygenless,11.999942016865507,218.8321999423273,20.0,10.0,2.0,1618.1072498842789,raw_data/run_1797.csv,raw_data/run_1797.json
1798,single,2026-09-24 16:29,KAUST2023_N2_C0_CKMC_ESR_v10_0_oxygenless,9.481906014703101,218.87743247738675,20.0,10.0,2.0,4038.37341734172,raw_data/run_1798.csv,raw_data/run_1798.json
1799,single,2026-09-24 16:29,KAUST2023_N2_C0_CKMC_ESR_v10_0_oxygenless,2.4932035202550633,219.11509167006898,20.0,10.0,2.0,36543424.89376249,raw_data/run_1799.csv,raw_data/run_1799.json
1800,single,2026-09-24 16:29,KAUST2023_N2_C0_CKMC_ESR_v10_0_oxygenless,11.999064863383541,218.47747753951077,20.0,10.0,2.0,1618.3020707333103,raw_data/run_1800.csv,raw_data/run_1800.json
1801,single,2026-09-24 16:29,KAUST2023_N2_C0_CKMC_ESR_v10_0_oxygenless,11.999687902756257,218.83897355572915,20.0,10.0,2.0,1618.1131317639044,raw_data/run_1801.csv,raw_data/run_1801.json
1802,single,2026-09-24 16:29,KAUST2023_N2_C0_CKMC_ESR_v10_0_oxygenless,11.99919127504031,218.79825635647674,20.0,10.0,2.0,1618.1203902570712,raw_data/run_1802.csv,raw_data/run_1802.json
1803,single,2026-09-24 16:29,KAUST2023_N2_C0_CKMC_ESR_v10_0_oxygenless,7.204878911030151,219.06044064942827,20.0,10.0,2.0,99905.24801764381,raw_data/run_1803.csv,raw_data/run_1803.json
1804,single,2026-09-24 16:29,KAUST2023_N2_C0_CKMC_ESR_v10_0_oxygenless,11.998079142906024,218.91538213076305,20.0,10.0,2.0,1618.163800932171,raw_data/run_1804.csv,raw_data/run_1804.json
1805,single,2026-09-24 16:29,KAUST2023_N2_C0_CKMC_ESR_v10_0_oxygenless,11.99943212281706,218.95209104994746,20.0,10.0,2.0,1618.1593960705168,raw_data/run_1805.csv,raw_data/run_1805.json
1806,single,2026-09-24 16:29,KAUST2023_N2_C0_CKMC_ESR_v10_0_oxygenless,11.998415444755329,218.99357417946635,20.0,10.0,2.0,1618.2076401079858,raw_data/run_1806.csv,raw_data/run_1806.json
1807,single,2026-09-24 16:29,KAUST2023_N2_C0_CKMC_ESR_v10_0_oxygenless,11.222401158559872,50.80952136174182,20.0,10.0,2.0,299969.2800670528,raw_data/run_1807.csv,raw_data/run_1807.json
1808,single,2026-09-24 16:29,KAUST2023_N2_C0_CKMC_ESR_v10_0_oxygenless,11.999608620937549,218.84369939108544,20.0,10.0,2.0,1618.1177075229425,raw_data/run_1808.csv,raw_data/run_1808.json
1809,single,2026-09-24 16:29,KAUST2023_N2_C0_CKMC_ESR_v10_0_oxygenless,10.039197749447798,218.3494810674249,20.0,10.0,2.0,2940.499745237969,raw_data/run_1809.csv,raw_data/run_1809.json
1810,single,2026-09-24 16:29,KAUST2023_N2_C0_CKMC_ESR_v10_0_oxygenless,11.989189360287696,218.68364750200155,20.0,10.0,2.0,1618.2634967132776,raw_data/run_1810.csv,raw_data/run_1810.json
1811,single,2026-09-24 16:29,KAUST2023_N2_C0_CKMC_ESR_v10_0_oxygenless,6.539728252842991,218.96778190791122,20.0,10.0,2.0,1028026.623370946,raw_data/run_1811.csv,raw_data/run_1811.json
1812,single,2026-09-24 16:29,KAUST2023_N2_C0_CKMC_ESR_v10_0_oxygenless,11.958160883722659,218.44625034873417,20.0,10.0,2.0,1618.719946445981,raw_data/run_1812.csv,raw_data/run_1812.json
1813,single,2026-09-24 16:29,KAUST2023_N2_C0_CKMC_ESR_v10_0_oxygenless,11.998901243021997,218.84078907019426,20.0,10.0,2.0,1618.127977275661,raw_data/run_1813.csv,raw_data/run_1813.json
1814,single,2026-09-24 16:29,KAUST2023_N2_C0_CKMC_ESR_v10_0_oxygenless,11.999745719791342,218.86092620383266,20.0,10.0,2.0,1618.1122743222377,raw_data/run_1814.csv,raw_data/run_1814.json
1815,single,2026-09-24 16:29,KAUST2023_N2_C0_CKMC_ESR_v10_0_oxygenless,4.313235054126115,218.8890947197718,20.0,10.0,2.0,53667062.958124995,raw_data/run_1815.csv,raw_data/run_1815.json
1816,single,2026-09-24 16:29,KAUST2023_N2_C0_CKMC_ESR_v10_0_oxygenless,11.999026422124587,218.4666731337673,20.0,10.0,2.0,1618.3117557853639,raw_data/run_1816.csv,raw_data/run_1816.json
1817,single,2026-09-24 16:29,KAUST2023_N2_C0_CKMC_ESR_v10_0_oxygenless,11.998518915769814,219.01989125086564,20.0,10.0,2.0,1618.2238780454811,raw_data/run_1817.csv,raw_data/run_1817.json
1818,single,2026-09-24 16:29,KAUST2023_N2_C0_CKMC_ESR_v10_0_oxygenless,11.42657987763012,15.736422555131073,20.0,10.0,2.0,107471124.56475358,raw_data/run_1818.csv,raw_data/run_1818.json
1819,single,2026-09-24 16:29,KAUST2023_N2_C0_CKMC_ESR_v10_0_oxygenless,11.998132879362819,218.79807211593,20.0,10.0,2.0,1618.1356707617404,raw_data/run_1819.csv,raw_data/run_1819.json
1820,single,2026-09-24 16:29,KAUST2023_N2_C0_CKMC_ESR_v10_0_oxygenless,11.998545516156526,218.9599899932338,20.0,10.0,2.0,1618.1747777577257,raw_data/run_1820.csv,raw_data/run_1820.json
1821,single,2026-09-24 16:29,KAUST2023_N2_C0_CKMC_ESR_v10_0_oxygenless,10.914556411502744,218.8254265385857,20.0,10.0,2.0,2004.4449106256095,raw_data/run_1821.csv,raw_data/run_1821.json
1822,single,2026-09-24 16:29,KAUST2023_N2_C0_CKMC_ESR_v10_0_oxygenless,3.0010786618737257,219.0484464345105,20.0,10.0,2.0,60552396.07363628,raw_data/run_1822.csv,raw_data/run_1822.json
1823,single,2026-09-24 16:29,KAUST2023_N2_C0_CKMC_ESR_v10_0_oxygenless,7.909240227119124,218.86488042502626,20.0,10.0,2.0,19022.378747686984,raw_data/run_1823.csv,raw_data/run_1823.json
1824,single,2026-09-24 16:29,KAUST2023_N2_C0_CKMC_ESR_v10_0_oxygenless,11.999903190907245,218.9781495593558,20.0,10.0,2.0,1618.1615296131108,raw_data/run_1824.csv,raw_data/run_1824.json
1825,single,2026-09-24 16:29,KAUST2023_N2_C0_CKMC_ESR_v10_0_oxygenless,6.436367768623463,218.73823152514015,20.0,10.0,2.0,1494385.8580724264,raw_data/run_1825.csv,raw_data/run_1825.json
1826,single,2026-09-24 16:29,KAUST2023_N2_C0_CKMC_ESR_v10_0_oxygenless,11.999966910516315,218.83031342666112,20.0,10.0,2.0,1618.100661584454,raw_data/run_1826.csv,raw_data/run_1826.json
1827,single,2026-09-24 16:29,KAUST2023_N2_C0_CKMC_ESR_v10_0_oxygenless,11.999854884518296,218.85594537153233,20.0,10.0,2.0,1618.1107013891399,raw_data/run_1827.csv,raw_data/run_1827.json
1828,single,2026-09-24 16:29,KAUST2023_N2_C0_CKMC_ESR_v10_0_oxygenless,11.999316954480022,218.84181277628448,20.0,10.0,2.0,1618.1123111772035,raw_data/run_1828.csv,raw_data/run_1828.json
1829,single,2026-09-24 16:29,KAUST2023_N2_C0_CKMC_ESR_v10_0_oxygenless,6.480253931885248,335.1579410312345,20.0,10.0,2.0,46717451.98932417,raw_data/run_1829.csv,raw_data/run_1829.json
1830,single,2026-09-24 16:29,KAUST2023_N2_C0_CKMC_ESR_v10_0_oxygenless,4.335677025623992,218.83031342666112,20.0,10.0,2.0,72614532.33952181,raw_data/run_1830.csv,raw_data/run_1830.json
1831,single,2026-09-24 16:29,KAUST2023_N2_C0_CKMC_ESR_v10_0_oxygenless,8.28164943415391,218.97420373632457,20.0,10.0,2.0,10946.27577966802,raw_data/run_1831.csv,raw_data/run_1831.json
1832,single,2026-09-24 16:29,KAUST2023_N2_C0_CKMC_ESR_v10_0_oxygenless,6.511054239237369,218.82775049513185,20.0,10.0,2.0,1131881.4338109156,raw_data/run_1832.csv,raw_data/run_1832.json
1833,single,2026-09-24 16:29,KAUST2023_N2_C0_CKMC_ESR_v10_0_oxygenless,11.998313930738538,218.86717589075232,20.0,10.0,2.0,1618.1430164087726,raw_data/run_1833.csv,raw_data/run_1833.json
1834,single,2026-09-24 16:29,KAUST2023_N2_C0_CKMC_ESR_v10_0_oxygenless,9.532127969747012,218.86428182667296,20.0,10.0,2.0,3923.764869254594,raw_data/run_1834.csv,raw_data/run_1834.json
1835,single,2026-09-24 16:29,KAUST2023_N2_C0_CKMC_ESR_v10_0_oxygenless,11.999163888447242,218.79825635647674,20.0,10.0,2.0,1618.1263827908786,raw_data/run_1835.csv,raw_data/run_1835.json
1836,single,2026-09-24 16:29,KAUST2023_N2_C0_CKMC_ESR_v10_0_oxygenless,4.619430615587069,218.86252680801505,20.0,10.0,2.0,88920436.24590044,raw_data/run_1836.csv,raw_data/run_1836.json
1837,single,2026-09-24 16:29,KAUST2023_N2_C0_CKMC_ESR_v10_0_oxygenless,11.999612260916166,218.81547891791823,20.0,10.0,2.0,1618.1079111587737,raw_data/run_1837.csv,raw_data/run_1837.json
1838,single,2026-09-24 16:29,KAUST2023_N2_C0_CKMC_ESR_v10_0_oxygenless,3.2848597807008195,218.922406891373,20.0,10.0,2.0,36408916.639621824,raw_data/run_1838.csv,raw_data/run_1838.json
1839,single,2026-09-24 16:29,KAUST2023_N2_C0_CKMC_ESR_v10_0_oxygenless,11.999845804202405,218.7151039461757,20.0,10.0,2.0,1618.1264555008136,raw_data/run_1839.csv,raw_data/run_1839.json
1840,single,2026-09-24 16:29,KAUST2023_N2_C0_CKMC_ESR_v10_0_oxygenless,11.422424629374921,407.29354345990544,20.0,10.0,2.0,46926710.268461265,raw_data/run_1840.csv,raw_data/run_1840.json
1841,single,2026-09-24 16:29,KAUST2023_N2_C0_CKMC_ESR_v10_0_oxygenless,11.999897764972076,218.90815839186797,20.0,10.0,2.0,1618.117499683564,raw_data/run_1841.csv,raw_data/run_1841.json
1842,single,2026-09-24 16:29,KAUST2023_N2_C0_CKMC_ESR_v10_0_oxygenless,6.723905748776567,218.8409595571243,20.0,10.0,2.0,484391.06606443034,raw_data/run_1842.csv,raw_data/run_1842.json
1843,single,2026-09-24 16:29,KAUST2023_N2_C0_CKMC_ESR_v10_0_oxygenless,11.997662057164575,218.81678410380678,20.0,10.0,2.0,1618.140223497182,raw_data/run_1843.csv,raw_data/run_1843.json
1844,single,2026-09-24 16:29,KAUST2023_N2_C0_CKMC_ESR_v10_0_oxygenless,11.960433415649094,218.52653541261003,20.0,10.0,2.0,1618.7060900617212,raw_data/run_1844.csv,raw_data/run_1844.json
1845,single,2026-09-24 16:29,KAUST2023_N2_C0_CKMC_ESR_v10_0_oxygenless,11.99947591002471,218.88995196509873,20.0,10.0,2.0,1618.131888286902,raw_data/run_1845.csv,raw_data/run_1845.json
1846,single,2026-09-24 16:29,KAUST2023_N2_C0_CKMC_ESR_v10_0_oxygenless,9.181935787138357,218.8555961602513,20.0,10.0,2.0,4829.345335720906,raw_data/run_1846.csv,raw_data/run_1846.json
1847,single,2026-09-24 16:29,KAUST2023_N2_C0_CKMC_ESR_v10_0_oxygenless,11.999745719791342,218.86769072135897,20.0,10.0,2.0,1618.118382689656,raw_data/run_1847.csv,raw_data/run_1847.json
1848,single,2026-09-24 16:29,KAUST2023_N2_C0_CKMC_ESR_v10_0_oxygenless,7.187392963681402,218.92637560233294,20.0,10.0,2.0,103103.16985668229,raw_data/run_1848.csv,raw_data/run_1848.json
1849,single,2026-09-24 16:29,KAUST2023_N2_C0_CKMC_ESR_v10_0_oxygenless,1.0706829177193633,219.2704297250631,20.0,10.0,2.0,6257426.037696078,raw_data/run_1849.csv,raw_data/run_1849.json
1850,single,2026-09-24 16:29,KAUST2023_N2_C0_CKMC_ESR_v10_0_oxygenless,4.758618782951838,218.68655254390154,20.0,10.0,2.0,58115551.20175096,raw_data/run_1850.csv,raw_data/run_1850.json
1851,single,2026-09-24 16:29,KAUST2023_N2_C0_CKMC_ESR_v10_0_oxygenless,6.055474180819104,33.68116151447383,20.0,10.0,2.0,114362.71226924229,raw_data/run_1851.csv,raw_data/run_1851.json
1852,single,2026-09-24 16:29,KAUST2023_N2_C0_CKMC_ESR_v10_0_oxygenless,11.999967958184891,218.83437908570102,20.0,10.0,2.0,1618.1119818591337,raw_data/run_1852.csv,raw_data/run_1852.json
1853,single,2026-09-24 16:29,KAUST2023_N2_C0_CKMC_ESR_v10_0_oxygenless,8.613580886546774,218.85162439087577,20.0,10.0,2.0,7505.655254449003,raw_data/run_1853.csv,raw_data/run_1853.json
1854,single,2026-09-24 16:29,KAUST2023_N2_C0_CKMC_ESR_v10_0_oxygenless,10.26783630639364,218.8234045085581,20.0,10.0,2.0,2668.4822897628824,raw_data/run_1854.csv,raw_data/run_1854.json
1855,single,2026-09-24 16:29,KAUST2023_N2_C0_CKMC_ESR_v10_0_oxygenless,11.999709972161867,218.86252418193618,20.0,10.0,2.0,1618.1077116054803,raw_data/run_1855.csv,raw_data/run_1855.json
1856,single,2026-09-24 16:29,KAUST2023_N2_C0_CKMC_ESR_v10_0_oxygenless,4.148746687945257,218.96241833929136,20.0,10.0,2.0,69404058.83642815,raw_data/run_1856.csv,raw_data/run_1856.json
1857,single,2026-09-24 16:29,KAUST2023_N2_C0_CKMC_ESR_v10_0_oxygenless,11.999850841606737,218.88760203062756,20.0,10.0,2.0,1618.1220342174151,raw_data/run_1857.csv,raw_data/run_1857.json
1858,single,2026-09-24 16:29,KAUST2023_N2_C0_CKMC_ESR_v10_0_oxygenless,11.99961773359696,218.71701872267218,20.0,10.0,2.0,1618.1264835278407,raw_data/run_1858.csv,raw_data/run_1858.json
1859,single,2026-09-24 16:29,KAUST2023_N2_C0_CKMC_ESR_v10_0_oxygenless,10.537227108735895,218.86912788283377,20.0,10.0,2.0,2351.733807971196,raw_data/run_1859.csv,raw_data/run_1859.json
1860,single,2026-09-24 16:29,KAUST2023_N2_C0_CKMC_ESR_v10_0_oxygenless,2.0406658382596863,218.8303639787603,20.0,10.0,2.0,9839098.250167014,raw_data/run_1860.csv,raw_data/run_1860.json
1861,single,2026-09-24 16:29,KAUST2023_N2_C0_CKMC_ESR_v10_0_oxygenless,11.999316954480022,218.82733387083303,20.0,10.0,2.0,1618.120219018042,raw_data/run_1861.csv,raw_data/run_1861.json
1862,single,2026-09-24 16:29,KAUST2023_N2_C0_CKMC_ESR_v10_0_oxygenless,3.665852297397747,442.77294718805945,20.0,10.0,2.0,135614879.77443057,raw_data/run_1862.csv,raw_data/run_1862.json
1863,single,2026-09-24 16:29,KAUST2023_N2_C0_CKMC_ESR_v10_0_oxygenless,11.999616015561067,218.79688735812337,20.0,10.0,2.0,1618.1105959679805,raw_data/run_1863.csv,raw_data/run_1863.json
1864,single,2026-09-24 16:29,KAUST2023_N2_C0_CKMC_ESR_v10_0_oxygenless,11.999267888557275,218.9470714547904,20.0,10.0,2.0,1618.1651556416477,raw_data/run_1864.csv,raw_data/run_1864.json
1865,single,2026-09-24 16:29,KAUST2023_N2_C0_CKMC_ESR_v10_0_oxygenless,11.99701347668631,218.85539631775134,20.0,10.0,2.0,1618.1608410872846,raw_data/run_1865.csv,raw_data/run_1865.json
1866,single,2026-09-24 16:29,KAUST2023_N2_C0_CKMC_ESR_v10_0_oxygenless,11.950397983289314,218.84312045899824,20.0,10.0,2.0,1619.49405104734,raw_data/run_1866.csv,raw_data/run_1866.json
1867,single,2026-09-24 16:29,KAUST2023_N2_C0_CKMC_ESR_v10_0_oxygenless,11.997341786456104,218.78004398698573,20.0,10.0,2.0,1618.1508863990155,raw_data/run_1867.csv,raw_data/run_1867.json
1868,single,2026-09-24 16:29,KAUST2023_N2_C0_CKMC_ESR_v10_0_oxygenless,11.99919127504031,219.11094389854978,20.0,10.0,2.0,1618.3048654459508,raw_data/run_1868.csv,raw_data/run_1868.json
1869,single,2026-09-24 16:29,KAUST2023_N2_C0_CKMC_ESR_v10_0_oxygenless,11.999754076738224,218.76418476557396,20.0,10.0,2.0,1618.1126059608378,raw_data/run_1869.csv,raw_data/run_1869.json
1870,single,2026-09-24 16:29,KAUST2023_N2_C0_CKMC_ESR_v10_0_oxygenless,11.999612260916166,218.80031861456084,20.0,10.0,2.0,1618.1178458841307,raw_data/run_1870.csv,raw_data/run_1870.json
1871,single,2026-09-24 16:29,KAUST2023_N2_C0_CKMC_ESR_v10_0_oxygenless,11.999929194958824,218.85187666144034,20.0,10.0,2.0,1618.1153419044438,raw_data/run_1871.csv,raw_data/run_1871.json
1872,single,2026-09-24 16:29,KAUST2023_N2_C0_CKMC_ESR_v10_0_oxygenless,11.998592000377537,218.7151039461757,20.0,10.0,2.0,1618.143923275095,raw_data/run_1872.csv,raw_data/run_1872.json
1873,optimum,2026-09-24 16:29,KAUST2023_N2_C0_CKMC_ESR_v10_0_oxygenless,6.025703815537666,231.14376141589443,10.0,0.6500000000000001,3.0,1587.0023539389813,raw_data/run_1873.csv,raw_data/run_1873.json
1874,optimum,2026-09-24 16:29,KAUST2023_N2_C0_CKMC_ESR_v10_0_oxygenless,15.499764960529326,197.61146067510404,25.0,0.6500000000000001,3.0,1860.9815608070753,raw_data/run_1874.csv,raw_data/run_1874.json
1875,optimum,2026-09-24 16:29,KAUST2023_N2_C0_CKMC_ESR_v10_0_oxygenless,12.99959114677059,208.7221699420216,20.0,10.0,3.0,1495.3154133644305,raw_data/run_1875.csv,raw_data/run_1875.json
1876,optimum,2026-09-24 16:29,KAUST2023_N2_C0_CKMC_ESR_v10_0_oxygenless,8.376504313496051,122.57604940222333,20.0,10.0,4.0,1462.8276583714194,raw_data/run_1876.csv,raw_data/run_1876.json
1877,optimum,2026-09-24 16:29,KAUST2023_N2_C0_CKMC_ESR_v10_0_oxygenless,9.972301257798899,124.01018963818295,20.0,10.0,5.0,1451.578821719733,raw_data/run_1877.csv,raw_data/run_1877.json
1878,optimum,2026-09-24 16:29,KAUST2023_N2_C0_CKMC_ESR_v10_0_oxygenless,14.531096022971038,81.60176157022046,20.0,10.0,10.0,1619.7899772638661,raw_data/run_1878.csv,raw_data/run_1878.json
1879,optimum,2026-09-24 16:29,KAUST2023_N2_C0_CKMC_ESR_v10_0_oxygenless,24.7345019966487,51.5707484535571,20.0,10.0,20.0,1806.7253451475292,raw_data/run_1879.csv,raw_data/run_1879.json
1880,optimum,2026-09-24 16:29,KAUST2023_N2_C0_CKMC_ESR_v10_0_oxygenless,55.39800052645884,28.919547332822887,20.0,10.0,50.0,2065.2088824035422,raw_data/run_1880.csv,raw_data/run_1880.json
1881,optimum,2026-09-24 16:29,KAUST2023_N2_C0_CKMC_ESR_v10_0_oxygenless,106.29218717919855,19.448674593797797,20.0,10.0,100.0,2293.3227601314475,raw_data/run_1881.csv,raw_data/run_1881.json
1882,single,2026-09-24 16:29,KAUST2023_N2_C0_CKMC_ESR_v10_0_oxygenless,13.008747197547445,22.61001435479723,25.0,10.0,1.0,25390980.284412727,raw_data/run_1882.csv,raw_data/run_1882.json
1883,single,2026-09-24 16:29,KAUST2023_N2_C0_CKMC_ESR_v10_0_oxygenless,4.978482860061368,255.04693276558308,25.0,10.0,1.0,36753274.85712069,raw_data/run_1883.csv,raw_data/run_1883.json
1884,single,2026-09-24 16:29,KAUST2023_N2_C0_CKMC_ESR_v10_0_oxygenless,8.994931302492178,1.253054785987653,25.0,10.0,1.0,35497662925.51402,raw_data/run_1884.csv,raw_data/run_1884.json
1885,single,2026-09-24 16:29,KAUST2023_N2_C0_CKMC_ESR_v10_0_oxygenless,6.012064258755995,129.24258755374592,25.0,10.0,1.0,2920.39295423825,raw_data/run_1885.csv,raw_data/run_1885.json
1886,single,2026-09-24 16:29,KAUST2023_N2_C0_CKMC_ESR_v10_0_oxygenless,8.621161508709442,997.8362746770819,25.0,10.0,1.0,589485982.4650102,raw_data/run_1886.csv,raw_data/run_1886.json
1887,single,2026-09-24 16:29,KAUST2023_N2_C0_CKMC_ESR_v10_0_oxygenless,1.9245304866395363,125.23927962655799,25.0,10.0,1.0,56650636.80651884,raw_data/run_1887.csv,raw_data/run_1887.json
1888,single,2026-09-24 16:29,KAUST2023_N2_C0_CKMC_ESR_v10_0_oxygenless,1.3686588715494208,179.5796596920843,25.0,10.0,1.0,12980823.61735169,raw_data/run_1888.csv,raw_data/run_1888.json
1889,single,2026-09-24 16:29,KAUST2023_N2_C0_CKMC_ESR_v10_0_oxygenless,7.003524728878339,24.296060801517854,25.0,10.0,1.0,2691820.5308768004,raw_data/run_1889.csv,raw_data/run_1889.json
1890,single,2026-09-24 16:29,KAUST2023_N2_C0_CKMC_ESR_v10_0_oxygenless,4.588704092320862,83.26375896837303,25.0,10.0,1.0,2418.7270925739003,raw_data/run_1890.csv,raw_data/run_1890.json
1891,single,2026-09-24 16:29,KAUST2023_N2_C0_CKMC_ESR_v10_0_oxygenless,1.742346687175858,80.01305484908293,25.0,10.0,1.0,49442690.84000086,raw_data/run_1891.csv,raw_data/run_1891.json
1892,single,2026-09-24 16:29,KAUST2023_N2_C0_CKMC_ESR_v10_0_oxygenless,3.894686226642982,118.5526838354932,25.0,10.0,1.0,21866.35951186037,raw_data/run_1892.csv,raw_data/run_1892.json
1893,single,2026-09-24 16:29,KAUST2023_N2_C0_CKMC_ESR_v10_0_oxygenless,3.9576548141236407,139.9080424801195,25.0,10.0,1.0,2901188.7688216246,raw_data/run_1893.csv,raw_data/run_1893.json
1894,single,2026-09-24 16:29,KAUST2023_N2_C0_CKMC_ESR_v10_0_oxygenless,8.768456937480227,157.21740687809069,25.0,10.0,1.0,2104.881997691205,raw_data/run_1894.csv,raw_data/run_1894.json
1895,single,2026-09-24 16:29,KAUST2023_N2_C0_CKMC_ESR_v10_0_oxygenless,12.626976832828692,144.98051089086658,25.0,10.0,1.0,4684.17758012489,raw_data/run_1895.csv,raw_data/run_1895.json
1896,single,2026-09-24 16:29,KAUST2023_N2_C0_CKMC_ESR_v10_0_oxygenless,5.367766940619669,20.87192434997289,25.0,10.0,1.0,1546601.0416469236,raw_data/run_1896.csv,raw_data/run_1896.json
1897,single,2026-09-24 16:29,KAUST2023_N2_C0_CKMC_ESR_v10_0_oxygenless,10.974957231044609,2.641904502798986,25.0,10.0,1.0,71064219251.14824,raw_data/run_1897.csv,raw_data/run_1897.json
1898,single,2026-09-24 16:29,KAUST2023_N2_C0_CKMC_ESR_v10_0_oxygenless,8.849186988848293,792.5385874905578,25.0,10.0,1.0,1.7976931348623157e+308,raw_data/run_1898.csv,raw_data/run_1898.json
1899,single,2026-09-24 16:29,KAUST2023_N2_C0_CKMC_ESR_v10_0_oxygenless,8.608368698692233,77.04780331172414,25.0,10.0,1.0,15162.01531080167,raw_data/run_1899.csv,raw_data/run_1899.json
1900,single,2026-09-24 16:29,KAUST2023_N2_C0_CKMC_ESR_v10_0_oxygenless,2.5913654917487277,146.50624533373283,25.0,10.0,1.0,109513080.86506063,raw_data/run_1900.csv,raw_data/run_1900.json
1901,single,2026-09-24 16:29,KAUST2023_N2_C0_CKMC_ESR_v10_0_oxygenless,10.726184678816486,56.7806147398405,25.0,10.0,1.0,80937.36925533516,raw_data/run_1901.csv,raw_data/run_1901.json
1902,single,2026-09-24 16:29,KAUST2023_N2_C0_CKMC_ESR_v10_0_oxygenless,7.656828986482507,132.65844357010536,25.0,10.0,1.0,1990.9247460350844,raw_data/run_1902.csv,raw_data/run_1902.json
1903,single,2026-09-24 16:29,KAUST2023_N2_C0_CKMC_ESR_v10_0_oxygenless,6.546694502082515,20.53536455906378,25.0,10.0,1.0,15356316.200920843,raw_data/run_1903.csv,raw_data/run_1903.json
1904,single,2026-09-24 16:29,KAUST2023_N2_C0_CKMC_ESR_v10_0_oxygenless,1.215228379910645,115.15483727151958,25.0,10.0,1.0,34714394.67920475,raw_data/run_1904.csv,raw_data/run_1904.json
1905,single,2026-09-24 16:29,KAUST2023_N2_C0_CKMC_ESR_v10_0_oxygenless,5.791595902245161,75.32135805955235,25.0,10.0,1.0,5731.786378001413,raw_data/run_1905.csv,raw_data/run_1905.json
1906,single,2026-09-24 16:29,KAUST2023_N2_C0_CKMC_ESR_v10_0_oxygenless,12.068148048639522,2.4873847183577187,25.0,10.0,1.0,85632116271.80037,raw_data/run_1906.csv,raw_data/run_1906.json
1907,single,2026-09-24 16:29,KAUST2023_N2_C0_CKMC_ESR_v10_0_oxygenless,4.220848780405895,66.6837850974099,25.0,10.0,1.0,3844.710052975204,raw_data/run_1907.csv,raw_data/run_1907.json
1908,single,2026-09-24 16:29,KAUST2023_N2_C0_CKMC_ESR_v10_0_oxygenless,1.5059936376727876,441.6158709857748,25.0,10.0,1.0,1433983.0754488076,raw_data/run_1908.csv,raw_data/run_1908.json
1909,single,2026-09-24 16:29,KAUST2023_N2_C0_CKMC_ESR_v10_0_oxygenless,7.51931851222583,644.1449891827284,25.0,10.0,1.0,72010411.31209756,raw_data/run_1909.csv,raw_data/run_1909.json
1910,single,2026-09-24 16:29,KAUST2023_N2_C0_CKMC_ESR_v10_0_oxygenless,1.6929934174284567,483.9257818317405,25.0,10.0,1.0,1436567.6203160305,raw_data/run_1910.csv,raw_data/run_1910.json
1911,single,2026-09-24 16:29,KAUST2023_N2_C0_CKMC_ESR_v10_0_oxygenless,11.444280926918458,41.463009576702746,25.0,10.0,1.0,451187.4768890396,raw_data/run_1911.csv,raw_data/run_1911.json
1912,single,2026-09-24 16:29,KAUST2023_N2_C0_CKMC_ESR_v10_0_oxygenless,5.58608416739012,102.940072882651,25.0,10.0,1.0,2090.077358460373,raw_data/run_1912.csv,raw_data/run_1912.json
1913,single,2026-09-24 16:29,KAUST2023_N2_C0_CKMC_ESR_v10_0_oxygenless,10.294279115252094,30.659525699281247,25.0,10.0,1.0,5049499.825816361,raw_data/run_1913.csv,raw_data/run_1913.json
1914,single,2026-09-24 16:29,KAUST2023_N2_C0_CKMC_ESR_v10_0_oxygenless,2.442263669196355,629.0276918991951,25.0,10.0,1.0,2603454.8850403437,raw_data/run_1914.csv,raw_data/run_1914.json
1915,single,2026-09-24 16:29,KAUST2023_N2_C0_CKMC_ESR_v10_0_oxygenless,10.401391577136085,204.2876378238665,25.0,10.0,1.0,4723.322477087269,raw_data/run_1915.csv,raw_data/run_1915.json
1916,single,2026-09-24 16:29,KAUST2023_N2_C0_CKMC_ESR_v10_0_oxygenless,9.547978526638598,71.18546077061266,25.0,10.0,1.0,26543.33716454887,raw_data/run_1916.csv,raw_data/run_1916.json
1917,single,2026-09-24 16:29,KAUST2023_N2_C0_CKMC_ESR_v10_0_oxygenless,1.3686588715494208,1.6563962770917167,25.0,10.0,1.0,276786.5970999437,raw_data/run_1917.csv,raw_data/run_1917.json
1918,single,2026-09-24 16:29,KAUST2023_N2_C0_CKMC_ESR_v10_0_oxygenless,2.548641923646807,129.24258755374592,25.0,10.0,1.0,99396957.28504746,raw_data/run_1918.csv,raw_data/run_1918.json
1919,single,2026-09-24 16:29,KAUST2023_N2_C0_CKMC_ESR_v10_0_oxygenless,9.677577274208694,45.98487481898365,25.0,10.0,1.0,129946.6059266054,raw_data/run_1919.csv,raw_data/run_1919.json
1920,single,2026-09-24 16:29,KAUST2023_N2_C0_CKMC_ESR_v10_0_oxygenless,6.460121386867284,287.25404233737436,25.0,10.0,1.0,42449093.54576842,raw_data/run_1920.csv,raw_data/run_1920.json
1921,single,2026-09-24 16:29,KAUST2023_N2_C0_CKMC_ESR_v10_0_oxygenless,1.3686588715494208,119.19257013483129,25.0,10.0,1.0,63815809.08026385,raw_data/run_1921.csv,raw_data/run_1921.json
1922,single,2026-09-24 16:29,KAUST2023_N2_C0_CKMC_ESR_v10_0_oxygenless,6.857253736101854,59.57375066646066,25.0,10.0,1.0,19880.97510010605,raw_data/run_1922.csv,raw_data/run_1922.json
1923,single,2026-09-24 16:29,KAUST2023_N2_C0_CKMC_ESR_v10_0_oxygenless,1.4878024360862403,4.94999888547486,25.0,10.0,1.0,28297.848907061576,raw_data/run_1923.csv,raw_data/run_1923.json
1924,single,2026-09-24 16:29,KAUST2023_N2_C0_CKMC_ESR_v10_0_oxygenless,3.304478391096047,236.21821893740292,25.0,10.0,1.0,42726794.586507455,raw_data/run_1924.csv,raw_data/run_1924.json
1925,single,2026-09-24 16:29,KAUST2023_N2_C0_CKMC_ESR_v10_0_oxygenless,9.176822434760512,104.95894724269102,25.0,10.0,1.0,6110.814602992335,raw_data/run_1925.csv,raw_data/run_1925.json
1926,single,2026-09-24 16:29,KAUST2023_N2_C0_CKMC_ESR_v10_0_oxygenless,10.18576027967517,1.4264295827375009,25.0,10.0,1.0,48873385611.51893,raw_data/run_1926.csv,raw_data/run_1926.json
1927,single,2026-09-24 16:29,KAUST2023_N2_C0_CKMC_ESR_v10_0_oxygenless,11.283727924473085,35.50836768417335,25.0,10.0,1.0,1992445.1448144838,raw_data/run_1927.csv,raw_data/run_1927.json
1928,single,2026-09-24 16:29,KAUST2023_N2_C0_CKMC_ESR_v10_0_oxygenless,7.003524728878339,70.25228604441335,25.0,10.0,1.0,11965.995271880654,raw_data/run_1928.csv,raw_data/run_1928.json
1929,single,2026-09-24 16:29,KAUST2023_N2_C0_CKMC_ESR_v10_0_oxygenless,1.7093110857887819,239.0725793220705,25.0,10.0,1.0,13617351.8849497,raw_data/run_1929.csv,raw_data/run_1929.json
1930,single,2026-09-24 16:29,KAUST2023_N2_C0_CKMC_ESR_v10_0_oxygenless,1.7093110857887819,239.0725793220705,25.0,10.0,1.0,13617351.8849497,raw_data/run_1930.csv,raw_data/run_1930.json
1931,single,2026-09-24 16:29,KAUST2023_N2_C0_CKMC_ESR_v10_0_oxygenless,9.164676379591974,19.807554391157403,25.0,10.0,1.0,6698945.771312495,raw_data/run_1931.csv,raw_data/run_1931.json
1932,single,2026-09-24 16:29,KAUST2023_N2_C0_CKMC_ESR_v10_0_oxygenless,3.4651538949328957,77.04780331172414,25.0,10.0,1.0,2422.8218017166605,raw_data/run_1932.csv,raw_data/run_1932.json
1933,single,2026-09-24 16:29,KAUST2023_N2_C0_CKMC_ESR_v10_0_oxygenless,5.300499536870316,106.39515265283077,25.0,10.0,1.0,2116.2365470986883,raw_data/run_1933.csv,raw_data/run_1933.json
1934,single,2026-09-24 16:29,KAUST2023_N2_C0_CKMC_ESR_v10_0_oxygenless,10.726184678816486,140.9548514328133,25.0,10.0,1.0,3348.112464926815,raw_data/run_1934.csv,raw_data/run_1934.json
1935,single,2026-09-24 16:29,KAUST2023_N2_C0_CKMC_ESR_v10_0_oxygenless,5.07153812090775,289.37475230689495,25.0,10.0,1.0,57982205.98516531,raw_data/run_1935.csv,raw_data/run_1935.json
1936,single,2026-09-24 16:29,KAUST2023_N2_C0_CKMC_ESR_v10_0_oxygenless,12.435258041540003,74.56916958655627,25.0,10.0,1.0,47769.61853224876,raw_data/run_1936.csv,raw_data/run_1936.json
1937,single,2026-09-24 16:29,KAUST2023_N2_C0_CKMC_ESR_v10_0_oxygenless,11.366834578995261,61.02744895161084,25.0,10.0,1.0,74250.70531206128,raw_data/run_1937.csv,raw_data/run_1937.json
1938,single,2026-09-24 16:29,KAUST2023_N2_C0_CKMC_ESR_v10_0_oxygenless,12.068148048639522,75.67714970119218,25.0,10.0,1.0,41600.02971608178,raw_data/run_1938.csv,raw_data/run_1938.json
1939,single,2026-09-24 16:29,KAUST2023_N2_C0_CKMC_ESR_v10_0_oxygenless,5.935655191677531,83.26375896837303,25.0,10.0,1.0,4361.347389631279,raw_data/run_1939.csv,raw_data/run_1939.json
1940,single,2026-09-24 16:29,KAUST2023_N2_C0_CKMC_ESR_v10_0_oxygenless,10.786017482095124,43.41854558795131,25.0,10.0,1.0,248208.79988671633,raw_data/run_1940.csv,raw_data/run_1940.json
1941,single,2026-09-24 16:29,KAUST2023_N2_C0_CKMC_ESR_v10_0_oxygenless,4.356871392344891,212.6196139549994,25.0,10.0,1.0,58741424.3311995,raw_data/run_1941.csv,raw_data/run_1941.json
1942,single,2026-09-24 16:29,KAUST2023_N2_C0_CKMC_ESR_v10_0_oxygenless,4.735508357785253,77.07832311205796,25.0,10.0,1.0,3226.0752356113767,raw_data/run_1942.csv,raw_data/run_1942.json
1943,single,2026-09-24 16:29,KAUST2023_N2_C0_CKMC_ESR_v10_0_oxygenless,12.795625620215144,340.7809662028149,25.0,10.0,1.0,69760393.90878831,raw_data/run_1943.csv,raw_data/run_1943.json
1944,single,2026-09-24 16:29,KAUST2023_N2_C0_CKMC_ESR_v10_0_oxygenless,11.444280926918458,23.14347078586545,25.0,10.0,1.0,11456251.710840158,raw_data/run_1944.csv,raw_data/run_1944.json
1945,single,2026-09-24 16:29,KAUST2023_N2_C0_CKMC_ESR_v10_0_oxygenless,11.831801215804804,538.0941906882506,25.0,10.0,1.0,34699099.65333652,raw_data/run_1945.csv,raw_data/run_1945.json
1946,single,2026-09-24 16:29,KAUST2023_N2_C0_CKMC_ESR_v10_0_oxygenless,9.874304991517889,198.00341928132713,25.0,10.0,1.0,4839.110467626395,raw_data/run_1946.csv,raw_data/run_1946.json
1947,single,2026-09-24 16:29,KAUST2023_N2_C0_CKMC_ESR_v10_0_oxygenless,7.408312533495116,46.77592373763114,25.0,10.0,1.0,55861.195282729444,raw_data/run_1947.csv,raw_data/run_1947.json
1948,single,2026-09-24 16:29,KAUST2023_N2_C0_CKMC_ESR_v10_0_oxygenless,5.032039742607756,48.46765429984712,25.0,10.0,1.0,17413.505694736832,raw_data/run_1948.csv,raw_data/run_1948.json
1949,single,2026-09-24 16:29,KAUST2023_N2_C0_CKMC_ESR_v10_0_oxygenless,8.845098333528682,166.32203360250122,25.0,10.0,1.0,2579.772415237325,raw_data/run_1949.csv,raw_data/run_1949.json
1950,single,2026-09-24 16:29,KAUST2023_N2_C0_CKMC_ESR_v10_0_oxygenless,11.045253471047701,36.30303473901938,25.0,10.0,1.0,1346127.020318556,raw_data/run_1950.csv,raw_data/run_1950.json
1951,single,2026-09-24 16:29,KAUST2023_N2_C0_CKMC_ESR_v10_0_oxygenless,4.76273114261604,87.38514571822392,25.0,10.0,1.0,2301.768078209499,raw_data/run_1951.csv,raw_data/run_1951.json
1952,single,2026-09-24 16:29,KAUST2023_N2_C0_CKMC_ESR_v10_0_oxygenless,11.726217608849995,142.70852265919004,25.0,10.0,1.0,4050.8790428226193,raw_data/run_1952.csv,raw_data/run_1952.json
1953,single,2026-09-24 16:29,KAUST2023_N2_C0_CKMC_ESR_v10_0_oxygenless,3.7146754314332706,104.24395161653128,25.0,10.0,1.0,6457.324070571396,raw_data/run_1953.csv,raw_data/run_1953.json
1954,single,2026-09-24 16:29,KAUST2023_N2_C0_CKMC_ESR_v10_0_oxygenless,9.243593488497595,1.6563962770917167,25.0,10.0,1.0,43584447547.66021,raw_data/run_1954.csv,raw_data/run_1954.json
1955,single,2026-09-24 16:29,KAUST2023_N2_C0_CKMC_ESR_v10_0_oxygenless,9.761843164219105,70.25228604441335,25.0,10.0,1.0,29548.246085984847,raw_data/run_1955.csv,raw_data/run_1955.json
1956,single,2026-09-24 16:29,KAUST2023_N2_C0_CKMC_ESR_v10_0_oxygenless,4.588704092320862,158.7612929102335,25.0,10.0,1.0,8638312.284672678,raw_data/run_1956.csv,raw_data/run_1956.json
1957,single,2026-09-24 16:29,KAUST2023_N2_C0_CKMC_ESR_v10_0_oxygenless,13.285488893683105,62.73055987523052,25.0,10.0,1.0,107207.53058324315,raw_data/run_1957.csv,raw_data/run_1957.json
1958,single,2026-09-24 16:29,KAUST2023_N2_C0_CKMC_ESR_v10_0_oxygenless,7.513411198266402,123.66909961364098,25.0,10.0,1.0,2206.7384804030576,raw_data/run_1958.csv,raw_data/run_1958.json
1959,single,2026-09-24 16:29,KAUST2023_N2_C0_CKMC_ESR_v10_0_oxygenless,3.311431143384772,62.817587935213986,25.0,10.0,1.0,2601.606216797668,raw_data/run_1959.csv,raw_data/run_1959.json
1960,single,2026-09-24 16:29,KAUST2023_N2_C0_CKMC_ESR_v10_0_oxygenless,9.041492937263246,29.727882289058723,25.0,10.0,1.0,2345374.0293388204,raw_data/run_1960.csv,raw_data/run_1960.json
1961,single,2026-09-24 16:29,KAUST2023_N2_C0_CKMC_ESR_v10_0_oxygenless,7.478006196813241,15.514812052640128,25.0,10.0,1.0,11542389.015926175,raw_data/run_1961.csv,raw_data/run_1961.json
1962,single,2026-09-24 16:29,KAUST2023_N2_C0_CKMC_ESR_v10_0_oxygenless,7.651900302245774,97.47919955552311,25.0,10.0,1.0,4889.846226484131,raw_data/run_1962.csv,raw_data/run_1962.json
1963,single,2026-09-24 16:29,KAUST2023_N2_C0_CKMC_ESR_v10_0_oxygenless,12.460862203685842,331.6375440614632,25.0,10.0,1.0,40757119.11641181,raw_data/run_1963.csv,raw_data/run_1963.json
1964,single,2026-09-24 16:29,KAUST2023_N2_C0_CKMC_ESR_v10_0_oxygenless,9.367828799877264,191.9742725469343,25.0,10.0,1.0,4995.734633074765,raw_data/run_1964.csv,raw_data/run_1964.json
1965,single,2026-09-24 16:29,KAUST2023_N2_C0_CKMC_ESR_v10_0_oxygenless,3.4651538949328957,70.84196065999429,25.0,10.0,1.0,2312.3719706075185,raw_data/run_1965.csv,raw_data/run_1965.json
1966,single,2026-09-24 16:29,KAUST2023_N2_C0_CKMC_ESR_v10_0_oxygenless,12.22695867713155,38.81916149101922,25.0,10.0,1.0,1437400.9170529624,raw_data/run_1966.csv,raw_data/run_1966.json
1967,single,2026-09-24 16:29,KAUST2023_N2_C0_CKMC_ESR_v10_0_oxygenless,3.7196041156700046,141.86452531516355,25.0,10.0,1.0,22474904.62800598,raw_data/run_1967.csv,raw_data/run_1967.json
1968,single,2026-09-24 16:29,KAUST2023_N2_C0_CKMC_ESR_v10_0_oxygenless,2.0046756152320047,44.46108423806528,25.0,10.0,1.0,4246.155386697715,raw_data/run_1968.csv,raw_data/run_1968.json
1969,single,2026-09-24 16:29,KAUST2023_N2_C0_CKMC_ESR_v10_0_oxygenless,3.049494472203215,352.1171505481115,25.0,10.0,1.0,6909057.2571187625,raw_data/run_1969.csv,raw_data/run_1969.json
1970,single,2026-09-24 16:29,KAUST2023_N2_C0_CKMC_ESR_v10_0_oxygenless,9.529601437427669,94.31717578604639,25.0,10.0,1.0,9858.676459925333,raw_data/run_1970.csv,raw_data/run_1970.json
1971,single,2026-09-24 16:29,KAUST2023_N2_C0_CKMC_ESR_v10_0_oxygenless,11.333615274053537,154.86875737708817,25.0,10.0,1.0,2824.1249939561458,raw_data/run_1971.csv,raw_data/run_1971.json
1972,single,2026-09-24 16:29,KAUST2023_N2_C0_CKMC_ESR_v10_0_oxygenless,9.628970476059735,19.02856797134306,25.0,10.0,1.0,9852024.97788834,raw_data/run_1972.csv,raw_data/run_1972.json
1973,single,2026-09-24 16:29,KAUST2023_N2_C0_CKMC_ESR_v10_0_oxygenless,7.656828986482507,106.98103437945619,25.0,10.0,1.0,3582.2292341157113,raw_data/run_1973.csv,raw_data/run_1973.json
1974,single,2026-09-24 16:29,KAUST2023_N2_C0_CKMC_ESR_v10_0_oxygenless,12.92961360140546,292.2068138956153,25.0,10.0,1.0,2125057.1176145254,raw_data/run_1974.csv,raw_data/run_1974.json
1975,single,2026-09-24 16:29,KAUST2023_N2_C0_CKMC_ESR_v10_0_oxygenless,12.971522728332687,72.54453884762674,25.0,10.0,1.0,59508.72861425774,raw_data/run_1975.csv,raw_data/run_1975.json
1976,single,2026-09-24 16:29,KAUST2023_N2_C0_CKMC_ESR_v10_0_oxygenless,1.6929934174284567,118.34905939490571,25.0,10.0,1.0,105238976.40823102,raw_data/run_1976.csv,raw_data/run_1976.json
1977,single,2026-09-24 16:29,KAUST2023_N2_C0_CKMC_ESR_v10_0_oxygenless,5.961071124444722,179.0462950266383,25.0,10.0,1.0,1414911.5545939857,raw_data/run_1977.csv,raw_data/run_1977.json
1978,single,2026-09-24 16:29,KAUST2023_N2_C0_CKMC_ESR_v10_0_oxygenless,2.4686975786175287,54.33990720634707,25.0,10.0,1.0,2983.05231948746,raw_data/run_1978.csv,raw_data/run_1978.json
1979,single,2026-09-24 16:29,KAUST2023_N2_C0_CKMC_ESR_v10_0_oxygenless,9.874304991517889,352.55505764859356,25.0,10.0,1.0,81674904.28499743,raw_data/run_1979.csv,raw_data/run_1979.json
1980,single,2026-09-24 16:29,KAUST2023_N2_C0_CKMC_ESR_v10_0_oxygenless,12.379026544169061,2.2419920611747366,25.0,10.0,1.0,88309539135.84276,raw_data/run_1980.csv,raw_data/run_1980.json
1981,single,2026-09-24 16:29,KAUST2023_N2_C0_CKMC_ESR_v10_0_oxygenless,1.1779742179598767,371.39925307184666,25.0,10.0,1.0,1394074.5435646896,raw_data/run_1981.csv,raw_data/run_1981.json
1982,single,2026-09-24 16:29,KAUST2023_N2_C0_CKMC_ESR_v10_0_oxygenless,11.358120504931863,200.08313772011493,25.0,10.0,1.0,2741.9345228206544,raw_data/run_1982.csv,raw_data/run_1982.json
1983,single,2026-09-24 16:29,KAUST2023_N2_C0_CKMC_ESR_v10_0_oxygenless,2.079249083055684,2.769522502647869,25.0,10.0,1.0,397411144.0870959,raw_data/run_1983.csv,raw_data/run_1983.json
1984,single,2026-09-24 16:29,KAUST2023_N2_C0_CKMC_ESR_v10_0_oxygenless,10.00033061992282,63.209346396880456,25.0,10.0,1.0,45546.27159363351,raw_data/run_1984.csv,raw_data/run_1984.json
1985,single,2026-09-24 16:29,KAUST2023_N2_C0_CKMC_ESR_v10_0_oxygenless,11.349716111504696,254.80046465248432,25.0,10.0,1.0,166168.89393052584,raw_data/run_1985.csv,raw_data/run_1985.json
1986,single,2026-09-24 16:29,KAUST2023_N2_C0_CKMC_ESR_v10_0_oxygenless,9.708677062652672,108.62991239575366,25.0,10.0,1.0,6305.718780726918,raw_data/run_1986.csv,raw_data/run_1986.json
1987,single,2026-09-24 16:29,KAUST2023_N2_C0_CKMC_ESR_v10_0_oxygenless,4.533278843340925,380.0458775374615,25.0,10.0,1.0,13050636.150442407,raw_data/run_1987.csv,raw_data/run_1987.json
1988,single,2026-09-24 16:29,KAUST2023_N2_C0_CKMC_ESR_v10_0_oxygenless,4.387984501136697,283.91382251472453,25.0,10.0,1.0,17196353.21575576,raw_data/run_1988.csv,raw_data/run_1988.json
1989,single,2026-09-24 16:29,KAUST2023_N2_C0_CKMC_ESR_v10_0_oxygenless,10.63895577632902,30.092380891667617,25.0,10.0,1.0,9188652.753524201,raw_data/run_1989.csv,raw_data/run_1989.json
1990,single,2026-09-24 16:29,KAUST2023_N2_C0_CKMC_ESR_v10_0_oxygenless,4.0565242755059066,2.9336538562054377,25.0,10.0,1.0,6635965463.220186,raw_data/run_1990.csv,raw_data/run_1990.json
1991,single,2026-09-24 16:29,KAUST2023_N2_C0_CKMC_ESR_v10_0_oxygenless,3.926061378740832,93.57400863319111,25.0,10.0,1.0,3012.342260248381,raw_data/run_1991.csv,raw_data/run_1991.json
1992,single,2026-09-24 16:29,KAUST2023_N2_C0_CKMC_ESR_v10_0_oxygenless,8.342920170448231,62.817587935213986,25.0,10.0,1.0,28178.362269194153,raw_data/run_1992.csv,raw_data/run_1992.json
1993,single,2026-09-24 16:29,KAUST2023_N2_C0_CKMC_ESR_v10_0_oxygenless,8.768456937480227,66.5242924233289,25.0,10.0,1.0,26515.389478840647,raw_data/run_1993.csv,raw_data/run_1993.json
1994,single,2026-09-24 16:29,KAUST2023_N2_C0_CKMC_ESR_v10_0_oxygenless,5.317252352774109,829.5004146410179,25.0,10.0,1.0,350382812.168595,raw_data/run_1994.csv,raw_data/run_1994.json
1995,single,2026-09-24 16:29,KAUST2023_N2_C0_CKMC_ESR_v10_0_oxygenless,11.575576667800364,3.3452707385301945,25.0,10.0,1.0,78762314765.17221,raw_data/run_1995.csv,raw_data/run_1995.json
1996,single,2026-09-24 16:29,KAUST2023_N2_C0_CKMC_ESR_v10_0_oxygenless,11.738984833199327,97.47919955552311,25.0,10.0,1.0,15737.880181520943,raw_data/run_1996.csv,raw_data/run_1996.json
1997,single,2026-09-24 16:29,KAUST2023_N2_C0_CKMC_ESR_v10_0_oxygenless,1.7093110857887819,51.3301957799367,25.0,10.0,1.0,52521.45659872035,raw_data/run_1997.csv,raw_data/run_1997.json
1998,single,2026-09-24 16:29,KAUST2023_N2_C0_CKMC_ESR_v10_0_oxygenless,5.970873150301797,90.79856450473332,25.0,10.0,1.0,3333.325857445504,raw_data/run_1998.csv,raw_data/run_1998.json
1999,single,2026-09-24 16:29,KAUST2023_N2_C0_CKMC_ESR_v10_0_oxygenless,3.4651538949328957,153.39292590396255,25.0,10.0,1.0,162492723.07755414,raw_data/run_1999.csv,raw_data/run_1999.json
2000,single,2026-09-24 16:29,KAUST2023_N2_C0_CKMC_ESR_v10_0_oxygenless,3.5732316367456787,251.91108381860553,25.0,10.0,1.0,47618557.4512778,raw_data/run_2000.csv,raw_data/run_2000.json
2001,single,2026-09-24 16:29,KAUST2023_N2_C0_CKMC_ESR_v10_0_oxygenless,12.720270021170284,101.39706059334705,25.0,10.0,1.0,17228.363596400362,raw_data/run_2001.csv,raw_data/run_2001.json
2002,single,2026-09-24 16:29,KAUST2023_N2_C0_CKMC_ESR_v10_0_oxygenless,13.277916686506355,349.86696024836164,25.0,10.0,1.0,54808109.23306648,raw_data/run_2002.csv,raw_data/run_2002.json
2003,single,2026-09-24 16:29,KAUST2023_N2_C0_CKMC_ESR_v10_0_oxygenless,11.324788773696566,227.1385212045998,25.0,10.0,1.0,8156.222805489112,raw_data/run_2003.csv,raw_data/run_2003.json
2004,single,2026-09-24 16:29,KAUST2023_N2_C0_CKMC_ESR_v10_0_oxygenless,13.317998117604803,35.9672722798614,25.0,10.0,1.0,7153927.653496899,raw_data/run_2004.csv,raw_data/run_2004.json
2005,single,2026-09-24 16:29,KAUST2023_N2_C0_CKMC_ESR_v10_0_oxygenless,12.068148048639522,186.11990023652652,25.0,10.0,1.0,1979.7867189330932,raw_data/run_2005.csv,raw_data/run_2005.json
2006,single,2026-09-24 16:29,KAUST2023_N2_C0_CKMC_ESR_v10_0_oxygenless,9.853220382652779,728.2289903561409,25.0,10.0,1.0,1.7976931348623157e+308,raw_data/run_2006.csv,raw_data/run_2006.json
2007,single,2026-09-24 16:29,KAUST2023_N2_C0_CKMC_ESR_v10_0_oxygenless,8.745456354454442,289.23322644067093,25.0,10.0,1.0,84619715.42365661,raw_data/run_2007.csv,raw_data/run_2007.json
2008,single,2026-09-24 16:29,KAUST2023_N2_C0_CKMC_ESR_v10_0_oxygenless,12.467570997327687,169.34592934869372,25.0,10.0,1.0,2678.565776104833,raw_data/run_2008.csv,raw_data/run_2008.json
2009,single,2026-09-24 16:29,KAUST2023_N2_C0_CKMC_ESR_v10_0_oxygenless,9.17632308818476,77.07832311205796,25.0,10.0,1.0,18041.422305134194,raw_data/run_2009.csv,raw_data/run_2009.json
2010,single,2026-09-24 16:29,KAUST2023_N2_C0_CKMC_ESR_v10_0_oxygenless,11.140875220576948,483.9257818317405,25.0,10.0,1.0,38251888.38928857,raw_data/run_2010.csv,raw_data/run_2010.json
2011,single,2026-09-24 16:29,KAUST2023_N2_C0_CKMC_ESR_v10_0_oxygenless,11.244622137620482,176.7568448464083,25.0,10.0,1.0,1976.7334895353226,raw_data/run_2011.csv,raw_data/run_2011.json
2012,single,2026-09-24 16:29,KAUST2023_N2_C0_CKMC_ESR_v10_0_oxygenless,9.527626150784698,305.32546784061793,25.0,10.0,1.0,111721832.19815567,raw_data/run_2012.csv,raw_data/run_2012.json
2013,single,2026-09-24 16:29,KAUST2023_N2_C0_CKMC_ESR_v10_0_oxygenless,6.992967349010592,198.00341928132713,25.0,10.0,1.0,1435857.9431248906,raw_data/run_2013.csv,raw_data/run_2013.json
2014,single,2026-09-24 16:29,KAUST2023_N2_C0_CKMC_ESR_v10_0_oxygenless,9.084596960885277,369.26174158151565,25.0,10.0,1.0,29431152.670670528,raw_data/run_2014.csv,raw_data/run_2014.json
2015,single,2026-09-24 16:29,KAUST2023_N2_C0_CKMC_ESR_v10_0_oxygenless,9.523193307671221,165.61131780536536,25.0,10.0,1.0,2060.1989007595894,raw_data/run_2015.csv,raw_data/run_2015.json
2016,single,2026-09-24 16:29,KAUST2023_N2_C0_CKMC_ESR_v10_0_oxygenless,8.845098333528682,244.27133224396673,25.0,10.0,1.0,25742627.04679131,raw_data/run_2016.csv,raw_data/run_2016.json
2017,single,2026-09-24 16:29,KAUST2023_N2_C0_CKMC_ESR_v10_0_oxygenless,10.673766883780813,11.06446406303511,25.0,10.0,1.0,250025141.2850672,raw_data/run_2017.csv,raw_data/run_2017.json
2018,single,2026-09-24 16:29,KAUST2023_N2_C0_CKMC_ESR_v10_0_oxygenless,11.820612638438895,238.93475768905824,25.0,10.0,1.0,11941.99423121071,raw_data/run_2018.csv,raw_data/run_2018.json
2019,single,2026-09-24 16:29,KAUST2023_N2_C0_CKMC_ESR_v10_0_oxygenless,1.004638215048539,142.70852265919004,25.0,10.0,1.0,20733526.524407152,raw_data/run_2019.csv,raw_data/run_2019.json
2020,single,2026-09-24 16:29,KAUST2023_N2_C0_CKMC_ESR_v10_0_oxygenless,11.903510079650047,202.79670717525536,25.0,10.0,1.0,2466.6092771656035,raw_data/run_2020.csv,raw_data/run_2020.json
2021,single,2026-09-24 16:29,KAUST2023_N2_C0_CKMC_ESR_v10_0_oxygenless,12.201740245209322,212.50865631317674,25.0,10.0,1.0,2945.9146264762962,raw_data/run_2021.csv,raw_data/run_2021.json
2022,single,2026-09-24 16:29,KAUST2023_N2_C0_CKMC_ESR_v10_0_oxygenless,11.637201677428733,191.83932503109176,25.0,10.0,1.0,2084.137699416984,raw_data/run_2022.csv,raw_data/run_2022.json
2023,single,2026-09-24 16:29,KAUST2023_N2_C0_CKMC_ESR_v10_0_oxygenless,5.393456334377981,190.0388564956672,25.0,10.0,1.0,54885549.75022868,raw_data/run_2023.csv,raw_data/run_2023.json
2024,single,2026-09-24 16:29,KAUST2023_N2_C0_CKMC_ESR_v10_0_oxygenless,7.954821924092334,102.49342728178596,25.0,10.0,1.0,4555.6630529985605,raw_data/run_2024.csv,raw_data/run_2024.json
2025,single,2026-09-24 16:29,KAUST2023_N2_C0_CKMC_ESR_v10_0_oxygenless,7.475340771883334,85.83990456510391,25.0,10.0,1.0,7123.2938343941605,raw_data/run_2025.csv,raw_data/run_2025.json
2026,single,2026-09-24 16:29,KAUST2023_N2_C0_CKMC_ESR_v10_0_oxygenless,8.378279070335944,152.8253572782191,25.0,10.0,1.0,2136.236088529176,raw_data/run_2026.csv,raw_data/run_2026.json
2027,single,2026-09-24 16:29,KAUST2023_N2_C0_CKMC_ESR_v10_0_oxygenless,10.90854256875842,196.79805281420104,25.0,10.0,1.0,2929.648403627799,raw_data/run_2027.csv,raw_data/run_2027.json
2028,single,2026-09-24 16:29,KAUST2023_N2_C0_CKMC_ESR_v10_0_oxygenless,8.608368698692233,562.9916877706507,25.0,10.0,1.0,19379015.949731883,raw_data/run_2028.csv,raw_data/run_2028.json
2029,single,2026-09-24 16:29,KAUST2023_N2_C0_CKMC_ESR_v10_0_oxygenless,12.33816035791552,225.22517447045428,25.0,10.0,1.0,4213.314996085391,raw_data/run_2029.csv,raw_data/run_2029.json
2030,single,2026-09-24 16:29,KAUST2023_N2_C0_CKMC_ESR_v10_0_oxygenless,9.178338884337077,51.3301957799367,25.0,10.0,1.0,73783.90247064817,raw_data/run_2030.csv,raw_data/run_2030.json
2031,single,2026-09-24 16:29,KAUST2023_N2_C0_CKMC_ESR_v10_0_oxygenless,12.478416226544837,205.59200524740567,25.0,10.0,1.0,2247.9432524059725,raw_data/run_2031.csv,raw_data/run_2031.json
2032,single,2026-09-24 16:29,KAUST2023_N2_C0_CKMC_ESR_v10_0_oxygenless,1.506216411682568,260.2152208788672,25.0,10.0,1.0,6308647.78558183,raw_data/run_2032.csv,raw_data/run_2032.json
2033,single,2026-09-24 16:29,KAUST2023_N2_C0_CKMC_ESR_v10_0_oxygenless,12.445911440043778,150.4061833812845,25.0,10.0,1.0,3962.9632874657937,raw_data/run_2033.csv,raw_data/run_2033.json
2034,single,2026-09-24 16:29,KAUST2023_N2_C0_CKMC_ESR_v10_0_oxygenless,6.5754033313505476,468.29706595359255,25.0,10.0,1.0,50631382.36059689,raw_data/run_2034.csv,raw_data/run_2034.json
2035,single,2026-09-24 16:29,KAUST2023_N2_C0_CKMC_ESR_v10_0_oxygenless,11.66872509995136,204.55535835601606,25.0,10.0,1.0,2803.6360244346843,raw_data/run_2035.csv,raw_data/run_2035.json
2036,single,2026-09-24 16:29,KAUST2023_N2_C0_CKMC_ESR_v10_0_oxygenless,5.266612396345633,365.8958819317371,25.0,10.0,1.0,27092095.904719047,raw_data/run_2036.csv,raw_data/run_2036.json
2037,single,2026-09-24 16:29,KAUST2023_N2_C0_CKMC_ESR_v10_0_oxygenless,10.365692388985305,206.1144485310531,25.0,10.0,1.0,5197.439031502786,raw_data/run_2037.csv,raw_data/run_2037.json
2038,single,2026-09-24 16:29,KAUST2023_N2_C0_CKMC_ESR_v10_0_oxygenless,11.254344553720415,46.430609378591306,25.0,10.0,1.0,208888.77807750725,raw_data/run_2038.csv,raw_data/run_2038.json
2039,single,2026-09-24 16:29,KAUST2023_N2_C0_CKMC_ESR_v10_0_oxygenless,2.5045676059679494,47.604575421679826,25.0,10.0,1.0,2779.5442156516165,raw_data/run_2039.csv,raw_data/run_2039.json
2040,single,2026-09-24 16:29,KAUST2023_N2_C0_CKMC_ESR_v10_0_oxygenless,11.244622137620482,143.66256063578842,25.0,10.0,1.0,3546.497585065581,raw_data/run_2040.csv,raw_data/run_2040.json
2041,single,2026-09-24 16:29,KAUST2023_N2_C0_CKMC_ESR_v10_0_oxygenless,10.557303352501673,286.95246814492384,25.0,10.0,1.0,59725275.62860637,raw_data/run_2041.csv,raw_data/run_2041.json
2042,single,2026-09-24 16:29,KAUST2023_N2_C0_CKMC_ESR_v10_0_oxygenless,2.8228707894762817,390.55626292718244,25.0,10.0,1.0,7110748.461094226,raw_data/run_2042.csv,raw_data/run_2042.json
2043,single,2026-09-24 16:29,KAUST2023_N2_C0_CKMC_ESR_v10_0_oxygenless,11.758133036912026,483.9257818317405,25.0,10.0,1.0,49441553.85730809,raw_data/run_2043.csv,raw_data/run_2043.json
2044,single,2026-09-24 16:29,KAUST2023_N2_C0_CKMC_ESR_v10_0_oxygenless,12.250189437833946,161.79198975614406,25.0,10.0,1.0,2972.757143828941,raw_data/run_2044.csv,raw_data/run_2044.json
2045,single,2026-09-24 16:29,KAUST2023_N2_C0_CKMC_ESR_v10_0_oxygenless,12.841926484896558,286.95246814492384,25.0,10.0,1.0,1224527.7497783713,raw_data/run_2045.csv,raw_data/run_2045.json
2046,single,2026-09-24 16:29,KAUST2023_N2_C0_CKMC_ESR_v10_0_oxygenless,8.672956638061,198.00341928132713,25.0,10.0,1.0,14577.791473237437,raw_data/run_2046.csv,raw_data/run_2046.json
2047,single,2026-09-24 16:29,KAUST2023_N2_C0_CKMC_ESR_v10_0_oxygenless,12.783851561663214,228.91792363739322,25.0,10.0,1.0,3992.6764034278267,raw_data/run_2047.csv,raw_data/run_2047.json
2048,single,2026-09-24 16:29,KAUST2023_N2_C0_CKMC_ESR_v10_0_oxygenless,7.7148684389575,125.20539817112669,25.0,10.0,1.0,2247.3626165750043,raw_data/run_2048.csv,raw_data/run_2048.json
2049,single,2026-09-24 16:29,KAUST2023_N2_C0_CKMC_ESR_v10_0_oxygenless,10.198084851153014,187.38108289087216,25.0,10.0,1.0,2878.2219202652414,raw_data/run_2049.csv,raw_data/run_2049.json
2050,single,2026-09-24 16:29,KAUST2023_N2_C0_CKMC_ESR_v10_0_oxygenless,6.35733788227018,9.228909876610938,25.0,10.0,1.0,684207843.559344,raw_data/run_2050.csv,raw_data/run_2050.json
2051,single,2026-09-24 16:29,KAUST2023_N2_C0_CKMC_ESR_v10_0_oxygenless,3.504821480222874,87.38514571822392,25.0,10.0,1.0,3333.9312986654445,raw_data/run_2051.csv,raw_data/run_2051.json
2052,single,2026-09-24 16:29,KAUST2023_N2_C0_CKMC_ESR_v10_0_oxygenless,12.510871949537709,176.34645512820825,25.0,10.0,1.0,2381.8319033477133,raw_data/run_2052.csv,raw_data/run_2052.json
2053,single,2026-09-24 16:29,KAUST2023_N2_C0_CKMC_ESR_v10_0_oxygenless,11.323098901461039,169.61159423567807,25.0,10.0,1.0,2152.4903693952424,raw_data/run_2053.csv,raw_data/run_2053.json
2054,single,2026-09-24 16:29,KAUST2023_N2_C0_CKMC_ESR_v10_0_oxygenless,12.201740245209322,181.66881295694466,25.0,10.0,1.0,2089.140810911933,raw_data/run_2054.csv,raw_data/run_2054.json
2055,single,2026-09-24 16:29,KAUST2023_N2_C0_CKMC_ESR_v10_0_oxygenless,6.95095186360367,191.83932503109176,25.0,10.0,1.0,430414.8430351173,raw_data/run_2055.csv,raw_data/run_2055.json
2056,single,2026-09-24 16:29,KAUST2023_N2_C0_CKMC_ESR_v10_0_oxygenless,11.898370641103858,172.75574461983075,25.0,10.0,1.0,2264.2087057971025,raw_data/run_2056.csv,raw_data/run_2056.json
2057,single,2026-09-24 16:29,KAUST2023_N2_C0_CKMC_ESR_v10_0_oxygenless,9.697531987984021,141.40365549298352,25.0,10.0,1.0,2590.6519480710544,raw_data/run_2057.csv,raw_data/run_2057.json
2058,single,2026-09-24 16:29,KAUST2023_N2_C0_CKMC_ESR_v10_0_oxygenless,7.513411198266402,125.30204705842065,25.0,10.0,1.0,2139.4082916093885,raw_data/run_2058.csv,raw_data/run_2058.json
2059,single,2026-09-24 16:29,KAUST2023_N2_C0_CKMC_ESR_v10_0_oxygenless,8.378279070335944,148.7727403493977,25.0,10.0,1.0,2006.6837437958268,raw_data/run_2059.csv,raw_data/run_2059.json
2060,single,2026-09-24 16:29,KAUST2023_N2_C0_CKMC_ESR_v10_0_oxygenless,1.3310913571950138,269.2241871890369,25.0,10.0,1.0,5017143.195293953,raw_data/run_2060.csv,raw_data/run_2060.json
2061,single,2026-09-24 16:29,KAUST2023_N2_C0_CKMC_ESR_v10_0_oxygenless,8.37040677519475,172.60928237510583,25.0,10.0,1.0,3977.082694050772,raw_data/run_2061.csv,raw_data/run_2061.json
2062,single,2026-09-24 16:29,KAUST2023_N2_C0_CKMC_ESR_v10_0_oxygenless,8.774586501719732,312.41286462087743,25.0,10.0,1.0,65335478.89820485,raw_data/run_2062.csv,raw_data/run_2062.json
2063,single,2026-09-24 16:29,KAUST2023_N2_C0_CKMC_ESR_v10_0_oxygenless,11.388961896155877,195.7272569569461,25.0,10.0,1.0,2403.6541330282876,raw_data/run_2063.csv,raw_data/run_2063.json
2064,single,2026-09-24 16:29,KAUST2023_N2_C0_CKMC_ESR_v10_0_oxygenless,12.478416226544837,217.60728760184264,25.0,10.0,1.0,3117.8809044606087,raw_data/run_2064.csv,raw_data/run_2064.json
2065,single,2026-09-24 16:29,KAUST2023_N2_C0_CKMC_ESR_v10_0_oxygenless,3.4651538949328957,125.55073786897256,25.0,10.0,1.0,1298597.2372417818,raw_data/run_2065.csv,raw_data/run_2065.json
2066,single,2026-09-24 16:29,KAUST2023_N2_C0_CKMC_ESR_v10_0_oxygenless,7.587484003990214,209.86241268767185,25.0,10.0,1.0,1998673.4349348093,raw_data/run_2066.csv,raw_data/run_2066.json
2067,single,2026-09-24 16:29,KAUST2023_N2_C0_CKMC_ESR_v10_0_oxygenless,9.697531987984021,141.40365549298352,25.0,10.0,1.0,2590.6519480710544,raw_data/run_2067.csv,raw_data/run_2067.json
2068,single,2026-09-24 16:29,KAUST2023_N2_C0_CKMC_ESR_v10_0_oxygenless,10.844086741630868,616.3563161290792,25.0,10.0,1.0,14280464.39416357,raw_data/run_2068.csv,raw_data/run_2068.json
2069,single,2026-09-24 16:29,KAUST2023_N2_C0_CKMC_ESR_v10_0_oxygenless,10.42530242061784,194.25163925393,25.0,10.0,1.0,3271.7542556567573,raw_data/run_2069.csv,raw_data/run_2069.json
2070,single,2026-09-24 16:29,KAUST2023_N2_C0_CKMC_ESR_v10_0_oxygenless,11.285592123874487,182.15704043637155,25.0,10.0,1.0,1971.0738825657327,raw_data/run_2070.csv,raw_data/run_2070.json
2071,single,2026-09-24 16:29,KAUST2023_N2_C0_CKMC_ESR_v10_0_oxygenless,8.840585165925464,130.69108744825283,25.0,10.0,1.0,2663.7815734538945,raw_data/run_2071.csv,raw_data/run_2071.json
2072,single,2026-09-24 16:29,KAUST2023_N2_C0_CKMC_ESR_v10_0_oxygenless,7.82059009260061,50.80446199918367,25.0,10.0,1.0,48811.64437937645,raw_data/run_2072.csv,raw_data/run_2072.json
2073,single,2026-09-24 16:29,KAUST2023_N2_C0_CKMC_ESR_v10_0_oxygenless,9.6564593859013,182.15704043637155,25.0,10.0,1.0,3038.5768286604844,raw_data/run_2073.csv,raw_data/run_2073.json
2074,single,2026-09-24 16:29,KAUST2023_N2_C0_CKMC_ESR_v10_0_oxygenless,12.467570997327687,174.74514119796152,25.0,10.0,1.0,2428.7932161050508,raw_data/run_2074.csv,raw_data/run_2074.json
2075,single,2026-09-24 16:29,KAUST2023_N2_C0_CKMC_ESR_v10_0_oxygenless,7.591074704328995,77.07832311205796,25.0,10.0,1.0,10775.179436492352,raw_data/run_2075.csv,raw_data/run_2075.json
2076,single,2026-09-24 16:29,KAUST2023_N2_C0_CKMC_ESR_v10_0_oxygenless,8.39252984519678,175.10994809309366,25.0,10.0,1.0,4330.726517430382,raw_data/run_2076.csv,raw_data/run_2076.json
2077,single,2026-09-24 16:29,KAUST2023_N2_C0_CKMC_ESR_v10_0_oxygenless,2.539067717557307,521.885706343027,25.0,10.0,1.0,2496315.800523461,raw_data/run_2077.csv,raw_data/run_2077.json
2078,single,2026-09-24 16:29,KAUST2023_N2_C0_CKMC_ESR_v10_0_oxygenless,12.043662789842138,203.76787969416125,25.0,10.0,1.0,2424.2585335835083,raw_data/run_2078.csv,raw_data/run_2078.json
2079,single,2026-09-24 16:29,KAUST2023_N2_C0_CKMC_ESR_v10_0_oxygenless,5.768965121159021,196.39747974111592,25.0,10.0,1.0,68377090.58944443,raw_data/run_2079.csv,raw_data/run_2079.json
2080,single,2026-09-24 16:29,KAUST2023_N2_C0_CKMC_ESR_v10_0_oxygenless,2.442263669196355,254.23641712096952,25.0,10.0,1.0,16698788.628881482,raw_data/run_2080.csv,raw_data/run_2080.json
2081,single,2026-09-24 16:29,KAUST2023_N2_C0_CKMC_ESR_v10_0_oxygenless,9.523193307671221,238.7221561467847,25.0,10.0,1.0,909478.2075517775,raw_data/run_2081.csv,raw_data/run_2081.json
2082,single,2026-09-24 16:29,KAUST2023_N2_C0_CKMC_ESR_v10_0_oxygenless,8.845098333528682,291.17242349435344,25.0,10.0,1.0,109452486.61494452,raw_data/run_2082.csv,raw_data/run_2082.json
2083,single,2026-09-24 16:29,KAUST2023_N2_C0_CKMC_ESR_v10_0_oxygenless,3.474572566941777,6.3765129178993085,25.0,10.0,1.0,98349778.14284894,raw_data/run_2083.csv,raw_data/run_2083.json
2084,single,2026-09-24 16:29,KAUST2023_N2_C0_CKMC_ESR_v10_0_oxygenless,4.76273114261604,167.20753106509085,25.0,10.0,1.0,30731615.83020672,raw_data/run_2084.csv,raw_data/run_2084.json
2085,single,2026-09-24 16:29,KAUST2023_N2_C0_CKMC_ESR_v10_0_oxygenless,8.086447431449317,113.95717692744114,25.0,10.0,1.0,3330.628270592252,raw_data/run_2085.csv,raw_data/run_2085.json
2086,single,2026-09-24 16:29,KAUST2023_N2_C0_CKMC_ESR_v10_0_oxygenless,11.323098901461039,255.96377917270894,25.0,10.0,1.0,194906.9265419167,raw_data/run_2086.csv,raw_data/run_2086.json
2087,single,2026-09-24 16:29,KAUST2023_N2_C0_CKMC_ESR_v10_0_oxygenless,10.79642226794178,179.18873219197945,25.0,10.0,1.0,2010.022431565611,raw_data/run_2087.csv,raw_data/run_2087.json
2088,single,2026-09-24 16:29,KAUST2023_N2_C0_CKMC_ESR_v10_0_oxygenless,5.527078981520007,121.67121479433794,25.0,10.0,1.0,2946.337159853933,raw_data/run_2088.csv,raw_data/run_2088.json
2089,single,2026-09-24 16:29,KAUST2023_N2_C0_CKMC_ESR_v10_0_oxygenless,10.371567545403648,177.870479765771,25.0,10.0,1.0,2121.5653348327974,raw_data/run_2089.csv,raw_data/run_2089.json
2090,single,2026-09-24 16:29,KAUST2023_N2_C0_CKMC_ESR_v10_0_oxygenless,9.214498493559155,201.27339999625602,25.0,10.0,1.0,9749.63294721414,raw_data/run_2090.csv,raw_data/run_2090.json
2091,single,2026-09-24 16:29,KAUST2023_N2_C0_CKMC_ESR_v10_0_oxygenless,8.086447431449317,125.30204705842065,25.0,10.0,1.0,2472.4950790919065,raw_data/run_2091.csv,raw_data/run_2091.json
2092,single,2026-09-24 16:29,KAUST2023_N2_C0_CKMC_ESR_v10_0_oxygenless,9.400080924444996,126.39910726180534,25.0,10.0,1.0,3443.0425682140713,raw_data/run_2092.csv,raw_data/run_2092.json
2093,single,2026-09-24 16:29,KAUST2023_N2_C0_CKMC_ESR_v10_0_oxygenless,5.271098753743425,283.5961076618695,25.0,10.0,1.0,38605204.846708365,raw_data/run_2093.csv,raw_data/run_2093.json
2094,single,2026-09-24 16:29,KAUST2023_N2_C0_CKMC_ESR_v10_0_oxygenless,2.9556540020004123,331.41018637367347,25.0,10.0,1.0,8634845.01556998,raw_data/run_2094.csv,raw_data/run_2094.json
2095,single,2026-09-24 16:29,KAUST2023_N2_C0_CKMC_ESR_v10_0_oxygenless,6.534004155215771,521.885706343027,25.0,10.0,1.0,181198658.86529168,raw_data/run_2095.csv,raw_data/run_2095.json
2096,single,2026-09-24 16:29,KAUST2023_N2_C0_CKMC_ESR_v10_0_oxygenless,10.252284317213126,195.7272569569461,25.0,10.0,1.0,3698.683455301177,raw_data/run_2096.csv,raw_data/run_2096.json
2097,single,2026-09-24 16:29,KAUST2023_N2_C0_CKMC_ESR_v10_0_oxygenless,12.478416226544837,199.65085539237504,25.0,10.0,1.0,2035.102286194715,raw_data/run_2097.csv,raw_data/run_2097.json
2098,single,2026-09-24 16:29,KAUST2023_N2_C0_CKMC_ESR_v10_0_oxygenless,3.4651538949328957,165.39227961568608,25.0,10.0,1.0,96097804.06772943,raw_data/run_2098.csv,raw_data/run_2098.json
2099,single,2026-09-24 16:29,KAUST2023_N2_C0_CKMC_ESR_v10_0_oxygenless,5.300499536870316,501.6955629567176,25.0,10.0,1.0,1.7976931348623157e+308,raw_data/run_2099.csv,raw_data/run_2099.json
2100,single,2026-09-24 16:29,KAUST2023_N2_C0_CKMC_ESR_v10_0_oxygenless,9.697531987984021,113.37557269522426,25.0,10.0,1.0,5413.212977794006,raw_data/run_2100.csv,raw_data/run_2100.json
2101,single,2026-09-24 16:29,KAUST2023_N2_C0_CKMC_ESR_v10_0_oxygenless,5.789741135717947,96.50718323534724,25.0,10.0,1.0,2573.7112993648084,raw_data/run_2101.csv,raw_data/run_2101.json
2102,single,2026-09-24 16:29,KAUST2023_N2_C0_CKMC_ESR_v10_0_oxygenless,10.42530242061784,296.83902448789826,25.0,10.0,1.0,50660056.37707281,raw_data/run_2102.csv,raw_data/run_2102.json
2103,single,2026-09-24 16:29,KAUST2023_N2_C0_CKMC_ESR_v10_0_oxygenless,8.322659268125456,150.51172927632769,25.0,10.0,1.0,2075.604817035702,raw_data/run_2103.csv,raw_data/run_2103.json
2104,single,2026-09-24 16:29,KAUST2023_N2_C0_CKMC_ESR_v10_0_oxygenless,12.553885166174007,222.98978383465268,25.0,10.0,1.0,3591.4005468286446,raw_data/run_2104.csv,raw_data/run_2104.json
2105,single,2026-09-24 16:29,KAUST2023_N2_C0_CKMC_ESR_v10_0_oxygenless,6.581171631920574,1.380181709765085,25.0,10.0,1.0,19623135390.014946,raw_data/run_2105.csv,raw_data/run_2105.json
2106,single,2026-09-24 16:29,KAUST2023_N2_C0_CKMC_ESR_v10_0_oxygenless,4.526589977846073,43.90291199564945,25.0,10.0,1.0,18086.020132721987,raw_data/run_2106.csv,raw_data/run_2106.json
2107,single,2026-09-24 16:29,KAUST2023_N2_C0_CKMC_ESR_v10_0_oxygenless,6.613398933675369,182.15704043637155,25.0,10.0,1.0,195041.53747811858,raw_data/run_2107.csv,raw_data/run_2107.json
2108,single,2026-09-24 16:29,KAUST2023_N2_C0_CKMC_ESR_v10_0_oxygenless,10.73625444270097,298.10174974006407,25.0,10.0,1.0,63536554.17793378,raw_data/run_2108.csv,raw_data/run_2108.json
2109,single,2026-09-24 16:29,KAUST2023_N2_C0_CKMC_ESR_v10_0_oxygenless,4.735508357785253,106.21274435328212,25.0,10.0,1.0,2742.3689686602143,raw_data/run_2109.csv,raw_data/run_2109.json
2110,single,2026-09-24 16:29,KAUST2023_N2_C0_CKMC_ESR_v10_0_oxygenless,8.39252984519678,174.6956159141557,25.0,10.0,1.0,4259.772280599762,raw_data/run_2110.csv,raw_data/run_2110.json
2111,single,2026-09-24 16:29,KAUST2023_N2_C0_CKMC_ESR_v10_0_oxygenless,12.068148048639522,251.15745097281157,25.0,10.0,1.0,27847.80377504099,raw_data/run_2111.csv,raw_data/run_2111.json
2112,single,2026-09-24 16:29,KAUST2023_N2_C0_CKMC_ESR_v10_0_oxygenless,7.693400167164716,135.3732246242855,25.0,10.0,1.0,1972.1254024525779,raw_data/run_2112.csv,raw_data/run_2112.json
2113,single,2026-09-24 16:29,KAUST2023_N2_C0_CKMC_ESR_v10_0_oxygenless,7.527114057360996,93.11229129175305,25.0,10.0,1.0,5481.2551695357015,raw_data/run_2113.csv,raw_data/run_2113.json
2114,single,2026-09-24 16:29,KAUST2023_N2_C0_CKMC_ESR_v10_0_oxygenless,10.432941386192514,154.58859348524578,25.0,10.0,1.0,2341.4244978396105,raw_data/run_2114.csv,raw_data/run_2114.json
2115,single,2026-09-24 16:29,KAUST2023_N2_C0_CKMC_ESR_v10_0_oxygenless,11.770746122831156,184.47411025118254,25.0,10.0,1.0,1966.443529459192,raw_data/run_2115.csv,raw_data/run_2115.json
2116,single,2026-09-24 16:29,KAUST2023_N2_C0_CKMC_ESR_v10_0_oxygenless,13.240220783811415,225.8654808618836,25.0,10.0,1.0,3068.827799772842,raw_data/run_2116.csv,raw_data/run_2116.json
2117,single,2026-09-24 16:29,KAUST2023_N2_C0_CKMC_ESR_v10_0_oxygenless,1.5059936376727876,586.968712540274,25.0,10.0,1.0,3528765.7801263207,raw_data/run_2117.csv,raw_data/run_2117.json
2118,single,2026-09-24 16:29,KAUST2023_N2_C0_CKMC_ESR_v10_0_oxygenless,4.76273114261604,180.33402575830084,25.0,10.0,1.0,62271954.22817284,raw_data/run_2118.csv,raw_data/run_2118.json
2119,single,2026-09-24 16:29,KAUST2023_N2_C0_CKMC_ESR_v10_0_oxygenless,12.654235807370002,176.34645512820825,25.0,10.0,1.0,2444.852643552381,raw_data/run_2119.csv,raw_data/run_2119.json
2120,single,2026-09-24 16:29,KAUST2023_N2_C0_CKMC_ESR_v10_0_oxygenless,11.104581915002317,163.54233340573393,25.0,10.0,1.0,2281.202058296121,raw_data/run_2120.csv,raw_data/run_2120.json
2121,single,2026-09-24 16:29,KAUST2023_N2_C0_CKMC_ESR_v10_0_oxygenless,11.277603502052969,195.15196831685049,25.0,10.0,1.0,2451.6823573966967,raw_data/run_2121.csv,raw_data/run_2121.json
2122,single,2026-09-24 16:29,KAUST2023_N2_C0_CKMC_ESR_v10_0_oxygenless,10.456425395334751,173.35294335678338,25.0,10.0,1.0,1979.5430757864463,raw_data/run_2122.csv,raw_data/run_2122.json
2123,single,2026-09-24 16:29,KAUST2023_N2_C0_CKMC_ESR_v10_0_oxygenless,10.177164682456535,169.46507701469255,25.0,10.0,1.0,1972.941353203524,raw_data/run_2123.csv,raw_data/run_2123.json
2124,single,2026-09-24 16:29,KAUST2023_N2_C0_CKMC_ESR_v10_0_oxygenless,9.697531987984021,175.32570440038856,25.0,10.0,1.0,2429.840933834254,raw_data/run_2124.csv,raw_data/run_2124.json
2125,single,2026-09-24 16:29,KAUST2023_N2_C0_CKMC_ESR_v10_0_oxygenless,7.666653959321403,141.63277752932945,25.0,10.0,1.0,2078.1409315604546,raw_data/run_2125.csv,raw_data/run_2125.json
2126,single,2026-09-24 16:29,KAUST2023_N2_C0_CKMC_ESR_v10_0_oxygenless,4.373813398380124,148.7727403493977,25.0,10.0,1.0,2262436.6410056367,raw_data/run_2126.csv,raw_data/run_2126.json
2127,single,2026-09-24 16:29,KAUST2023_N2_C0_CKMC_ESR_v10_0_oxygenless,11.187467482088202,182.35238720173902,25.0,10.0,1.0,1985.7466113599594,raw_data/run_2127.csv,raw_data/run_2127.json
2128,single,2026-09-24 16:29,KAUST2023_N2_C0_CKMC_ESR_v10_0_oxygenless,11.499663106341242,14.91924467730814,25.0,10.0,1.0,18836434.765194397,raw_data/run_2128.csv,raw_data/run_2128.json
2129,single,2026-09-24 16:29,KAUST2023_N2_C0_CKMC_ESR_v10_0_oxygenless,8.518534619946966,318.3244870387623,25.0,10.0,1.0,82513717.02268346,raw_data/run_2129.csv,raw_data/run_2129.json
2130,single,2026-09-24 16:29,KAUST2023_N2_C0_CKMC_ESR_v10_0_oxygenless,11.864575251272665,220.568323921476,25.0,10.0,1.0,4371.108670585896,raw_data/run_2130.csv,raw_data/run_2130.json
2131,single,2026-09-24 16:29,KAUST2023_N2_C0_CKMC_ESR_v10_0_oxygenless,9.977626796459429,199.65085539237504,25.0,10.0,1.0,4897.158905352506,raw_data/run_2131.csv,raw_data/run_2131.json
2132,single,2026-09-24 16:29,KAUST2023_N2_C0_CKMC_ESR_v10_0_oxygenless,9.767782668041264,138.18540790096617,25.0,10.0,1.0,2831.874126612973,raw_data/run_2132.csv,raw_data/run_2132.json
2133,single,2026-09-24 16:29,KAUST2023_N2_C0_CKMC_ESR_v10_0_oxygenless,5.300499536870316,134.6292051474967,25.0,10.0,1.0,6479.897417315835,raw_data/run_2133.csv,raw_data/run_2133.json
2134,single,2026-09-24 16:29,KAUST2023_N2_C0_CKMC_ESR_v10_0_oxygenless,7.564877671033463,107.5637892719944,25.0,10.0,1.0,3415.4442374658765,raw_data/run_2134.csv,raw_data/run_2134.json
2135,single,2026-09-24 16:29,KAUST2023_N2_C0_CKMC_ESR_v10_0_oxygenless,5.07153812090775,157.05363031209,25.0,10.0,1.0,447586.3520256537,raw_data/run_2135.csv,raw_data/run_2135.json
2136,single,2026-09-24 16:29,KAUST2023_N2_C0_CKMC_ESR_v10_0_oxygenless,10.606278823684185,190.63514222588424,25.0,10.0,1.0,2720.013916097824,raw_data/run_2136.csv,raw_data/run_2136.json
2137,single,2026-09-24 16:29,KAUST2023_N2_C0_CKMC_ESR_v10_0_oxygenless,10.85148282089977,168.8491587915116,25.0,10.0,1.0,2028.63640260421,raw_data/run_2137.csv,raw_data/run_2137.json
2138,single,2026-09-24 16:29,KAUST2023_N2_C0_CKMC_ESR_v10_0_oxygenless,10.401337925648463,212.25353434555655,25.0,10.0,1.0,6885.800535490988,raw_data/run_2138.csv,raw_data/run_2138.json
2139,single,2026-09-24 16:29,KAUST2023_N2_C0_CKMC_ESR_v10_0_oxygenless,6.8857142282862895,1.380181709765085,25.0,10.0,1.0,21582798004.900078,raw_data/run_2139.csv,raw_data/run_2139.json
2140,single,2026-09-24 16:29,KAUST2023_N2_C0_CKMC_ESR_v10_0_oxygenless,8.329027589877677,134.4651933855644,25.0,10.0,1.0,2165.752861970334,raw_data/run_2140.csv,raw_data/run_2140.json
2141,single,2026-09-24 16:29,KAUST2023_N2_C0_CKMC_ESR_v10_0_oxygenless,11.296779149171424,190.14424252780893,25.0,10.0,1.0,2169.304375266798,raw_data/run_2141.csv,raw_data/run_2141.json
2142,single,2026-09-24 16:29,KAUST2023_N2_C0_CKMC_ESR_v10_0_oxygenless,1.770739825403967,256.2398867112045,25.0,10.0,1.0,9703542.760853594,raw_data/run_2142.csv,raw_data/run_2142.json
2143,single,2026-09-24 16:29,KAUST2023_N2_C0_CKMC_ESR_v10_0_oxygenless,12.021708048080367,185.6842339281788,25.0,10.0,1.0,1978.7680818863873,raw_data/run_2143.csv,raw_data/run_2143.json
2144,single,2026-09-24 16:29,KAUST2023_N2_C0_CKMC_ESR_v10_0_oxygenless,11.743766186435252,177.63721807844857,25.0,10.0,1.0,2061.5053262518772,raw_data/run_2144.csv,raw_data/run_2144.json
2145,single,2026-09-24 16:29,KAUST2023_N2_C0_CKMC_ESR_v10_0_oxygenless,8.433257228693664,139.4797263360175,25.0,10.0,1.0,2043.3399648731545,raw_data/run_2145.csv,raw_data/run_2145.json
2146,single,2026-09-24 16:29,KAUST2023_N2_C0_CKMC_ESR_v10_0_oxygenless,1.2361955354819658,256.38199612659207,25.0,10.0,1.0,6688249.810258659,raw_data/run_2146.csv,raw_data/run_2146.json
2147,single,2026-09-24 16:29,KAUST2023_N2_C0_CKMC_ESR_v10_0_oxygenless,8.333313519505872,315.2845933105615,25.0,10.0,1.0,75763861.3039907,raw_data/run_2147.csv,raw_data/run_2147.json
2148,single,2026-09-24 16:29,KAUST2023_N2_C0_CKMC_ESR_v10_0_oxygenless,11.924587088862967,182.15704043637155,25.0,10.0,1.0,2011.0457823893307,raw_data/run_2148.csv,raw_data/run_2148.json
2149,single,2026-09-24 16:29,KAUST2023_N2_C0_CKMC_ESR_v10_0_oxygenless,11.746723499140607,166.32203360250122,25.0,10.0,1.0,2459.8904920102973,raw_data/run_2149.csv,raw_data/run_2149.json
2150,single,2026-09-24 16:29,KAUST2023_N2_C0_CKMC_ESR_v10_0_oxygenless,4.048205378535424,163.44461296331585,25.0,10.0,1.0,32244213.221805833,raw_data/run_2150.csv,raw_data/run_2150.json
2151,single,2026-09-24 16:29,KAUST2023_N2_C0_CKMC_ESR_v10_0_oxygenless,11.596923632496928,193.84883119114963,25.0,10.0,1.0,2176.862994909109,raw_data/run_2151.csv,raw_data/run_2151.json
2152,single,2026-09-24 16:29,KAUST2023_N2_C0_CKMC_ESR_v10_0_oxygenless,12.541464453302783,176.34645512820825,25.0,10.0,1.0,2394.956002545153,raw_data/run_2152.csv,raw_data/run_2152.json
2153,single,2026-09-24 16:29,KAUST2023_N2_C0_CKMC_ESR_v10_0_oxygenless,11.363025332433528,182.62782987144175,25.0,10.0,1.0,1968.0481502379987,raw_data/run_2153.csv,raw_data/run_2153.json
2154,single,2026-09-24 16:29,KAUST2023_N2_C0_CKMC_ESR_v10_0_oxygenless,9.129692201302568,137.86343145332745,25.0,10.0,1.0,2438.507044766886,raw_data/run_2154.csv,raw_data/run_2154.json
2155,single,2026-09-24 16:29,KAUST2023_N2_C0_CKMC_ESR_v10_0_oxygenless,10.456425395334751,128.6022488839773,25.0,10.0,1.0,4275.82235933473,raw_data/run_2155.csv,raw_data/run_2155.json
2156,single,2026-09-24 16:29,KAUST2023_N2_C0_CKMC_ESR_v10_0_oxygenless,12.064259871366286,204.53813718356108,25.0,10.0,1.0,2457.6195462098567,raw_data/run_2156.csv,raw_data/run_2156.json
2157,single,2026-09-24 16:29,KAUST2023_N2_C0_CKMC_ESR_v10_0_oxygenless,5.764162980026477,246.57777974675045,25.0,10.0,1.0,80945804.151999,raw_data/run_2157.csv,raw_data/run_2157.json
2158,single,2026-09-24 16:29,KAUST2023_N2_C0_CKMC_ESR_v10_0_oxygenless,8.51371285788408,135.25764169946436,25.0,10.0,1.0,2222.963872397762,raw_data/run_2158.csv,raw_data/run_2158.json
2159,single,2026-09-24 16:29,KAUST2023_N2_C0_CKMC_ESR_v10_0_oxygenless,11.982970884488328,191.2940071052208,25.0,10.0,1.0,1984.8011574678994,raw_data/run_2159.csv,raw_data/run_2159.json
2160,single,2026-09-24 16:29,KAUST2023_N2_C0_CKMC_ESR_v10_0_oxygenless,11.187467482088202,195.7947803090387,25.0,10.0,1.0,2570.698926836627,raw_data/run_2160.csv,raw_data/run_2160.json
2161,single,2026-09-24 16:29,KAUST2023_N2_C0_CKMC_ESR_v10_0_oxygenless,3.7753057567218065,5.78392509104289,25.0,10.0,1.0,104107699.46584836,raw_data/run_2161.csv,raw_data/run_2161.json
2162,single,2026-09-24 16:29,KAUST2023_N2_C0_CKMC_ESR_v10_0_oxygenless,9.840177144090823,150.85434820942018,25.0,10.0,1.0,2217.735615600872,raw_data/run_2162.csv,raw_data/run_2162.json
2163,single,2026-09-24 16:29,KAUST2023_N2_C0_CKMC_ESR_v10_0_oxygenless,10.68778671289884,222.92874868854318,25.0,10.0,1.0,10897.729352871907,raw_data/run_2163.csv,raw_data/run_2163.json
2164,single,2026-09-24 16:29,KAUST2023_N2_C0_CKMC_ESR_v10_0_oxygenless,10.33471031968888,170.43776181513115,25.0,10.0,1.0,1965.0909833260428,raw_data/run_2164.csv,raw_data/run_2164.json
2165,single,2026-09-24 16:29,KAUST2023_N2_C0_CKMC_ESR_v10_0_oxygenless,10.236352344804569,175.9854386439562,25.0,10.0,1.0,2112.972177249901,raw_data/run_2165.csv,raw_data/run_2165.json
2166,single,2026-09-24 16:29,KAUST2023_N2_C0_CKMC_ESR_v10_0_oxygenless,10.662019159402643,165.85642939611242,25.0,10.0,1.0,2046.0951614347173,raw_data/run_2166.csv,raw_data/run_2166.json
2167,single,2026-09-24 16:29,KAUST2023_N2_C0_CKMC_ESR_v10_0_oxygenless,9.697531987984021,182.71169358988084,25.0,10.0,1.0,3041.396602310764,raw_data/run_2167.csv,raw_data/run_2167.json
2168,single,2026-09-24 16:29,KAUST2023_N2_C0_CKMC_ESR_v10_0_oxygenless,6.967656292789044,130.96131288207678,25.0,10.0,1.0,2055.874431027907,raw_data/run_2168.csv,raw_data/run_2168.json
2169,single,2026-09-24 16:29,KAUST2023_N2_C0_CKMC_ESR_v10_0_oxygenless,11.884161873326413,184.94183547297223,25.0,10.0,1.0,1971.4751624948624,raw_data/run_2169.csv,raw_data/run_2169.json
2170,single,2026-09-24 16:29,KAUST2023_N2_C0_CKMC_ESR_v10_0_oxygenless,12.445261008883833,176.7568448464083,25.0,10.0,1.0,2337.54124228552,raw_data/run_2170.csv,raw_data/run_2170.json
2171,single,2026-09-24 16:29,KAUST2023_N2_C0_CKMC_ESR_v10_0_oxygenless,7.656828986482507,153.52008848052827,25.0,10.0,1.0,2888.1063097437745,raw_data/run_2171.csv,raw_data/run_2171.json
2172,single,2026-09-24 16:29,KAUST2023_N2_C0_CKMC_ESR_v10_0_oxygenless,8.234930747492486,232.57422857464434,25.0,10.0,1.0,15907006.86170185,raw_data/run_2172.csv,raw_data/run_2172.json
2173,single,2026-09-24 16:29,KAUST2023_N2_C0_CKMC_ESR_v10_0_oxygenless,9.003753906147853,163.07679701221184,25.0,10.0,1.0,2231.678074253605,raw_data/run_2173.csv,raw_data/run_2173.json
2174,single,2026-09-24 16:29,KAUST2023_N2_C0_CKMC_ESR_v10_0_oxygenless,13.42586326349047,206.17345963956916,25.0,10.0,1.0,1977.3401052791496,raw_data/run_2174.csv,raw_data/run_2174.json
2175,single,2026-09-24 16:29,KAUST2023_N2_C0_CKMC_ESR_v10_0_oxygenless,7.498305892547633,106.21274435328212,25.0,10.0,1.0,3483.4161416461156,raw_data/run_2175.csv,raw_data/run_2175.json
2176,single,2026-09-24 16:29,KAUST2023_N2_C0_CKMC_ESR_v10_0_oxygenless,10.628221303261613,171.67640236727593,25.0,10.0,1.0,1961.2650609103946,raw_data/run_2176.csv,raw_data/run_2176.json
2177,single,2026-09-24 16:29,KAUST2023_N2_C0_CKMC_ESR_v10_0_oxygenless,12.068148048639522,153.1843361264703,25.0,10.0,1.0,3432.0261596704086,raw_data/run_2177.csv,raw_data/run_2177.json
2178,single,2026-09-24 16:29,KAUST2023_N2_C0_CKMC_ESR_v10_0_oxygenless,7.693400167164716,135.37839207195248,25.0,10.0,1.0,1972.1110122506275,raw_data/run_2178.csv,raw_data/run_2178.json
2179,single,2026-09-24 16:29,KAUST2023_N2_C0_CKMC_ESR_v10_0_oxygenless,8.705635363003733,198.00341928132713,25.0,10.0,1.0,13906.757440725607,raw_data/run_2179.csv,raw_data/run_2179.json
2180,single,2026-09-24 16:29,KAUST2023_N2_C0_CKMC_ESR_v10_0_oxygenless,11.175864996992175,188.6692880064725,25.0,10.0,1.0,2167.3031311944383,raw_data/run_2180.csv,raw_data/run_2180.json
2181,single,2026-09-24 16:29,KAUST2023_N2_C0_CKMC_ESR_v10_0_oxygenless,11.285592123874487,160.4985155999744,25.0,10.0,1.0,2499.379991652782,raw_data/run_2181.csv,raw_data/run_2181.json
2182,single,2026-09-24 16:29,KAUST2023_N2_C0_CKMC_ESR_v10_0_oxygenless,11.573543747629067,161.79560558847535,25.0,10.0,1.0,2586.4733817811307,raw_data/run_2182.csv,raw_data/run_2182.json
2183,single,2026-09-24 16:29,KAUST2023_N2_C0_CKMC_ESR_v10_0_oxygenless,13.242082402995843,108.374472154831,25.0,10.0,1.0,15250.654867877623,raw_data/run_2183.csv,raw_data/run_2183.json
2184,single,2026-09-24 16:29,KAUST2023_N2_C0_CKMC_ESR_v10_0_oxygenless,11.003378279053774,173.23955828412394,25.0,10.0,1.0,1984.3274771958806,raw_data/run_2184.csv,raw_data/run_2184.json
2185,single,2026-09-24 16:29,KAUST2023_N2_C0_CKMC_ESR_v10_0_oxygenless,10.154991679768706,176.34645512820825,25.0,10.0,1.0,2168.4610352795785,raw_data/run_2185.csv,raw_data/run_2185.json
2186,single,2026-09-24 16:29,KAUST2023_N2_C0_CKMC_ESR_v10_0_oxygenless,11.516534630521774,182.62782987144175,25.0,10.0,1.0,1963.0962676098868,raw_data/run_2186.csv,raw_data/run_2186.json
2187,single,2026-09-24 16:29,KAUST2023_N2_C0_CKMC_ESR_v10_0_oxygenless,10.154991679768706,164.50692135176166,25.0,10.0,1.0,1969.1997344710524,raw_data/run_2187.csv,raw_data/run_2187.json
2188,single,2026-09-24 16:29,KAUST2023_N2_C0_CKMC_ESR_v10_0_oxygenless,10.87346334528042,167.70098201314875,25.0,10.0,1.0,2060.7701983078355,raw_data/run_2188.csv,raw_data/run_2188.json
2189,single,2026-09-24 16:29,KAUST2023_N2_C0_CKMC_ESR_v10_0_oxygenless,9.884960239830674,159.40877610892494,25.0,10.0,1.0,1991.994989227163,raw_data/run_2189.csv,raw_data/run_2189.json
2190,single,2026-09-24 16:29,KAUST2023_N2_C0_CKMC_ESR_v10_0_oxygenless,9.591643514583275,161.97781761665905,25.0,10.0,1.0,1969.392899035835,raw_data/run_2190.csv,raw_data/run_2190.json
2191,single,2026-09-24 16:29,KAUST2023_N2_C0_CKMC_ESR_v10_0_oxygenless,7.666653959321403,184.17378824748485,25.0,10.0,1.0,16914.591120480618,raw_data/run_2191.csv,raw_data/run_2191.json
2192,single,2026-09-24 16:29,KAUST2023_N2_C0_CKMC_ESR_v10_0_oxygenless,10.085490288795503,191.2940071052208,25.0,10.0,1.0,3422.198778264366,raw_data/run_2192.csv,raw_data/run_2192.json
2193,single,2026-09-24 16:29,KAUST2023_N2_C0_CKMC_ESR_v10_0_oxygenless,12.696098243205075,182.35238720173902,25.0,10.0,1.0,2232.007940902333,raw_data/run_2193.csv,raw_data/run_2193.json
2194,single,2026-09-24 16:29,KAUST2023_N2_C0_CKMC_ESR_v10_0_oxygenless,2.125625082343963,1.406113004064313,25.0,10.0,1.0,373465286.35089284,raw_data/run_2194.csv,raw_data/run_2194.json
2195,single,2026-09-24 16:29,KAUST2023_N2_C0_CKMC_ESR_v10_0_oxygenless,10.287551669732014,150.85434820942018,25.0,10.0,1.0,2438.1525832981797,raw_data/run_2195.csv,raw_data/run_2195.json
2196,single,2026-09-24 16:29,KAUST2023_N2_C0_CKMC_ESR_v10_0_oxygenless,2.7304163082581527,240.31302111441093,25.0,10.0,1.0,20893847.8968145,raw_data/run_2196.csv,raw_data/run_2196.json
2197,single,2026-09-24 16:29,KAUST2023_N2_C0_CKMC_ESR_v10_0_oxygenless,8.381797072558268,229.26408896242086,25.0,10.0,1.0,6792752.446571501,raw_data/run_2197.csv,raw_data/run_2197.json
2198,single,2026-09-24 16:29,KAUST2023_N2_C0_CKMC_ESR_v10_0_oxygenless,12.005468725469552,178.473862267507,25.0,10.0,1.0,2116.346715896879,raw_data/run_2198.csv,raw_data/run_2198.json
2199,single,2026-09-24 16:29,KAUST2023_N2_C0_CKMC_ESR_v10_0_oxygenless,11.450704707213312,180.79599246541116,25.0,10.0,1.0,1965.3480331115275,raw_data/run_2199.csv,raw_data/run_2199.json
2200,single,2026-09-24 16:29,KAUST2023_N2_C0_CKMC_ESR_v10_0_oxygenless,11.16314194984943,141.40365549298352,25.0,10.0,1.0,3671.5011990714797,raw_data/run_2200.csv,raw_data/run_2200.json
2201,single,2026-09-24 16:29,KAUST2023_N2_C0_CKMC_ESR_v10_0_oxygenless,8.48916854456428,142.59400724867314,25.0,10.0,1.0,1992.126648358162,raw_data/run_2201.csv,raw_data/run_2201.json
2202,single,2026-09-24 16:29,KAUST2023_N2_C0_CKMC_ESR_v10_0_oxygenless,3.9306704901618006,235.8123388740318,25.0,10.0,1.0,79213378.84553759,raw_data/run_2202.csv,raw_data/run_2202.json
2203,single,2026-09-24 16:29,KAUST2023_N2_C0_CKMC_ESR_v10_0_oxygenless,10.831704299633445,198.37945125826488,25.0,10.0,1.0,3172.767310668077,raw_data/run_2203.csv,raw_data/run_2203.json
2204,single,2026-09-24 16:29,KAUST2023_N2_C0_CKMC_ESR_v10_0_oxygenless,11.02196300750915,171.59556045814966,25.0,10.0,1.0,2013.5254013411857,raw_data/run_2204.csv,raw_data/run_2204.json
2205,single,2026-09-24 16:29,KAUST2023_N2_C0_CKMC_ESR_v10_0_oxygenless,6.812327311010393,71.18546077061266,25.0,10.0,1.0,10623.235153806723,raw_data/run_2205.csv,raw_data/run_2205.json
2206,single,2026-09-24 16:29,KAUST2023_N2_C0_CKMC_ESR_v10_0_oxygenless,11.258771914608472,174.80859107154075,25.0,10.0,1.0,2005.4371355731002,raw_data/run_2206.csv,raw_data/run_2206.json
2207,single,2026-09-24 16:29,KAUST2023_N2_C0_CKMC_ESR_v10_0_oxygenless,11.526433527405088,206.17345963956916,25.0,10.0,1.0,3103.7417774134688,raw_data/run_2207.csv,raw_data/run_2207.json
2208,single,2026-09-24 16:29,KAUST2023_N2_C0_CKMC_ESR_v10_0_oxygenless,12.646550310632787,106.21274435328212,25.0,10.0,1.0,14343.601733702788,raw_data/run_2208.csv,raw_data/run_2208.json
2209,single,2026-09-24 16:29,KAUST2023_N2_C0_CKMC_ESR_v10_0_oxygenless,11.672493522358863,155.76825432887142,25.0,10.0,1.0,2981.59105260439,raw_data/run_2209.csv,raw_data/run_2209.json
2210,single,2026-09-24 16:29,KAUST2023_N2_C0_CKMC_ESR_v10_0_oxygenless,8.512327339525477,144.45211639313885,25.0,10.0,1.0,1972.1560198500183,raw_data/run_2210.csv,raw_data/run_2210.json
2211,single,2026-09-24 16:29,KAUST2023_N2_C0_CKMC_ESR_v10_0_oxygenless,11.571553820251443,205.80431832321537,25.0,10.0,1.0,3016.9507006447343,raw_data/run_2211.csv,raw_data/run_2211.json
2212,single,2026-09-24 16:29,KAUST2023_N2_C0_CKMC_ESR_v10_0_oxygenless,9.874304991517889,177.98652698291104,25.0,10.0,1.0,2458.242132752686,raw_data/run_2212.csv,raw_data/run_2212.json
2213,single,2026-09-24 16:29,KAUST2023_N2_C0_CKMC_ESR_v10_0_oxygenless,11.175864996992175,177.79914820522632,25.0,10.0,1.0,1963.7182661739475,raw_data/run_2213.csv,raw_data/run_2213.json
2214,single,2026-09-24 16:29,KAUST2023_N2_C0_CKMC_ESR_v10_0_oxygenless,11.387814000736466,192.8744335519954,25.0,10.0,1.0,2245.387007932545,raw_data/run_2214.csv,raw_data/run_2214.json
2215,single,2026-09-24 16:29,KAUST2023_N2_C0_CKMC_ESR_v10_0_oxygenless,11.746723499140607,150.3752035066472,25.0,10.0,1.0,3405.5692086841245,raw_data/run_2215.csv,raw_data/run_2215.json
2216,single,2026-09-24 16:29,KAUST2023_N2_C0_CKMC_ESR_v10_0_oxygenless,3.610526445363945,477.87483921766864,25.0,10.0,1.0,6065632.261540215,raw_data/run_2216.csv,raw_data/run_2216.json
2217,single,2026-09-24 16:29,KAUST2023_N2_C0_CKMC_ESR_v10_0_oxygenless,5.402847551832943,6.5345785056381365,25.0,10.0,1.0,101718922.15134005,raw_data/run_2217.csv,raw_data/run_2217.json
2218,single,2026-09-24 16:29,KAUST2023_N2_C0_CKMC_ESR_v10_0_oxygenless,8.51780685500093,149.82319809376688,25.0,10.0,1.0,1991.2978400954491,raw_data/run_2218.csv,raw_data/run_2218.json
2219,single,2026-09-24 16:29,KAUST2023_N2_C0_CKMC_ESR_v10_0_oxygenless,10.154991679768706,198.7235748451597,25.0,10.0,1.0,4306.2372129338055,raw_data/run_2219.csv,raw_data/run_2219.json
2220,single,2026-09-24 16:29,KAUST2023_N2_C0_CKMC_ESR_v10_0_oxygenless,11.516534630521774,233.90556177867086,25.0,10.0,1.0,10966.281526431278,raw_data/run_2220.csv,raw_data/run_2220.json
2221,single,2026-09-24 16:29,KAUST2023_N2_C0_CKMC_ESR_v10_0_oxygenless,10.154991679768706,157.15553453674113,25.0,10.0,1.0,2123.861720982706,raw_data/run_2221.csv,raw_data/run_2221.json
2222,single,2026-09-24 16:29,KAUST2023_N2_C0_CKMC_ESR_v10_0_oxygenless,8.367630023390543,153.05616075204156,25.0,10.0,1.0,2152.569345224335,raw_data/run_2222.csv,raw_data/run_2222.json
2223,single,2026-09-24 16:29,KAUST2023_N2_C0_CKMC_ESR_v10_0_oxygenless,11.105343890935925,180.02791751985237,25.0,10.0,1.0,1970.278963383572,raw_data/run_2223.csv,raw_data/run_2223.json
2224,single,2026-09-24 16:29,KAUST2023_N2_C0_CKMC_ESR_v10_0_oxygenless,10.43822540611751,169.1298795175954,25.0,10.0,1.0,1961.8100679451493,raw_data/run_2224.csv,raw_data/run_2224.json
2225,single,2026-09-24 16:29,KAUST2023_N2_C0_CKMC_ESR_v10_0_oxygenless,11.21619115549392,185.44753435505598,25.0,10.0,1.0,2040.8676316116719,raw_data/run_2225.csv,raw_data/run_2225.json
2226,single,2026-09-24 16:29,KAUST2023_N2_C0_CKMC_ESR_v10_0_oxygenless,11.808282959290931,189.03040338184027,25.0,10.0,1.0,1981.0181466964527,raw_data/run_2226.csv,raw_data/run_2226.json
2227,single,2026-09-24 16:29,KAUST2023_N2_C0_CKMC_ESR_v10_0_oxygenless,10.683076828498203,168.6367820499123,25.0,10.0,1.0,1996.0562063750442,raw_data/run_2227.csv,raw_data/run_2227.json
2228,single,2026-09-24 16:29,KAUST2023_N2_C0_CKMC_ESR_v10_0_oxygenless,8.256488774352803,19.71745299739879,25.0,10.0,1.0,7424470.739477592,raw_data/run_2228.csv,raw_data/run_2228.json
2229,single,2026-09-24 16:29,KAUST2023_N2_C0_CKMC_ESR_v10_0_oxygenless,9.395858353258236,161.82636587962648,25.0,10.0,1.0,2003.8317842815245,raw_data/run_2229.csv,raw_data/run_2229.json
2230,single,2026-09-24 16:29,KAUST2023_N2_C0_CKMC_ESR_v10_0_oxygenless,10.132797376540557,195.7272569569461,25.0,10.0,1.0,3901.393968632497,raw_data/run_2230.csv,raw_data/run_2230.json
2231,single,2026-09-24 16:29,KAUST2023_N2_C0_CKMC_ESR_v10_0_oxygenless,11.770746122831156,178.4386951025146,25.0,10.0,1.0,2049.9526009745,raw_data/run_2231.csv,raw_data/run_2231.json
2232,single,2026-09-24 16:29,KAUST2023_N2_C0_CKMC_ESR_v10_0_oxygenless,10.641619033762428,181.88617106192362,25.0,10.0,1.0,2151.1352609644578,raw_data/run_2232.csv,raw_data/run_2232.json
2233,single,2026-09-24 16:29,KAUST2023_N2_C0_CKMC_ESR_v10_0_oxygenless,11.450704707213312,166.9981083377352,25.0,10.0,1.0,2295.8687321923703,raw_data/run_2233.csv,raw_data/run_2233.json
2234,single,2026-09-24 16:29,KAUST2023_N2_C0_CKMC_ESR_v10_0_oxygenless,10.233194898738251,141.40365549298352,25.0,10.0,1.0,2945.8209178748343,raw_data/run_2234.csv,raw_data/run_2234.json
2235,single,2026-09-24 16:29,KAUST2023_N2_C0_CKMC_ESR_v10_0_oxygenless,8.48916854456428,166.7340425657808,25.0,10.0,1.0,3049.4653544519847,raw_data/run_2235.csv,raw_data/run_2235.json
2236,single,2026-09-24 16:29,KAUST2023_N2_C0_CKMC_ESR_v10_0_oxygenless,10.036376517008465,160.57907516651477,25.0,10.0,1.0,2002.6626115301763,raw_data/run_2236.csv,raw_data/run_2236.json
2237,single,2026-09-24 16:29,KAUST2023_N2_C0_CKMC_ESR_v10_0_oxygenless,10.650711727733945,176.7568448464083,25.0,10.0,1.0,1996.4454314249501,raw_data/run_2237.csv,raw_data/run_2237.json
2238,single,2026-09-24 16:29,KAUST2023_N2_C0_CKMC_ESR_v10_0_oxygenless,12.965463756690218,204.30208923012196,25.0,10.0,1.0,2018.9078535266603,raw_data/run_2238.csv,raw_data/run_2238.json
2239,single,2026-09-24 16:29,KAUST2023_N2_C0_CKMC_ESR_v10_0_oxygenless,12.068148048639522,176.9349836322039,25.0,10.0,1.0,2184.133603963863,raw_data/run_2239.csv,raw_data/run_2239.json
2240,single,2026-09-24 16:29,KAUST2023_N2_C0_CKMC_ESR_v10_0_oxygenless,9.241778527600967,138.49189622238762,25.0,10.0,1.0,2472.1112537119116,raw_data/run_2240.csv,raw_data/run_2240.json
2241,single,2026-09-24 16:29,KAUST2023_N2_C0_CKMC_ESR_v10_0_oxygenless,11.225793899839433,204.53821081264297,25.0,10.0,1.0,3309.349432053495,raw_data/run_2241.csv,raw_data/run_2241.json
2242,single,2026-09-24 16:29,KAUST2023_N2_C0_CKMC_ESR_v10_0_oxygenless,10.026708573157558,184.91113177224344,25.0,10.0,1.0,2851.3252324400646,raw_data/run_2242.csv,raw_data/run_2242.json
2243,single,2026-09-24 16:29,KAUST2023_N2_C0_CKMC_ESR_v10_0_oxygenless,11.374526304382464,180.24396961599737,25.0,10.0,1.0,1963.884456235654,raw_data/run_2243.csv,raw_data/run_2243.json
2244,single,2026-09-24 16:29,KAUST2023_N2_C0_CKMC_ESR_v10_0_oxygenless,11.34016841523865,186.0837621795992,25.0,10.0,1.0,2021.292779337913,raw_data/run_2244.csv,raw_data/run_2244.json
2245,single,2026-09-24 16:29,KAUST2023_N2_C0_CKMC_ESR_v10_0_oxygenless,12.538512941387895,135.37839207195248,25.0,10.0,1.0,5853.395078284069,raw_data/run_2245.csv,raw_data/run_2245.json
2246,single,2026-09-24 16:29,KAUST2023_N2_C0_CKMC_ESR_v10_0_oxygenless,11.650122503615632,183.63854066339343,25.0,10.0,1.0,1964.2498845974208,raw_data/run_2246.csv,raw_data/run_2246.json
2247,single,2026-09-24 16:29,KAUST2023_N2_C0_CKMC_ESR_v10_0_oxygenless,9.135428361272195,169.91871420359521,25.0,10.0,1.0,2562.002622636554,raw_data/run_2247.csv,raw_data/run_2247.json
2248,single,2026-09-24 16:29,KAUST2023_N2_C0_CKMC_ESR_v10_0_oxygenless,11.285592123874487,140.35436225750732,25.0,10.0,1.0,3875.0594642514166,raw_data/run_2248.csv,raw_data/run_2248.json
2249,single,2026-09-24 16:29,KAUST2023_N2_C0_CKMC_ESR_v10_0_oxygenless,8.683874026875735,133.7868716588114,25.0,10.0,1.0,2385.6546765184667,raw_data/run_2249.csv,raw_data/run_2249.json
2250,single,2026-09-24 16:29,KAUST2023_N2_C0_CKMC_ESR_v10_0_oxygenless,8.083450927958514,1.6563962770917167,25.0,10.0,1.0,33025491003.940567,raw_data/run_2250.csv,raw_data/run_2250.json
2251,single,2026-09-24 16:29,KAUST2023_N2_C0_CKMC_ESR_v10_0_oxygenless,12.334158367026506,218.228153479799,25.0,10.0,1.0,3350.1209461324283,raw_data/run_2251.csv,raw_data/run_2251.json
2252,single,2026-09-24 16:29,KAUST2023_N2_C0_CKMC_ESR_v10_0_oxygenless,11.234765195862398,181.32334790920598,25.0,10.0,1.0,1968.9866032589994,raw_data/run_2252.csv,raw_data/run_2252.json
2253,single,2026-09-24 16:29,KAUST2023_N2_C0_CKMC_ESR_v10_0_oxygenless,13.22307130313002,227.69692864176378,25.0,10.0,1.0,3264.2018123747894,raw_data/run_2253.csv,raw_data/run_2253.json
2254,single,2026-09-24 16:29,KAUST2023_N2_C0_CKMC_ESR_v10_0_oxygenless,8.3657482024925,148.3962048136615,25.0,10.0,1.0,2002.376025933815,raw_data/run_2254.csv,raw_data/run_2254.json
2255,single,2026-09-24 16:29,KAUST2023_N2_C0_CKMC_ESR_v10_0_oxygenless,12.135820994446936,183.00739985774877,25.0,10.0,1.0,2040.5320545855432,raw_data/run_2255.csv,raw_data/run_2255.json
2256,single,2026-09-24 16:29,KAUST2023_N2_C0_CKMC_ESR_v10_0_oxygenless,10.834615051602444,169.2668627073516,25.0,10.0,1.0,2016.2363748423481,raw_data/run_2256.csv,raw_data/run_2256.json
2257,single,2026-09-24 16:29,KAUST2023_N2_C0_CKMC_ESR_v10_0_oxygenless,10.43822540611751,153.20307759901485,25.0,10.0,1.0,2406.2679493421947,raw_data/run_2257.csv,raw_data/run_2257.json
2258,single,2026-09-24 16:29,KAUST2023_N2_C0_CKMC_ESR_v10_0_oxygenless,10.292869402637413,164.65315465676377,25.0,10.0,1.0,1986.4321393085627,raw_data/run_2258.csv,raw_data/run_2258.json
2259,single,2026-09-24 16:29,KAUST2023_N2_C0_CKMC_ESR_v10_0_oxygenless,10.749598037825816,172.83469318541526,25.0,10.0,1.0,1962.4171758603204,raw_data/run_2259.csv,raw_data/run_2259.json
2260,single,2026-09-24 16:29,KAUST2023_N2_C0_CKMC_ESR_v10_0_oxygenless,8.075004757934131,182.35238720173902,25.0,10.0,1.0,8121.67109766716,raw_data/run_2260.csv,raw_data/run_2260.json
2261,single,2026-09-24 16:29,KAUST2023_N2_C0_CKMC_ESR_v10_0_oxygenless,11.78116326304851,65.50352793625143,25.0,10.0,1.0,64247.69295322554,raw_data/run_2261.csv,raw_data/run_2261.json
2262,single,2026-09-24 16:29,KAUST2023_N2_C0_CKMC_ESR_v10_0_oxygenless,10.797265665296749,161.82636587962648,25.0,10.0,1.0,2215.606162279971,raw_data/run_2262.csv,raw_data/run_2262.json
2263,single,2026-09-24 16:29,KAUST2023_N2_C0_CKMC_ESR_v10_0_oxygenless,10.199882009722362,164.04342876278685,25.0,10.0,1.0,1979.7804821437282,raw_data/run_2263.csv,raw_data/run_2263.json
2264,single,2026-09-24 16:29,KAUST2023_N2_C0_CKMC_ESR_v10_0_oxygenless,10.911143506124061,184.47411025118254,25.0,10.0,1.0,2125.294174000122,raw_data/run_2264.csv,raw_data/run_2264.json
2265,single,2026-09-24 16:29,KAUST2023_N2_C0_CKMC_ESR_v10_0_oxygenless,10.345299100399167,194.83074665234977,25.0,10.0,1.0,3448.1258444473756,raw_data/run_2265.csv,raw_data/run_2265.json
2266,single,2026-09-24 16:29,KAUST2023_N2_C0_CKMC_ESR_v10_0_oxygenless,11.450704707213312,161.40074680253784,25.0,10.0,1.0,2541.3455331300893,raw_data/run_2266.csv,raw_data/run_2266.json
2267,single,2026-09-24 16:29,KAUST2023_N2_C0_CKMC_ESR_v10_0_oxygenless,4.987955450940718,108.74264402244157,25.0,10.0,1.0,2569.076341045978,raw_data/run_2267.csv,raw_data/run_2267.json
2268,single,2026-09-24 16:29,KAUST2023_N2_C0_CKMC_ESR_v10_0_oxygenless,9.006532882494856,153.82269328487547,25.0,10.0,1.0,1963.9778103631108,raw_data/run_2268.csv,raw_data/run_2268.json
2269,single,2026-09-24 16:29,KAUST2023_N2_C0_CKMC_ESR_v10_0_oxygenless,10.681225373424745,161.2874984879877,25.0,10.0,1.0,2187.9244053892353,raw_data/run_2269.csv,raw_data/run_2269.json
2270,single,2026-09-24 16:29,KAUST2023_N2_C0_CKMC_ESR_v10_0_oxygenless,10.980059269170733,176.7568448464083,25.0,10.0,1.0,1961.4968126741999,raw_data/run_2270.csv,raw_data/run_2270.json
2271,single,2026-09-24 16:29,KAUST2023_N2_C0_CKMC_ESR_v10_0_oxygenless,7.656828986482507,181.21211920005257,25.0,10.0,1.0,12583.0231475997,raw_data/run_2271.csv,raw_data/run_2271.json
2272,single,2026-09-24 16:29,KAUST2023_N2_C0_CKMC_ESR_v10_0_oxygenless,3.1822929487071487,142.07569747677343,25.0,10.0,1.0,28012621.19850788,raw_data/run_2272.csv,raw_data/run_2272.json
2273,single,2026-09-24 16:29,KAUST2023_N2_C0_CKMC_ESR_v10_0_oxygenless,10.628221303261613,186.79750229571025,25.0,10.0,1.0,2420.271039454634,raw_data/run_2273.csv,raw_data/run_2273.json
2274,single,2026-09-24 16:29,KAUST2023_N2_C0_CKMC_ESR_v10_0_oxygenless,13.42586326349047,191.04310502007297,25.0,10.0,1.0,2203.6630260934735,raw_data/run_2274.csv,raw_data/run_2274.json
2275,single,2026-09-24 16:29,KAUST2023_N2_C0_CKMC_ESR_v10_0_oxygenless,9.675688045381989,159.67029178048082,25.0,10.0,1.0,1962.5091482173618,raw_data/run_2275.csv,raw_data/run_2275.json
2276,single,2026-09-24 16:29,KAUST2023_N2_C0_CKMC_ESR_v10_0_oxygenless,9.749378597347972,180.24396961599737,25.0,10.0,1.0,2753.277088857096,raw_data/run_2276.csv,raw_data/run_2276.json
2277,single,2026-09-24 16:29,KAUST2023_N2_C0_CKMC_ESR_v10_0_oxygenless,7.618196081064832,144.45211639313885,25.0,10.0,1.0,2234.4857857814304,raw_data/run_2277.csv,raw_data/run_2277.json
2278,single,2026-09-24 16:29,KAUST2023_N2_C0_CKMC_ESR_v10_0_oxygenless,7.587930008706292,136.6498560632556,25.0,10.0,1.0,1986.738679177823,raw_data/run_2278.csv,raw_data/run_2278.json
2279,single,2026-09-24 16:29,KAUST2023_N2_C0_CKMC_ESR_v10_0_oxygenless,4.299489239048926,104.84332990006132,25.0,10.0,1.0,3543.2143964726693,raw_data/run_2279.csv,raw_data/run_2279.json
2280,single,2026-09-24 16:29,KAUST2023_N2_C0_CKMC_ESR_v10_0_oxygenless,9.615191601438383,155.69279424269214,25.0,10.0,1.0,2000.170418281173,raw_data/run_2280.csv,raw_data/run_2280.json
2281,single,2026-09-24 16:29,KAUST2023_N2_C0_CKMC_ESR_v10_0_oxygenless,2.8587604721013475,182.15704043637155,25.0,10.0,1.0,115499470.10396665,raw_data/run_2281.csv,raw_data/run_2281.json
2282,single,2026-09-24 16:29,KAUST2023_N2_C0_CKMC_ESR_v10_0_oxygenless,10.003861221968268,165.8027068927976,25.0,10.0,1.0,1961.2519538519498,raw_data/run_2282.csv,raw_data/run_2282.json
2283,single,2026-09-24 16:29,KAUST2023_N2_C0_CKMC_ESR_v10_0_oxygenless,13.360185642810853,43.30432377427911,25.0,10.0,1.0,871818.3840811604,raw_data/run_2283.csv,raw_data/run_2283.json
2284,single,2026-09-24 16:29,KAUST2023_N2_C0_CKMC_ESR_v10_0_oxygenless,9.785489089460171,173.23955828412394,25.0,10.0,1.0,2240.123045077601,raw_data/run_2284.csv,raw_data/run_2284.json
2285,single,2026-09-24 16:29,KAUST2023_N2_C0_CKMC_ESR_v10_0_oxygenless,11.151353196999697,181.32334790920598,25.0,10.0,1.0,1977.923977987441,raw_data/run_2285.csv,raw_data/run_2285.json
2286,single,2026-09-24 16:29,KAUST2023_N2_C0_CKMC_ESR_v10_0_oxygenless,9.849801727737972,166.96703502616174,25.0,10.0,1.0,1994.063841094394,raw_data/run_2286.csv,raw_data/run_2286.json
2287,single,2026-09-24 16:29,KAUST2023_N2_C0_CKMC_ESR_v10_0_oxygenless,10.154991679768706,182.38681317552596,25.0,10.0,1.0,2518.7125670424357,raw_data/run_2287.csv,raw_data/run_2287.json
2288,single,2026-09-24 16:29,KAUST2023_N2_C0_CKMC_ESR_v10_0_oxygenless,6.4025348580152,173.35294335678338,25.0,10.0,1.0,72505.60584477642,raw_data/run_2288.csv,raw_data/run_2288.json
2289,single,2026-09-24 16:29,KAUST2023_N2_C0_CKMC_ESR_v10_0_oxygenless,11.105343890935925,126.15707332187036,25.0,10.0,1.0,5372.8132112189405,raw_data/run_2289.csv,raw_data/run_2289.json
2290,single,2026-09-24 16:29,KAUST2023_N2_C0_CKMC_ESR_v10_0_oxygenless,7.318868606958398,139.61538271271078,25.0,10.0,1.0,2201.9275993401156,raw_data/run_2290.csv,raw_data/run_2290.json
2291,single,2026-09-24 16:29,KAUST2023_N2_C0_CKMC_ESR_v10_0_oxygenless,10.292869402637413,185.3454769835338,25.0,10.0,1.0,2610.0902840056488,raw_data/run_2291.csv,raw_data/run_2291.json
2292,single,2026-09-24 16:29,KAUST2023_N2_C0_CKMC_ESR_v10_0_oxygenless,10.266768237989577,166.91541162903866,25.0,10.0,1.0,1962.2389925274067,raw_data/run_2292.csv,raw_data/run_2292.json
2293,single,2026-09-24 16:29,KAUST2023_N2_C0_CKMC_ESR_v10_0_oxygenless,11.242672230540759,178.9135594614214,25.0,10.0,1.0,1962.9066317311933,raw_data/run_2293.csv,raw_data/run_2293.json
2294,single,2026-09-24 16:29,KAUST2023_N2_C0_CKMC_ESR_v10_0_oxygenless,10.212688556412441,578.8234068029508,25.0,10.0,1.0,15535613.518164858,raw_data/run_2294.csv,raw_data/run_2294.json
2295,single,2026-09-24 16:29,KAUST2023_N2_C0_CKMC_ESR_v10_0_oxygenless,9.395858353258236,161.8187604792247,25.0,10.0,1.0,2003.6821245094065,raw_data/run_2295.csv,raw_data/run_2295.json
2296,single,2026-09-24 16:29,KAUST2023_N2_C0_CKMC_ESR_v10_0_oxygenless,10.134266338624233,164.8816073430205,25.0,10.0,1.0,1964.5063054200734,raw_data/run_2296.csv,raw_data/run_2296.json
2297,single,2026-09-24 16:29,KAUST2023_N2_C0_CKMC_ESR_v10_0_oxygenless,10.76194644001267,180.20467831087655,25.0,10.0,1.0,2043.9448895910596,raw_data/run_2297.csv,raw_data/run_2297.json
2298,single,2026-09-24 16:29,KAUST2023_N2_C0_CKMC_ESR_v10_0_oxygenless,8.6121747077736,145.7913030681164,25.0,10.0,1.0,1970.789531347033,raw_data/run_2298.csv,raw_data/run_2298.json
2299,single,2026-09-24 16:29,KAUST2023_N2_C0_CKMC_ESR_v10_0_oxygenless,10.712176081869472,168.37124588906866,25.0,10.0,1.0,2006.2984864085252,raw_data/run_2299.csv,raw_data/run_2299.json
2300,single,2026-09-24 16:29,KAUST2023_N2_C0_CKMC_ESR_v10_0_oxygenless,4.987955450940718,190.44224239560862,25.0,10.0,1.0,33227445.909692973,raw_data/run_2300.csv,raw_data/run_2300.json
2301,single,2026-09-24 16:29,KAUST2023_N2_C0_CKMC_ESR_v10_0_oxygenless,11.53991725896369,182.38681317552596,25.0,10.0,1.0,1963.8337360255755,raw_data/run_2301.csv,raw_data/run_2301.json
2302,single,2026-09-24 16:29,KAUST2023_N2_C0_CKMC_ESR_v10_0_oxygenless,10.139486695973044,170.00511884925422,25.0,10.0,1.0,1985.9217059036057,raw_data/run_2302.csv,raw_data/run_2302.json
2303,single,2026-09-24 16:29,KAUST2023_N2_C0_CKMC_ESR_v10_0_oxygenless,9.996483505874334,167.8854738082599,25.0,10.0,1.0,1980.3281816260787,raw_data/run_2303.csv,raw_data/run_2303.json
2304,single,2026-09-24 16:29,KAUST2023_N2_C0_CKMC_ESR_v10_0_oxygenless,7.904484009485021,132.65844357010536,25.0,10.0,1.0,2054.1043281485877,raw_data/run_2304.csv,raw_data/run_2304.json
2305,single,2026-09-24 16:29,KAUST2023_N2_C0_CKMC_ESR_v10_0_oxygenless,6.479404521856079,19.02856797134306,25.0,10.0,1.0,28403625.54447724,raw_data/run_2305.csv,raw_data/run_2305.json
2306,single,2026-09-24 16:29,KAUST2023_N2_C0_CKMC_ESR_v10_0_oxygenless,6.851675360080895,133.38309487302246,25.0,10.0,1.0,2229.600989638326,raw_data/run_2306.csv,raw_data/run_2306.json
2307,single,2026-09-24 16:29,KAUST2023_N2_C0_CKMC_ESR_v10_0_oxygenless,11.555348874517625,188.2509285638541,25.0,10.0,1.0,2014.5302945498634,raw_data/run_2307.csv,raw_data/run_2307.json
2308,single,2026-09-24 16:29,KAUST2023_N2_C0_CKMC_ESR_v10_0_oxygenless,9.096142735693528,151.08721639740085,25.0,10.0,1.0,1975.9493431244387,raw_data/run_2308.csv,raw_data/run_2308.json
2309,single,2026-09-24 16:29,KAUST2023_N2_C0_CKMC_ESR_v10_0_oxygenless,9.139398807154516,163.05122562496743,25.0,10.0,1.0,2146.6711209068794,raw_data/run_2309.csv,raw_data/run_2309.json
2310,single,2026-09-24 16:29,KAUST2023_N2_C0_CKMC_ESR_v10_0_oxygenless,9.49922774686468,162.72453115456446,25.0,10.0,1.0,1995.9680749508361,raw_data/run_2310.csv,raw_data/run_2310.json
2311,single,2026-09-24 16:29,KAUST2023_N2_C0_CKMC_ESR_v10_0_oxygenless,11.043043288554408,178.53699945792607,25.0,10.0,1.0,1964.9335398287421,raw_data/run_2311.csv,raw_data/run_2311.json
2312,single,2026-09-24 16:29,KAUST2023_N2_C0_CKMC_ESR_v10_0_oxygenless,10.841436865308644,173.89505911916788,25.0,10.0,1.0,1962.726510083776,raw_data/run_2312.csv,raw_data/run_2312.json
2313,single,2026-09-24 16:29,KAUST2023_N2_C0_CKMC_ESR_v10_0_oxygenless,12.635133756899712,203.76956763752983,25.0,10.0,1.0,2101.7808014797647,raw_data/run_2313.csv,raw_data/run_2313.json
2314,single,2026-09-24 16:29,KAUST2023_N2_C0_CKMC_ESR_v10_0_oxygenless,10.852685005532843,176.583301212304,25.0,10.0,1.0,1966.0536053141273,raw_data/run_2314.csv,raw_data/run_2314.json
2315,single,2026-09-24 16:29,KAUST2023_N2_C0_CKMC_ESR_v10_0_oxygenless,6.754375916899492,130.6694976482796,25.0,10.0,1.0,2164.6483321258625,raw_data/run_2315.csv,raw_data/run_2315.json
2316,single,2026-09-24 16:29,KAUST2023_N2_C0_CKMC_ESR_v10_0_oxygenless,2.079249083055684,133.29837833522922,25.0,10.0,1.0,54236605.75748657,raw_data/run_2316.csv,raw_data/run_2316.json
2317,single,2026-09-24 16:29,KAUST2023_N2_C0_CKMC_ESR_v10_0_oxygenless,9.876167240972103,163.85533425861504,25.0,10.0,1.0,1959.9300229369228,raw_data/run_2317.csv,raw_data/run_2317.json
2318,single,2026-09-24 16:29,KAUST2023_N2_C0_CKMC_ESR_v10_0_oxygenless,8.498387395946214,145.96068712227662,25.0,10.0,1.0,1963.424050332246,raw_data/run_2318.csv,raw_data/run_2318.json
2319,single,2026-09-24 16:29,KAUST2023_N2_C0_CKMC_ESR_v10_0_oxygenless,11.516534630521774,164.2556883875876,25.0,10.0,1.0,2441.1503011235527,raw_data/run_2319.csv,raw_data/run_2319.json
2320,single,2026-09-24 16:29,KAUST2023_N2_C0_CKMC_ESR_v10_0_oxygenless,10.269036397538436,164.50692135176166,25.0,10.0,1.0,1984.5030083218767,raw_data/run_2320.csv,raw_data/run_2320.json
2321,single,2026-09-24 16:29,KAUST2023_N2_C0_CKMC_ESR_v10_0_oxygenless,8.472202499777495,150.63150057189026,25.0,10.0,1.0,2020.516938058285,raw_data/run_2321.csv,raw_data/run_2321.json
2322,single,2026-09-24 16:29,KAUST2023_N2_C0_CKMC_ESR_v10_0_oxygenless,9.420109064911493,157.25570106565067,25.0,10.0,1.0,1960.142335476767,raw_data/run_2322.csv,raw_data/run_2322.json
2323,single,2026-09-24 16:29,KAUST2023_N2_C0_CKMC_ESR_v10_0_oxygenless,8.293108054267659,144.56029184648426,25.0,10.0,1.0,1967.164872452373,raw_data/run_2323.csv,raw_data/run_2323.json
2324,single,2026-09-24 16:29,KAUST2023_N2_C0_CKMC_ESR_v10_0_oxygenless,11.980139754632479,187.85176126005754,25.0,10.0,1.0,1964.8201822020883,raw_data/run_2324.csv,raw_data/run_2324.json
2325,single,2026-09-24 16:29,KAUST2023_N2_C0_CKMC_ESR_v10_0_oxygenless,10.162626538479877,166.91976766105802,25.0,10.0,1.0,1959.6010406496587,raw_data/run_2325.csv,raw_data/run_2325.json
2326,single,2026-09-24 16:29,KAUST2023_N2_C0_CKMC_ESR_v10_0_oxygenless,10.56239643582086,173.34363669241503,25.0,10.0,1.0,1966.7720447133963,raw_data/run_2326.csv,raw_data/run_2326.json
2327,single,2026-09-24 16:29,KAUST2023_N2_C0_CKMC_ESR_v10_0_oxygenless,13.483808260841881,27.9374789990834,25.0,10.0,1.0,9345648.323458245,raw_data/run_2327.csv,raw_data/run_2327.json
2328,single,2026-09-24 16:29,KAUST2023_N2_C0_CKMC_ESR_v10_0_oxygenless,7.239543451334455,34.72467308956249,25.0,10.0,1.0,164058.22070398575,raw_data/run_2328.csv,raw_data/run_2328.json
2329,single,2026-09-24 16:29,KAUST2023_N2_C0_CKMC_ESR_v10_0_oxygenless,9.395858353258236,135.30091869906298,25.0,10.0,1.0,2758.838059629985,raw_data/run_2329.csv,raw_data/run_2329.json
2330,single,2026-09-24 16:29,KAUST2023_N2_C0_CKMC_ESR_v10_0_oxygenless,9.344602882919084,157.08780089502164,25.0,10.0,1.0,1959.879643139312,raw_data/run_2330.csv,raw_data/run_2330.json
2331,single,2026-09-24 16:29,KAUST2023_N2_C0_CKMC_ESR_v10_0_oxygenless,8.25913790656043,184.47411025118254,25.0,10.0,1.0,7790.535956433384,raw_data/run_2331.csv,raw_data/run_2331.json
2332,single,2026-09-24 16:29,KAUST2023_N2_C0_CKMC_ESR_v10_0_oxygenless,8.6121747077736,150.4862971806287,25.0,10.0,1.0,1982.1365725742687,raw_data/run_2332.csv,raw_data/run_2332.json
2333,single,2026-09-24 16:29,KAUST2023_N2_C0_CKMC_ESR_v10_0_oxygenless,5.243230682976252,274.75891574550644,25.0,10.0,1.0,67168044.87611374,raw_data/run_2333.csv,raw_data/run_2333.json
2334,single,2026-09-24 16:29,KAUST2023_N2_C0_CKMC_ESR_v10_0_oxygenless,9.6837819661467,163.52296837680794,25.0,10.0,1.0,1973.6174532051168,raw_data/run_2334.csv,raw_data/run_2334.json
2335,single,2026-09-24 16:29,KAUST2023_N2_C0_CKMC_ESR_v10_0_oxygenless,10.235392929109848,167.09169951786225,25.0,10.0,1.0,1960.3125763162675,raw_data/run_2335.csv,raw_data/run_2335.json
2336,single,2026-09-24 16:29,KAUST2023_N2_C0_CKMC_ESR_v10_0_oxygenless,10.94097077463377,177.92503779759954,25.0,10.0,1.0,1968.441220353035,raw_data/run_2336.csv,raw_data/run_2336.json
2337,single,2026-09-24 16:29,KAUST2023_N2_C0_CKMC_ESR_v10_0_oxygenless,7.300936671981691,141.23378516314062,25.0,10.0,1.0,2308.345715403572,raw_data/run_2337.csv,raw_data/run_2337.json
2338,single,2026-09-24 16:29,KAUST2023_N2_C0_CKMC_ESR_v10_0_oxygenless,11.184269014400764,175.51820043472975,25.0,10.0,1.0,1982.5675637812174,raw_data/run_2338.csv,raw_data/run_2338.json
2339,single,2026-09-24 16:29,KAUST2023_N2_C0_CKMC_ESR_v10_0_oxygenless,3.6385985140956874,728.2289903561409,25.0,10.0,1.0,4.554556067143436e+23,raw_data/run_2339.csv,raw_data/run_2339.json
2340,single,2026-09-24 16:29,KAUST2023_N2_C0_CKMC_ESR_v10_0_oxygenless,9.315327838151838,158.43003989715132,25.0,10.0,1.0,1968.6292991496125,raw_data/run_2340.csv,raw_data/run_2340.json
2341,single,2026-09-24 16:29,KAUST2023_N2_C0_CKMC_ESR_v10_0_oxygenless,13.42586326349047,165.03861817884376,25.0,10.0,1.0,3525.5323479835074,raw_data/run_2341.csv,raw_data/run_2341.json
2342,single,2026-09-24 16:29,KAUST2023_N2_C0_CKMC_ESR_v10_0_oxygenless,8.959477994659476,155.12124959261683,25.0,10.0,1.0,1983.4807694204992,raw_data/run_2342.csv,raw_data/run_2342.json
2343,single,2026-09-24 16:29,KAUST2023_N2_C0_CKMC_ESR_v10_0_oxygenless,8.322416702500657,146.38156982877217,25.0,10.0,1.0,1979.261448725912,raw_data/run_2343.csv,raw_data/run_2343.json
2344,single,2026-09-24 16:29,KAUST2023_N2_C0_CKMC_ESR_v10_0_oxygenless,8.512327339525477,123.26587291491438,25.0,10.0,1.0,2927.374202110621,raw_data/run_2344.csv,raw_data/run_2344.json
2345,single,2026-09-24 16:29,KAUST2023_N2_C0_CKMC_ESR_v10_0_oxygenless,11.27327208767492,183.5587145754445,25.0,10.0,1.0,1988.8888091618758,raw_data/run_2345.csv,raw_data/run_2345.json
2346,single,2026-09-24 16:29,KAUST2023_N2_C0_CKMC_ESR_v10_0_oxygenless,10.029966567373558,168.07331693439073,25.0,10.0,1.0,1977.435308931479,raw_data/run_2346.csv,raw_data/run_2346.json
2347,single,2026-09-24 16:29,KAUST2023_N2_C0_CKMC_ESR_v10_0_oxygenless,10.341878684580143,165.89257359536464,25.0,10.0,1.0,1977.9971611605033,raw_data/run_2347.csv,raw_data/run_2347.json
2348,single,2026-09-24 16:29,KAUST2023_N2_C0_CKMC_ESR_v10_0_oxygenless,11.574208960053985,176.583301212304,25.0,10.0,1.0,2041.5238221932043,raw_data/run_2348.csv,raw_data/run_2348.json
2349,single,2026-09-24 16:29,KAUST2023_N2_C0_CKMC_ESR_v10_0_oxygenless,10.628221303261613,168.31980772742597,25.0,10.0,1.0,1990.9981380749573,raw_data/run_2349.csv,raw_data/run_2349.json
2350,single,2026-09-24 16:29,KAUST2023_N2_C0_CKMC_ESR_v10_0_oxygenless,7.6209200803640424,9.695942789082217,25.0,10.0,1.0,676340611.7961755,raw_data/run_2350.csv,raw_data/run_2350.json
2351,single,2026-09-24 16:29,KAUST2023_N2_C0_CKMC_ESR_v10_0_oxygenless,10.871569493508844,176.91496726331766,25.0,10.0,1.0,1966.8566636267772,raw_data/run_2351.csv,raw_data/run_2351.json
2352,single,2026-09-24 16:29,KAUST2023_N2_C0_CKMC_ESR_v10_0_oxygenless,11.703801855550187,185.91486549458438,25.0,10.0,1.0,1965.8281757153252,raw_data/run_2352.csv,raw_data/run_2352.json
2353,single,2026-09-24 16:29,KAUST2023_N2_C0_CKMC_ESR_v10_0_oxygenless,11.516534630521774,186.08927989515834,25.0,10.0,1.0,1985.3682106153772,raw_data/run_2353.csv,raw_data/run_2353.json
2354,single,2026-09-24 16:29,KAUST2023_N2_C0_CKMC_ESR_v10_0_oxygenless,12.384049735118307,201.0331780921447,25.0,10.0,1.0,2104.8994320346796,raw_data/run_2354.csv,raw_data/run_2354.json
2355,single,2026-09-24 16:29,KAUST2023_N2_C0_CKMC_ESR_v10_0_oxygenless,8.567241635599906,173.35294335678338,25.0,10.0,1.0,3695.719007786749,raw_data/run_2355.csv,raw_data/run_2355.json
2356,single,2026-09-24 16:29,KAUST2023_N2_C0_CKMC_ESR_v10_0_oxygenless,9.098839726289555,156.03824253047,25.0,10.0,1.0,1972.2848894528177,raw_data/run_2356.csv,raw_data/run_2356.json
2357,single,2026-09-24 16:29,KAUST2023_N2_C0_CKMC_ESR_v10_0_oxygenless,10.43822540611751,162.35720227717758,25.0,10.0,1.0,2068.3443740758235,raw_data/run_2357.csv,raw_data/run_2357.json
2358,single,2026-09-24 16:29,KAUST2023_N2_C0_CKMC_ESR_v10_0_oxygenless,6.870780915046166,133.3724441256954,25.0,10.0,1.0,2213.901098281072,raw_data/run_2358.csv,raw_data/run_2358.json
2359,single,2026-09-24 16:29,KAUST2023_N2_C0_CKMC_ESR_v10_0_oxygenless,9.876167240972103,166.76899435207707,25.0,10.0,1.0,1985.4397918215507,raw_data/run_2359.csv,raw_data/run_2359.json
2360,single,2026-09-24 16:29,KAUST2023_N2_C0_CKMC_ESR_v10_0_oxygenless,11.479730789759477,177.6208103179788,25.0,10.0,1.0,2001.4464252657701,raw_data/run_2360.csv,raw_data/run_2360.json
2361,single,2026-09-24 16:29,KAUST2023_N2_C0_CKMC_ESR_v10_0_oxygenless,8.608368698692233,477.92827988433726,25.0,10.0,1.0,20831109.375436507,raw_data/run_2361.csv,raw_data/run_2361.json
2362,single,2026-09-24 16:29,KAUST2023_N2_C0_CKMC_ESR_v10_0_oxygenless,12.185438495873365,192.51811018920614,25.0,10.0,1.0,1974.2566563250775,raw_data/run_2362.csv,raw_data/run_2362.json
2363,single,2026-09-24 16:29,KAUST2023_N2_C0_CKMC_ESR_v10_0_oxygenless,11.162540141927392,178.39884209719452,25.0,10.0,1.0,1961.9787642206295,raw_data/run_2363.csv,raw_data/run_2363.json
2364,single,2026-09-24 16:29,KAUST2023_N2_C0_CKMC_ESR_v10_0_oxygenless,10.128315264423456,167.88773123376333,25.0,10.0,1.0,1964.347134226413,raw_data/run_2364.csv,raw_data/run_2364.json
2365,single,2026-09-24 16:29,KAUST2023_N2_C0_CKMC_ESR_v10_0_oxygenless,10.172499981456621,169.1826850805513,25.0,10.0,1.0,1970.605446487891,raw_data/run_2365.csv,raw_data/run_2365.json
2366,single,2026-09-24 16:29,KAUST2023_N2_C0_CKMC_ESR_v10_0_oxygenless,10.985206764791482,177.5856512431447,25.0,10.0,1.0,1963.494023987971,raw_data/run_2366.csv,raw_data/run_2366.json
2367,single,2026-09-24 16:29,KAUST2023_N2_C0_CKMC_ESR_v10_0_oxygenless,12.345517998077451,163.52296837680794,25.0,10.0,1.0,2927.333033560838,raw_data/run_2367.csv,raw_data/run_2367.json
2368,single,2026-09-24 16:29,KAUST2023_N2_C0_CKMC_ESR_v10_0_oxygenless,11.140791794370593,167.09169951786225,25.0,10.0,1.0,2167.4440373079574,raw_data/run_2368.csv,raw_data/run_2368.json
2369,single,2026-09-24 16:29,KAUST2023_N2_C0_CKMC_ESR_v10_0_oxygenless,10.94097077463377,172.5340858037285,25.0,10.0,1.0,1983.949935364258,raw_data/run_2369.csv,raw_data/run_2369.json
2370,single,2026-09-24 16:29,KAUST2023_N2_C0_CKMC_ESR_v10_0_oxygenless,10.526750841311495,172.760949117436,25.0,10.0,1.0,1965.590074738693,raw_data/run_2370.csv,raw_data/run_2370.json
2371,single,2026-09-24 16:29,KAUST2023_N2_C0_CKMC_ESR_v10_0_oxygenless,12.687256649736028,200.87904655075317,25.0,10.0,1.0,2012.1075243068278,raw_data/run_2371.csv,raw_data/run_2371.json
2372,single,2026-09-24 16:29,KAUST2023_N2_C0_CKMC_ESR_v10_0_oxygenless,3.900794332452658,29.887127040888632,25.0,10.0,1.0,39592.58137689641,raw_data/run_2372.csv,raw_data/run_2372.json
2373,single,2026-09-24 16:29,KAUST2023_N2_C0_CKMC_ESR_v10_0_oxygenless,9.85753277912592,161.36782311238207,25.0,10.0,1.0,1965.6118142380417,raw_data/run_2373.csv,raw_data/run_2373.json
2374,single,2026-09-24 16:29,KAUST2023_N2_C0_CKMC_ESR_v10_0_oxygenless,9.932997884216913,163.93196756330028,25.0,10.0,1.0,1959.3750155086004,raw_data/run_2374.csv,raw_data/run_2374.json
2375,single,2026-09-24 16:29,KAUST2023_N2_C0_CKMC_ESR_v10_0_oxygenless,9.675688045381989,158.63267096356753,25.0,10.0,1.0,1970.0628003187126,raw_data/run_2375.csv,raw_data/run_2375.json
2376,single,2026-09-24 16:29,KAUST2023_N2_C0_CKMC_ESR_v10_0_oxygenless,9.488624243869108,180.24396961599737,25.0,10.0,1.0,3065.581358122334,raw_data/run_2376.csv,raw_data/run_2376.json
2377,single,2026-09-24 16:29,KAUST2023_N2_C0_CKMC_ESR_v10_0_oxygenless,8.469005454995369,144.45211639313885,25.0,10.0,1.0,1968.136804355242,raw_data/run_2377.csv,raw_data/run_2377.json
2378,single,2026-09-24 16:29,KAUST2023_N2_C0_CKMC_ESR_v10_0_oxygenless,11.054779684115871,178.53699945792607,25.0,10.0,1.0,1964.300800482144,raw_data/run_2378.csv,raw_data/run_2378.json
2379,single,2026-09-24 16:29,KAUST2023_N2_C0_CKMC_ESR_v10_0_oxygenless,10.841436865308644,156.92683673254794,25.0,10.0,1.0,2439.951040865031,raw_data/run_2379.csv,raw_data/run_2379.json
2380,single,2026-09-24 16:29,KAUST2023_N2_C0_CKMC_ESR_v10_0_oxygenless,11.175864996992175,169.40254128080434,25.0,10.0,1.0,2108.3069178004716,raw_data/run_2380.csv,raw_data/run_2380.json
2381,single,2026-09-24 16:29,KAUST2023_N2_C0_CKMC_ESR_v10_0_oxygenless,9.615378578693292,163.27040527960676,25.0,10.0,1.0,1981.2156861667675,raw_data/run_2381.csv,raw_data/run_2381.json
2382,single,2026-09-24 16:29,KAUST2023_N2_C0_CKMC_ESR_v10_0_oxygenless,9.069443238129494,154.39639110856464,25.0,10.0,1.0,1962.6806604513433,raw_data/run_2382.csv,raw_data/run_2382.json
2383,single,2026-09-24 16:29,KAUST2023_N2_C0_CKMC_ESR_v10_0_oxygenless,1.2768695749240209,9.228909876610938,25.0,10.0,1.0,500650.4385012886,raw_data/run_2383.csv,raw_data/run_2383.json
2384,single,2026-09-24 16:29,KAUST2023_N2_C0_CKMC_ESR_v10_0_oxygenless,8.704497642805372,150.27680764204845,25.0,10.0,1.0,1967.0721867694651,raw_data/run_2384.csv,raw_data/run_2384.json
2385,single,2026-09-24 16:29,KAUST2023_N2_C0_CKMC_ESR_v10_0_oxygenless,11.403491888590697,181.2992686870402,25.0,10.0,1.0,1962.7140966744478,raw_data/run_2385.csv,raw_data/run_2385.json
2386,single,2026-09-24 16:29,KAUST2023_N2_C0_CKMC_ESR_v10_0_oxygenless,11.301269481242029,179.85263746094415,25.0,10.0,1.0,1962.6095232871153,raw_data/run_2386.csv,raw_data/run_2386.json
2387,single,2026-09-24 16:29,KAUST2023_N2_C0_CKMC_ESR_v10_0_oxygenless,8.82714745173268,164.50692135176166,25.0,10.0,1.0,2462.5504666832626,raw_data/run_2387.csv,raw_data/run_2387.json
2388,single,2026-09-24 16:29,KAUST2023_N2_C0_CKMC_ESR_v10_0_oxygenless,10.456425395334751,184.1655932104853,25.0,10.0,1.0,2387.1561037777296,raw_data/run_2388.csv,raw_data/run_2388.json
2389,single,2026-09-24 16:29,KAUST2023_N2_C0_CKMC_ESR_v10_0_oxygenless,11.539719098881639,157.25570106565067,25.0,10.0,1.0,2810.328868081076,raw_data/run_2389.csv,raw_data/run_2389.json
2390,single,2026-09-24 16:29,KAUST2023_N2_C0_CKMC_ESR_v10_0_oxygenless,8.780251766690013,169.1298795175954,25.0,10.0,1.0,2896.7028495347863,raw_data/run_2390.csv,raw_data/run_2390.json
2391,single,2026-09-24 16:29,KAUST2023_N2_C0_CKMC_ESR_v10_0_oxygenless,10.924185610072055,187.85176126005754,25.0,10.0,1.0,2271.7187208000173,raw_data/run_2391.csv,raw_data/run_2391.json
2392,single,2026-09-24 16:29,KAUST2023_N2_C0_CKMC_ESR_v10_0_oxygenless,9.975390928711695,162.56351378107078,25.0,10.0,1.0,1967.321033857645,raw_data/run_2392.csv,raw_data/run_2392.json
2393,single,2026-09-24 16:29,KAUST2023_N2_C0_CKMC_ESR_v10_0_oxygenless,11.242672230540759,159.42682121622727,25.0,10.0,1.0,2528.603069905166,raw_data/run_2393.csv,raw_data/run_2393.json
2394,single,2026-09-24 16:29,KAUST2023_N2_C0_CKMC_ESR_v10_0_oxygenless,10.809868174977014,632.3002894733484,25.0,10.0,1.0,16957506.934680667,raw_data/run_2394.csv,raw_data/run_2394.json
2395,single,2026-09-24 16:29,KAUST2023_N2_C0_CKMC_ESR_v10_0_oxygenless,10.021874234074287,192.51811018920614,25.0,10.0,1.0,3667.1026833670103,raw_data/run_2395.csv,raw_data/run_2395.json
2396,single,2026-09-24 16:29,KAUST2023_N2_C0_CKMC_ESR_v10_0_oxygenless,9.344602882919084,171.75612464072788,25.0,10.0,1.0,2496.245235205277,raw_data/run_2396.csv,raw_data/run_2396.json
2397,single,2026-09-24 16:29,KAUST2023_N2_C0_CKMC_ESR_v10_0_oxygenless,9.975390928711695,162.56351378107078,25.0,10.0,1.0,1967.321033857645,raw_data/run_2397.csv,raw_data/run_2397.json
2398,single,2026-09-24 16:29,KAUST2023_N2_C0_CKMC_ESR_v10_0_oxygenless,9.864094784190666,163.0491225140727,25.0,10.0,1.0,1959.3748316648348,raw_data/run_2398.csv,raw_data/run_2398.json
2399,single,2026-09-24 16:29,KAUST2023_N2_C0_CKMC_ESR_v10_0_oxygenless,8.3075285440563,146.2606463879464,25.0,10.0,1.0,1980.30825832541,raw_data/run_2399.csv,raw_data/run_2399.json
2400,single,2026-09-24 16:29,KAUST2023_N2_C0_CKMC_ESR_v10_0_oxygenless,10.34146177123235,170.40015158090773,25.0,10.0,1.0,1964.3357889965298,raw_data/run_2400.csv,raw_data/run_2400.json
2401,single,2026-09-24 16:29,KAUST2023_N2_C0_CKMC_ESR_v10_0_oxygenless,10.536028359959637,172.23880688874377,25.0,10.0,1.0,1962.221363062709,raw_data/run_2401.csv,raw_data/run_2401.json
2402,single,2026-09-24 16:29,KAUST2023_N2_C0_CKMC_ESR_v10_0_oxygenless,10.185864405064207,167.96838942362197,25.0,10.0,1.0,1961.2826182761219,raw_data/run_2402.csv,raw_data/run_2402.json
2403,single,2026-09-24 16:29,KAUST2023_N2_C0_CKMC_ESR_v10_0_oxygenless,10.530454858002777,172.05275550295207,25.0,10.0,1.0,1961.7502429231852,raw_data/run_2403.csv,raw_data/run_2403.json
2404,single,2026-09-24 16:29,KAUST2023_N2_C0_CKMC_ESR_v10_0_oxygenless,9.024085179963436,155.42809919008974,25.0,10.0,1.0,1976.2945691022599,raw_data/run_2404.csv,raw_data/run_2404.json
2405,single,2026-09-24 16:29,KAUST2023_N2_C0_CKMC_ESR_v10_0_oxygenless,7.82059009260061,269.1375746524749,25.0,10.0,1.0,62821704.51416336,raw_data/run_2405.csv,raw_data/run_2405.json
2406,single,2026-09-24 16:29,KAUST2023_N2_C0_CKMC_ESR_v10_0_oxygenless,10.288873908462461,166.95697435123117,25.0,10.0,1.0,1963.3730117934936,raw_data/run_2406.csv,raw_data/run_2406.json
2407,single,2026-09-24 16:29,KAUST2023_N2_C0_CKMC_ESR_v10_0_oxygenless,9.542136236439845,158.3850318879067,25.0,10.0,1.0,1961.083104048823,raw_data/run_2407.csv,raw_data/run_2407.json
2408,single,2026-09-24 16:29,KAUST2023_N2_C0_CKMC_ESR_v10_0_oxygenless,9.08949593377087,155.3254549881568,25.0,10.0,1.0,1966.8121646740901,raw_data/run_2408.csv,raw_data/run_2408.json
2409,single,2026-09-24 16:29,KAUST2023_N2_C0_CKMC_ESR_v10_0_oxygenless,10.98026844919351,177.23815723661198,25.0,10.0,1.0,1962.4438600594792,raw_data/run_2409.csv,raw_data/run_2409.json
2410,single,2026-09-24 16:29,KAUST2023_N2_C0_CKMC_ESR_v10_0_oxygenless,10.531746533202183,170.84558183330537,25.0,10.0,1.0,1960.4278189453048,raw_data/run_2410.csv,raw_data/run_2410.json
2411,single,2026-09-24 16:29,KAUST2023_N2_C0_CKMC_ESR_v10_0_oxygenless,11.054779684115871,161.61590243234005,25.0,10.0,1.0,2336.730640620466,raw_data/run_2411.csv,raw_data/run_2411.json
2412,single,2026-09-24 16:29,KAUST2023_N2_C0_CKMC_ESR_v10_0_oxygenless,9.996977632093648,165.71569006709132,25.0,10.0,1.0,1961.227333540045,raw_data/run_2412.csv,raw_data/run_2412.json
2413,single,2026-09-24 16:29,KAUST2023_N2_C0_CKMC_ESR_v10_0_oxygenless,9.1975108343597,156.03665103085714,25.0,10.0,1.0,1962.490679383904,raw_data/run_2413.csv,raw_data/run_2413.json
2414,single,2026-09-24 16:29,KAUST2023_N2_C0_CKMC_ESR_v10_0_oxygenless,9.825430443543956,162.99726247266867,25.0,10.0,1.0,1959.5152783422113,raw_data/run_2414.csv,raw_data/run_2414.json
2415,single,2026-09-24 16:29,KAUST2023_N2_C0_CKMC_ESR_v10_0_oxygenless,9.7622185645806,160.77746692591245,25.0,10.0,1.0,1962.1921550487282,raw_data/run_2415.csv,raw_data/run_2415.json
2416,single,2026-09-24 16:29,KAUST2023_N2_C0_CKMC_ESR_v10_0_oxygenless,2.6180332018034758,453.79580683337923,25.0,10.0,1.0,3328851.8880047626,raw_data/run_2416.csv,raw_data/run_2416.json
2417,single,2026-09-24 16:29,KAUST2023_N2_C0_CKMC_ESR_v10_0_oxygenless,9.281114494406154,156.9371046162199,25.0,10.0,1.0,1961.683161639162,raw_data/run_2417.csv,raw_data/run_2417.json
2418,single,2026-09-24 16:29,KAUST2023_N2_C0_CKMC_ESR_v10_0_oxygenless,9.959183927171708,181.2992686870402,25.0,10.0,1.0,2621.62781589073,raw_data/run_2418.csv,raw_data/run_2418.json
2419,single,2026-09-24 16:29,KAUST2023_N2_C0_CKMC_ESR_v10_0_oxygenless,9.863952469988408,162.74774905596044,25.0,10.0,1.0,1959.7271934406326,raw_data/run_2419.csv,raw_data/run_2419.json
2420,single,2026-09-24 16:29,KAUST2023_N2_C0_CKMC_ESR_v10_0_oxygenless,9.183696844694335,156.43389244313667,25.0,10.0,1.0,1965.9997806311676,raw_data/run_2420.csv,raw_data/run_2420.json
2421,single,2026-09-24 16:29,KAUST2023_N2_C0_CKMC_ESR_v10_0_oxygenless,10.576455858329435,173.35294335678338,25.0,10.0,1.0,1965.6968174162485,raw_data/run_2421.csv,raw_data/run_2421.json
2422,single,2026-09-24 16:29,KAUST2023_N2_C0_CKMC_ESR_v10_0_oxygenless,10.976766385644787,176.67496717225146,25.0,10.0,1.0,1961.4276955158787,raw_data/run_2422.csv,raw_data/run_2422.json
2423,single,2026-09-24 16:29,KAUST2023_N2_C0_CKMC_ESR_v10_0_oxygenless,10.43822540611751,162.22348517650576,25.0,10.0,1.0,2071.89601691483,raw_data/run_2423.csv,raw_data/run_2423.json
2424,single,2026-09-24 16:29,KAUST2023_N2_C0_CKMC_ESR_v10_0_oxygenless,11.980139754632479,173.71893370746469,25.0,10.0,1.0,2261.827009582244,raw_data/run_2424.csv,raw_data/run_2424.json
2425,single,2026-09-24 16:29,KAUST2023_N2_C0_CKMC_ESR_v10_0_oxygenless,10.003768383018057,165.79385111183444,25.0,10.0,1.0,1961.219698484805,raw_data/run_2425.csv,raw_data/run_2425.json
2426,single,2026-09-24 16:29,KAUST2023_N2_C0_CKMC_ESR_v10_0_oxygenless,9.500268408503544,178.9135594614214,25.0,10.0,1.0,2921.636558173214,raw_data/run_2426.csv,raw_data/run_2426.json
2427,single,2026-09-24 16:29,KAUST2023_N2_C0_CKMC_ESR_v10_0_oxygenless,5.07153812090775,96.50718323534724,25.0,10.0,1.0,2099.006381760399,raw_data/run_2427.csv,raw_data/run_2427.json
2428,single,2026-09-24 16:29,KAUST2023_N2_C0_CKMC_ESR_v10_0_oxygenless,9.536967031716662,159.0036975066413,25.0,10.0,1.0,1959.5292916173505,raw_data/run_2428.csv,raw_data/run_2428.json
2429,single,2026-09-24 16:29,KAUST2023_N2_C0_CKMC_ESR_v10_0_oxygenless,9.491959746266351,157.7261390502644,25.0,10.0,1.0,1961.3116308521514,raw_data/run_2429.csv,raw_data/run_2429.json
2430,single,2026-09-24 16:29,KAUST2023_N2_C0_CKMC_ESR_v10_0_oxygenless,9.358928083709865,156.56570710005127,25.0,10.0,1.0,1960.1213299748424,raw_data/run_2430.csv,raw_data/run_2430.json
2431,single,2026-09-24 16:29,KAUST2023_N2_C0_CKMC_ESR_v10_0_oxygenless,10.606522187404057,171.78142198481063,25.0,10.0,1.0,1960.5284565515108,raw_data/run_2431.csv,raw_data/run_2431.json
2432,single,2026-09-24 16:29,KAUST2023_N2_C0_CKMC_ESR_v10_0_oxygenless,10.067198827760539,165.67260098079242,25.0,10.0,1.0,1959.4647004791789,raw_data/run_2432.csv,raw_data/run_2432.json
2433,single,2026-09-24 16:29,KAUST2023_N2_C0_CKMC_ESR_v10_0_oxygenless,8.080771295925583,144.04249891578831,25.0,10.0,1.0,1993.2760139757927,raw_data/run_2433.csv,raw_data/run_2433.json
2434,single,2026-09-24 16:29,KAUST2023_N2_C0_CKMC_ESR_v10_0_oxygenless,10.024936226300436,163.6313897868299,25.0,10.0,1.0,1964.0321810813805,raw_data/run_2434.csv,raw_data/run_2434.json
2435,single,2026-09-24 16:29,KAUST2023_N2_C0_CKMC_ESR_v10_0_oxygenless,10.348744783933062,169.99035139847265,25.0,10.0,1.0,1961.7988147543952,raw_data/run_2435.csv,raw_data/run_2435.json
2436,single,2026-09-24 16:29,KAUST2023_N2_C0_CKMC_ESR_v10_0_oxygenless,9.660990740620791,160.46718766545658,25.0,10.0,1.0,1959.4837894894501,raw_data/run_2436.csv,raw_data/run_2436.json
2437,single,2026-09-24 16:29,KAUST2023_N2_C0_CKMC_ESR_v10_0_oxygenless,10.261246584082636,155.42809919008974,25.0,10.0,1.0,2227.501979700535,raw_data/run_2437.csv,raw_data/run_2437.json
2438,single,2026-09-24 16:29,KAUST2023_N2_C0_CKMC_ESR_v10_0_oxygenless,4.0191553550009225,232.57422857464434,25.0,10.0,1.0,83815912.4523861,raw_data/run_2438.csv,raw_data/run_2438.json
2439,single,2026-09-24 16:29,KAUST2023_N2_C0_CKMC_ESR_v10_0_oxygenless,5.07153812090775,738.2795421580803,25.0,10.0,1.0,73784208.91237962,raw_data/run_2439.csv,raw_data/run_2439.json
2440,single,2026-09-24 16:29,KAUST2023_N2_C0_CKMC_ESR_v10_0_oxygenless,8.575798498761165,148.4870279955968,25.0,10.0,1.0,1966.7690655492693,raw_data/run_2440.csv,raw_data/run_2440.json
2441,single,2026-09-24 16:29,KAUST2023_N2_C0_CKMC_ESR_v10_0_oxygenless,10.162626538479877,169.20218351832693,25.0,10.0,1.0,1972.0196226290072,raw_data/run_2441.csv,raw_data/run_2441.json
2442,single,2026-09-24 16:29,KAUST2023_N2_C0_CKMC_ESR_v10_0_oxygenless,8.755795528379677,151.6534850406829,25.0,10.0,1.0,1973.1505902920742,raw_data/run_2442.csv,raw_data/run_2442.json
2443,single,2026-09-24 16:29,KAUST2023_N2_C0_CKMC_ESR_v10_0_oxygenless,10.090678435007899,177.23815723661198,25.0,10.0,1.0,2249.654781608745,raw_data/run_2443.csv,raw_data/run_2443.json
2444,single,2026-09-24 16:29,KAUST2023_N2_C0_CKMC_ESR_v10_0_oxygenless,9.813794831218896,162.46071499733415,25.0,10.0,1.0,1959.3523979444162,raw_data/run_2444.csv,raw_data/run_2444.json
2445,single,2026-09-24 16:29,KAUST2023_N2_C0_CKMC_ESR_v10_0_oxygenless,11.054779684115871,166.15528354537548,25.0,10.0,1.0,2166.325796199825,raw_data/run_2445.csv,raw_data/run_2445.json
2446,single,2026-09-24 16:29,KAUST2023_N2_C0_CKMC_ESR_v10_0_oxygenless,10.440715037970858,170.33308285938108,25.0,10.0,1.0,1960.1000636337944,raw_data/run_2446.csv,raw_data/run_2446.json
2447,single,2026-09-24 16:29,KAUST2023_N2_C0_CKMC_ESR_v10_0_oxygenless,10.28786326029699,168.4043148661034,25.0,10.0,1.0,1959.763977331059,raw_data/run_2447.csv,raw_data/run_2447.json
2448,single,2026-09-24 16:29,KAUST2023_N2_C0_CKMC_ESR_v10_0_oxygenless,9.578282276337166,160.00456152809073,25.0,10.0,1.0,1959.6246203502283,raw_data/run_2448.csv,raw_data/run_2448.json
2449,single,2026-09-24 16:29,KAUST2023_N2_C0_CKMC_ESR_v10_0_oxygenless,11.219816947636296,180.48794943803082,25.0,10.0,1.0,1964.908687065672,raw_data/run_2449.csv,raw_data/run_2449.json
2450,single,2026-09-24 16:29,KAUST2023_N2_C0_CKMC_ESR_v10_0_oxygenless,4.29639703415118,7.323755176308195,25.0,10.0,1.0,33407561.837779086,raw_data/run_2450.csv,raw_data/run_2450.json
2451,single,2026-09-24 16:29,KAUST2023_N2_C0_CKMC_ESR_v10_0_oxygenless,9.1442139837378,155.25578741083518,25.0,10.0,1.0,1962.126967756622,raw_data/run_2451.csv,raw_data/run_2451.json
2452,single,2026-09-24 16:29,KAUST2023_N2_C0_CKMC_ESR_v10_0_oxygenless,3.147948899195034,604.8604001048427,25.0,10.0,1.0,5.496318615230347e+16,raw_data/run_2452.csv,raw_data/run_2452.json
2453,single,2026-09-24 16:29,KAUST2023_N2_C0_CKMC_ESR_v10_0_oxygenless,9.480219562358805,1.380181709765085,25.0,10.0,1.0,41441524831.7473,raw_data/run_2453.csv,raw_data/run_2453.json
2454,single,2026-09-24 16:29,KAUST2023_N2_C0_CKMC_ESR_v10_0_oxygenless,3.610526445363945,2.99044156817574,25.0,10.0,1.0,3894157045.5128293,raw_data/run_2454.csv,raw_data/run_2454.json
2455,single,2026-09-24 16:29,KAUST2023_N2_C0_CKMC_ESR_v10_0_oxygenless,5.58608416739012,173.88169718758854,25.0,10.0,1.0,2774188.9566820674,raw_data/run_2455.csv,raw_data/run_2455.json
2456,single,2026-09-24 16:29,KAUST2023_N2_C0_CKMC_ESR_v10_0_oxygenless,8.234930747492486,539.3746985601447,25.0,10.0,1.0,39028354.43230492,raw_data/run_2456.csv,raw_data/run_2456.json
2457,single,2026-09-24 16:29,KAUST2023_N2_C0_CKMC_ESR_v10_0_oxygenless,2.442263669196355,46.77592373763114,25.0,10.0,1.0,2813.1344947258863,raw_data/run_2457.csv,raw_data/run_2457.json
2458,single,2026-09-24 16:29,KAUST2023_N2_C0_CKMC_ESR_v10_0_oxygenless,2.125625082343963,740.9019888764259,25.0,10.0,1.0,1.7976931348623157e+308,raw_data/run_2458.csv,raw_data/run_2458.json
2459,single,2026-09-24 16:29,KAUST2023_N2_C0_CKMC_ESR_v10_0_oxygenless,10.616730573364144,409.5221206230039,25.0,10.0,1.0,80865893.54215354,raw_data/run_2459.csv,raw_data/run_2459.json
2460,single,2026-09-24 16:29,KAUST2023_N2_C0_CKMC_ESR_v10_0_oxygenless,4.538919413115123,4.841118969822123,25.0,10.0,1.0,298478438.4845457,raw_data/run_2460.csv,raw_data/run_2460.json
2461,single,2026-09-24 16:29,KAUST2023_N2_C0_CKMC_ESR_v10_0_oxygenless,3.1249969572099427,606.2578492277978,25.0,10.0,1.0,255808452496829.53,raw_data/run_2461.csv,raw_data/run_2461.json
2462,single,2026-09-24 16:29,KAUST2023_N2_C0_CKMC_ESR_v10_0_oxygenless,8.625810950092477,20.08385549186853,25.0,10.0,1.0,6626216.768513459,raw_data/run_2462.csv,raw_data/run_2462.json
2463,single,2026-09-24 16:29,KAUST2023_N2_C0_CKMC_ESR_v10_0_oxygenless,9.930186510094776,8.789494790189922,25.0,10.0,1.0,2190461654.0792255,raw_data/run_2463.csv,raw_data/run_2463.json
2464,single,2026-09-24 16:29,KAUST2023_N2_C0_CKMC_ESR_v10_0_oxygenless,8.223494687268147,6.266058523445933,25.0,10.0,1.0,1012190510.0075151,raw_data/run_2464.csv,raw_data/run_2464.json
2465,single,2026-09-24 16:29,KAUST2023_N2_C0_CKMC_ESR_v10_0_oxygenless,7.110795233973824,70.25228604441335,25.0,10.0,1.0,12461.23574715169,raw_data/run_2465.csv,raw_data/run_2465.json
2466,single,2026-09-24 16:29,KAUST2023_N2_C0_CKMC_ESR_v10_0_oxygenless,5.935655191677531,46.77592373763114,25.0,10.0,1.0,30545.236263512397,raw_data/run_2466.csv,raw_data/run_2466.json
2467,single,2026-09-24 16:29,KAUST2023_N2_C0_CKMC_ESR_v10_0_oxygenless,4.0577559866270825,9.4241625135751,25.0,10.0,1.0,16556250.461914904,raw_data/run_2467.csv,raw_data/run_2467.json
2468,single,2026-09-24 16:29,KAUST2023_N2_C0_CKMC_ESR_v10_0_oxygenless,8.793387294853579,64.65881723269429,25.0,10.0,1.0,29471.09204483171,raw_data/run_2468.csv,raw_data/run_2468.json
2469,single,2026-09-24 16:29,KAUST2023_N2_C0_CKMC_ESR_v10_0_oxygenless,6.085320255188417,988.2720509758816,25.0,10.0,1.0,1.7976931348623157e+308,raw_data/run_2469.csv,raw_data/run_2469.json
2470,single,2026-09-24 16:29,KAUST2023_N2_C0_CKMC_ESR_v10_0_oxygenless,4.922589845541786,14.07039990520948,25.0,10.0,1.0,53036778.36937314,raw_data/run_2470.csv,raw_data/run_2470.json
2471,single,2026-09-24 16:29,KAUST2023_N2_C0_CKMC_ESR_v10_0_oxygenless,10.451063741642496,5.333276312964007,25.0,10.0,1.0,954235423.5979902,raw_data/run_2471.csv,raw_data/run_2471.json
2472,single,2026-09-24 16:29,KAUST2023_N2_C0_CKMC_ESR_v10_0_oxygenless,5.367766940619669,51.70836442117038,25.0,10.0,1.0,16684.310395248274,raw_data/run_2472.csv,raw_data/run_2472.json
2473,single,2026-09-24 16:29,KAUST2023_N2_C0_CKMC_ESR_v10_0_oxygenless,2.1112148229292753,728.2289903561409,25.0,10.0,1.0,212933615.09674034,raw_data/run_2473.csv,raw_data/run_2473.json
2474,single,2026-09-24 16:29,KAUST2023_N2_C0_CKMC_ESR_v10_0_oxygenless,10.673766883780813,56.8739529740573,25.0,10.0,1.0,79326.7516213332,raw_data/run_2474.csv,raw_data/run_2474.json
2475,single,2026-09-24 16:29,KAUST2023_N2_C0_CKMC_ESR_v10_0_oxygenless,2.649876858500921,119.57181966547925,25.0,10.0,1.0,60691646.330032006,raw_data/run_2475.csv,raw_data/run_2475.json
2476,single,2026-09-24 16:29,KAUST2023_N2_C0_CKMC_ESR_v10_0_oxygenless,5.523042871927641,29.887127040888632,25.0,10.0,1.0,124507.54628054678,raw_data/run_2476.csv,raw_data/run_2476.json
2477,single,2026-09-24 16:29,KAUST2023_N2_C0_CKMC_ESR_v10_0_oxygenless,2.6214359376291068,9.228909876610938,25.0,10.0,1.0,3973839.759142,raw_data/run_2477.csv,raw_data/run_2477.json
2478,single,2026-09-24 16:29,KAUST2023_N2_C0_CKMC_ESR_v10_0_oxygenless,4.975386617502156,14.281342619826017,25.0,10.0,1.0,53521040.01525345,raw_data/run_2478.csv,raw_data/run_2478.json
2479,single,2026-09-24 16:29,KAUST2023_N2_C0_CKMC_ESR_v10_0_oxygenless,6.546694502082515,74.56916958655627,25.0,10.0,1.0,8154.554951171795,raw_data/run_2479.csv,raw_data/run_2479.json
2480,single,2026-09-24 16:29,KAUST2023_N2_C0_CKMC_ESR_v10_0_oxygenless,10.719758259344966,94.31717578604639,25.0,10.0,1.0,13676.470353278497,raw_data/run_2480.csv,raw_data/run_2480.json
2481,single,2026-09-24 16:29,KAUST2023_N2_C0_CKMC_ESR_v10_0_oxygenless,2.1686445633412825,79.85543029680899,25.0,10.0,1.0,180096.6421870234,raw_data/run_2481.csv,raw_data/run_2481.json
2482,single,2026-09-24 16:29,KAUST2023_N2_C0_CKMC_ESR_v10_0_oxygenless,1.8210159738789178,110.95219284953383,25.0,10.0,1.0,164130677.8633644,raw_data/run_2482.csv,raw_data/run_2482.json
2483,single,2026-09-24 16:29,KAUST2023_N2_C0_CKMC_ESR_v10_0_oxygenless,5.07153812090775,41.08607516091034,25.0,10.0,1.0,30751.833536449292,raw_data/run_2483.csv,raw_data/run_2483.json
2484,single,2026-09-24 16:29,KAUST2023_N2_C0_CKMC_ESR_v10_0_oxygenless,10.772129471228094,727.3204001554626,25.0,10.0,1.0,184782542.16904902,raw_data/run_2484.csv,raw_data/run_2484.json
2485,single,2026-09-24 16:29,KAUST2023_N2_C0_CKMC_ESR_v10_0_oxygenless,11.377403353183354,71.79253897864925,25.0,10.0,1.0,42207.10431182141,raw_data/run_2485.csv,raw_data/run_2485.json
2486,single,2026-09-24 16:29,KAUST2023_N2_C0_CKMC_ESR_v10_0_oxygenless,2.7098481161587866,483.9257818317405,25.0,10.0,1.0,4114462.1202822714,raw_data/run_2486.csv,raw_data/run_2486.json
2487,single,2026-09-24 16:29,KAUST2023_N2_C0_CKMC_ESR_v10_0_oxygenless,11.89108417029232,477.87483921766864,25.0,10.0,1.0,26956327.153257616,raw_data/run_2487.csv,raw_data/run_2487.json
2488,single,2026-09-24 16:29,KAUST2023_N2_C0_CKMC_ESR_v10_0_oxygenless,6.694911674589527,218.54947679616185,25.0,10.0,1.0,50921079.15826714,raw_data/run_2488.csv,raw_data/run_2488.json
2489,single,2026-09-24 16:29,KAUST2023_N2_C0_CKMC_ESR_v10_0_oxygenless,4.158998631990536,13.83669551662674,25.0,10.0,1.0,15251826.722545993,raw_data/run_2489.csv,raw_data/run_2489.json
2490,single,2026-09-24 16:29,KAUST2023_N2_C0_CKMC_ESR_v10_0_oxygenless,2.6726130550544664,194.3131283631339,25.0,10.0,1.0,62986608.945770994,raw_data/run_2490.csv,raw_data/run_2490.json
2491,single,2026-09-24 16:29,KAUST2023_N2_C0_CKMC_ESR_v10_0_oxygenless,1.990954574785782,115.43184998347415,25.0,10.0,1.0,149108976.17551526,raw_data/run_2491.csv,raw_data/run_2491.json
2492,single,2026-09-24 16:29,KAUST2023_N2_C0_CKMC_ESR_v10_0_oxygenless,5.9050569581230885,231.15877707929266,25.0,10.0,1.0,71805343.47585246,raw_data/run_2492.csv,raw_data/run_2492.json
2493,single,2026-09-24 16:29,KAUST2023_N2_C0_CKMC_ESR_v10_0_oxygenless,7.755687408292854,86.88712029792858,25.0,10.0,2.0,5354.775958047089,raw_data/run_2493.csv,raw_data/run_2493.json
2494,single,2026-09-24 16:29,KAUST2023_N2_C0_CKMC_ESR_v10_0_oxygenless,7.252492567256272,195.90281224096435,25.0,10.0,2.0,7839121.211746675,raw_data/run_2494.csv,raw_data/run_2494.json
2495,single,2026-09-24 16:29,KAUST2023_N2_C0_CKMC_ESR_v10_0_oxygenless,9.616124441925738,499.1437740917038,25.0,10.0,2.0,22770348.044081528,raw_data/run_2495.csv,raw_data/run_2495.json
2496,single,2026-09-24 16:29,KAUST2023_N2_C0_CKMC_ESR_v10_0_oxygenless,10.302091091455381,24.716927235170683,25.0,10.0,2.0,9888684.421174232,raw_data/run_2496.csv,raw_data/run_2496.json
2497,single,2026-09-24 16:29,KAUST2023_N2_C0_CKMC_ESR_v10_0_oxygenless,7.422640208508097,123.81441431286359,25.0,10.0,2.0,1785.40797104653,raw_data/run_2497.csv,raw_data/run_2497.json
2498,single,2026-09-24 16:29,KAUST2023_N2_C0_CKMC_ESR_v10_0_oxygenless,10.678302774530781,20.80109556520842,25.0,10.0,2.0,9449332.247102333,raw_data/run_2498.csv,raw_data/run_2498.json
2499,single,2026-09-24 16:29,KAUST2023_N2_C0_CKMC_ESR_v10_0_oxygenless,3.5827182564759763,73.05303853536947,25.0,10.0,2.0,5950.018199273963,raw_data/run_2499.csv,raw_data/run_2499.json
2500,single,2026-09-24 16:29,KAUST2023_N2_C0_CKMC_ESR_v10_0_oxygenless,9.944685810111153,542.2325745333452,25.0,10.0,2.0,1.7976931348623157e+308,raw_data/run_2500.csv,raw_data/run_2500.json
2501,single,2026-09-24 16:29,KAUST2023_N2_C0_CKMC_ESR_v10_0_oxygenless,3.990779900981886,26.35023572183842,25.0,10.0,2.0,12418.9315132227,raw_data/run_2501.csv,raw_data/run_2501.json
2502,single,2026-09-24 16:29,KAUST2023_N2_C0_CKMC_ESR_v10_0_oxygenless,5.609857318197534,104.03913748124681,25.0,10.0,2.0,2172.3039848445837,raw_data/run_2502.csv,raw_data/run_2502.json
2503,single,2026-09-24 16:29,KAUST2023_N2_C0_CKMC_ESR_v10_0_oxygenless,5.628863066460372,103.73887255796308,25.0,10.0,2.0,2126.447553707365,raw_data/run_2503.csv,raw_data/run_2503.json
2504,single,2026-09-24 16:29,KAUST2023_N2_C0_CKMC_ESR_v10_0_oxygenless,4.9316362064743835,78.5648791068682,25.0,10.0,2.0,1888.535787394718,raw_data/run_2504.csv,raw_data/run_2504.json
2505,single,2026-09-24 16:29,KAUST2023_N2_C0_CKMC_ESR_v10_0_oxygenless,5.212197614048893,134.120045858784,25.0,10.0,2.0,39940.865630405766,raw_data/run_2505.csv,raw_data/run_2505.json
2506,single,2026-09-24 16:29,KAUST2023_N2_C0_CKMC_ESR_v10_0_oxygenless,6.4275190744052475,1.149904258870148,25.0,10.0,2.0,15326906415.591034,raw_data/run_2506.csv,raw_data/run_2506.json
2507,single,2026-09-24 16:29,KAUST2023_N2_C0_CKMC_ESR_v10_0_oxygenless,4.604690888447627,118.73798375933573,25.0,10.0,2.0,32887.75311534056,raw_data/run_2507.csv,raw_data/run_2507.json
2508,single,2026-09-24 16:29,KAUST2023_N2_C0_CKMC_ESR_v10_0_oxygenless,1.5416940290040506,638.5755864016462,25.0,10.0,2.0,6.187316319875514e+75,raw_data/run_2508.csv,raw_data/run_2508.json
2509,single,2026-09-24 16:29,KAUST2023_N2_C0_CKMC_ESR_v10_0_oxygenless,8.216800950660035,27.79967308033882,25.0,10.0,2.0,552417.2819258997,raw_data/run_2509.csv,raw_data/run_2509.json
2510,single,2026-09-24 16:29,KAUST2023_N2_C0_CKMC_ESR_v10_0_oxygenless,10.10324707484087,333.3244777431395,25.0,10.0,2.0,44996154.76197009,raw_data/run_2510.csv,raw_data/run_2510.json
2511,single,2026-09-24 16:29,KAUST2023_N2_C0_CKMC_ESR_v10_0_oxygenless,6.673137345499455,102.85012201254156,25.0,10.0,2.0,2053.145746615222,raw_data/run_2511.csv,raw_data/run_2511.json
2512,single,2026-09-24 16:29,KAUST2023_N2_C0_CKMC_ESR_v10_0_oxygenless,5.576417022811955,82.45218576146954,25.0,10.0,2.0,2261.3011193710095,raw_data/run_2512.csv,raw_data/run_2512.json
2513,single,2026-09-24 16:29,KAUST2023_N2_C0_CKMC_ESR_v10_0_oxygenless,7.755687408292854,98.5108571537222,25.0,10.0,2.0,3506.224562820213,raw_data/run_2513.csv,raw_data/run_2513.json
2514,single,2026-09-24 16:29,KAUST2023_N2_C0_CKMC_ESR_v10_0_oxygenless,11.851283700076921,207.29858126676888,25.0,10.0,2.0,5897.439641198668,raw_data/run_2514.csv,raw_data/run_2514.json
2515,single,2026-09-24 16:29,KAUST2023_N2_C0_CKMC_ESR_v10_0_oxygenless,2.5268185021652556,297.4679133558036,25.0,10.0,2.0,4878504.675158848,raw_data/run_2515.csv,raw_data/run_2515.json
2516,single,2026-09-24 16:29,KAUST2023_N2_C0_CKMC_ESR_v10_0_oxygenless,7.21761226614646,119.99491017467462,25.0,10.0,2.0,1781.7026219694978,raw_data/run_2516.csv,raw_data/run_2516.json
2517,single,2026-09-24 16:29,KAUST2023_N2_C0_CKMC_ESR_v10_0_oxygenless,7.610894844519267,3.978780080912932,25.0,10.0,2.0,2150190606.1202006,raw_data/run_2517.csv,raw_data/run_2517.json
2518,single,2026-09-24 16:29,KAUST2023_N2_C0_CKMC_ESR_v10_0_oxygenless,6.0547761059442,248.4877095075028,25.0,10.0,2.0,33907363.49736242,raw_data/run_2518.csv,raw_data/run_2518.json
2519,single,2026-09-24 16:29,KAUST2023_N2_C0_CKMC_ESR_v10_0_oxygenless,10.61211126978724,62.207613828334864,25.0,10.0,2.0,42170.96850054376,raw_data/run_2519.csv,raw_data/run_2519.json
2520,single,2026-09-24 16:29,KAUST2023_N2_C0_CKMC_ESR_v10_0_oxygenless,6.825802535538833,156.5541718128448,25.0,10.0,2.0,16444.846314311853,raw_data/run_2520.csv,raw_data/run_2520.json
2521,single,2026-09-24 16:29,KAUST2023_N2_C0_CKMC_ESR_v10_0_oxygenless,8.921717572910532,38.053471149156394,25.0,10.0,2.0,135612.10023911874,raw_data/run_2521.csv,raw_data/run_2521.json
2522,single,2026-09-24 16:29,KAUST2023_N2_C0_CKMC_ESR_v10_0_oxygenless,5.851965683343158,27.05815543939321,25.0,10.0,2.0,80334.59376671404,raw_data/run_2522.csv,raw_data/run_2522.json
2523,single,2026-09-24 16:29,KAUST2023_N2_C0_CKMC_ESR_v10_0_oxygenless,4.857269656149916,78.27262969155667,25.0,10.0,2.0,1877.486737511692,raw_data/run_2523.csv,raw_data/run_2523.json
2524,single,2026-09-24 16:29,KAUST2023_N2_C0_CKMC_ESR_v10_0_oxygenless,9.080921428338751,47.415120144965364,25.0,10.0,2.0,66190.46818006205,raw_data/run_2524.csv,raw_data/run_2524.json
2525,single,2026-09-24 16:29,KAUST2023_N2_C0_CKMC_ESR_v10_0_oxygenless,11.62417065375685,128.17355905771777,25.0,10.0,2.0,4183.1076638520635,raw_data/run_2525.csv,raw_data/run_2525.json
2526,single,2026-09-24 16:29,KAUST2023_N2_C0_CKMC_ESR_v10_0_oxygenless,7.750070095727218,42.4090013076072,25.0,10.0,2.0,56274.16381747548,raw_data/run_2526.csv,raw_data/run_2526.json
2527,single,2026-09-24 16:29,KAUST2023_N2_C0_CKMC_ESR_v10_0_oxygenless,5.301527140091803,232.6681209992027,25.0,10.0,2.0,25327544.19497436,raw_data/run_2527.csv,raw_data/run_2527.json
2528,single,2026-09-24 16:29,KAUST2023_N2_C0_CKMC_ESR_v10_0_oxygenless,11.883867121840916,4.3226859841233845,25.0,10.0,2.0,2577634528.881579,raw_data/run_2528.csv,raw_data/run_2528.json
2529,single,2026-09-24 16:29,KAUST2023_N2_C0_CKMC_ESR_v10_0_oxygenless,8.608898190790507,536.7690369927723,25.0,10.0,2.0,1.7976931348623157e+308,raw_data/run_2529.csv,raw_data/run_2529.json
2530,single,2026-09-24 16:29,KAUST2023_N2_C0_CKMC_ESR_v10_0_oxygenless,9.552713700913111,123.81441431286359,25.0,10.0,2.0,2795.9189178502506,raw_data/run_2530.csv,raw_data/run_2530.json
2531,single,2026-09-24 16:29,KAUST2023_N2_C0_CKMC_ESR_v10_0_oxygenless,5.043327156709886,141.85654985087655,25.0,10.0,2.0,443190.09234089166,raw_data/run_2531.csv,raw_data/run_2531.json
2532,single,2026-09-24 16:29,KAUST2023_N2_C0_CKMC_ESR_v10_0_oxygenless,4.263245570760928,31.696999424525984,25.0,10.0,2.0,10772.571033023069,raw_data/run_2532.csv,raw_data/run_2532.json
2533,single,2026-09-24 16:29,KAUST2023_N2_C0_CKMC_ESR_v10_0_oxygenless,10.288456769191184,720.3803656437487,25.0,10.0,2.0,1.7976931348623157e+308,raw_data/run_2533.csv,raw_data/run_2533.json
2534,single,2026-09-24 16:29,KAUST2023_N2_C0_CKMC_ESR_v10_0_oxygenless,10.171978961531993,454.26313939000056,25.0,10.0,2.0,25273578.22362504,raw_data/run_2534.csv,raw_data/run_2534.json
2535,single,2026-09-24 16:29,KAUST2023_N2_C0_CKMC_ESR_v10_0_oxygenless,9.729201527245447,51.748225312044376,25.0,10.0,2.0,61025.643920003226,raw_data/run_2535.csv,raw_data/run_2535.json
2536,single,2026-09-24 16:29,KAUST2023_N2_C0_CKMC_ESR_v10_0_oxygenless,6.590575828695742,54.576049393431866,25.0,10.0,2.0,14143.577443506778,raw_data/run_2536.csv,raw_data/run_2536.json
2537,single,2026-09-24 16:29,KAUST2023_N2_C0_CKMC_ESR_v10_0_oxygenless,8.669803958371318,78.5648791068682,25.0,10.0,2.0,10498.619031353785,raw_data/run_2537.csv,raw_data/run_2537.json
2538,single,2026-09-24 16:29,KAUST2023_N2_C0_CKMC_ESR_v10_0_oxygenless,5.212197614048893,377.8847932180783,25.0,10.0,2.0,10259804.757391734,raw_data/run_2538.csv,raw_data/run_2538.json
2539,single,2026-09-24 16:29,KAUST2023_N2_C0_CKMC_ESR_v10_0_oxygenless,5.877941001204698,56.16951464974869,25.0,10.0,2.0,8440.993925747716,raw_data/run_2539.csv,raw_data/run_2539.json
2540,single,2026-09-24 16:29,KAUST2023_N2_C0_CKMC_ESR_v10_0_oxygenless,6.557500864628603,51.6077997196979,25.0,10.0,2.0,16558.29988417479,raw_data/run_2540.csv,raw_data/run_2540.json
2541,single,2026-09-24 16:29,KAUST2023_N2_C0_CKMC_ESR_v10_0_oxygenless,5.513506959382389,585.613716360346,25.0,10.0,2.0,1.7976931348623157e+308,raw_data/run_2541.csv,raw_data/run_2541.json
2542,single,2026-09-24 16:29,KAUST2023_N2_C0_CKMC_ESR_v10_0_oxygenless,6.566793632290665,66.5415226608988,25.0,10.0,2.0,7468.211210464219,raw_data/run_2542.csv,raw_data/run_2542.json
2543,single,2026-09-24 16:29,KAUST2023_N2_C0_CKMC_ESR_v10_0_oxygenless,9.038687024559005,70.21716198878659,25.0,10.0,2.0,17453.438272765357,raw_data/run_2543.csv,raw_data/run_2543.json
2544,single,2026-09-24 16:29,KAUST2023_N2_C0_CKMC_ESR_v10_0_oxygenless,6.080017281174094,127.18078048178137,25.0,10.0,2.0,4012.669639273168,raw_data/run_2544.csv,raw_data/run_2544.json
2545,single,2026-09-24 16:29,KAUST2023_N2_C0_CKMC_ESR_v10_0_oxygenless,7.920928643830255,380.6357489793268,25.0,10.0,2.0,21674864.851611976,raw_data/run_2545.csv,raw_data/run_2545.json
2546,single,2026-09-24 16:29,KAUST2023_N2_C0_CKMC_ESR_v10_0_oxygenless,7.441381380090924,119.27042998109577,25.0,10.0,2.0,1806.774635074188,raw_data/run_2546.csv,raw_data/run_2546.json
2547,single,2026-09-24 16:29,KAUST2023_N2_C0_CKMC_ESR_v10_0_oxygenless,10.201332081429806,207.29858126676888,25.0,10.0,2.0,29254.049768866305,raw_data/run_2547.csv,raw_data/run_2547.json
2548,single,2026-09-24 16:29,KAUST2023_N2_C0_CKMC_ESR_v10_0_oxygenless,9.033792622795314,297.4679133558036,25.0,10.0,2.0,70853515.85231449,raw_data/run_2548.csv,raw_data/run_2548.json
2549,single,2026-09-24 16:29,KAUST2023_N2_C0_CKMC_ESR_v10_0_oxygenless,10.870536816577067,243.88851278326229,25.0,10.0,2.0,2936817.1951833973,raw_data/run_2549.csv,raw_data/run_2549.json
2550,single,2026-09-24 16:29,KAUST2023_N2_C0_CKMC_ESR_v10_0_oxygenless,13.34216740808671,11.499756043753608,25.0,10.0,2.0,71753625.55889316,raw_data/run_2550.csv,raw_data/run_2550.json
2551,single,2026-09-24 16:29,KAUST2023_N2_C0_CKMC_ESR_v10_0_oxygenless,9.805162580255484,418.60059799728384,25.0,10.0,2.0,28513499.05960749,raw_data/run_2551.csv,raw_data/run_2551.json
2552,single,2026-09-24 16:29,KAUST2023_N2_C0_CKMC_ESR_v10_0_oxygenless,9.30161734472703,47.55503837847166,25.0,10.0,2.0,70740.50289748712,raw_data/run_2552.csv,raw_data/run_2552.json
2553,single,2026-09-24 16:29,KAUST2023_N2_C0_CKMC_ESR_v10_0_oxygenless,4.762997338320757,34.5109082222254,25.0,10.0,2.0,14697.911789654028,raw_data/run_2553.csv,raw_data/run_2553.json
2554,single,2026-09-24 16:29,KAUST2023_N2_C0_CKMC_ESR_v10_0_oxygenless,2.179428782461688,17.138718350087228,25.0,10.0,2.0,1573797422.5915625,raw_data/run_2554.csv,raw_data/run_2554.json
2555,single,2026-09-24 16:29,KAUST2023_N2_C0_CKMC_ESR_v10_0_oxygenless,7.097634115835292,201.68426637792143,25.0,10.0,2.0,31006184.97750944,raw_data/run_2555.csv,raw_data/run_2555.json
2556,single,2026-09-24 16:29,KAUST2023_N2_C0_CKMC_ESR_v10_0_oxygenless,6.374623611356228,221.52998342327928,25.0,10.0,2.0,51563457.24885921,raw_data/run_2556.csv,raw_data/run_2556.json
2557,single,2026-09-24 16:29,KAUST2023_N2_C0_CKMC_ESR_v10_0_oxygenless,8.713938505200543,103.07461320833538,25.0,10.0,2.0,4146.7688879749385,raw_data/run_2557.csv,raw_data/run_2557.json
2558,single,2026-09-24 16:29,KAUST2023_N2_C0_CKMC_ESR_v10_0_oxygenless,12.061932473774858,428.3235773274433,25.0,10.0,2.0,29820403.691835366,raw_data/run_2558.csv,raw_data/run_2558.json
2559,single,2026-09-24 16:29,KAUST2023_N2_C0_CKMC_ESR_v10_0_oxygenless,7.514788380774965,84.45173469136292,25.0,10.0,2.0,5357.665746469179,raw_data/run_2559.csv,raw_data/run_2559.json
2560,single,2026-09-24 16:29,KAUST2023_N2_C0_CKMC_ESR_v10_0_oxygenless,5.018983795927744,163.9400205740825,25.0,10.0,2.0,26353398.90089194,raw_data/run_2560.csv,raw_data/run_2560.json
2561,single,2026-09-24 16:29,KAUST2023_N2_C0_CKMC_ESR_v10_0_oxygenless,13.049473473798445,30.015465670832278,25.0,10.0,2.0,8340889.099513568,raw_data/run_2561.csv,raw_data/run_2561.json
2562,single,2026-09-24 16:29,KAUST2023_N2_C0_CKMC_ESR_v10_0_oxygenless,7.845092710708719,88.23761849994176,25.0,10.0,2.0,5257.393229968782,raw_data/run_2562.csv,raw_data/run_2562.json
2563,single,2026-09-24 16:29,KAUST2023_N2_C0_CKMC_ESR_v10_0_oxygenless,3.9400020418885484,50.65231551792167,25.0,10.0,2.0,2303.81548404176,raw_data/run_2563.csv,raw_data/run_2563.json
2564,single,2026-09-24 16:29,KAUST2023_N2_C0_CKMC_ESR_v10_0_oxygenless,7.1495597234361545,119.58638067840621,25.0,10.0,2.0,1786.1238264436738,raw_data/run_2564.csv,raw_data/run_2564.json
2565,single,2026-09-24 16:29,KAUST2023_N2_C0_CKMC_ESR_v10_0_oxygenless,4.2647504433073955,29.96976718696607,25.0,10.0,2.0,12579.645580901532,raw_data/run_2565.csv,raw_data/run_2565.json
2566,single,2026-09-24 16:29,KAUST2023_N2_C0_CKMC_ESR_v10_0_oxygenless,7.551946420237857,203.38992631988398,25.0,10.0,2.0,14972254.278329661,raw_data/run_2566.csv,raw_data/run_2566.json
2567,single,2026-09-24 16:29,KAUST2023_N2_C0_CKMC_ESR_v10_0_oxygenless,11.266461317338187,153.80965258031355,25.0,10.0,2.0,1972.9694901773182,raw_data/run_2567.csv,raw_data/run_2567.json
2568,single,2026-09-24 16:29,KAUST2023_N2_C0_CKMC_ESR_v10_0_oxygenless,2.720314775630975,276.9307611298659,25.0,10.0,2.0,7319056.379973161,raw_data/run_2568.csv,raw_data/run_2568.json
2569,single,2026-09-24 16:29,KAUST2023_N2_C0_CKMC_ESR_v10_0_oxygenless,7.1495597234361545,119.58638067840621,25.0,10.0,2.0,1786.1238264436738,raw_data/run_2569.csv,raw_data/run_2569.json
2570,single,2026-09-24 16:29,KAUST2023_N2_C0_CKMC_ESR_v10_0_oxygenless,4.9316362064743835,198.5527739918457,25.0,10.0,2.0,56233723.99540581,raw_data/run_2570.csv,raw_data/run_2570.json
2571,single,2026-09-24 16:29,KAUST2023_N2_C0_CKMC_ESR_v10_0_oxygenless,5.212197614048893,291.5781297650354,25.0,10.0,2.0,16834207.176266186,raw_data/run_2571.csv,raw_data/run_2571.json
2572,single,2026-09-24 16:29,KAUST2023_N2_C0_CKMC_ESR_v10_0_oxygenless,14.313961449293165,128.67764363874826,25.0,10.0,2.0,7433.259156986525,raw_data/run_2572.csv,raw_data/run_2572.json
2573,single,2026-09-24 16:29,KAUST2023_N2_C0_CKMC_ESR_v10_0_oxygenless,9.728089409772046,127.6773543561898,25.0,10.0,2.0,2631.267835290798,raw_data/run_2573.csv,raw_data/run_2573.json
2574,single,2026-09-24 16:29,KAUST2023_N2_C0_CKMC_ESR_v10_0_oxygenless,10.080119324281746,166.04283275072683,25.0,10.0,2.0,2275.207432070543,raw_data/run_2574.csv,raw_data/run_2574.json
2575,single,2026-09-24 16:29,KAUST2023_N2_C0_CKMC_ESR_v10_0_oxygenless,8.381265642944406,239.5962606732408,25.0,10.0,2.0,1.5254175529364363e+22,raw_data/run_2575.csv,raw_data/run_2575.json
2576,single,2026-09-24 16:29,KAUST2023_N2_C0_CKMC_ESR_v10_0_oxygenless,11.270246804709268,192.30223377530092,25.0,10.0,2.0,3909.5595536528676,raw_data/run_2576.csv,raw_data/run_2576.json
2577,single,2026-09-24 16:29,KAUST2023_N2_C0_CKMC_ESR_v10_0_oxygenless,8.628834536469396,174.5546368532639,25.0,10.0,2.0,7962.416525344408,raw_data/run_2577.csv,raw_data/run_2577.json
2578,single,2026-09-24 16:29,KAUST2023_N2_C0_CKMC_ESR_v10_0_oxygenless,5.1016900779135765,44.50504703331733,25.0,10.0,2.0,9538.201709790086,raw_data/run_2578.csv,raw_data/run_2578.json
2579,single,2026-09-24 16:29,KAUST2023_N2_C0_CKMC_ESR_v10_0_oxygenless,3.449033999707498,99.49358992550255,25.0,10.0,2.0,1972365.4389634756,raw_data/run_2579.csv,raw_data/run_2579.json
2580,single,2026-09-24 16:29,KAUST2023_N2_C0_CKMC_ESR_v10_0_oxygenless,11.851283700076921,48.30751256908143,25.0,10.0,2.0,142245.8750025905,raw_data/run_2580.csv,raw_data/run_2580.json
2581,single,2026-09-24 16:29,KAUST2023_N2_C0_CKMC_ESR_v10_0_oxygenless,5.382465070689664,86.44704736597589,25.0,10.0,2.0,1892.2972339784365,raw_data/run_2581.csv,raw_data/run_2581.json
2582,single,2026-09-24 16:29,KAUST2023_N2_C0_CKMC_ESR_v10_0_oxygenless,11.520141700904222,198.51469414632223,25.0,10.0,2.0,4566.969486167203,raw_data/run_2582.csv,raw_data/run_2582.json
2583,single,2026-09-24 16:29,KAUST2023_N2_C0_CKMC_ESR_v10_0_oxygenless,4.8838199104232825,211.59697201093078,25.0,10.0,2.0,36164566.24598927,raw_data/run_2583.csv,raw_data/run_2583.json
2584,single,2026-09-24 16:29,KAUST2023_N2_C0_CKMC_ESR_v10_0_oxygenless,2.0125995847178153,59.182761345690665,25.0,10.0,2.0,49698692.00564829,raw_data/run_2584.csv,raw_data/run_2584.json
2585,single,2026-09-24 16:29,KAUST2023_N2_C0_CKMC_ESR_v10_0_oxygenless,9.32684684691282,176.86076181356262,25.0,10.0,2.0,5290.597582053219,raw_data/run_2585.csv,raw_data/run_2585.json
2586,single,2026-09-24 16:29,KAUST2023_N2_C0_CKMC_ESR_v10_0_oxygenless,9.474135046202372,170.93717087353397,25.0,10.0,2.0,3673.5422229868504,raw_data/run_2586.csv,raw_data/run_2586.json
2587,single,2026-09-24 16:29,KAUST2023_N2_C0_CKMC_ESR_v10_0_oxygenless,3.4493454686753275,141.10725594522071,25.0,10.0,2.0,60127800.22849543,raw_data/run_2587.csv,raw_data/run_2587.json
2588,single,2026-09-24 16:29,KAUST2023_N2_C0_CKMC_ESR_v10_0_oxygenless,8.11415846259883,144.9922363452825,25.0,10.0,2.0,2468.1142521570023,raw_data/run_2588.csv,raw_data/run_2588.json
2589,single,2026-09-24 16:29,KAUST2023_N2_C0_CKMC_ESR_v10_0_oxygenless,5.179511522765806,78.27262969155667,25.0,10.0,2.0,2074.657230753804,raw_data/run_2589.csv,raw_data/run_2589.json
2590,single,2026-09-24 16:29,KAUST2023_N2_C0_CKMC_ESR_v10_0_oxygenless,8.713938505200543,327.67092653102833,25.0,10.0,2.0,30453766.69463976,raw_data/run_2590.csv,raw_data/run_2590.json
2591,single,2026-09-24 16:29,KAUST2023_N2_C0_CKMC_ESR_v10_0_oxygenless,8.802093721465395,93.04308178693309,25.0,10.0,2.0,6097.399671165091,raw_data/run_2591.csv,raw_data/run_2591.json
2592,single,2026-09-24 16:29,KAUST2023_N2_C0_CKMC_ESR_v10_0_oxygenless,5.56506333846143,77.61410610004613,25.0,10.0,2.0,2641.1573024848094,raw_data/run_2592.csv,raw_data/run_2592.json
2593,single,2026-09-24 16:29,KAUST2023_N2_C0_CKMC_ESR_v10_0_oxygenless,9.176513054433265,169.46887879308005,25.0,10.0,2.0,4021.1723281265786,raw_data/run_2593.csv,raw_data/run_2593.json
2594,single,2026-09-24 16:29,KAUST2023_N2_C0_CKMC_ESR_v10_0_oxygenless,3.4581196273181307,1.7826416173940065,25.0,10.0,2.0,721660406.2107353,raw_data/run_2594.csv,raw_data/run_2594.json
2595,single,2026-09-24 16:29,KAUST2023_N2_C0_CKMC_ESR_v10_0_oxygenless,8.236042996513467,149.80306160609447,25.0,10.0,2.0,2823.1481431993157,raw_data/run_2595.csv,raw_data/run_2595.json
2596,single,2026-09-24 16:29,KAUST2023_N2_C0_CKMC_ESR_v10_0_oxygenless,9.52469892473244,274.2073551486281,25.0,10.0,2.0,67109023.34862277,raw_data/run_2596.csv,raw_data/run_2596.json
2597,single,2026-09-24 16:29,KAUST2023_N2_C0_CKMC_ESR_v10_0_oxygenless,4.367663277004745,49.82262968300739,25.0,10.0,2.0,3496.293296201038,raw_data/run_2597.csv,raw_data/run_2597.json
2598,single,2026-09-24 16:29,KAUST2023_N2_C0_CKMC_ESR_v10_0_oxygenless,7.698947851382691,137.5169205607241,25.0,10.0,2.0,2273.896704839293,raw_data/run_2598.csv,raw_data/run_2598.json
2599,single,2026-09-24 16:29,KAUST2023_N2_C0_CKMC_ESR_v10_0_oxygenless,7.936689843736442,142.00916350554414,25.0,10.0,2.0,2399.3003916610237,raw_data/run_2599.csv,raw_data/run_2599.json
2600,single,2026-09-24 16:29,KAUST2023_N2_C0_CKMC_ESR_v10_0_oxygenless,9.32684684691282,176.86076181356262,25.0,10.0,2.0,5290.597582053219,raw_data/run_2600.csv,raw_data/run_2600.json
2601,single,2026-09-24 16:29,KAUST2023_N2_C0_CKMC_ESR_v10_0_oxygenless,4.959584890893998,77.37389831180514,25.0,10.0,2.0,1930.816466325394,raw_data/run_2601.csv,raw_data/run_2601.json
2602,single,2026-09-24 16:29,KAUST2023_N2_C0_CKMC_ESR_v10_0_oxygenless,10.730148980676514,340.504316151485,25.0,10.0,2.0,34166603.538351975,raw_data/run_2602.csv,raw_data/run_2602.json
2603,single,2026-09-24 16:29,KAUST2023_N2_C0_CKMC_ESR_v10_0_oxygenless,6.474945535565056,63.20489354195084,25.0,10.0,2.0,8358.769389803365,raw_data/run_2603.csv,raw_data/run_2603.json
2604,single,2026-09-24 16:29,KAUST2023_N2_C0_CKMC_ESR_v10_0_oxygenless,6.474945535565056,63.20489354195084,25.0,10.0,2.0,8358.769389803365,raw_data/run_2604.csv,raw_data/run_2604.json
2605,single,2026-09-24 16:29,KAUST2023_N2_C0_CKMC_ESR_v10_0_oxygenless,1.9751719927348752,3.0647123071878215,25.0,10.0,2.0,2.363907735248512e+114,raw_data/run_2605.csv,raw_data/run_2605.json
2606,single,2026-09-24 16:29,KAUST2023_N2_C0_CKMC_ESR_v10_0_oxygenless,1.4450167159761182,2.0222052008168157,25.0,10.0,2.0,2.172899711779031e+112,raw_data/run_2606.csv,raw_data/run_2606.json
2607,single,2026-09-24 16:29,KAUST2023_N2_C0_CKMC_ESR_v10_0_oxygenless,10.067561255288176,289.0007725292566,25.0,10.0,2.0,81423655.78498736,raw_data/run_2607.csv,raw_data/run_2607.json
2608,single,2026-09-24 16:29,KAUST2023_N2_C0_CKMC_ESR_v10_0_oxygenless,12.667493720465473,166.04283275072683,25.0,10.0,2.0,1982.1969887706346,raw_data/run_2608.csv,raw_data/run_2608.json
2609,single,2026-09-24 16:29,KAUST2023_N2_C0_CKMC_ESR_v10_0_oxygenless,6.976199209062946,116.36521390840133,25.0,10.0,2.0,1787.1414895103642,raw_data/run_2609.csv,raw_data/run_2609.json
2610,single,2026-09-24 16:29,KAUST2023_N2_C0_CKMC_ESR_v10_0_oxygenless,11.270246804709268,123.36533118911626,25.0,10.0,2.0,4426.58242521157,raw_data/run_2610.csv,raw_data/run_2610.json
2611,single,2026-09-24 16:29,KAUST2023_N2_C0_CKMC_ESR_v10_0_oxygenless,6.673137345499455,169.98879272141966,25.0,10.0,2.0,253799.37013566168,raw_data/run_2611.csv,raw_data/run_2611.json
2612,single,2026-09-24 16:29,KAUST2023_N2_C0_CKMC_ESR_v10_0_oxygenless,3.2096273944470903,82.45218576146954,25.0,10.0,2.0,430125.83660813136,raw_data/run_2612.csv,raw_data/run_2612.json
2613,single,2026-09-24 16:29,KAUST2023_N2_C0_CKMC_ESR_v10_0_oxygenless,7.1098619157844425,116.58180600370622,25.0,10.0,2.0,1790.8804715869762,raw_data/run_2613.csv,raw_data/run_2613.json
2614,single,2026-09-24 16:29,KAUST2023_N2_C0_CKMC_ESR_v10_0_oxygenless,11.851283700076921,139.9428212333901,25.0,10.0,2.0,3169.7702705895717,raw_data/run_2614.csv,raw_data/run_2614.json
2615,single,2026-09-24 16:29,KAUST2023_N2_C0_CKMC_ESR_v10_0_oxygenless,9.082252165679831,169.08116778134485,25.0,10.0,2.0,4160.059229992376,raw_data/run_2615.csv,raw_data/run_2615.json
2616,single,2026-09-24 16:29,KAUST2023_N2_C0_CKMC_ESR_v10_0_oxygenless,2.042686946044581,83.64746296443784,25.0,10.0,2.0,17706477.836962268,raw_data/run_2616.csv,raw_data/run_2616.json
2617,single,2026-09-24 16:29,KAUST2023_N2_C0_CKMC_ESR_v10_0_oxygenless,10.080119324281746,585.613716360346,25.0,10.0,2.0,177272.7778503505,raw_data/run_2617.csv,raw_data/run_2617.json
2618,single,2026-09-24 16:29,KAUST2023_N2_C0_CKMC_ESR_v10_0_oxygenless,5.3631048427130725,82.88839480481528,25.0,10.0,2.0,2012.0899533974714,raw_data/run_2618.csv,raw_data/run_2618.json
2619,single,2026-09-24 16:29,KAUST2023_N2_C0_CKMC_ESR_v10_0_oxygenless,11.968362896932605,233.5356723731583,25.0,10.0,2.0,55846.934689069865,raw_data/run_2619.csv,raw_data/run_2619.json
2620,single,2026-09-24 16:29,KAUST2023_N2_C0_CKMC_ESR_v10_0_oxygenless,9.059803495733966,170.93717087353397,25.0,10.0,2.0,4603.792314497207,raw_data/run_2620.csv,raw_data/run_2620.json
2621,single,2026-09-24 16:29,KAUST2023_N2_C0_CKMC_ESR_v10_0_oxygenless,8.911069447712876,38.053471149156394,25.0,10.0,2.0,135009.34748238313,raw_data/run_2621.csv,raw_data/run_2621.json
2622,single,2026-09-24 16:29,KAUST2023_N2_C0_CKMC_ESR_v10_0_oxygenless,6.662378539792981,104.5873172065985,25.0,10.0,2.0,1963.745161680093,raw_data/run_2622.csv,raw_data/run_2622.json
2623,single,2026-09-24 16:29,KAUST2023_N2_C0_CKMC_ESR_v10_0_oxygenless,8.719184717246154,155.35543450078438,25.0,10.0,2.0,2774.3006108960885,raw_data/run_2623.csv,raw_data/run_2623.json
2624,single,2026-09-24 16:29,KAUST2023_N2_C0_CKMC_ESR_v10_0_oxygenless,4.169469104918555,69.03553615154091,25.0,10.0,2.0,2160.589099908959,raw_data/run_2624.csv,raw_data/run_2624.json
2625,single,2026-09-24 16:29,KAUST2023_N2_C0_CKMC_ESR_v10_0_oxygenless,9.256219890034513,93.04308178693309,25.0,10.0,2.0,7036.914776488121,raw_data/run_2625.csv,raw_data/run_2625.json
2626,single,2026-09-24 16:29,KAUST2023_N2_C0_CKMC_ESR_v10_0_oxygenless,6.135344204067297,103.15194389137699,25.0,10.0,2.0,1813.301720253775,raw_data/run_2626.csv,raw_data/run_2626.json
2627,single,2026-09-24 16:29,KAUST2023_N2_C0_CKMC_ESR_v10_0_oxygenless,11.57929672858189,216.9675691230257,25.0,10.0,2.0,14339.200155562277,raw_data/run_2627.csv,raw_data/run_2627.json
2628,single,2026-09-24 16:29,KAUST2023_N2_C0_CKMC_ESR_v10_0_oxygenless,9.060250047817345,42.63382349434623,25.0,10.0,2.0,94543.09226251191,raw_data/run_2628.csv,raw_data/run_2628.json
2629,single,2026-09-24 16:29,KAUST2023_N2_C0_CKMC_ESR_v10_0_oxygenless,7.673258490216069,126.71252935078832,25.0,10.0,2.0,1776.3498473869513,raw_data/run_2629.csv,raw_data/run_2629.json
2630,single,2026-09-24 16:29,KAUST2023_N2_C0_CKMC_ESR_v10_0_oxygenless,6.233582601546277,123.81441431286359,25.0,10.0,2.0,3070.3899144308593,raw_data/run_2630.csv,raw_data/run_2630.json
2631,single,2026-09-24 16:29,KAUST2023_N2_C0_CKMC_ESR_v10_0_oxygenless,6.0309101212736405,93.05372179473152,25.0,10.0,2.0,2071.4357371961437,raw_data/run_2631.csv,raw_data/run_2631.json
2632,single,2026-09-24 16:29,KAUST2023_N2_C0_CKMC_ESR_v10_0_oxygenless,2.2380096886230563,42.5436604876581,25.0,10.0,2.0,507833243.223679,raw_data/run_2632.csv,raw_data/run_2632.json
2633,single,2026-09-24 16:29,KAUST2023_N2_C0_CKMC_ESR_v10_0_oxygenless,8.090624180029119,134.78088574018017,25.0,10.0,2.0,1824.2672588078503,raw_data/run_2633.csv,raw_data/run_2633.json
2634,single,2026-09-24 16:29,KAUST2023_N2_C0_CKMC_ESR_v10_0_oxygenless,6.412848072160441,94.86937732774634,25.0,10.0,2.0,2314.301439732763,raw_data/run_2634.csv,raw_data/run_2634.json
2635,single,2026-09-24 16:29,KAUST2023_N2_C0_CKMC_ESR_v10_0_oxygenless,7.312353365827799,114.7368294894017,25.0,10.0,2.0,1890.4409563023,raw_data/run_2635.csv,raw_data/run_2635.json
2636,single,2026-09-24 16:29,KAUST2023_N2_C0_CKMC_ESR_v10_0_oxygenless,11.517213316851649,119.58638067840621,25.0,10.0,2.0,5275.439801487408,raw_data/run_2636.csv,raw_data/run_2636.json
2637,single,2026-09-24 16:29,KAUST2023_N2_C0_CKMC_ESR_v10_0_oxygenless,6.448275811086691,98.97887059134935,25.0,10.0,2.0,2091.1751589227974,raw_data/run_2637.csv,raw_data/run_2637.json
2638,single,2026-09-24 16:29,KAUST2023_N2_C0_CKMC_ESR_v10_0_oxygenless,5.212197614048893,97.37374597782792,25.0,10.0,2.0,2278.0881770365977,raw_data/run_2638.csv,raw_data/run_2638.json
2639,single,2026-09-24 16:29,KAUST2023_N2_C0_CKMC_ESR_v10_0_oxygenless,11.240279740617964,849.5167766083068,25.0,10.0,2.0,1.7976931348623157e+308,raw_data/run_2639.csv,raw_data/run_2639.json
2640,single,2026-09-24 16:29,KAUST2023_N2_C0_CKMC_ESR_v10_0_oxygenless,6.575173545505285,74.06099898505236,25.0,10.0,2.0,5347.057842701875,raw_data/run_2640.csv,raw_data/run_2640.json
2641,single,2026-09-24 16:29,KAUST2023_N2_C0_CKMC_ESR_v10_0_oxygenless,10.316082011352972,137.6711395159043,25.0,10.0,2.0,2343.010941275977,raw_data/run_2641.csv,raw_data/run_2641.json
2642,single,2026-09-24 16:29,KAUST2023_N2_C0_CKMC_ESR_v10_0_oxygenless,9.931331099937285,116.36521390840133,25.0,10.0,2.0,3868.6547365259844,raw_data/run_2642.csv,raw_data/run_2642.json
2643,single,2026-09-24 16:29,KAUST2023_N2_C0_CKMC_ESR_v10_0_oxygenless,5.909616848507987,95.71422467579221,25.0,10.0,2.0,1881.040090288763,raw_data/run_2643.csv,raw_data/run_2643.json
2644,single,2026-09-24 16:29,KAUST2023_N2_C0_CKMC_ESR_v10_0_oxygenless,5.263300632202312,82.20136482181367,25.0,10.0,2.0,1962.1587684076246,raw_data/run_2644.csv,raw_data/run_2644.json
2645,single,2026-09-24 16:29,KAUST2023_N2_C0_CKMC_ESR_v10_0_oxygenless,10.001515560078953,184.61328927883616,25.0,10.0,2.0,5238.172145876839,raw_data/run_2645.csv,raw_data/run_2645.json
2646,single,2026-09-24 16:29,KAUST2023_N2_C0_CKMC_ESR_v10_0_oxygenless,5.803148914783806,150.71102307393636,25.0,10.0,2.0,105851.0532356668,raw_data/run_2646.csv,raw_data/run_2646.json
2647,single,2026-09-24 16:29,KAUST2023_N2_C0_CKMC_ESR_v10_0_oxygenless,7.702666732343451,139.9428212333901,25.0,10.0,2.0,2494.327501784669,raw_data/run_2647.csv,raw_data/run_2647.json
2648,single,2026-09-24 16:29,KAUST2023_N2_C0_CKMC_ESR_v10_0_oxygenless,6.0756547005686095,98.6033305855193,25.0,10.0,2.0,1872.7596744886964,raw_data/run_2648.csv,raw_data/run_2648.json
2649,single,2026-09-24 16:29,KAUST2023_N2_C0_CKMC_ESR_v10_0_oxygenless,6.51493672456751,121.84172508563611,25.0,10.0,2.0,2357.103995844919,raw_data/run_2649.csv,raw_data/run_2649.json
2650,single,2026-09-24 16:29,KAUST2023_N2_C0_CKMC_ESR_v10_0_oxygenless,3.7346847455492975,375.825270643754,25.0,10.0,2.0,5769658.772061417,raw_data/run_2650.csv,raw_data/run_2650.json
2651,single,2026-09-24 16:29,KAUST2023_N2_C0_CKMC_ESR_v10_0_oxygenless,5.312607262708533,52.74661206073364,25.0,10.0,2.0,6839.223673786258,raw_data/run_2651.csv,raw_data/run_2651.json
2652,single,2026-09-24 16:29,KAUST2023_N2_C0_CKMC_ESR_v10_0_oxygenless,10.660090424971182,176.86076181356262,25.0,10.0,2.0,2707.7355420367126,raw_data/run_2652.csv,raw_data/run_2652.json
2653,single,2026-09-24 16:29,KAUST2023_N2_C0_CKMC_ESR_v10_0_oxygenless,11.8887307437407,194.16056489548106,25.0,10.0,2.0,3240.1827077748676,raw_data/run_2653.csv,raw_data/run_2653.json
2654,single,2026-09-24 16:29,KAUST2023_N2_C0_CKMC_ESR_v10_0_oxygenless,8.260331433158592,136.5250239551384,25.0,10.0,2.0,1811.8212763245162,raw_data/run_2654.csv,raw_data/run_2654.json
2655,single,2026-09-24 16:29,KAUST2023_N2_C0_CKMC_ESR_v10_0_oxygenless,8.564624922823826,104.5873172065985,25.0,10.0,2.0,3758.9541381674294,raw_data/run_2655.csv,raw_data/run_2655.json
2656,single,2026-09-24 16:29,KAUST2023_N2_C0_CKMC_ESR_v10_0_oxygenless,7.552142648355808,78.27262969155667,25.0,10.0,2.0,7004.331824528958,raw_data/run_2656.csv,raw_data/run_2656.json
2657,single,2026-09-24 16:29,KAUST2023_N2_C0_CKMC_ESR_v10_0_oxygenless,7.61344896150434,69.03553615154091,25.0,10.0,2.0,10891.891002198421,raw_data/run_2657.csv,raw_data/run_2657.json
2658,single,2026-09-24 16:29,KAUST2023_N2_C0_CKMC_ESR_v10_0_oxygenless,7.333491112500002,93.04308178693309,25.0,10.0,2.0,3616.1212610837024,raw_data/run_2658.csv,raw_data/run_2658.json
2659,single,2026-09-24 16:29,KAUST2023_N2_C0_CKMC_ESR_v10_0_oxygenless,8.763010555684282,154.103024269236,25.0,10.0,2.0,2578.889845605002,raw_data/run_2659.csv,raw_data/run_2659.json
2660,single,2026-09-24 16:29,KAUST2023_N2_C0_CKMC_ESR_v10_0_oxygenless,9.176513054433265,115.39667318640676,25.0,10.0,2.0,3218.3494503973257,raw_data/run_2660.csv,raw_data/run_2660.json
2661,single,2026-09-24 16:29,KAUST2023_N2_C0_CKMC_ESR_v10_0_oxygenless,4.475884561115821,5.356135795211149,25.0,10.0,2.0,194290676.0999889,raw_data/run_2661.csv,raw_data/run_2661.json
2662,single,2026-09-24 16:29,KAUST2023_N2_C0_CKMC_ESR_v10_0_oxygenless,8.439673865338246,154.69454577747823,25.0,10.0,2.0,3117.956963213879,raw_data/run_2662.csv,raw_data/run_2662.json
2663,single,2026-09-24 16:29,KAUST2023_N2_C0_CKMC_ESR_v10_0_oxygenless,7.422640208508097,171.18495838317867,25.0,10.0,2.0,35676.519844811715,raw_data/run_2663.csv,raw_data/run_2663.json
2664,single,2026-09-24 16:29,KAUST2023_N2_C0_CKMC_ESR_v10_0_oxygenless,10.808649036603848,139.81601039573454,25.0,10.0,2.0,2495.1460173484425,raw_data/run_2664.csv,raw_data/run_2664.json
2665,single,2026-09-24 16:29,KAUST2023_N2_C0_CKMC_ESR_v10_0_oxygenless,6.906843115093891,137.5169205607241,25.0,10.0,2.0,3599.882664272958,raw_data/run_2665.csv,raw_data/run_2665.json
2666,single,2026-09-24 16:29,KAUST2023_N2_C0_CKMC_ESR_v10_0_oxygenless,8.090624180029119,106.80368892495916,25.0,10.0,2.0,2998.099883971325,raw_data/run_2666.csv,raw_data/run_2666.json
2667,single,2026-09-24 16:29,KAUST2023_N2_C0_CKMC_ESR_v10_0_oxygenless,4.911063001934563,153.80965258031355,25.0,10.0,2.0,10497011.048752036,raw_data/run_2667.csv,raw_data/run_2667.json
2668,single,2026-09-24 16:29,KAUST2023_N2_C0_CKMC_ESR_v10_0_oxygenless,10.367628384378797,150.99430761417202,25.0,10.0,2.0,1781.2787630634393,raw_data/run_2668.csv,raw_data/run_2668.json
2669,single,2026-09-24 16:29,KAUST2023_N2_C0_CKMC_ESR_v10_0_oxygenless,6.321225265439006,107.58342498514614,25.0,10.0,2.0,1808.725169924648,raw_data/run_2669.csv,raw_data/run_2669.json
2670,single,2026-09-24 16:29,KAUST2023_N2_C0_CKMC_ESR_v10_0_oxygenless,9.674455549325437,140.01557535448123,25.0,10.0,2.0,1911.785391167602,raw_data/run_2670.csv,raw_data/run_2670.json
2671,single,2026-09-24 16:29,KAUST2023_N2_C0_CKMC_ESR_v10_0_oxygenless,8.584271062768082,161.1749052099817,25.0,10.0,2.0,3827.3642950009466,raw_data/run_2671.csv,raw_data/run_2671.json
2672,single,2026-09-24 16:29,KAUST2023_N2_C0_CKMC_ESR_v10_0_oxygenless,5.463767836933,75.13111242845181,25.0,10.0,2.0,2716.792899762053,raw_data/run_2672.csv,raw_data/run_2672.json
2673,single,2026-09-24 16:29,KAUST2023_N2_C0_CKMC_ESR_v10_0_oxygenless,11.445357416255966,184.27722417868958,25.0,10.0,2.0,2618.380714221936,raw_data/run_2673.csv,raw_data/run_2673.json
2674,single,2026-09-24 16:29,KAUST2023_N2_C0_CKMC_ESR_v10_0_oxygenless,12.667493720465473,150.1175973405622,25.0,10.0,2.0,2900.1032435387156,raw_data/run_2674.csv,raw_data/run_2674.json
2675,single,2026-09-24 16:29,KAUST2023_N2_C0_CKMC_ESR_v10_0_oxygenless,4.114835190625914,116.36521390840133,25.0,10.0,2.0,364604.7911099549,raw_data/run_2675.csv,raw_data/run_2675.json
2676,single,2026-09-24 16:29,KAUST2023_N2_C0_CKMC_ESR_v10_0_oxygenless,9.571043308297149,181.62020337786,25.0,10.0,2.0,5862.045249176949,raw_data/run_2676.csv,raw_data/run_2676.json
2677,single,2026-09-24 16:29,KAUST2023_N2_C0_CKMC_ESR_v10_0_oxygenless,3.8325032033450146,82.79674701948478,25.0,10.0,2.0,6405.9680220457285,raw_data/run_2677.csv,raw_data/run_2677.json
2678,single,2026-09-24 16:29,KAUST2023_N2_C0_CKMC_ESR_v10_0_oxygenless,1.9323299592508993,83.39096688981022,25.0,10.0,2.0,18809152.728226054,raw_data/run_2678.csv,raw_data/run_2678.json
2679,single,2026-09-24 16:29,KAUST2023_N2_C0_CKMC_ESR_v10_0_oxygenless,9.747699407186037,184.45777122805214,25.0,10.0,2.0,6121.749402327042,raw_data/run_2679.csv,raw_data/run_2679.json
2680,single,2026-09-24 16:29,KAUST2023_N2_C0_CKMC_ESR_v10_0_oxygenless,7.702666732343451,211.73286586697083,25.0,10.0,2.0,34813465.63866696,raw_data/run_2680.csv,raw_data/run_2680.json
2681,single,2026-09-24 16:29,KAUST2023_N2_C0_CKMC_ESR_v10_0_oxygenless,6.60096668703632,98.6033305855193,25.0,10.0,2.0,2242.11181126432,raw_data/run_2681.csv,raw_data/run_2681.json
2682,single,2026-09-24 16:29,KAUST2023_N2_C0_CKMC_ESR_v10_0_oxygenless,12.675182429129867,121.84172508563611,25.0,10.0,2.0,6448.624023703078,raw_data/run_2682.csv,raw_data/run_2682.json
2683,single,2026-09-24 16:29,KAUST2023_N2_C0_CKMC_ESR_v10_0_oxygenless,8.539161775684489,299.7779654331925,25.0,10.0,2.0,48727212.47984711,raw_data/run_2683.csv,raw_data/run_2683.json
2684,single,2026-09-24 16:29,KAUST2023_N2_C0_CKMC_ESR_v10_0_oxygenless,8.135056139818593,142.5018444284202,25.0,10.0,2.0,2221.6095114017526,raw_data/run_2684.csv,raw_data/run_2684.json
2685,single,2026-09-24 16:29,KAUST2023_N2_C0_CKMC_ESR_v10_0_oxygenless,11.543299536047952,175.23401382512907,25.0,10.0,2.0,1872.6618632917578,raw_data/run_2685.csv,raw_data/run_2685.json
2686,single,2026-09-24 16:29,KAUST2023_N2_C0_CKMC_ESR_v10_0_oxygenless,8.63315058271682,149.44994834227575,25.0,10.0,2.0,2286.394195857748,raw_data/run_2686.csv,raw_data/run_2686.json
2687,single,2026-09-24 16:29,KAUST2023_N2_C0_CKMC_ESR_v10_0_oxygenless,8.557827040710965,150.05726514677372,25.0,10.0,2.0,2423.915045465662,raw_data/run_2687.csv,raw_data/run_2687.json
2688,single,2026-09-24 16:29,KAUST2023_N2_C0_CKMC_ESR_v10_0_oxygenless,7.211460840613545,112.67268265106198,25.0,10.0,2.0,1921.8176205965142,raw_data/run_2688.csv,raw_data/run_2688.json
2689,single,2026-09-24 16:29,KAUST2023_N2_C0_CKMC_ESR_v10_0_oxygenless,4.857269656149916,177.2813957634751,25.0,10.0,2.0,72915124.4611185,raw_data/run_2689.csv,raw_data/run_2689.json
2690,single,2026-09-24 16:29,KAUST2023_N2_C0_CKMC_ESR_v10_0_oxygenless,1.1082401865788576,67.3413356067499,25.0,10.0,2.0,7.127929155271108e+55,raw_data/run_2690.csv,raw_data/run_2690.json
2691,single,2026-09-24 16:29,KAUST2023_N2_C0_CKMC_ESR_v10_0_oxygenless,5.997536045758338,99.50630514799069,25.0,10.0,2.0,1829.8619017633735,raw_data/run_2691.csv,raw_data/run_2691.json
2692,single,2026-09-24 16:29,KAUST2023_N2_C0_CKMC_ESR_v10_0_oxygenless,7.766147502291012,103.15194389137699,25.0,10.0,2.0,3017.0956383778966,raw_data/run_2692.csv,raw_data/run_2692.json
2693,single,2026-09-24 16:29,KAUST2023_N2_C0_CKMC_ESR_v10_0_oxygenless,9.176513054433265,113.3988336628692,25.0,10.0,2.0,3421.5136758276453,raw_data/run_2693.csv,raw_data/run_2693.json
2694,single,2026-09-24 16:29,KAUST2023_N2_C0_CKMC_ESR_v10_0_oxygenless,3.186515679136482,738.3902576085019,25.0,10.0,2.0,1.4316346364863796e+92,raw_data/run_2694.csv,raw_data/run_2694.json
2695,single,2026-09-24 16:29,KAUST2023_N2_C0_CKMC_ESR_v10_0_oxygenless,10.67199335487613,119.99491017467462,25.0,10.0,2.0,4215.8435226542,raw_data/run_2695.csv,raw_data/run_2695.json
2696,single,2026-09-24 16:29,KAUST2023_N2_C0_CKMC_ESR_v10_0_oxygenless,6.796775089510341,107.60233714501935,25.0,10.0,2.0,1914.881908650988,raw_data/run_2696.csv,raw_data/run_2696.json
2697,single,2026-09-24 16:29,KAUST2023_N2_C0_CKMC_ESR_v10_0_oxygenless,8.6821451457887,149.56079012166643,25.0,10.0,2.0,2245.858689905025,raw_data/run_2697.csv,raw_data/run_2697.json
2698,single,2026-09-24 16:29,KAUST2023_N2_C0_CKMC_ESR_v10_0_oxygenless,7.233054475428476,120.69506626578274,25.0,10.0,2.0,1784.001637259146,raw_data/run_2698.csv,raw_data/run_2698.json
2699,single,2026-09-24 16:29,KAUST2023_N2_C0_CKMC_ESR_v10_0_oxygenless,3.926000141440068,86.37749900783683,25.0,10.0,2.0,6695.189684048571,raw_data/run_2699.csv,raw_data/run_2699.json
2700,single,2026-09-24 16:29,KAUST2023_N2_C0_CKMC_ESR_v10_0_oxygenless,8.08615005945991,152.03508638684124,25.0,10.0,2.0,3370.844473514362,raw_data/run_2700.csv,raw_data/run_2700.json
2701,single,2026-09-24 16:29,KAUST2023_N2_C0_CKMC_ESR_v10_0_oxygenless,8.333388229934883,146.31376991306766,25.0,10.0,2.0,2334.0906468202033,raw_data/run_2701.csv,raw_data/run_2701.json
2702,single,2026-09-24 16:29,KAUST2023_N2_C0_CKMC_ESR_v10_0_oxygenless,4.121232171744953,93.35965759335647,25.0,10.0,2.0,7271.336465721088,raw_data/run_2702.csv,raw_data/run_2702.json
2703,single,2026-09-24 16:29,KAUST2023_N2_C0_CKMC_ESR_v10_0_oxygenless,3.9800248449731646,91.90489032717916,25.0,10.0,2.0,9613.412566346875,raw_data/run_2703.csv,raw_data/run_2703.json
2704,single,2026-09-24 16:29,KAUST2023_N2_C0_CKMC_ESR_v10_0_oxygenless,7.12998626716031,111.49623549656727,25.0,10.0,2.0,1928.7409477367257,raw_data/run_2704.csv,raw_data/run_2704.json
2705,single,2026-09-24 16:29,KAUST2023_N2_C0_CKMC_ESR_v10_0_oxygenless,2.422539206943191,1.5711759082813825,25.0,10.0,2.0,239632.21919697573,raw_data/run_2705.csv,raw_data/run_2705.json
2706,single,2026-09-24 16:29,KAUST2023_N2_C0_CKMC_ESR_v10_0_oxygenless,7.716214011950861,184.27722417868958,25.0,10.0,2.0,161165.72574782002,raw_data/run_2706.csv,raw_data/run_2706.json
2707,single,2026-09-24 16:29,KAUST2023_N2_C0_CKMC_ESR_v10_0_oxygenless,9.741289698742744,183.80821070183617,25.0,10.0,2.0,5919.679799497189,raw_data/run_2707.csv,raw_data/run_2707.json
2708,single,2026-09-24 16:29,KAUST2023_N2_C0_CKMC_ESR_v10_0_oxygenless,7.437877374470306,114.31907065678591,25.0,10.0,2.0,1967.3476231045204,raw_data/run_2708.csv,raw_data/run_2708.json
2709,single,2026-09-24 16:29,KAUST2023_N2_C0_CKMC_ESR_v10_0_oxygenless,10.049813975556566,192.0130573500156,25.0,10.0,2.0,7928.068169841179,raw_data/run_2709.csv,raw_data/run_2709.json
2710,single,2026-09-24 16:29,KAUST2023_N2_C0_CKMC_ESR_v10_0_oxygenless,9.459453090921448,160.37840121283133,25.0,10.0,2.0,2390.769977460933,raw_data/run_2710.csv,raw_data/run_2710.json
2711,single,2026-09-24 16:29,KAUST2023_N2_C0_CKMC_ESR_v10_0_oxygenless,2.6271984216377344,74.83372869095298,25.0,10.0,2.0,97842207.24108253,raw_data/run_2711.csv,raw_data/run_2711.json
2712,single,2026-09-24 16:29,KAUST2023_N2_C0_CKMC_ESR_v10_0_oxygenless,8.37739427138443,137.5606180960935,25.0,10.0,2.0,1799.961709893579,raw_data/run_2712.csv,raw_data/run_2712.json
2713,single,2026-09-24 16:29,KAUST2023_N2_C0_CKMC_ESR_v10_0_oxygenless,8.542579170613298,145.86857560144483,25.0,10.0,2.0,2094.9172321520555,raw_data/run_2713.csv,raw_data/run_2713.json
2714,single,2026-09-24 16:29,KAUST2023_N2_C0_CKMC_ESR_v10_0_oxygenless,11.377774627654802,149.37378678129573,25.0,10.0,2.0,2235.935801731708,raw_data/run_2714.csv,raw_data/run_2714.json
2715,single,2026-09-24 16:29,KAUST2023_N2_C0_CKMC_ESR_v10_0_oxygenless,6.990420291984907,121.84172508563611,25.0,10.0,2.0,1894.4279426057917,raw_data/run_2715.csv,raw_data/run_2715.json
2716,single,2026-09-24 16:29,KAUST2023_N2_C0_CKMC_ESR_v10_0_oxygenless,12.629740261668529,8.363597735969508,25.0,10.0,2.0,262326101.245947,raw_data/run_2716.csv,raw_data/run_2716.json
2717,single,2026-09-24 16:29,KAUST2023_N2_C0_CKMC_ESR_v10_0_oxygenless,5.463767836933,118.05239666332297,25.0,10.0,2.0,4419.054929625356,raw_data/run_2717.csv,raw_data/run_2717.json
2718,single,2026-09-24 16:29,KAUST2023_N2_C0_CKMC_ESR_v10_0_oxygenless,6.3900890277744775,126.71252935078832,25.0,10.0,2.0,3130.654887854024,raw_data/run_2718.csv,raw_data/run_2718.json
2719,single,2026-09-24 16:29,KAUST2023_N2_C0_CKMC_ESR_v10_0_oxygenless,9.235843400271028,175.23401382512907,25.0,10.0,2.0,5142.590174682985,raw_data/run_2719.csv,raw_data/run_2719.json
2720,single,2026-09-24 16:29,KAUST2023_N2_C0_CKMC_ESR_v10_0_oxygenless,8.974221649746065,149.44994834227575,25.0,10.0,2.0,1992.760048130802,raw_data/run_2720.csv,raw_data/run_2720.json
2721,single,2026-09-24 16:29,KAUST2023_N2_C0_CKMC_ESR_v10_0_oxygenless,5.171431769846541,103.08254221452675,25.0,10.0,2.0,2933.850884061778,raw_data/run_2721.csv,raw_data/run_2721.json
2722,single,2026-09-24 16:29,KAUST2023_N2_C0_CKMC_ESR_v10_0_oxygenless,4.486249197067128,96.442064361292,25.0,10.0,2.0,4484.958348972105,raw_data/run_2722.csv,raw_data/run_2722.json
2723,single,2026-09-24 16:29,KAUST2023_N2_C0_CKMC_ESR_v10_0_oxygenless,5.143289539274248,78.27262969155667,25.0,10.0,2.0,2038.5904427646847,raw_data/run_2723.csv,raw_data/run_2723.json
2724,single,2026-09-24 16:29,KAUST2023_N2_C0_CKMC_ESR_v10_0_oxygenless,3.786139945653303,80.59322396869032,25.0,10.0,2.0,6085.18029462404,raw_data/run_2724.csv,raw_data/run_2724.json
2725,single,2026-09-24 16:29,KAUST2023_N2_C0_CKMC_ESR_v10_0_oxygenless,11.500243327435673,205.4744723010881,25.0,10.0,2.0,6563.858707744705,raw_data/run_2725.csv,raw_data/run_2725.json
2726,single,2026-09-24 16:29,KAUST2023_N2_C0_CKMC_ESR_v10_0_oxygenless,6.4771429060424595,104.41009542437855,25.0,10.0,2.0,1875.2192204554326,raw_data/run_2726.csv,raw_data/run_2726.json
2727,single,2026-09-24 16:29,KAUST2023_N2_C0_CKMC_ESR_v10_0_oxygenless,6.973166992180448,109.349982195397,25.0,10.0,2.0,1936.024172538756,raw_data/run_2727.csv,raw_data/run_2727.json
2728,single,2026-09-24 16:29,KAUST2023_N2_C0_CKMC_ESR_v10_0_oxygenless,7.252492567256272,47.55503837847166,25.0,10.0,2.0,30811.14309378917,raw_data/run_2728.csv,raw_data/run_2728.json
2729,single,2026-09-24 16:29,KAUST2023_N2_C0_CKMC_ESR_v10_0_oxygenless,7.21761226614646,128.61367755522255,25.0,10.0,2.0,2088.552934403273,raw_data/run_2729.csv,raw_data/run_2729.json
2730,single,2026-09-24 16:29,KAUST2023_N2_C0_CKMC_ESR_v10_0_oxygenless,7.234949972383381,119.86726355848165,25.0,10.0,2.0,1780.4107922967141,raw_data/run_2730.csv,raw_data/run_2730.json
2731,single,2026-09-24 16:29,KAUST2023_N2_C0_CKMC_ESR_v10_0_oxygenless,8.240044536882236,143.89327378912492,25.0,10.0,2.0,2227.343230452267,raw_data/run_2731.csv,raw_data/run_2731.json
2732,single,2026-09-24 16:29,KAUST2023_N2_C0_CKMC_ESR_v10_0_oxygenless,11.078201322041023,179.3552457189129,25.0,10.0,2.0,2508.1718089526953,raw_data/run_2732.csv,raw_data/run_2732.json
2733,single,2026-09-24 16:29,KAUST2023_N2_C0_CKMC_ESR_v10_0_oxygenless,8.537690004660673,146.95210734156487,25.0,10.0,2.0,2178.2117486506513,raw_data/run_2733.csv,raw_data/run_2733.json
2734,single,2026-09-24 16:29,KAUST2023_N2_C0_CKMC_ESR_v10_0_oxygenless,7.469625859482536,153.80965258031355,25.0,10.0,2.0,5550.801833103145,raw_data/run_2734.csv,raw_data/run_2734.json
2735,single,2026-09-24 16:29,KAUST2023_N2_C0_CKMC_ESR_v10_0_oxygenless,8.187658121884546,131.33437318875065,25.0,10.0,2.0,1759.054956010334,raw_data/run_2735.csv,raw_data/run_2735.json
2736,single,2026-09-24 16:29,KAUST2023_N2_C0_CKMC_ESR_v10_0_oxygenless,7.1495597234361545,192.4716719729969,25.0,10.0,2.0,6620445.963796174,raw_data/run_2736.csv,raw_data/run_2736.json
2737,single,2026-09-24 16:29,KAUST2023_N2_C0_CKMC_ESR_v10_0_oxygenless,9.764999699591606,144.81640515988704,25.0,10.0,2.0,1788.740678744223,raw_data/run_2737.csv,raw_data/run_2737.json
2738,single,2026-09-24 16:29,KAUST2023_N2_C0_CKMC_ESR_v10_0_oxygenless,4.177102007976542,98.0492308110345,25.0,10.0,2.0,9756.685246842575,raw_data/run_2738.csv,raw_data/run_2738.json
2739,single,2026-09-24 16:29,KAUST2023_N2_C0_CKMC_ESR_v10_0_oxygenless,4.771698231624414,27.908196299714742,25.0,10.0,2.0,27247.801930354908,raw_data/run_2739.csv,raw_data/run_2739.json
2740,single,2026-09-24 16:29,KAUST2023_N2_C0_CKMC_ESR_v10_0_oxygenless,8.041352399956278,184.27722417868958,25.0,10.0,2.0,67883.52651199227,raw_data/run_2740.csv,raw_data/run_2740.json
2741,single,2026-09-24 16:29,KAUST2023_N2_C0_CKMC_ESR_v10_0_oxygenless,8.721396573670047,166.04283275072683,25.0,10.0,2.0,4437.549377071413,raw_data/run_2741.csv,raw_data/run_2741.json
2742,single,2026-09-24 16:29,KAUST2023_N2_C0_CKMC_ESR_v10_0_oxygenless,8.948948178925656,150.57494088873483,25.0,10.0,2.0,2082.405582247124,raw_data/run_2742.csv,raw_data/run_2742.json
2743,single,2026-09-24 16:29,KAUST2023_N2_C0_CKMC_ESR_v10_0_oxygenless,7.3741657016489945,116.49686950208768,25.0,10.0,2.0,1856.8249532914679,raw_data/run_2743.csv,raw_data/run_2743.json
2744,single,2026-09-24 16:29,KAUST2023_N2_C0_CKMC_ESR_v10_0_oxygenless,7.5896712322223685,117.67366817226699,25.0,10.0,2.0,1903.5978873315635,raw_data/run_2744.csv,raw_data/run_2744.json
2745,single,2026-09-24 16:29,KAUST2023_N2_C0_CKMC_ESR_v10_0_oxygenless,10.503620788096878,165.2883415775786,25.0,10.0,2.0,1917.3781423843552,raw_data/run_2745.csv,raw_data/run_2745.json
2746,single,2026-09-24 16:29,KAUST2023_N2_C0_CKMC_ESR_v10_0_oxygenless,7.1098619157844425,207.89839672919652,25.0,10.0,2.0,48270706.36625263,raw_data/run_2746.csv,raw_data/run_2746.json
2747,single,2026-09-24 16:29,KAUST2023_N2_C0_CKMC_ESR_v10_0_oxygenless,9.358002474181777,145.86857560144483,25.0,10.0,2.0,1739.6236265903435,raw_data/run_2747.csv,raw_data/run_2747.json
2748,single,2026-09-24 16:29,KAUST2023_N2_C0_CKMC_ESR_v10_0_oxygenless,6.108047923158161,117.3458838648831,25.0,10.0,2.0,2550.1818815060374,raw_data/run_2748.csv,raw_data/run_2748.json
2749,single,2026-09-24 16:29,KAUST2023_N2_C0_CKMC_ESR_v10_0_oxygenless,6.881604095808633,121.84172508563611,25.0,10.0,2.0,1967.0606071247341,raw_data/run_2749.csv,raw_data/run_2749.json
2750,single,2026-09-24 16:29,KAUST2023_N2_C0_CKMC_ESR_v10_0_oxygenless,6.011200052934137,135.77214655099345,25.0,10.0,2.0,7390.603910821394,raw_data/run_2750.csv,raw_data/run_2750.json
2751,single,2026-09-24 16:29,KAUST2023_N2_C0_CKMC_ESR_v10_0_oxygenless,9.358002474181777,148.19175497462246,25.0,10.0,2.0,1768.3731703055557,raw_data/run_2751.csv,raw_data/run_2751.json
2752,single,2026-09-24 16:29,KAUST2023_N2_C0_CKMC_ESR_v10_0_oxygenless,11.543299536047952,126.58152669397317,25.0,10.0,2.0,4298.905796080626,raw_data/run_2752.csv,raw_data/run_2752.json
2753,single,2026-09-24 16:29,KAUST2023_N2_C0_CKMC_ESR_v10_0_oxygenless,8.776327767627544,149.44994834227575,25.0,10.0,2.0,2148.614058801903,raw_data/run_2753.csv,raw_data/run_2753.json
2754,single,2026-09-24 16:29,KAUST2023_N2_C0_CKMC_ESR_v10_0_oxygenless,9.677855981366337,151.32554565026507,25.0,10.0,2.0,1756.2751105220186,raw_data/run_2754.csv,raw_data/run_2754.json
2755,single,2026-09-24 16:29,KAUST2023_N2_C0_CKMC_ESR_v10_0_oxygenless,7.183220411369753,112.67268265106198,25.0,10.0,2.0,1908.5034009985836,raw_data/run_2755.csv,raw_data/run_2755.json
2756,single,2026-09-24 16:29,KAUST2023_N2_C0_CKMC_ESR_v10_0_oxygenless,12.87324934747046,184.39299868330426,25.0,10.0,2.0,1736.2307749131865,raw_data/run_2756.csv,raw_data/run_2756.json
2757,single,2026-09-24 16:29,KAUST2023_N2_C0_CKMC_ESR_v10_0_oxygenless,13.9450744514554,197.14251959145327,25.0,10.0,2.0,1816.1079218785035,raw_data/run_2757.csv,raw_data/run_2757.json
2758,single,2026-09-24 16:29,KAUST2023_N2_C0_CKMC_ESR_v10_0_oxygenless,13.047257413828856,201.4857979296965,25.0,10.0,2.0,2749.1137683680486,raw_data/run_2758.csv,raw_data/run_2758.json
2759,single,2026-09-24 16:29,KAUST2023_N2_C0_CKMC_ESR_v10_0_oxygenless,12.467473366568205,182.94501888246143,25.0,10.0,2.0,1810.601171238425,raw_data/run_2759.csv,raw_data/run_2759.json
2760,single,2026-09-24 16:29,KAUST2023_N2_C0_CKMC_ESR_v10_0_oxygenless,13.781453605122287,109.349982195397,25.0,10.0,2.0,12259.77669758581,raw_data/run_2760.csv,raw_data/run_2760.json
2761,single,2026-09-24 16:29,KAUST2023_N2_C0_CKMC_ESR_v10_0_oxygenless,3.2767729187967536,328.4575642885839,25.0,10.0,2.0,7844662.241766263,raw_data/run_2761.csv,raw_data/run_2761.json
2762,single,2026-09-24 16:29,KAUST2023_N2_C0_CKMC_ESR_v10_0_oxygenless,12.53008355006667,183.1676942981614,25.0,10.0,2.0,1796.7788477497218,raw_data/run_2762.csv,raw_data/run_2762.json
2763,single,2026-09-24 16:29,KAUST2023_N2_C0_CKMC_ESR_v10_0_oxygenless,11.59284164760556,158.7833149131774,25.0,10.0,2.0,1894.0465781045407,raw_data/run_2763.csv,raw_data/run_2763.json
2764,single,2026-09-24 16:29,KAUST2023_N2_C0_CKMC_ESR_v10_0_oxygenless,12.944707640151996,185.8734342550672,25.0,10.0,2.0,1755.8675937288476,raw_data/run_2764.csv,raw_data/run_2764.json
2765,single,2026-09-24 16:29,KAUST2023_N2_C0_CKMC_ESR_v10_0_oxygenless,8.415171156176434,133.3587168406086,25.0,10.0,2.0,1757.221398028017,raw_data/run_2765.csv,raw_data/run_2765.json
2766,single,2026-09-24 16:29,KAUST2023_N2_C0_CKMC_ESR_v10_0_oxygenless,11.922515415721875,192.98893462651128,25.0,10.0,2.0,3048.375206274206,raw_data/run_2766.csv,raw_data/run_2766.json
2767,single,2026-09-24 16:29,KAUST2023_N2_C0_CKMC_ESR_v10_0_oxygenless,13.308278447500534,190.06518953981217,25.0,10.0,2.0,1776.6855851802134,raw_data/run_2767.csv,raw_data/run_2767.json
2768,single,2026-09-24 16:29,KAUST2023_N2_C0_CKMC_ESR_v10_0_oxygenless,13.823983279219046,176.1799350269603,25.0,10.0,2.0,1964.7031444086922,raw_data/run_2768.csv,raw_data/run_2768.json
2769,single,2026-09-24 16:29,KAUST2023_N2_C0_CKMC_ESR_v10_0_oxygenless,10.999290666754792,132.5312992058037,25.0,10.0,2.0,3177.7961410269622,raw_data/run_2769.csv,raw_data/run_2769.json
2770,single,2026-09-24 16:29,KAUST2023_N2_C0_CKMC_ESR_v10_0_oxygenless,9.918997328240703,144.81640515988704,25.0,10.0,2.0,1830.209748666405,raw_data/run_2770.csv,raw_data/run_2770.json
2771,single,2026-09-24 16:29,KAUST2023_N2_C0_CKMC_ESR_v10_0_oxygenless,11.961754306086496,166.71755214453614,25.0,10.0,2.0,1755.999451148446,raw_data/run_2771.csv,raw_data/run_2771.json
2772,single,2026-09-24 16:29,KAUST2023_N2_C0_CKMC_ESR_v10_0_oxygenless,8.622539612820876,16.258897401993472,25.0,10.0,2.0,20976533.373534724,raw_data/run_2772.csv,raw_data/run_2772.json
2773,single,2026-09-24 16:29,KAUST2023_N2_C0_CKMC_ESR_v10_0_oxygenless,13.883376005879153,296.90428422046443,25.0,10.0,2.0,60216220.5360502,raw_data/run_2773.csv,raw_data/run_2773.json
2774,single,2026-09-24 16:29,KAUST2023_N2_C0_CKMC_ESR_v10_0_oxygenless,13.571652489605018,166.04283275072683,25.0,10.0,2.0,2350.9178366353763,raw_data/run_2774.csv,raw_data/run_2774.json
2775,single,2026-09-24 16:29,KAUST2023_N2_C0_CKMC_ESR_v10_0_oxygenless,6.976199209062946,154.9597454528928,25.0,10.0,2.0,10637.664969235218,raw_data/run_2775.csv,raw_data/run_2775.json
2776,single,2026-09-24 16:29,KAUST2023_N2_C0_CKMC_ESR_v10_0_oxygenless,12.33133604513992,164.48129930054864,25.0,10.0,2.0,1927.450207297659,raw_data/run_2776.csv,raw_data/run_2776.json
2777,single,2026-09-24 16:29,KAUST2023_N2_C0_CKMC_ESR_v10_0_oxygenless,10.598772397435903,117.67366817226699,25.0,10.0,2.0,4441.900735019942,raw_data/run_2777.csv,raw_data/run_2777.json
2778,single,2026-09-24 16:29,KAUST2023_N2_C0_CKMC_ESR_v10_0_oxygenless,8.17314574427214,136.72675664606112,25.0,10.0,2.0,1853.8017512240033,raw_data/run_2778.csv,raw_data/run_2778.json
2779,single,2026-09-24 16:29,KAUST2023_N2_C0_CKMC_ESR_v10_0_oxygenless,12.740851701826001,189.0647199753288,25.0,10.0,2.0,1971.5101196157805,raw_data/run_2779.csv,raw_data/run_2779.json
2780,single,2026-09-24 16:29,KAUST2023_N2_C0_CKMC_ESR_v10_0_oxygenless,8.565825871175896,125.88713882307958,25.0,10.0,2.0,2022.7059540842604,raw_data/run_2780.csv,raw_data/run_2780.json
2781,single,2026-09-24 16:29,KAUST2023_N2_C0_CKMC_ESR_v10_0_oxygenless,6.0756547005686095,180.10963897761337,25.0,10.0,2.0,21537850.244550224,raw_data/run_2781.csv,raw_data/run_2781.json
2782,single,2026-09-24 16:29,KAUST2023_N2_C0_CKMC_ESR_v10_0_oxygenless,12.077388700576039,166.6529733074691,25.0,10.0,2.0,1782.1493046494347,raw_data/run_2782.csv,raw_data/run_2782.json
2783,single,2026-09-24 16:29,KAUST2023_N2_C0_CKMC_ESR_v10_0_oxygenless,8.46860620812912,25.317477660858554,25.0,10.0,2.0,1646571.2820331645,raw_data/run_2783.csv,raw_data/run_2783.json
2784,single,2026-09-24 16:29,KAUST2023_N2_C0_CKMC_ESR_v10_0_oxygenless,14.397498552290106,213.25749847563682,25.0,10.0,2.0,2656.421414184649,raw_data/run_2784.csv,raw_data/run_2784.json
2785,single,2026-09-24 16:29,KAUST2023_N2_C0_CKMC_ESR_v10_0_oxygenless,11.543299536047952,260.0451941787126,25.0,10.0,2.0,10455811.39712593,raw_data/run_2785.csv,raw_data/run_2785.json
2786,single,2026-09-24 16:29,KAUST2023_N2_C0_CKMC_ESR_v10_0_oxygenless,8.974221649746065,230.11755204007474,25.0,10.0,2.0,21296377.506623846,raw_data/run_2786.csv,raw_data/run_2786.json
2787,single,2026-09-24 16:29,KAUST2023_N2_C0_CKMC_ESR_v10_0_oxygenless,9.677855981366337,163.97445236285196,25.0,10.0,2.0,2495.6930191754564,raw_data/run_2787.csv,raw_data/run_2787.json
2788,single,2026-09-24 16:29,KAUST2023_N2_C0_CKMC_ESR_v10_0_oxygenless,11.634182452587199,158.62862584778514,25.0,10.0,2.0,1913.9828999513645,raw_data/run_2788.csv,raw_data/run_2788.json
2789,single,2026-09-24 16:29,KAUST2023_N2_C0_CKMC_ESR_v10_0_oxygenless,8.339774534628113,120.34574106738583,25.0,10.0,2.0,2185.121342407506,raw_data/run_2789.csv,raw_data/run_2789.json
2790,single,2026-09-24 16:29,KAUST2023_N2_C0_CKMC_ESR_v10_0_oxygenless,13.05844659077325,184.29885601261338,25.0,10.0,2.0,1702.108027381866,raw_data/run_2790.csv,raw_data/run_2790.json
2791,single,2026-09-24 16:29,KAUST2023_N2_C0_CKMC_ESR_v10_0_oxygenless,12.883389805249863,180.36295175673385,25.0,10.0,2.0,1688.280016466875,raw_data/run_2791.csv,raw_data/run_2791.json
2792,single,2026-09-24 16:29,KAUST2023_N2_C0_CKMC_ESR_v10_0_oxygenless,10.157861761798392,152.64086960362363,25.0,10.0,2.0,1727.5249465130685,raw_data/run_2792.csv,raw_data/run_2792.json
2793,single,2026-09-24 16:29,KAUST2023_N2_C0_CKMC_ESR_v10_0_oxygenless,6.973166992180448,161.9977595630764,25.0,10.0,2.0,25120.005490589625,raw_data/run_2793.csv,raw_data/run_2793.json
2794,single,2026-09-24 16:29,KAUST2023_N2_C0_CKMC_ESR_v10_0_oxygenless,5.609857318197534,2.938168437892052,25.0,10.0,2.0,334600584.0984638,raw_data/run_2794.csv,raw_data/run_2794.json
2795,single,2026-09-24 16:29,KAUST2023_N2_C0_CKMC_ESR_v10_0_oxygenless,13.651840348669284,119.99491017467462,25.0,10.0,2.0,8446.884018946563,raw_data/run_2795.csv,raw_data/run_2795.json
2796,single,2026-09-24 16:29,KAUST2023_N2_C0_CKMC_ESR_v10_0_oxygenless,9.511492698183154,142.90151443087683,25.0,10.0,2.0,1775.3525444853742,raw_data/run_2796.csv,raw_data/run_2796.json
2797,single,2026-09-24 16:29,KAUST2023_N2_C0_CKMC_ESR_v10_0_oxygenless,1.5123967830686456,218.5967968337406,25.0,10.0,2.0,3716825.9896157878,raw_data/run_2797.csv,raw_data/run_2797.json
2798,single,2026-09-24 16:29,KAUST2023_N2_C0_CKMC_ESR_v10_0_oxygenless,12.027040836431642,194.0238007974532,25.0,10.0,2.0,3045.5545348050714,raw_data/run_2798.csv,raw_data/run_2798.json
2799,single,2026-09-24 16:29,KAUST2023_N2_C0_CKMC_ESR_v10_0_oxygenless,12.237601273629975,170.68968063765843,25.0,10.0,2.0,1725.7147767564552,raw_data/run_2799.csv,raw_data/run_2799.json
2800,single,2026-09-24 16:29,KAUST2023_N2_C0_CKMC_ESR_v10_0_oxygenless,13.308278447500534,151.55368708099874,25.0,10.0,2.0,3194.8289547084855,raw_data/run_2800.csv,raw_data/run_2800.json
2801,single,2026-09-24 16:29,KAUST2023_N2_C0_CKMC_ESR_v10_0_oxygenless,11.083241007468002,161.3292854907571,25.0,10.0,2.0,1719.2379847135026,raw_data/run_2801.csv,raw_data/run_2801.json
2802,single,2026-09-24 16:29,KAUST2023_N2_C0_CKMC_ESR_v10_0_oxygenless,4.643718470250533,119.58638067840621,25.0,10.0,2.0,32051.677420500964,raw_data/run_2802.csv,raw_data/run_2802.json
2803,single,2026-09-24 16:29,KAUST2023_N2_C0_CKMC_ESR_v10_0_oxygenless,2.6126305099296765,206.10538969376313,25.0,10.0,2.0,12071227.786503773,raw_data/run_2803.csv,raw_data/run_2803.json
2804,single,2026-09-24 16:29,KAUST2023_N2_C0_CKMC_ESR_v10_0_oxygenless,9.120017389542724,248.82140562987553,25.0,10.0,2.0,130137911.25068069,raw_data/run_2804.csv,raw_data/run_2804.json
2805,single,2026-09-24 16:29,KAUST2023_N2_C0_CKMC_ESR_v10_0_oxygenless,3.970294616062425,23.21277184965508,25.0,10.0,2.0,16880.35450992007,raw_data/run_2805.csv,raw_data/run_2805.json
2806,single,2026-09-24 16:29,KAUST2023_N2_C0_CKMC_ESR_v10_0_oxygenless,13.053099422843644,222.41378062477557,25.0,10.0,2.0,6798.240687236026,raw_data/run_2806.csv,raw_data/run_2806.json
2807,single,2026-09-24 16:29,KAUST2023_N2_C0_CKMC_ESR_v10_0_oxygenless,10.637277342065888,166.04283275072683,25.0,10.0,2.0,1884.9222741241215,raw_data/run_2807.csv,raw_data/run_2807.json
2808,single,2026-09-24 16:29,KAUST2023_N2_C0_CKMC_ESR_v10_0_oxygenless,12.9791717212831,188.64061430310818,25.0,10.0,2.0,1839.1094066326496,raw_data/run_2808.csv,raw_data/run_2808.json
2809,single,2026-09-24 16:29,KAUST2023_N2_C0_CKMC_ESR_v10_0_oxygenless,7.3741657016489945,150.23502311038402,25.0,10.0,2.0,4874.231691339285,raw_data/run_2809.csv,raw_data/run_2809.json
2810,single,2026-09-24 16:29,KAUST2023_N2_C0_CKMC_ESR_v10_0_oxygenless,10.596932657397474,140.70376842736948,25.0,10.0,2.0,2320.0551302243284,raw_data/run_2810.csv,raw_data/run_2810.json
2811,single,2026-09-24 16:29,KAUST2023_N2_C0_CKMC_ESR_v10_0_oxygenless,8.17314574427214,125.12150952949312,25.0,10.0,2.0,1875.5088767221207,raw_data/run_2811.csv,raw_data/run_2811.json
2812,single,2026-09-24 16:29,KAUST2023_N2_C0_CKMC_ESR_v10_0_oxygenless,5.109930865352835,254.70929714767496,25.0,10.0,2.0,45028615.05350345,raw_data/run_2812.csv,raw_data/run_2812.json
2813,single,2026-09-24 16:29,KAUST2023_N2_C0_CKMC_ESR_v10_0_oxygenless,13.745872297486681,197.7651977606938,25.0,10.0,2.0,1927.6612540185201,raw_data/run_2813.csv,raw_data/run_2813.json
2814,single,2026-09-24 16:29,KAUST2023_N2_C0_CKMC_ESR_v10_0_oxygenless,11.153444959700337,240.5458703640884,25.0,10.0,2.0,840914.3070394871,raw_data/run_2814.csv,raw_data/run_2814.json
2815,single,2026-09-24 16:29,KAUST2023_N2_C0_CKMC_ESR_v10_0_oxygenless,12.590179211975364,186.7705529023092,25.0,10.0,2.0,1926.423274158539,raw_data/run_2815.csv,raw_data/run_2815.json
2816,single,2026-09-24 16:30,KAUST2023_N2_C0_CKMC_ESR_v10_0_oxygenless,2.300277467648563,64.49589091703925,25.0,10.0,2.0,70240870.15475596,raw_data/run_2816.csv,raw_data/run_2816.json
2817,single,2026-09-24 16:30,KAUST2023_N2_C0_CKMC_ESR_v10_0_oxygenless,12.674119319934047,178.39191396628343,25.0,10.0,2.0,1690.8092238015174,raw_data/run_2817.csv,raw_data/run_2817.json
2818,single,2026-09-24 16:30,KAUST2023_N2_C0_CKMC_ESR_v10_0_oxygenless,11.543299536047952,193.98703962151458,25.0,10.0,2.0,3720.510298062067,raw_data/run_2818.csv,raw_data/run_2818.json
2819,single,2026-09-24 16:30,KAUST2023_N2_C0_CKMC_ESR_v10_0_oxygenless,5.512023556659875,207.00308477797634,25.0,10.0,2.0,60418330.63035153,raw_data/run_2819.csv,raw_data/run_2819.json
2820,single,2026-09-24 16:30,KAUST2023_N2_C0_CKMC_ESR_v10_0_oxygenless,10.763343907022684,145.50322352562677,25.0,10.0,2.0,2142.5719449569697,raw_data/run_2820.csv,raw_data/run_2820.json
2821,single,2026-09-24 16:30,KAUST2023_N2_C0_CKMC_ESR_v10_0_oxygenless,7.183220411369753,184.9946809467032,25.0,10.0,2.0,1032600.2639592089,raw_data/run_2821.csv,raw_data/run_2821.json
2822,single,2026-09-24 16:30,KAUST2023_N2_C0_CKMC_ESR_v10_0_oxygenless,10.990367930800684,263.2030032477677,25.0,10.0,2.0,31445452.390846293,raw_data/run_2822.csv,raw_data/run_2822.json
2823,single,2026-09-24 16:30,KAUST2023_N2_C0_CKMC_ESR_v10_0_oxygenless,12.87324934747046,140.97669291131635,25.0,10.0,2.0,3865.557597584669,raw_data/run_2823.csv,raw_data/run_2823.json
2824,single,2026-09-24 16:30,KAUST2023_N2_C0_CKMC_ESR_v10_0_oxygenless,14.321984032500517,201.63343031631112,25.0,10.0,2.0,1859.3037751509921,raw_data/run_2824.csv,raw_data/run_2824.json
2825,single,2026-09-24 16:30,KAUST2023_N2_C0_CKMC_ESR_v10_0_oxygenless,9.117762115639518,117.30396983847211,25.0,10.0,2.0,2987.871904193725,raw_data/run_2825.csv,raw_data/run_2825.json
2826,single,2026-09-24 16:30,KAUST2023_N2_C0_CKMC_ESR_v10_0_oxygenless,8.609585632495206,252.49392931158474,25.0,10.0,2.0,72118930.97460076,raw_data/run_2826.csv,raw_data/run_2826.json
2827,single,2026-09-24 16:30,KAUST2023_N2_C0_CKMC_ESR_v10_0_oxygenless,10.53343323222859,24.0009205110743,25.0,10.0,2.0,7149365.106332815,raw_data/run_2827.csv,raw_data/run_2827.json
2828,single,2026-09-24 16:30,KAUST2023_N2_C0_CKMC_ESR_v10_0_oxygenless,6.345650689738231,24.716927235170683,25.0,10.0,2.0,181056.89028607187,raw_data/run_2828.csv,raw_data/run_2828.json
2829,single,2026-09-24 16:30,KAUST2023_N2_C0_CKMC_ESR_v10_0_oxygenless,12.139988694850311,157.31411063737784,25.0,10.0,2.0,2174.4721762592058,raw_data/run_2829.csv,raw_data/run_2829.json
2830,single,2026-09-24 16:30,KAUST2023_N2_C0_CKMC_ESR_v10_0_oxygenless,13.740341899045662,194.86889375460692,25.0,10.0,2.0,1802.0003975278466,raw_data/run_2830.csv,raw_data/run_2830.json
2831,single,2026-09-24 16:30,KAUST2023_N2_C0_CKMC_ESR_v10_0_oxygenless,13.532699411267764,200.66531847350336,25.0,10.0,2.0,2246.4963165737413,raw_data/run_2831.csv,raw_data/run_2831.json
2832,single,2026-09-24 16:30,KAUST2023_N2_C0_CKMC_ESR_v10_0_oxygenless,14.027071178076849,202.1315782373568,25.0,10.0,2.0,2028.3159283617522,raw_data/run_2832.csv,raw_data/run_2832.json
2833,single,2026-09-24 16:30,KAUST2023_N2_C0_CKMC_ESR_v10_0_oxygenless,11.029219929731997,168.45711778082364,25.0,10.0,2.0,1814.6695511520966,raw_data/run_2833.csv,raw_data/run_2833.json
2834,single,2026-09-24 16:30,KAUST2023_N2_C0_CKMC_ESR_v10_0_oxygenless,11.404915063827024,142.84897848797698,25.0,10.0,2.0,2650.116835237626,raw_data/run_2834.csv,raw_data/run_2834.json
2835,single,2026-09-24 16:30,KAUST2023_N2_C0_CKMC_ESR_v10_0_oxygenless,13.01262494764614,176.0114078668762,25.0,10.0,2.0,1750.534695814432,raw_data/run_2835.csv,raw_data/run_2835.json
2836,single,2026-09-24 16:30,KAUST2023_N2_C0_CKMC_ESR_v10_0_oxygenless,12.712493430645967,185.2286259583941,25.0,10.0,2.0,1806.711384020701,raw_data/run_2836.csv,raw_data/run_2836.json
2837,single,2026-09-24 16:30,KAUST2023_N2_C0_CKMC_ESR_v10_0_oxygenless,9.764999699591606,168.6631414034735,25.0,10.0,2.0,2898.394336990482,raw_data/run_2837.csv,raw_data/run_2837.json
2838,single,2026-09-24 16:30,KAUST2023_N2_C0_CKMC_ESR_v10_0_oxygenless,14.072204320154192,180.90988718729662,25.0,10.0,2.0,1863.6660812039324,raw_data/run_2838.csv,raw_data/run_2838.json
2839,single,2026-09-24 16:30,KAUST2023_N2_C0_CKMC_ESR_v10_0_oxygenless,9.929631141122059,1.149904258870148,25.0,10.0,2.0,56253493324.82369,raw_data/run_2839.csv,raw_data/run_2839.json
2840,single,2026-09-24 16:30,KAUST2023_N2_C0_CKMC_ESR_v10_0_oxygenless,10.974508528652366,160.6185131240797,25.0,10.0,2.0,1717.814955968071,raw_data/run_2840.csv,raw_data/run_2840.json
2841,single,2026-09-24 16:30,KAUST2023_N2_C0_CKMC_ESR_v10_0_oxygenless,8.972144057426823,218.76912889132092,25.0,10.0,2.0,3935946.2118084305,raw_data/run_2841.csv,raw_data/run_2841.json
2842,single,2026-09-24 16:30,KAUST2023_N2_C0_CKMC_ESR_v10_0_oxygenless,12.695577386510289,178.09983772824646,25.0,10.0,2.0,1690.8100548887367,raw_data/run_2842.csv,raw_data/run_2842.json
2843,single,2026-09-24 16:30,KAUST2023_N2_C0_CKMC_ESR_v10_0_oxygenless,12.091385747529731,167.06024052209344,25.0,10.0,2.0,1774.8977570197228,raw_data/run_2843.csv,raw_data/run_2843.json
2844,single,2026-09-24 16:30,KAUST2023_N2_C0_CKMC_ESR_v10_0_oxygenless,7.5896712322223685,123.38484074635414,25.0,10.0,2.0,1774.3171114651939,raw_data/run_2844.csv,raw_data/run_2844.json
2845,single,2026-09-24 16:30,KAUST2023_N2_C0_CKMC_ESR_v10_0_oxygenless,10.725110265060293,254.2356290077956,25.0,10.0,2.0,25621596.754140574,raw_data/run_2845.csv,raw_data/run_2845.json
2846,single,2026-09-24 16:30,KAUST2023_N2_C0_CKMC_ESR_v10_0_oxygenless,4.212163812014446,228.51327194156252,25.0,10.0,2.0,41584527.98550114,raw_data/run_2846.csv,raw_data/run_2846.json
2847,single,2026-09-24 16:30,KAUST2023_N2_C0_CKMC_ESR_v10_0_oxygenless,2.7715967918796376,235.57616808610067,25.0,10.0,2.0,9315625.162900673,raw_data/run_2847.csv,raw_data/run_2847.json
2848,single,2026-09-24 16:30,KAUST2023_N2_C0_CKMC_ESR_v10_0_oxygenless,13.015645572271753,183.96184834633198,25.0,10.0,2.0,1703.3151020027512,raw_data/run_2848.csv,raw_data/run_2848.json
2849,single,2026-09-24 16:30,KAUST2023_N2_C0_CKMC_ESR_v10_0_oxygenless,10.270935813057976,237.01750736544602,25.0,10.0,2.0,3819909.526819851,raw_data/run_2849.csv,raw_data/run_2849.json
2850,single,2026-09-24 16:30,KAUST2023_N2_C0_CKMC_ESR_v10_0_oxygenless,8.943068206065398,471.76746245531734,25.0,10.0,2.0,17334029.335147142,raw_data/run_2850.csv,raw_data/run_2850.json
2851,single,2026-09-24 16:30,KAUST2023_N2_C0_CKMC_ESR_v10_0_oxygenless,10.65144773984693,238.54488506678348,25.0,10.0,2.0,2441873.0677960343,raw_data/run_2851.csv,raw_data/run_2851.json
2852,single,2026-09-24 16:30,KAUST2023_N2_C0_CKMC_ESR_v10_0_oxygenless,7.450961953846144,175.23401382512907,25.0,10.0,2.0,64269.871200243884,raw_data/run_2852.csv,raw_data/run_2852.json
2853,single,2026-09-24 16:30,KAUST2023_N2_C0_CKMC_ESR_v10_0_oxygenless,12.869892171187669,187.24082027217406,25.0,10.0,2.0,1824.999392095329,raw_data/run_2853.csv,raw_data/run_2853.json
2854,single,2026-09-24 16:30,KAUST2023_N2_C0_CKMC_ESR_v10_0_oxygenless,2.873187632932782,237.68969900806647,25.0,10.0,2.0,9363151.875892915,raw_data/run_2854.csv,raw_data/run_2854.json
2855,single,2026-09-24 16:30,KAUST2023_N2_C0_CKMC_ESR_v10_0_oxygenless,7.522993556667376,117.74873092742592,25.0,10.0,2.0,1873.1463334921227,raw_data/run_2855.csv,raw_data/run_2855.json
2856,single,2026-09-24 16:30,KAUST2023_N2_C0_CKMC_ESR_v10_0_oxygenless,10.399152110796777,159.0626142870105,25.0,10.0,2.0,1746.5963428368934,raw_data/run_2856.csv,raw_data/run_2856.json
2857,single,2026-09-24 16:30,KAUST2023_N2_C0_CKMC_ESR_v10_0_oxygenless,10.794331423480868,167.0060707208337,25.0,10.0,2.0,1854.0323898527702,raw_data/run_2857.csv,raw_data/run_2857.json
2858,single,2026-09-24 16:30,KAUST2023_N2_C0_CKMC_ESR_v10_0_oxygenless,13.05844659077325,110.11812380243406,25.0,10.0,2.0,10225.724891896683,raw_data/run_2858.csv,raw_data/run_2858.json
2859,single,2026-09-24 16:30,KAUST2023_N2_C0_CKMC_ESR_v10_0_oxygenless,12.035628890622819,164.2268879505838,25.0,10.0,2.0,1842.8651520878468,raw_data/run_2859.csv,raw_data/run_2859.json
2860,single,2026-09-24 16:30,KAUST2023_N2_C0_CKMC_ESR_v10_0_oxygenless,8.458965680671739,130.57362761806579,25.0,10.0,2.0,1807.2520242427784,raw_data/run_2860.csv,raw_data/run_2860.json
2861,single,2026-09-24 16:30,KAUST2023_N2_C0_CKMC_ESR_v10_0_oxygenless,4.3218791696078,4.3226859841233845,25.0,10.0,2.0,207372444.76040807,raw_data/run_2861.csv,raw_data/run_2861.json
2862,single,2026-09-24 16:30,KAUST2023_N2_C0_CKMC_ESR_v10_0_oxygenless,13.114834543486067,119.99491017467462,25.0,10.0,2.0,7526.604017450834,raw_data/run_2862.csv,raw_data/run_2862.json
2863,single,2026-09-24 16:30,KAUST2023_N2_C0_CKMC_ESR_v10_0_oxygenless,10.737301092607476,142.90151443087683,25.0,10.0,2.0,2269.12116462057,raw_data/run_2863.csv,raw_data/run_2863.json
2864,single,2026-09-24 16:30,KAUST2023_N2_C0_CKMC_ESR_v10_0_oxygenless,8.723566408632474,210.64739341331259,25.0,10.0,2.0,1614076.1967585061,raw_data/run_2864.csv,raw_data/run_2864.json
2865,single,2026-09-24 16:30,KAUST2023_N2_C0_CKMC_ESR_v10_0_oxygenless,8.415171156176434,164.61900209664685,25.0,10.0,2.0,5022.140254878261,raw_data/run_2865.csv,raw_data/run_2865.json
2866,single,2026-09-24 16:30,KAUST2023_N2_C0_CKMC_ESR_v10_0_oxygenless,9.584793062031741,146.54368537112302,25.0,10.0,2.0,1736.522460228942,raw_data/run_2866.csv,raw_data/run_2866.json
2867,single,2026-09-24 16:30,KAUST2023_N2_C0_CKMC_ESR_v10_0_oxygenless,9.916266609609979,268.157152551944,25.0,10.0,2.0,47526789.10585684,raw_data/run_2867.csv,raw_data/run_2867.json
2868,single,2026-09-24 16:30,KAUST2023_N2_C0_CKMC_ESR_v10_0_oxygenless,6.99130418406165,244.806585336702,25.0,10.0,2.0,35511586.824278615,raw_data/run_2868.csv,raw_data/run_2868.json
2869,single,2026-09-24 16:30,KAUST2023_N2_C0_CKMC_ESR_v10_0_oxygenless,1.2063587288774098,250.31709259564184,25.0,10.0,2.0,1.9989871090442736e+33,raw_data/run_2869.csv,raw_data/run_2869.json
2870,single,2026-09-24 16:30,KAUST2023_N2_C0_CKMC_ESR_v10_0_oxygenless,9.288055976142552,136.95740836983342,25.0,10.0,2.0,1879.1662238577703,raw_data/run_2870.csv,raw_data/run_2870.json
2871,single,2026-09-24 16:30,KAUST2023_N2_C0_CKMC_ESR_v10_0_oxygenless,10.719670778560362,157.91779334079544,25.0,10.0,2.0,1722.5028668788707,raw_data/run_2871.csv,raw_data/run_2871.json
2872,single,2026-09-24 16:30,KAUST2023_N2_C0_CKMC_ESR_v10_0_oxygenless,5.691384884821013,14.05914304403903,25.0,10.0,2.0,8319425.196948385,raw_data/run_2872.csv,raw_data/run_2872.json
2873,single,2026-09-24 16:30,KAUST2023_N2_C0_CKMC_ESR_v10_0_oxygenless,13.731489271072931,268.157152551944,25.0,10.0,2.0,439934.238055182,raw_data/run_2873.csv,raw_data/run_2873.json
2874,single,2026-09-24 16:30,KAUST2023_N2_C0_CKMC_ESR_v10_0_oxygenless,12.949367570882337,178.63711541115137,25.0,10.0,2.0,1698.332135227649,raw_data/run_2874.csv,raw_data/run_2874.json
2875,single,2026-09-24 16:30,KAUST2023_N2_C0_CKMC_ESR_v10_0_oxygenless,12.695577386510289,167.86307688020642,25.0,10.0,2.0,1918.9142154277774,raw_data/run_2875.csv,raw_data/run_2875.json
2876,single,2026-09-24 16:30,KAUST2023_N2_C0_CKMC_ESR_v10_0_oxygenless,13.848901637772006,196.78790347554587,25.0,10.0,2.0,1837.494135212833,raw_data/run_2876.csv,raw_data/run_2876.json
2877,single,2026-09-24 16:30,KAUST2023_N2_C0_CKMC_ESR_v10_0_oxygenless,7.5896712322223685,136.00750335312654,25.0,10.0,2.0,2268.2894920125564,raw_data/run_2877.csv,raw_data/run_2877.json
2878,single,2026-09-24 16:30,KAUST2023_N2_C0_CKMC_ESR_v10_0_oxygenless,9.415490021419513,228.61986508699758,25.0,10.0,2.0,7115490.454941832,raw_data/run_2878.csv,raw_data/run_2878.json
2879,single,2026-09-24 16:30,KAUST2023_N2_C0_CKMC_ESR_v10_0_oxygenless,9.504958087713005,143.42097007162843,25.0,10.0,2.0,1764.2398710261775,raw_data/run_2879.csv,raw_data/run_2879.json
2880,single,2026-09-24 16:30,KAUST2023_N2_C0_CKMC_ESR_v10_0_oxygenless,8.187658121884546,171.58404821867734,25.0,10.0,2.0,10095.084395477035,raw_data/run_2880.csv,raw_data/run_2880.json
2881,single,2026-09-24 16:30,KAUST2023_N2_C0_CKMC_ESR_v10_0_oxygenless,10.35415020454748,159.34598545343835,25.0,10.0,2.0,1762.1456391700115,raw_data/run_2881.csv,raw_data/run_2881.json
2882,single,2026-09-24 16:30,KAUST2023_N2_C0_CKMC_ESR_v10_0_oxygenless,8.042522699864652,227.74143140103806,25.0,10.0,2.0,40142656.507430784,raw_data/run_2882.csv,raw_data/run_2882.json
2883,single,2026-09-24 16:30,KAUST2023_N2_C0_CKMC_ESR_v10_0_oxygenless,1.1777977941137117,30.933310853704345,25.0,10.0,2.0,4.9138545317804525e+100,raw_data/run_2883.csv,raw_data/run_2883.json
2884,single,2026-09-24 16:30,KAUST2023_N2_C0_CKMC_ESR_v10_0_oxygenless,10.413582500474309,180.36295175673385,25.0,10.0,2.0,3489.6471565006855,raw_data/run_2884.csv,raw_data/run_2884.json
2885,single,2026-09-24 16:30,KAUST2023_N2_C0_CKMC_ESR_v10_0_oxygenless,13.463592701647348,175.23401382512907,25.0,10.0,2.0,1886.878267403225,raw_data/run_2885.csv,raw_data/run_2885.json
2886,single,2026-09-24 16:30,KAUST2023_N2_C0_CKMC_ESR_v10_0_oxygenless,13.589228601526912,187.24082027217406,25.0,10.0,2.0,1680.9842103021601,raw_data/run_2886.csv,raw_data/run_2886.json
2887,single,2026-09-24 16:30,KAUST2023_N2_C0_CKMC_ESR_v10_0_oxygenless,10.292014106999858,151.32554565026507,25.0,10.0,2.0,1758.8445895681277,raw_data/run_2887.csv,raw_data/run_2887.json
2888,single,2026-09-24 16:30,KAUST2023_N2_C0_CKMC_ESR_v10_0_oxygenless,12.94011490842519,176.53302216222653,25.0,10.0,2.0,1727.3015657242129,raw_data/run_2888.csv,raw_data/run_2888.json
2889,single,2026-09-24 16:30,KAUST2023_N2_C0_CKMC_ESR_v10_0_oxygenless,9.358002474181777,139.57804718575161,25.0,10.0,2.0,1818.46444480725,raw_data/run_2889.csv,raw_data/run_2889.json
2890,single,2026-09-24 16:30,KAUST2023_N2_C0_CKMC_ESR_v10_0_oxygenless,12.87324934747046,244.91182651868087,25.0,10.0,2.0,63538.74410891425,raw_data/run_2890.csv,raw_data/run_2890.json
2891,single,2026-09-24 16:30,KAUST2023_N2_C0_CKMC_ESR_v10_0_oxygenless,13.543764407451262,192.86963291603212,25.0,10.0,2.0,1796.2111106436278,raw_data/run_2891.csv,raw_data/run_2891.json
2892,single,2026-09-24 16:30,KAUST2023_N2_C0_CKMC_ESR_v10_0_oxygenless,10.157861761798392,158.00443273664328,25.0,10.0,2.0,1782.7355054401444,raw_data/run_2892.csv,raw_data/run_2892.json
2893,single,2026-09-24 16:30,KAUST2023_N2_C0_CKMC_ESR_v10_0_oxygenless,13.289981653401714,183.30190131568364,25.0,10.0,2.0,1684.079802573575,raw_data/run_2893.csv,raw_data/run_2893.json
2894,single,2026-09-24 16:30,KAUST2023_N2_C0_CKMC_ESR_v10_0_oxygenless,5.212197614048893,116.8358853067964,25.0,10.0,2.0,5525.195026632733,raw_data/run_2894.csv,raw_data/run_2894.json
2895,single,2026-09-24 16:30,KAUST2023_N2_C0_CKMC_ESR_v10_0_oxygenless,7.21761226614646,205.33188519866476,25.0,10.0,2.0,37587990.64012519,raw_data/run_2895.csv,raw_data/run_2895.json
2896,single,2026-09-24 16:30,KAUST2023_N2_C0_CKMC_ESR_v10_0_oxygenless,9.511492698183154,150.91301765403043,25.0,10.0,2.0,1789.6894625833388,raw_data/run_2896.csv,raw_data/run_2896.json
2897,single,2026-09-24 16:30,KAUST2023_N2_C0_CKMC_ESR_v10_0_oxygenless,12.944707640151996,170.73813406410352,25.0,10.0,2.0,1891.312382011665,raw_data/run_2897.csv,raw_data/run_2897.json
2898,single,2026-09-24 16:30,KAUST2023_N2_C0_CKMC_ESR_v10_0_oxygenless,10.91574075587064,160.30515544782537,25.0,10.0,2.0,1716.9084344523576,raw_data/run_2898.csv,raw_data/run_2898.json
2899,single,2026-09-24 16:30,KAUST2023_N2_C0_CKMC_ESR_v10_0_oxygenless,14.175825815215976,194.71869884585712,25.0,10.0,2.0,1695.1077629814315,raw_data/run_2899.csv,raw_data/run_2899.json
2900,single,2026-09-24 16:30,KAUST2023_N2_C0_CKMC_ESR_v10_0_oxygenless,13.666563624985493,186.1608668403026,25.0,10.0,2.0,1681.5738971206342,raw_data/run_2900.csv,raw_data/run_2900.json
2901,single,2026-09-24 16:30,KAUST2023_N2_C0_CKMC_ESR_v10_0_oxygenless,7.733471814851015,209.60239075254523,25.0,10.0,2.0,21063666.189780086,raw_data/run_2901.csv,raw_data/run_2901.json
2902,single,2026-09-24 16:30,KAUST2023_N2_C0_CKMC_ESR_v10_0_oxygenless,14.027460565117414,119.58638067840621,25.0,10.0,2.0,9254.518739849027,raw_data/run_2902.csv,raw_data/run_2902.json
2903,single,2026-09-24 16:30,KAUST2023_N2_C0_CKMC_ESR_v10_0_oxygenless,5.8938668749937575,203.61260051109005,25.0,10.0,2.0,57074657.0127506,raw_data/run_2903.csv,raw_data/run_2903.json
2904,single,2026-09-24 16:30,KAUST2023_N2_C0_CKMC_ESR_v10_0_oxygenless,13.515062025204319,183.31026424970023,25.0,10.0,2.0,1695.8249034028534,raw_data/run_2904.csv,raw_data/run_2904.json
2905,single,2026-09-24 16:30,KAUST2023_N2_C0_CKMC_ESR_v10_0_oxygenless,14.313961449293165,10.760716857789454,25.0,10.0,2.0,67102310.3362772,raw_data/run_2905.csv,raw_data/run_2905.json
2906,single,2026-09-24 16:30,KAUST2023_N2_C0_CKMC_ESR_v10_0_oxygenless,14.069152669490492,192.0665100763801,25.0,10.0,2.0,1678.3420904528662,raw_data/run_2906.csv,raw_data/run_2906.json
2907,single,2026-09-24 16:30,KAUST2023_N2_C0_CKMC_ESR_v10_0_oxygenless,10.56783838292773,13.604786578832185,25.0,10.0,2.0,36447276.1954757,raw_data/run_2907.csv,raw_data/run_2907.json
2908,single,2026-09-24 16:30,KAUST2023_N2_C0_CKMC_ESR_v10_0_oxygenless,7.418336351333028,1.7826416173940065,25.0,10.0,2.0,29601735921.566975,raw_data/run_2908.csv,raw_data/run_2908.json
2909,single,2026-09-24 16:30,KAUST2023_N2_C0_CKMC_ESR_v10_0_oxygenless,9.14386262020229,16.258897401993472,25.0,10.0,2.0,11246765.334971825,raw_data/run_2909.csv,raw_data/run_2909.json
2910,single,2026-09-24 16:30,KAUST2023_N2_C0_CKMC_ESR_v10_0_oxygenless,1.4450167159761182,10.36301201033574,25.0,10.0,2.0,6.381831920786088e+111,raw_data/run_2910.csv,raw_data/run_2910.json
2911,single,2026-09-24 16:30,KAUST2023_N2_C0_CKMC_ESR_v10_0_oxygenless,2.2055525237090423,33.53200822767507,25.0,10.0,2.0,338960609.0290728,raw_data/run_2911.csv,raw_data/run_2911.json
2912,single,2026-09-24 16:30,KAUST2023_N2_C0_CKMC_ESR_v10_0_oxygenless,8.05244047547337,16.47128104829145,25.0,10.0,2.0,23630215.230460543,raw_data/run_2912.csv,raw_data/run_2912.json
2913,single,2026-09-24 16:30,KAUST2023_N2_C0_CKMC_ESR_v10_0_oxygenless,1.9019473732027805,3.3283369859986567,25.0,10.0,2.0,3.934266899615212e+113,raw_data/run_2913.csv,raw_data/run_2913.json
2914,single,2026-09-24 16:30,KAUST2023_N2_C0_CKMC_ESR_v10_0_oxygenless,3.7346847455492975,223.37362026939536,25.0,10.0,2.0,33505189.330052543,raw_data/run_2914.csv,raw_data/run_2914.json
2915,single,2026-09-24 16:30,KAUST2023_N2_C0_CKMC_ESR_v10_0_oxygenless,4.366340375601078,121.84172508563611,25.0,10.0,2.0,224448.70036503178,raw_data/run_2915.csv,raw_data/run_2915.json
2916,single,2026-09-24 16:30,KAUST2023_N2_C0_CKMC_ESR_v10_0_oxygenless,7.755687408292854,15.579401582760072,25.0,10.0,2.0,23838411.259931646,raw_data/run_2916.csv,raw_data/run_2916.json
2917,single,2026-09-24 16:30,KAUST2023_N2_C0_CKMC_ESR_v10_0_oxygenless,8.539161775684489,292.6061050510393,25.0,10.0,2.0,59408138.61055349,raw_data/run_2917.csv,raw_data/run_2917.json
2918,single,2026-09-24 16:30,KAUST2023_N2_C0_CKMC_ESR_v10_0_oxygenless,7.921255799771281,297.4679133558036,25.0,10.0,2.0,26260894.410227537,raw_data/run_2918.csv,raw_data/run_2918.json
2919,single,2026-09-24 16:30,KAUST2023_N2_C0_CKMC_ESR_v10_0_oxygenless,6.210435173581963,30.501306433599,25.0,10.0,2.0,70410.93788951944,raw_data/run_2919.csv,raw_data/run_2919.json
2920,single,2026-09-24 16:30,KAUST2023_N2_C0_CKMC_ESR_v10_0_oxygenless,1.8919043337904755,123.41841364655077,25.0,10.0,2.0,15913351.086481214,raw_data/run_2920.csv,raw_data/run_2920.json
2921,single,2026-09-24 16:30,KAUST2023_N2_C0_CKMC_ESR_v10_0_oxygenless,4.476553675278275,260.8034857164384,25.0,10.0,2.0,18253537.0019521,raw_data/run_2921.csv,raw_data/run_2921.json
2922,single,2026-09-24 16:30,KAUST2023_N2_C0_CKMC_ESR_v10_0_oxygenless,7.252492567256272,181.46246587262962,25.0,10.0,2.0,391837.42059165746,raw_data/run_2922.csv,raw_data/run_2922.json
2923,single,2026-09-24 16:30,KAUST2023_N2_C0_CKMC_ESR_v10_0_oxygenless,4.234787621074558,11.676626060053906,25.0,10.0,2.0,488797.7395555899,raw_data/run_2923.csv,raw_data/run_2923.json
2924,single,2026-09-24 16:30,KAUST2023_N2_C0_CKMC_ESR_v10_0_oxygenless,8.727809341316085,10.596765192019147,25.0,10.0,2.0,135068104.40337226,raw_data/run_2924.csv,raw_data/run_2924.json
2925,single,2026-09-24 16:30,KAUST2023_N2_C0_CKMC_ESR_v10_0_oxygenless,2.512996113665567,44.51580804895146,25.0,10.0,2.0,2798106.952616614,raw_data/run_2925.csv,raw_data/run_2925.json
2926,single,2026-09-24 16:30,KAUST2023_N2_C0_CKMC_ESR_v10_0_oxygenless,9.14386262020229,350.60601987748913,25.0,10.0,2.0,28353913.959692735,raw_data/run_2926.csv,raw_data/run_2926.json
2927,single,2026-09-24 16:30,KAUST2023_N2_C0_CKMC_ESR_v10_0_oxygenless,3.179098457696459,10.4019878149488,25.0,10.0,2.0,25858.158438747276,raw_data/run_2927.csv,raw_data/run_2927.json
2928,single,2026-09-24 16:30,KAUST2023_N2_C0_CKMC_ESR_v10_0_oxygenless,5.609857318197534,104.3224381973864,25.0,10.0,2.0,2192.721668143138,raw_data/run_2928.csv,raw_data/run_2928.json
2929,single,2026-09-24 16:30,KAUST2023_N2_C0_CKMC_ESR_v10_0_oxygenless,7.7161972981842775,23.21277184965508,25.0,10.0,2.0,5740008.229870698,raw_data/run_2929.csv,raw_data/run_2929.json
2930,single,2026-09-24 16:30,KAUST2023_N2_C0_CKMC_ESR_v10_0_oxygenless,11.252853178901464,68.34518097587939,25.0,10.0,2.0,36194.54755364649,raw_data/run_2930.csv,raw_data/run_2930.json
2931,single,2026-09-24 16:30,KAUST2023_N2_C0_CKMC_ESR_v10_0_oxygenless,13.84861996180621,7.243402759144114,25.0,10.0,2.0,1276660804.010672,raw_data/run_2931.csv,raw_data/run_2931.json
2932,single,2026-09-24 16:30,KAUST2023_N2_C0_CKMC_ESR_v10_0_oxygenless,2.212094353358607,134.57645440877894,25.0,10.0,2.0,21889184.128284153,raw_data/run_2932.csv,raw_data/run_2932.json
2933,single,2026-09-24 16:30,KAUST2023_N2_C0_CKMC_ESR_v10_0_oxygenless,6.738936990999407,48.2205925200364,25.0,10.0,2.0,22659.357049536007,raw_data/run_2933.csv,raw_data/run_2933.json
2934,single,2026-09-24 16:30,KAUST2023_N2_C0_CKMC_ESR_v10_0_oxygenless,11.561244191624107,471.76746245531734,25.0,10.0,2.0,81405106.90454903,raw_data/run_2934.csv,raw_data/run_2934.json
2935,single,2026-09-24 16:30,KAUST2023_N2_C0_CKMC_ESR_v10_0_oxygenless,5.280237209446234,73.05303853536947,25.0,10.0,2.0,2609.4332797742,raw_data/run_2935.csv,raw_data/run_2935.json
2936,single,2026-09-24 16:30,KAUST2023_N2_C0_CKMC_ESR_v10_0_oxygenless,8.560629041464967,176.06915782364777,25.0,10.0,2.0,9685.494486500082,raw_data/run_2936.csv,raw_data/run_2936.json
2937,single,2026-09-24 16:30,KAUST2023_N2_C0_CKMC_ESR_v10_0_oxygenless,4.207683508544567,26.35023572183842,25.0,10.0,2.0,16660.745654036054,raw_data/run_2937.csv,raw_data/run_2937.json
2938,single,2026-09-24 16:30,KAUST2023_N2_C0_CKMC_ESR_v10_0_oxygenless,5.212197614048893,83.85653704106313,25.0,10.0,2.0,1881.882370944021,raw_data/run_2938.csv,raw_data/run_2938.json
2939,single,2026-09-24 16:30,KAUST2023_N2_C0_CKMC_ESR_v10_0_oxygenless,4.902975321411163,84.56123675317973,25.0,10.0,2.0,1945.5221521045596,raw_data/run_2939.csv,raw_data/run_2939.json
2940,single,2026-09-24 16:30,KAUST2023_N2_C0_CKMC_ESR_v10_0_oxygenless,4.221794035531648,78.5648791068682,25.0,10.0,2.0,2797.7869030615293,raw_data/run_2940.csv,raw_data/run_2940.json
2941,single,2026-09-24 16:30,KAUST2023_N2_C0_CKMC_ESR_v10_0_oxygenless,5.1016900779135765,82.45218576146954,25.0,10.0,2.0,1872.1967731568275,raw_data/run_2941.csv,raw_data/run_2941.json
2942,single,2026-09-24 16:30,KAUST2023_N2_C0_CKMC_ESR_v10_0_oxygenless,6.271380322260536,12.590740146925063,25.0,10.0,2.0,116661288.36235905,raw_data/run_2942.csv,raw_data/run_2942.json
2943,single,2026-09-24 16:30,KAUST2023_N2_C0_CKMC_ESR_v10_0_oxygenless,5.84946521662411,178.6779288281264,25.0,10.0,2.0,37484601.61422961,raw_data/run_2943.csv,raw_data/run_2943.json
2944,single,2026-09-24 16:30,KAUST2023_N2_C0_CKMC_ESR_v10_0_oxygenless,10.080119324281746,36.00634991269617,25.0,10.0,2.0,289693.87434688665,raw_data/run_2944.csv,raw_data/run_2944.json
2945,single,2026-09-24 16:30,KAUST2023_N2_C0_CKMC_ESR_v10_0_oxygenless,8.216800950660035,66.5415226608988,25.0,10.0,2.0,15677.742112516715,raw_data/run_2945.csv,raw_data/run_2945.json
2946,single,2026-09-24 16:30,KAUST2023_N2_C0_CKMC_ESR_v10_0_oxygenless,4.434092029553693,150.0542088173289,25.0,10.0,2.0,19252718.34237903,raw_data/run_2946.csv,raw_data/run_2946.json
2947,single,2026-09-24 16:30,KAUST2023_N2_C0_CKMC_ESR_v10_0_oxygenless,3.2499326275587537,35.83768253011535,25.0,10.0,2.0,2930.9646209601433,raw_data/run_2947.csv,raw_data/run_2947.json
2948,single,2026-09-24 16:30,KAUST2023_N2_C0_CKMC_ESR_v10_0_oxygenless,7.317550246935483,121.84172508563611,25.0,10.0,2.0,1782.1573596590117,raw_data/run_2948.csv,raw_data/run_2948.json
2949,single,2026-09-24 16:30,KAUST2023_N2_C0_CKMC_ESR_v10_0_oxygenless,9.169307697290305,280.3227173469362,25.0,10.0,2.0,56192749.45594573,raw_data/run_2949.csv,raw_data/run_2949.json
2950,single,2026-09-24 16:30,KAUST2023_N2_C0_CKMC_ESR_v10_0_oxygenless,6.581393730509871,701.2649856833282,25.0,10.0,2.0,1.7976931348623157e+308,raw_data/run_2950.csv,raw_data/run_2950.json
2951,single,2026-09-24 16:30,KAUST2023_N2_C0_CKMC_ESR_v10_0_oxygenless,5.758844783358067,297.4679133558036,25.0,10.0,2.0,20120056.15721059,raw_data/run_2951.csv,raw_data/run_2951.json
2952,single,2026-09-24 16:30,KAUST2023_N2_C0_CKMC_ESR_v10_0_oxygenless,4.6026036759873765,61.12984543031579,25.0,10.0,2.0,2531.996018024204,raw_data/run_2952.csv,raw_data/run_2952.json
2953,single,2026-09-24 16:30,KAUST2023_N2_C0_CKMC_ESR_v10_0_oxygenless,11.663456606910557,37.66698184484084,25.0,10.0,2.0,461195.5837840166,raw_data/run_2953.csv,raw_data/run_2953.json
2954,single,2026-09-24 16:30,KAUST2023_N2_C0_CKMC_ESR_v10_0_oxygenless,11.061120630397522,552.6991164296827,25.0,10.0,2.0,42884226.94789499,raw_data/run_2954.csv,raw_data/run_2954.json
2955,single,2026-09-24 16:30,KAUST2023_N2_C0_CKMC_ESR_v10_0_oxygenless,2.2876228106323966,16.16439154010518,25.0,10.0,2.0,17242749.64548787,raw_data/run_2955.csv,raw_data/run_2955.json
2956,single,2026-09-24 16:30,KAUST2023_N2_C0_CKMC_ESR_v10_0_oxygenless,7.572491266622774,67.62395078412612,25.0,10.0,2.0,11456.681782617987,raw_data/run_2956.csv,raw_data/run_2956.json
2957,single,2026-09-24 16:30,KAUST2023_N2_C0_CKMC_ESR_v10_0_oxygenless,3.4493454686753275,38.053471149156394,25.0,10.0,2.0,2698.444754431687,raw_data/run_2957.csv,raw_data/run_2957.json
2958,single,2026-09-24 16:30,KAUST2023_N2_C0_CKMC_ESR_v10_0_oxygenless,6.217993259315431,27.05815543939321,25.0,10.0,2.0,108334.69007848544,raw_data/run_2958.csv,raw_data/run_2958.json
2959,single,2026-09-24 16:30,KAUST2023_N2_C0_CKMC_ESR_v10_0_oxygenless,9.14386262020229,362.14888594747515,25.0,10.0,2.0,22580858.39594366,raw_data/run_2959.csv,raw_data/run_2959.json
2960,single,2026-09-24 16:30,KAUST2023_N2_C0_CKMC_ESR_v10_0_oxygenless,5.2978145620948895,365.9386212127158,25.0,10.0,2.0,8546811.302682338,raw_data/run_2960.csv,raw_data/run_2960.json
2961,single,2026-09-24 16:30,KAUST2023_N2_C0_CKMC_ESR_v10_0_oxygenless,5.997536045758338,93.04308178693309,25.0,10.0,2.0,2044.4228995654469,raw_data/run_2961.csv,raw_data/run_2961.json
2962,single,2026-09-24 16:30,KAUST2023_N2_C0_CKMC_ESR_v10_0_oxygenless,4.289431723677703,78.58274405020411,25.0,10.0,2.0,2607.860903213473,raw_data/run_2962.csv,raw_data/run_2962.json
2963,single,2026-09-24 16:30,KAUST2023_N2_C0_CKMC_ESR_v10_0_oxygenless,5.645591341785815,130.03710405826828,25.0,10.0,2.0,7833.672042098123,raw_data/run_2963.csv,raw_data/run_2963.json
2964,single,2026-09-24 16:30,KAUST2023_N2_C0_CKMC_ESR_v10_0_oxygenless,13.508349853412824,3.1476186707900005,25.0,10.0,3.0,11526678678.456505,raw_data/run_2964.csv,raw_data/run_2964.json
2965,single,2026-09-24 16:30,KAUST2023_N2_C0_CKMC_ESR_v10_0_oxygenless,7.509831077871849,796.8632626742161,25.0,10.0,3.0,1.7976931348623157e+308,raw_data/run_2965.csv,raw_data/run_2965.json
2966,single,2026-09-24 16:30,KAUST2023_N2_C0_CKMC_ESR_v10_0_oxygenless,9.460797939644005,45.51671607237317,25.0,10.0,3.0,50720.91514137562,raw_data/run_2966.csv,raw_data/run_2966.json
2967,single,2026-09-24 16:30,KAUST2023_N2_C0_CKMC_ESR_v10_0_oxygenless,13.548457071773806,40.207789020096854,25.0,10.0,3.0,375054.7300709216,raw_data/run_2967.csv,raw_data/run_2967.json
2968,single,2026-09-24 16:30,KAUST2023_N2_C0_CKMC_ESR_v10_0_oxygenless,3.806747949263178,346.4415437537262,25.0,10.0,3.0,5097621.26294027,raw_data/run_2968.csv,raw_data/run_2968.json
2969,single,2026-09-24 16:30,KAUST2023_N2_C0_CKMC_ESR_v10_0_oxygenless,11.413801195757426,30.01827236384758,25.0,10.0,3.0,1561940.8081611344,raw_data/run_2969.csv,raw_data/run_2969.json
2970,single,2026-09-24 16:30,KAUST2023_N2_C0_CKMC_ESR_v10_0_oxygenless,15.15266331004433,269.331193709423,25.0,10.0,3.0,865057.1451609657,raw_data/run_2970.csv,raw_data/run_2970.json
2971,single,2026-09-24 16:30,KAUST2023_N2_C0_CKMC_ESR_v10_0_oxygenless,7.215571875060912,471.6373177099666,25.0,10.0,3.0,8255730.686272024,raw_data/run_2971.csv,raw_data/run_2971.json
2972,single,2026-09-24 16:30,KAUST2023_N2_C0_CKMC_ESR_v10_0_oxygenless,12.780674961249078,787.3553787230179,25.0,10.0,3.0,16606710.244896965,raw_data/run_2972.csv,raw_data/run_2972.json
2973,single,2026-09-24 16:30,KAUST2023_N2_C0_CKMC_ESR_v10_0_oxygenless,15.122480108061687,300.01817199735467,25.0,10.0,3.0,34159127.93732667,raw_data/run_2973.csv,raw_data/run_2973.json
2974,single,2026-09-24 16:30,KAUST2023_N2_C0_CKMC_ESR_v10_0_oxygenless,10.520350080367185,22.472955942369676,25.0,10.0,3.0,5277927.019122622,raw_data/run_2974.csv,raw_data/run_2974.json
2975,single,2026-09-24 16:30,KAUST2023_N2_C0_CKMC_ESR_v10_0_oxygenless,12.295340893461207,283.90115356741705,25.0,10.0,3.0,220148857.46409583,raw_data/run_2975.csv,raw_data/run_2975.json
2976,single,2026-09-24 16:30,KAUST2023_N2_C0_CKMC_ESR_v10_0_oxygenless,14.67534961713435,224.32640581197612,25.0,10.0,3.0,9205.108592310256,raw_data/run_2976.csv,raw_data/run_2976.json
2977,single,2026-09-24 16:30,KAUST2023_N2_C0_CKMC_ESR_v10_0_oxygenless,1.1712104284033567,3.969805169883259,25.0,10.0,3.0,3.164156924483141e+111,raw_data/run_2977.csv,raw_data/run_2977.json
2978,single,2026-09-24 16:30,KAUST2023_N2_C0_CKMC_ESR_v10_0_oxygenless,4.046527491492442,261.1413912120549,25.0,10.0,3.0,8804047.48446069,raw_data/run_2978.csv,raw_data/run_2978.json
2979,single,2026-09-24 16:30,KAUST2023_N2_C0_CKMC_ESR_v10_0_oxygenless,11.242730990349628,184.11529355090138,25.0,10.0,3.0,6097.358623663369,raw_data/run_2979.csv,raw_data/run_2979.json
2980,single,2026-09-24 16:30,KAUST2023_N2_C0_CKMC_ESR_v10_0_oxygenless,10.126737337481234,34.67433668072409,25.0,10.0,3.0,177973.44663361044,raw_data/run_2980.csv,raw_data/run_2980.json
2981,single,2026-09-24 16:30,KAUST2023_N2_C0_CKMC_ESR_v10_0_oxygenless,9.780726243650095,20.48228029281418,25.0,10.0,3.0,12362019.800030554,raw_data/run_2981.csv,raw_data/run_2981.json
2982,single,2026-09-24 16:30,KAUST2023_N2_C0_CKMC_ESR_v10_0_oxygenless,11.995385892980027,526.1068905190656,25.0,10.0,3.0,1.7976931348623157e+308,raw_data/run_2982.csv,raw_data/run_2982.json
2983,single,2026-09-24 16:30,KAUST2023_N2_C0_CKMC_ESR_v10_0_oxygenless,12.577422291279824,250.26795002338795,25.0,10.0,3.0,4223067.291412859,raw_data/run_2983.csv,raw_data/run_2983.json
2984,single,2026-09-24 16:30,KAUST2023_N2_C0_CKMC_ESR_v10_0_oxygenless,12.739203472704732,988.5756458522515,25.0,10.0,3.0,1.7976931348623157e+308,raw_data/run_2984.csv,raw_data/run_2984.json
2985,single,2026-09-24 16:30,KAUST2023_N2_C0_CKMC_ESR_v10_0_oxygenless,13.546610130334773,111.7953619460198,25.0,10.0,3.0,8188.407191920288,raw_data/run_2985.csv,raw_data/run_2985.json
2986,single,2026-09-24 16:30,KAUST2023_N2_C0_CKMC_ESR_v10_0_oxygenless,15.382949588489303,183.8331644388309,25.0,10.0,3.0,1549.0194842961782,raw_data/run_2986.csv,raw_data/run_2986.json
2987,single,2026-09-24 16:30,KAUST2023_N2_C0_CKMC_ESR_v10_0_oxygenless,6.092157136662045,494.88811046678694,25.0,10.0,3.0,13941007.499103172,raw_data/run_2987.csv,raw_data/run_2987.json
2988,single,2026-09-24 16:30,KAUST2023_N2_C0_CKMC_ESR_v10_0_oxygenless,11.748255071213011,18.39370870181851,25.0,10.0,3.0,10075470.683639336,raw_data/run_2988.csv,raw_data/run_2988.json
2989,single,2026-09-24 16:30,KAUST2023_N2_C0_CKMC_ESR_v10_0_oxygenless,13.957887431181867,55.75364138369516,25.0,10.0,3.0,110334.07514817869,raw_data/run_2989.csv,raw_data/run_2989.json
2990,single,2026-09-24 16:30,KAUST2023_N2_C0_CKMC_ESR_v10_0_oxygenless,7.369138999767539,260.59082278213526,25.0,10.0,3.0,29842969.96120286,raw_data/run_2990.csv,raw_data/run_2990.json
2991,single,2026-09-24 16:30,KAUST2023_N2_C0_CKMC_ESR_v10_0_oxygenless,15.361118752234468,851.0553605281652,25.0,10.0,3.0,1.7976931348623157e+308,raw_data/run_2991.csv,raw_data/run_2991.json
2992,single,2026-09-24 16:30,KAUST2023_N2_C0_CKMC_ESR_v10_0_oxygenless,14.960630533031278,130.10978342966172,25.0,10.0,3.0,5949.819567171031,raw_data/run_2992.csv,raw_data/run_2992.json
2993,single,2026-09-24 16:30,KAUST2023_N2_C0_CKMC_ESR_v10_0_oxygenless,5.68757382491565,276.9684305243308,25.0,10.0,3.0,31338862.394050002,raw_data/run_2993.csv,raw_data/run_2993.json
2994,single,2026-09-24 16:30,KAUST2023_N2_C0_CKMC_ESR_v10_0_oxygenless,13.807256386322502,126.24748016893086,25.0,10.0,3.0,5272.343367560326,raw_data/run_2994.csv,raw_data/run_2994.json
2995,single,2026-09-24 16:30,KAUST2023_N2_C0_CKMC_ESR_v10_0_oxygenless,1.832424001860951,141.84952403139974,25.0,10.0,3.0,2177576.3716080384,raw_data/run_2995.csv,raw_data/run_2995.json
2996,single,2026-09-24 16:30,KAUST2023_N2_C0_CKMC_ESR_v10_0_oxygenless,13.892301048143143,193.67481977344863,25.0,10.0,3.0,2937.946822283767,raw_data/run_2996.csv,raw_data/run_2996.json
2997,single,2026-09-24 16:30,KAUST2023_N2_C0_CKMC_ESR_v10_0_oxygenless,11.3896260509672,704.2942611895718,25.0,10.0,3.0,1.7976931348623157e+308,raw_data/run_2997.csv,raw_data/run_2997.json
2998,single,2026-09-24 16:30,KAUST2023_N2_C0_CKMC_ESR_v10_0_oxygenless,2.7915186338569744,14.184042034324294,25.0,10.0,3.0,3.1328882752346635e+59,raw_data/run_2998.csv,raw_data/run_2998.json
2999,single,2026-09-24 16:30,KAUST2023_N2_C0_CKMC_ESR_v10_0_oxygenless,7.0681215823980645,34.150460881230444,25.0,10.0,3.0,31376.56863665539,raw_data/run_2999.csv,raw_data/run_2999.json
3000,single,2026-09-24 16:30,KAUST2023_N2_C0_CKMC_ESR_v10_0_oxygenless,13.330901581488888,163.35693172331227,25.0,10.0,3.0,1633.2059066065965,raw_data/run_3000.csv,raw_data/run_3000.json
3001,single,2026-09-24 16:30,KAUST2023_N2_C0_CKMC_ESR_v10_0_oxygenless,13.076094156561808,443.4865355472469,25.0,10.0,3.0,64608361.79596707,raw_data/run_3001.csv,raw_data/run_3001.json
3002,single,2026-09-24 16:30,KAUST2023_N2_C0_CKMC_ESR_v10_0_oxygenless,14.256358045438608,149.5550707384143,25.0,10.0,3.0,2783.29171873607,raw_data/run_3002.csv,raw_data/run_3002.json
3003,single,2026-09-24 16:30,KAUST2023_N2_C0_CKMC_ESR_v10_0_oxygenless,4.715111238820774,515.5024485527579,25.0,10.0,3.0,13897966.962541714,raw_data/run_3003.csv,raw_data/run_3003.json
3004,single,2026-09-24 16:30,KAUST2023_N2_C0_CKMC_ESR_v10_0_oxygenless,10.772170479076916,850.2755093841171,25.0,10.0,3.0,1.7976931348623157e+308,raw_data/run_3004.csv,raw_data/run_3004.json
3005,single,2026-09-24 16:30,KAUST2023_N2_C0_CKMC_ESR_v10_0_oxygenless,13.22792007216736,101.46684922461844,25.0,10.0,3.0,11094.725637201604,raw_data/run_3005.csv,raw_data/run_3005.json
3006,single,2026-09-24 16:30,KAUST2023_N2_C0_CKMC_ESR_v10_0_oxygenless,15.212406280726075,254.5936955116737,25.0,10.0,3.0,99542.4399820135,raw_data/run_3006.csv,raw_data/run_3006.json
3007,single,2026-09-24 16:30,KAUST2023_N2_C0_CKMC_ESR_v10_0_oxygenless,11.173908969790315,22.472955942369676,25.0,10.0,3.0,8345817.960563401,raw_data/run_3007.csv,raw_data/run_3007.json
3008,single,2026-09-24 16:30,KAUST2023_N2_C0_CKMC_ESR_v10_0_oxygenless,11.156128648505916,313.68801785301014,25.0,10.0,3.0,62925309.37557398,raw_data/run_3008.csv,raw_data/run_3008.json
3009,single,2026-09-24 16:30,KAUST2023_N2_C0_CKMC_ESR_v10_0_oxygenless,13.407325650292206,6.931543324582369,25.0,10.0,3.0,4078888058.308802,raw_data/run_3009.csv,raw_data/run_3009.json
3010,single,2026-09-24 16:30,KAUST2023_N2_C0_CKMC_ESR_v10_0_oxygenless,12.277747462868147,6.432126633780706,25.0,10.0,3.0,1075259451.1884625,raw_data/run_3010.csv,raw_data/run_3010.json
3011,single,2026-09-24 16:30,KAUST2023_N2_C0_CKMC_ESR_v10_0_oxygenless,15.114472875888984,166.126176003664,25.0,10.0,3.0,2073.8936966450847,raw_data/run_3011.csv,raw_data/run_3011.json
3012,single,2026-09-24 16:30,KAUST2023_N2_C0_CKMC_ESR_v10_0_oxygenless,5.4280128362048705,195.57099203267828,25.0,10.0,3.0,37467182.95107661,raw_data/run_3012.csv,raw_data/run_3012.json
3013,single,2026-09-24 16:30,KAUST2023_N2_C0_CKMC_ESR_v10_0_oxygenless,10.369310357928759,776.5631251213458,25.0,10.0,3.0,1.7976931348623157e+308,raw_data/run_3013.csv,raw_data/run_3013.json
3014,single,2026-09-24 16:30,KAUST2023_N2_C0_CKMC_ESR_v10_0_oxygenless,15.284163214366203,169.6455072534446,25.0,10.0,3.0,1953.7748996289502,raw_data/run_3014.csv,raw_data/run_3014.json
3015,single,2026-09-24 16:30,KAUST2023_N2_C0_CKMC_ESR_v10_0_oxygenless,11.993972206081493,130.75315362546388,25.0,10.0,3.0,2952.847385340937,raw_data/run_3015.csv,raw_data/run_3015.json
3016,single,2026-09-24 16:30,KAUST2023_N2_C0_CKMC_ESR_v10_0_oxygenless,12.577422291279824,212.4626688674824,25.0,10.0,3.0,17782.792453708553,raw_data/run_3016.csv,raw_data/run_3016.json
3017,single,2026-09-24 16:30,KAUST2023_N2_C0_CKMC_ESR_v10_0_oxygenless,14.64528527600618,213.92389498753224,25.0,10.0,3.0,5373.552836629083,raw_data/run_3017.csv,raw_data/run_3017.json
3018,single,2026-09-24 16:30,KAUST2023_N2_C0_CKMC_ESR_v10_0_oxygenless,14.350395245297214,139.14761794437982,25.0,10.0,3.0,3903.246853600746,raw_data/run_3018.csv,raw_data/run_3018.json
3019,single,2026-09-24 16:30,KAUST2023_N2_C0_CKMC_ESR_v10_0_oxygenless,5.661685088277182,720.3440950388364,25.0,10.0,3.0,1.7976931348623157e+308,raw_data/run_3019.csv,raw_data/run_3019.json
3020,single,2026-09-24 16:30,KAUST2023_N2_C0_CKMC_ESR_v10_0_oxygenless,13.068390039739485,195.48663855107327,25.0,10.0,3.0,4420.270671736611,raw_data/run_3020.csv,raw_data/run_3020.json
3021,single,2026-09-24 16:30,KAUST2023_N2_C0_CKMC_ESR_v10_0_oxygenless,14.222804482786572,4.854357446975314,25.0,10.0,3.0,11485184834.103563,raw_data/run_3021.csv,raw_data/run_3021.json
3022,single,2026-09-24 16:30,KAUST2023_N2_C0_CKMC_ESR_v10_0_oxygenless,13.959729997346006,141.64581876515132,25.0,10.0,3.0,3319.2876348132504,raw_data/run_3022.csv,raw_data/run_3022.json
3023,single,2026-09-24 16:30,KAUST2023_N2_C0_CKMC_ESR_v10_0_oxygenless,14.716954734485517,152.6630179214877,25.0,10.0,3.0,2791.7802981928207,raw_data/run_3023.csv,raw_data/run_3023.json
3024,single,2026-09-24 16:30,KAUST2023_N2_C0_CKMC_ESR_v10_0_oxygenless,13.694365976292765,227.8223982685121,25.0,10.0,3.0,26267.177036190657,raw_data/run_3024.csv,raw_data/run_3024.json
3025,single,2026-09-24 16:30,KAUST2023_N2_C0_CKMC_ESR_v10_0_oxygenless,15.350062560141554,221.74485116601568,25.0,10.0,3.0,5817.205286738621,raw_data/run_3025.csv,raw_data/run_3025.json
3026,single,2026-09-24 16:30,KAUST2023_N2_C0_CKMC_ESR_v10_0_oxygenless,14.535772919970622,95.03914963685402,25.0,10.0,3.0,19109.078925641403,raw_data/run_3026.csv,raw_data/run_3026.json
3027,single,2026-09-24 16:30,KAUST2023_N2_C0_CKMC_ESR_v10_0_oxygenless,14.83816218127399,647.902136528472,25.0,10.0,3.0,21915661.90891789,raw_data/run_3027.csv,raw_data/run_3027.json
3028,single,2026-09-24 16:30,KAUST2023_N2_C0_CKMC_ESR_v10_0_oxygenless,8.729236699437976,144.6768959382725,25.0,10.0,3.0,3477.8710293372865,raw_data/run_3028.csv,raw_data/run_3028.json
3029,single,2026-09-24 16:30,KAUST2023_N2_C0_CKMC_ESR_v10_0_oxygenless,13.359686696948803,72.8438724715784,25.0,10.0,3.0,38020.68047367498,raw_data/run_3029.csv,raw_data/run_3029.json
3030,single,2026-09-24 16:30,KAUST2023_N2_C0_CKMC_ESR_v10_0_oxygenless,10.860968628012055,78.61134251239123,25.0,10.0,3.0,14400.555783419895,raw_data/run_3030.csv,raw_data/run_3030.json
3031,single,2026-09-24 16:30,KAUST2023_N2_C0_CKMC_ESR_v10_0_oxygenless,14.38994078796306,197.14711879416825,25.0,10.0,3.0,2836.0217256808196,raw_data/run_3031.csv,raw_data/run_3031.json
3032,single,2026-09-24 16:30,KAUST2023_N2_C0_CKMC_ESR_v10_0_oxygenless,9.898346945495769,62.3647383691768,25.0,10.0,3.0,21980.219422684688,raw_data/run_3032.csv,raw_data/run_3032.json
3033,single,2026-09-24 16:30,KAUST2023_N2_C0_CKMC_ESR_v10_0_oxygenless,12.898166402522403,151.0139571869491,25.0,10.0,3.0,2002.5639312380722,raw_data/run_3033.csv,raw_data/run_3033.json
3034,single,2026-09-24 16:30,KAUST2023_N2_C0_CKMC_ESR_v10_0_oxygenless,10.906428215085631,225.35920120056335,25.0,10.0,3.0,2479141.797492934,raw_data/run_3034.csv,raw_data/run_3034.json
3035,single,2026-09-24 16:30,KAUST2023_N2_C0_CKMC_ESR_v10_0_oxygenless,7.7354974832761565,149.5550707384143,25.0,10.0,3.0,12261.169432559971,raw_data/run_3035.csv,raw_data/run_3035.json
3036,single,2026-09-24 16:30,KAUST2023_N2_C0_CKMC_ESR_v10_0_oxygenless,2.060873907293958,130.94976327244305,25.0,10.0,3.0,1.0025390038105945e+22,raw_data/run_3036.csv,raw_data/run_3036.json
3037,single,2026-09-24 16:30,KAUST2023_N2_C0_CKMC_ESR_v10_0_oxygenless,14.42058542447082,134.6410395235203,25.0,10.0,3.0,4576.070229780267,raw_data/run_3037.csv,raw_data/run_3037.json
3038,single,2026-09-24 16:30,KAUST2023_N2_C0_CKMC_ESR_v10_0_oxygenless,5.875788266975555,213.5119359956716,25.0,10.0,3.0,28841639.037200376,raw_data/run_3038.csv,raw_data/run_3038.json
3039,single,2026-09-24 16:30,KAUST2023_N2_C0_CKMC_ESR_v10_0_oxygenless,11.57841636968856,132.48957642134005,25.0,10.0,3.0,2516.9522027581743,raw_data/run_3039.csv,raw_data/run_3039.json
3040,single,2026-09-24 16:30,KAUST2023_N2_C0_CKMC_ESR_v10_0_oxygenless,10.520350080367185,105.810756202389,25.0,10.0,3.0,4482.5194579824465,raw_data/run_3040.csv,raw_data/run_3040.json
3041,single,2026-09-24 16:30,KAUST2023_N2_C0_CKMC_ESR_v10_0_oxygenless,15.043783792779678,313.68801785301014,25.0,10.0,3.0,71452930.34793434,raw_data/run_3041.csv,raw_data/run_3041.json
3042,single,2026-09-24 16:30,KAUST2023_N2_C0_CKMC_ESR_v10_0_oxygenless,10.837708413060405,174.11850186424033,25.0,10.0,3.0,4515.705357114121,raw_data/run_3042.csv,raw_data/run_3042.json
3043,single,2026-09-24 16:30,KAUST2023_N2_C0_CKMC_ESR_v10_0_oxygenless,2.9350483505586693,1.4283683579064048,25.0,10.0,3.0,4.695731057098606e+112,raw_data/run_3043.csv,raw_data/run_3043.json
3044,single,2026-09-24 16:30,KAUST2023_N2_C0_CKMC_ESR_v10_0_oxygenless,9.918272186761419,165.85678444066443,25.0,10.0,3.0,4916.967493828545,raw_data/run_3044.csv,raw_data/run_3044.json
3045,single,2026-09-24 16:30,KAUST2023_N2_C0_CKMC_ESR_v10_0_oxygenless,11.242730990349628,87.88724554397712,25.0,10.0,3.0,11035.001351691677,raw_data/run_3045.csv,raw_data/run_3045.json
3046,single,2026-09-24 16:30,KAUST2023_N2_C0_CKMC_ESR_v10_0_oxygenless,10.279069364930548,105.20418536978964,25.0,10.0,3.0,4231.677249795557,raw_data/run_3046.csv,raw_data/run_3046.json
3047,single,2026-09-24 16:30,KAUST2023_N2_C0_CKMC_ESR_v10_0_oxygenless,14.896993580545217,169.6455072534446,25.0,10.0,3.0,1826.0452236551612,raw_data/run_3047.csv,raw_data/run_3047.json
3048,single,2026-09-24 16:30,KAUST2023_N2_C0_CKMC_ESR_v10_0_oxygenless,8.217431558679763,130.75315362546388,25.0,10.0,3.0,2504.3107319708306,raw_data/run_3048.csv,raw_data/run_3048.json
3049,single,2026-09-24 16:30,KAUST2023_N2_C0_CKMC_ESR_v10_0_oxygenless,14.766542469460394,104.88934203942283,25.0,10.0,3.0,13792.688499970769,raw_data/run_3049.csv,raw_data/run_3049.json
3050,single,2026-09-24 16:30,KAUST2023_N2_C0_CKMC_ESR_v10_0_oxygenless,15.242950625534789,245.16943511203374,25.0,10.0,3.0,32810.561995223805,raw_data/run_3050.csv,raw_data/run_3050.json
3051,single,2026-09-24 16:30,KAUST2023_N2_C0_CKMC_ESR_v10_0_oxygenless,14.658487718673504,139.14761794437982,25.0,10.0,3.0,4166.061346767729,raw_data/run_3051.csv,raw_data/run_3051.json
3052,single,2026-09-24 16:30,KAUST2023_N2_C0_CKMC_ESR_v10_0_oxygenless,14.583153221986363,159.4993252916645,25.0,10.0,3.0,2239.359513367951,raw_data/run_3052.csv,raw_data/run_3052.json
3053,single,2026-09-24 16:30,KAUST2023_N2_C0_CKMC_ESR_v10_0_oxygenless,12.693953797753792,218.1328287466044,25.0,10.0,3.0,27901.159517741515,raw_data/run_3053.csv,raw_data/run_3053.json
3054,single,2026-09-24 16:30,KAUST2023_N2_C0_CKMC_ESR_v10_0_oxygenless,6.041683530477865,593.414351613453,25.0,10.0,3.0,1.7976931348623157e+308,raw_data/run_3054.csv,raw_data/run_3054.json
3055,single,2026-09-24 16:30,KAUST2023_N2_C0_CKMC_ESR_v10_0_oxygenless,13.470529180022929,183.8331644388309,25.0,10.0,3.0,2242.344135423355,raw_data/run_3055.csv,raw_data/run_3055.json
3056,single,2026-09-24 16:30,KAUST2023_N2_C0_CKMC_ESR_v10_0_oxygenless,11.373933772983742,148.13099450929474,25.0,10.0,3.0,1620.4250924548069,raw_data/run_3056.csv,raw_data/run_3056.json
3057,single,2026-09-24 16:30,KAUST2023_N2_C0_CKMC_ESR_v10_0_oxygenless,14.803327271731282,179.23909632403357,25.0,10.0,3.0,1554.5991206951535,raw_data/run_3057.csv,raw_data/run_3057.json
3058,single,2026-09-24 16:30,KAUST2023_N2_C0_CKMC_ESR_v10_0_oxygenless,15.114479350335573,221.74485116601568,25.0,10.0,3.0,6414.8706774918,raw_data/run_3058.csv,raw_data/run_3058.json
3059,single,2026-09-24 16:30,KAUST2023_N2_C0_CKMC_ESR_v10_0_oxygenless,14.535772919970622,141.8305520665126,25.0,10.0,3.0,3731.631315467062,raw_data/run_3059.csv,raw_data/run_3059.json
3060,single,2026-09-24 16:30,KAUST2023_N2_C0_CKMC_ESR_v10_0_oxygenless,12.224854278442214,146.1044830933686,25.0,10.0,3.0,1977.046272615193,raw_data/run_3060.csv,raw_data/run_3060.json
3061,single,2026-09-24 16:30,KAUST2023_N2_C0_CKMC_ESR_v10_0_oxygenless,12.288248794217543,144.6768959382725,25.0,10.0,3.0,2086.1672391451757,raw_data/run_3061.csv,raw_data/run_3061.json
3062,single,2026-09-24 16:30,KAUST2023_N2_C0_CKMC_ESR_v10_0_oxygenless,14.114056706416523,182.7342917818599,25.0,10.0,3.0,1761.4051899402411,raw_data/run_3062.csv,raw_data/run_3062.json
3063,single,2026-09-24 16:30,KAUST2023_N2_C0_CKMC_ESR_v10_0_oxygenless,9.141685711710704,120.33240994398219,25.0,10.0,3.0,1797.5896027388308,raw_data/run_3063.csv,raw_data/run_3063.json
3064,single,2026-09-24 16:30,KAUST2023_N2_C0_CKMC_ESR_v10_0_oxygenless,8.8587910197669,287.97504916342854,25.0,10.0,3.0,33883785.812590644,raw_data/run_3064.csv,raw_data/run_3064.json
3065,single,2026-09-24 16:30,KAUST2023_N2_C0_CKMC_ESR_v10_0_oxygenless,12.833781446494001,6.2552848698861325,25.0,10.0,3.0,2652358499.473093,raw_data/run_3065.csv,raw_data/run_3065.json
3066,single,2026-09-24 16:30,KAUST2023_N2_C0_CKMC_ESR_v10_0_oxygenless,13.330901581488888,299.02393088605464,25.0,10.0,3.0,241381955.53426993,raw_data/run_3066.csv,raw_data/run_3066.json
3067,single,2026-09-24 16:30,KAUST2023_N2_C0_CKMC_ESR_v10_0_oxygenless,13.076094156561808,148.02952844126636,25.0,10.0,3.0,2261.4260357945905,raw_data/run_3067.csv,raw_data/run_3067.json
3068,single,2026-09-24 16:30,KAUST2023_N2_C0_CKMC_ESR_v10_0_oxygenless,12.049802103299653,157.30150410899893,25.0,10.0,3.0,1582.5017005026518,raw_data/run_3068.csv,raw_data/run_3068.json
3069,single,2026-09-24 16:30,KAUST2023_N2_C0_CKMC_ESR_v10_0_oxygenless,10.034351475780838,137.898629596193,25.0,10.0,3.0,1610.510138932468,raw_data/run_3069.csv,raw_data/run_3069.json
3070,single,2026-09-24 16:30,KAUST2023_N2_C0_CKMC_ESR_v10_0_oxygenless,8.726914383927419,192.09665000771915,25.0,10.0,3.0,998688.5280947069,raw_data/run_3070.csv,raw_data/run_3070.json
3071,single,2026-09-24 16:30,KAUST2023_N2_C0_CKMC_ESR_v10_0_oxygenless,14.669958910590994,165.99803169073843,25.0,10.0,3.0,1917.801198900399,raw_data/run_3071.csv,raw_data/run_3071.json
3072,single,2026-09-24 16:30,KAUST2023_N2_C0_CKMC_ESR_v10_0_oxygenless,12.673155302103108,132.48957642134005,25.0,10.0,3.0,3301.5474433406325,raw_data/run_3072.csv,raw_data/run_3072.json
3073,single,2026-09-24 16:30,KAUST2023_N2_C0_CKMC_ESR_v10_0_oxygenless,12.504385987154398,191.25326427660843,25.0,10.0,3.0,4638.129747364962,raw_data/run_3073.csv,raw_data/run_3073.json
3074,single,2026-09-24 16:30,KAUST2023_N2_C0_CKMC_ESR_v10_0_oxygenless,13.330983476240657,175.9752779425004,25.0,10.0,3.0,1758.4159119712062,raw_data/run_3074.csv,raw_data/run_3074.json
3075,single,2026-09-24 16:30,KAUST2023_N2_C0_CKMC_ESR_v10_0_oxygenless,13.991865039752387,145.9597889940787,25.0,10.0,3.0,2930.2139675573194,raw_data/run_3075.csv,raw_data/run_3075.json
3076,single,2026-09-24 16:30,KAUST2023_N2_C0_CKMC_ESR_v10_0_oxygenless,5.120000644391857,89.48173167792889,25.0,10.0,3.0,8611.505223842738,raw_data/run_3076.csv,raw_data/run_3076.json
3077,single,2026-09-24 16:30,KAUST2023_N2_C0_CKMC_ESR_v10_0_oxygenless,6.415671829841763,261.1413912120549,25.0,10.0,3.0,23003697.359613836,raw_data/run_3077.csv,raw_data/run_3077.json
3078,single,2026-09-24 16:30,KAUST2023_N2_C0_CKMC_ESR_v10_0_oxygenless,14.421853882295174,166.126176003664,25.0,10.0,3.0,1828.630672000865,raw_data/run_3078.csv,raw_data/run_3078.json
3079,single,2026-09-24 16:30,KAUST2023_N2_C0_CKMC_ESR_v10_0_oxygenless,14.794427355650669,168.16982236516884,25.0,10.0,3.0,1858.522258058848,raw_data/run_3079.csv,raw_data/run_3079.json
3080,single,2026-09-24 16:30,KAUST2023_N2_C0_CKMC_ESR_v10_0_oxygenless,10.279069364930548,242.05599999695568,25.0,10.0,3.0,61709790.235152215,raw_data/run_3080.csv,raw_data/run_3080.json
3081,single,2026-09-24 16:30,KAUST2023_N2_C0_CKMC_ESR_v10_0_oxygenless,14.968600186710276,203.7671972892472,25.0,10.0,3.0,3062.4798684581533,raw_data/run_3081.csv,raw_data/run_3081.json
3082,single,2026-09-24 16:30,KAUST2023_N2_C0_CKMC_ESR_v10_0_oxygenless,7.671035079676288,206.82031698821828,25.0,10.0,3.0,45960387.1593265,raw_data/run_3082.csv,raw_data/run_3082.json
3083,single,2026-09-24 16:30,KAUST2023_N2_C0_CKMC_ESR_v10_0_oxygenless,14.219105517431412,161.42153601747503,25.0,10.0,3.0,1981.991521101124,raw_data/run_3083.csv,raw_data/run_3083.json
3084,single,2026-09-24 16:30,KAUST2023_N2_C0_CKMC_ESR_v10_0_oxygenless,14.64528527600618,156.76476043866603,25.0,10.0,3.0,2446.1380970423315,raw_data/run_3084.csv,raw_data/run_3084.json
3085,single,2026-09-24 16:30,KAUST2023_N2_C0_CKMC_ESR_v10_0_oxygenless,14.71137410940739,159.01789804540334,25.0,10.0,3.0,2326.9209784251498,raw_data/run_3085.csv,raw_data/run_3085.json
3086,single,2026-09-24 16:30,KAUST2023_N2_C0_CKMC_ESR_v10_0_oxygenless,8.982614794520511,174.377732945374,25.0,10.0,3.0,26219.205122214964,raw_data/run_3086.csv,raw_data/run_3086.json
3087,single,2026-09-24 16:30,KAUST2023_N2_C0_CKMC_ESR_v10_0_oxygenless,11.918007429512416,217.64607646883493,25.0,10.0,3.0,74206.23704137655,raw_data/run_3087.csv,raw_data/run_3087.json
3088,single,2026-09-24 16:30,KAUST2023_N2_C0_CKMC_ESR_v10_0_oxygenless,1.8626803901875606,393.62743892713826,25.0,10.0,3.0,1274816.8638511384,raw_data/run_3088.csv,raw_data/run_3088.json
3089,single,2026-09-24 16:30,KAUST2023_N2_C0_CKMC_ESR_v10_0_oxygenless,1.245793218746651,183.8331644388309,25.0,10.0,3.0,4289717.039909812,raw_data/run_3089.csv,raw_data/run_3089.json
3090,single,2026-09-24 16:30,KAUST2023_N2_C0_CKMC_ESR_v10_0_oxygenless,11.712948451116468,217.01952273381596,25.0,10.0,3.0,94336.87178974881,raw_data/run_3090.csv,raw_data/run_3090.json
3091,single,2026-09-24 16:30,KAUST2023_N2_C0_CKMC_ESR_v10_0_oxygenless,6.487332026854668,200.27564155205113,25.0,10.0,3.0,57731587.84678918,raw_data/run_3091.csv,raw_data/run_3091.json
3092,single,2026-09-24 16:30,KAUST2023_N2_C0_CKMC_ESR_v10_0_oxygenless,8.632935552170062,226.00872560154923,25.0,10.0,3.0,60957135.87859186,raw_data/run_3092.csv,raw_data/run_3092.json
3093,single,2026-09-24 16:30,KAUST2023_N2_C0_CKMC_ESR_v10_0_oxygenless,13.389191037773427,165.92965394576584,25.0,10.0,3.0,1589.1608760100155,raw_data/run_3093.csv,raw_data/run_3093.json
3094,single,2026-09-24 16:30,KAUST2023_N2_C0_CKMC_ESR_v10_0_oxygenless,13.540330005463021,194.7619278589144,25.0,10.0,3.0,3536.9035441936917,raw_data/run_3094.csv,raw_data/run_3094.json
3095,single,2026-09-24 16:30,KAUST2023_N2_C0_CKMC_ESR_v10_0_oxygenless,12.288248794217543,144.55390998367272,25.0,10.0,3.0,2093.411831912814,raw_data/run_3095.csv,raw_data/run_3095.json
3096,single,2026-09-24 16:30,KAUST2023_N2_C0_CKMC_ESR_v10_0_oxygenless,15.438563001836544,197.63575687558716,25.0,10.0,3.0,2019.1510914479413,raw_data/run_3096.csv,raw_data/run_3096.json
3097,single,2026-09-24 16:30,KAUST2023_N2_C0_CKMC_ESR_v10_0_oxygenless,5.536822209819802,213.04303042931622,25.0,10.0,3.0,25715496.049618248,raw_data/run_3097.csv,raw_data/run_3097.json
3098,single,2026-09-24 16:30,KAUST2023_N2_C0_CKMC_ESR_v10_0_oxygenless,15.238736664777246,197.14711879416825,25.0,10.0,3.0,2107.4186694445307,raw_data/run_3098.csv,raw_data/run_3098.json
3099,single,2026-09-24 16:30,KAUST2023_N2_C0_CKMC_ESR_v10_0_oxygenless,2.427867974174802,11.617568939832465,25.0,10.0,3.0,1.324318628967827e+107,raw_data/run_3099.csv,raw_data/run_3099.json
3100,single,2026-09-24 16:30,KAUST2023_N2_C0_CKMC_ESR_v10_0_oxygenless,14.457934663537527,163.35693172331227,25.0,10.0,3.0,1972.3398541711083,raw_data/run_3100.csv,raw_data/run_3100.json
3101,single,2026-09-24 16:30,KAUST2023_N2_C0_CKMC_ESR_v10_0_oxygenless,12.92755787566243,202.12300993266803,25.0,10.0,3.0,6525.838949828352,raw_data/run_3101.csv,raw_data/run_3101.json
3102,single,2026-09-24 16:30,KAUST2023_N2_C0_CKMC_ESR_v10_0_oxygenless,13.837231658544464,150.04882135266988,25.0,10.0,3.0,2512.7515425845904,raw_data/run_3102.csv,raw_data/run_3102.json
3103,single,2026-09-24 16:30,KAUST2023_N2_C0_CKMC_ESR_v10_0_oxygenless,10.034351475780838,233.17111463025938,25.0,10.0,3.0,29743320.093884263,raw_data/run_3103.csv,raw_data/run_3103.json
3104,single,2026-09-24 16:30,KAUST2023_N2_C0_CKMC_ESR_v10_0_oxygenless,11.993547268422738,134.6410395235203,25.0,10.0,3.0,2615.2644166510195,raw_data/run_3104.csv,raw_data/run_3104.json
3105,single,2026-09-24 16:30,KAUST2023_N2_C0_CKMC_ESR_v10_0_oxygenless,13.081962073288963,150.79800364087404,25.0,10.0,3.0,2094.700568934809,raw_data/run_3105.csv,raw_data/run_3105.json
3106,single,2026-09-24 16:30,KAUST2023_N2_C0_CKMC_ESR_v10_0_oxygenless,11.890698819242047,170.22503781236597,25.0,10.0,3.0,2315.7546401160967,raw_data/run_3106.csv,raw_data/run_3106.json
3107,single,2026-09-24 16:30,KAUST2023_N2_C0_CKMC_ESR_v10_0_oxygenless,11.816295511764746,105.810756202389,25.0,10.0,3.0,6588.112297320388,raw_data/run_3107.csv,raw_data/run_3107.json
3108,single,2026-09-24 16:30,KAUST2023_N2_C0_CKMC_ESR_v10_0_oxygenless,13.330983476240657,186.17876889103107,25.0,10.0,3.0,2619.5756386664802,raw_data/run_3108.csv,raw_data/run_3108.json
3109,single,2026-09-24 16:30,KAUST2023_N2_C0_CKMC_ESR_v10_0_oxygenless,13.76683564772227,167.951950964291,25.0,10.0,3.0,1603.8794029223104,raw_data/run_3109.csv,raw_data/run_3109.json
3110,single,2026-09-24 16:30,KAUST2023_N2_C0_CKMC_ESR_v10_0_oxygenless,4.304407741906424,20.48228029281418,25.0,10.0,3.0,4513.665664570955,raw_data/run_3110.csv,raw_data/run_3110.json
3111,single,2026-09-24 16:30,KAUST2023_N2_C0_CKMC_ESR_v10_0_oxygenless,14.421853882295174,174.48164304270858,25.0,10.0,3.0,1574.4140674800515,raw_data/run_3111.csv,raw_data/run_3111.json
3112,single,2026-09-24 16:30,KAUST2023_N2_C0_CKMC_ESR_v10_0_oxygenless,13.191708487699797,226.10240665292488,25.0,10.0,3.0,37990.51358040729,raw_data/run_3112.csv,raw_data/run_3112.json
3113,single,2026-09-24 16:30,KAUST2023_N2_C0_CKMC_ESR_v10_0_oxygenless,9.703969946969938,196.72842072217878,25.0,10.0,3.0,185402.45072222027,raw_data/run_3113.csv,raw_data/run_3113.json
3114,single,2026-09-24 16:30,KAUST2023_N2_C0_CKMC_ESR_v10_0_oxygenless,14.821567559106374,159.02365244307086,25.0,10.0,3.0,2377.1287963866785,raw_data/run_3114.csv,raw_data/run_3114.json
3115,single,2026-09-24 16:30,KAUST2023_N2_C0_CKMC_ESR_v10_0_oxygenless,15.421290688682717,182.74469218691308,25.0,10.0,3.0,1558.40441442965,raw_data/run_3115.csv,raw_data/run_3115.json
3116,single,2026-09-24 16:30,KAUST2023_N2_C0_CKMC_ESR_v10_0_oxygenless,13.944577833617478,194.6812321138322,25.0,10.0,3.0,3010.88898616336,raw_data/run_3116.csv,raw_data/run_3116.json
3117,single,2026-09-24 16:30,KAUST2023_N2_C0_CKMC_ESR_v10_0_oxygenless,7.333065238724071,211.94755240983443,25.0,10.0,3.0,247885787.55696008,raw_data/run_3117.csv,raw_data/run_3117.json
3118,single,2026-09-24 16:30,KAUST2023_N2_C0_CKMC_ESR_v10_0_oxygenless,15.193588115403474,159.01789804540334,25.0,10.0,3.0,2555.2612423215214,raw_data/run_3118.csv,raw_data/run_3118.json
3119,single,2026-09-24 16:30,KAUST2023_N2_C0_CKMC_ESR_v10_0_oxygenless,8.952806265353678,168.53197750225794,25.0,10.0,3.0,14018.785067082854,raw_data/run_3119.csv,raw_data/run_3119.json
3120,single,2026-09-24 16:30,KAUST2023_N2_C0_CKMC_ESR_v10_0_oxygenless,14.762246583496244,190.71342292966287,25.0,10.0,3.0,1915.7222198876264,raw_data/run_3120.csv,raw_data/run_3120.json
3121,single,2026-09-24 16:30,KAUST2023_N2_C0_CKMC_ESR_v10_0_oxygenless,11.110557047783788,227.31698564383186,25.0,10.0,3.0,1759546.7489880288,raw_data/run_3121.csv,raw_data/run_3121.json
3122,single,2026-09-24 16:30,KAUST2023_N2_C0_CKMC_ESR_v10_0_oxygenless,15.382949588489303,211.6807359174281,25.0,10.0,3.0,3711.08072346538,raw_data/run_3122.csv,raw_data/run_3122.json
3123,single,2026-09-24 16:30,KAUST2023_N2_C0_CKMC_ESR_v10_0_oxygenless,11.373933772983742,179.47275247401134,25.0,10.0,3.0,4483.442871718615,raw_data/run_3123.csv,raw_data/run_3123.json
3124,single,2026-09-24 16:30,KAUST2023_N2_C0_CKMC_ESR_v10_0_oxygenless,3.2310742617888044,176.87583399874015,25.0,10.0,3.0,9519635.352027,raw_data/run_3124.csv,raw_data/run_3124.json
3125,single,2026-09-24 16:30,KAUST2023_N2_C0_CKMC_ESR_v10_0_oxygenless,12.302417282311726,179.4474213063128,25.0,10.0,3.0,2950.455531715163,raw_data/run_3125.csv,raw_data/run_3125.json
3126,single,2026-09-24 16:30,KAUST2023_N2_C0_CKMC_ESR_v10_0_oxygenless,12.65004047887944,140.0968036614937,25.0,10.0,3.0,2592.9176946095245,raw_data/run_3126.csv,raw_data/run_3126.json
3127,single,2026-09-24 16:30,KAUST2023_N2_C0_CKMC_ESR_v10_0_oxygenless,14.184028828534094,191.06415830573513,25.0,10.0,3.0,2348.58915866455,raw_data/run_3127.csv,raw_data/run_3127.json
3128,single,2026-09-24 16:30,KAUST2023_N2_C0_CKMC_ESR_v10_0_oxygenless,12.30952890072759,138.6072623898372,25.0,10.0,3.0,2502.8990098555164,raw_data/run_3128.csv,raw_data/run_3128.json
3129,single,2026-09-24 16:30,KAUST2023_N2_C0_CKMC_ESR_v10_0_oxygenless,14.114056706416523,170.70491101948855,25.0,10.0,3.0,1600.5081206245943,raw_data/run_3129.csv,raw_data/run_3129.json
3130,single,2026-09-24 16:30,KAUST2023_N2_C0_CKMC_ESR_v10_0_oxygenless,12.656920737267724,184.40252535889874,25.0,10.0,3.0,3182.257946968124,raw_data/run_3130.csv,raw_data/run_3130.json
3131,single,2026-09-24 16:30,KAUST2023_N2_C0_CKMC_ESR_v10_0_oxygenless,14.511453334165038,175.33296129570925,25.0,10.0,3.0,1571.5470158580406,raw_data/run_3131.csv,raw_data/run_3131.json
3132,single,2026-09-24 16:30,KAUST2023_N2_C0_CKMC_ESR_v10_0_oxygenless,8.074824244285685,478.4397479400833,25.0,10.0,3.0,31933861.75219828,raw_data/run_3132.csv,raw_data/run_3132.json
3133,single,2026-09-24 16:30,KAUST2023_N2_C0_CKMC_ESR_v10_0_oxygenless,12.61555431309214,115.30117345110087,25.0,10.0,3.0,5784.3671074532995,raw_data/run_3133.csv,raw_data/run_3133.json
3134,single,2026-09-24 16:30,KAUST2023_N2_C0_CKMC_ESR_v10_0_oxygenless,14.673003067265661,184.8738409449313,25.0,10.0,3.0,1653.824959171847,raw_data/run_3134.csv,raw_data/run_3134.json
3135,single,2026-09-24 16:30,KAUST2023_N2_C0_CKMC_ESR_v10_0_oxygenless,1.6846572310347803,157.30150410899893,25.0,10.0,3.0,15840711.392319832,raw_data/run_3135.csv,raw_data/run_3135.json
3136,single,2026-09-24 16:30,KAUST2023_N2_C0_CKMC_ESR_v10_0_oxygenless,4.90944097104809,195.5524381159064,25.0,10.0,3.0,53447086.92049313,raw_data/run_3136.csv,raw_data/run_3136.json
3137,single,2026-09-24 16:30,KAUST2023_N2_C0_CKMC_ESR_v10_0_oxygenless,12.393650581355942,147.36829261514498,25.0,10.0,3.0,1982.7297705174149,raw_data/run_3137.csv,raw_data/run_3137.json
3138,single,2026-09-24 16:30,KAUST2023_N2_C0_CKMC_ESR_v10_0_oxygenless,14.669958910590994,183.61719059900716,25.0,10.0,3.0,1615.4619249533343,raw_data/run_3138.csv,raw_data/run_3138.json
3139,single,2026-09-24 16:30,KAUST2023_N2_C0_CKMC_ESR_v10_0_oxygenless,8.223184474333342,170.22503781236597,25.0,10.0,3.0,67790.02028825574,raw_data/run_3139.csv,raw_data/run_3139.json
3140,single,2026-09-24 16:30,KAUST2023_N2_C0_CKMC_ESR_v10_0_oxygenless,13.89460217505634,271.3505234187369,25.0,10.0,3.0,9785491.22260993,raw_data/run_3140.csv,raw_data/run_3140.json
3141,single,2026-09-24 16:30,KAUST2023_N2_C0_CKMC_ESR_v10_0_oxygenless,12.28170469576234,190.2388880406829,25.0,10.0,3.0,4890.04479926249,raw_data/run_3141.csv,raw_data/run_3141.json
3142,single,2026-09-24 16:30,KAUST2023_N2_C0_CKMC_ESR_v10_0_oxygenless,14.3276064608408,163.3899193004251,25.0,10.0,3.0,1923.2435005999014,raw_data/run_3142.csv,raw_data/run_3142.json
3143,single,2026-09-24 16:30,KAUST2023_N2_C0_CKMC_ESR_v10_0_oxygenless,15.382949588489303,175.90917695759643,25.0,10.0,3.0,1716.3025317671363,raw_data/run_3143.csv,raw_data/run_3143.json
3144,single,2026-09-24 16:30,KAUST2023_N2_C0_CKMC_ESR_v10_0_oxygenless,15.16673241401679,198.32172816821347,25.0,10.0,3.0,2261.7848973365703,raw_data/run_3144.csv,raw_data/run_3144.json
3145,single,2026-09-24 16:30,KAUST2023_N2_C0_CKMC_ESR_v10_0_oxygenless,15.284061587050662,269.62170776189964,25.0,10.0,3.0,850976.4435550822,raw_data/run_3145.csv,raw_data/run_3145.json
3146,single,2026-09-24 16:30,KAUST2023_N2_C0_CKMC_ESR_v10_0_oxygenless,15.120420277565044,199.97247716730823,25.0,10.0,3.0,2462.165291929965,raw_data/run_3146.csv,raw_data/run_3146.json
3147,single,2026-09-24 16:30,KAUST2023_N2_C0_CKMC_ESR_v10_0_oxygenless,2.9265809403315743,201.22655303020767,25.0,10.0,3.0,9793502.127325008,raw_data/run_3147.csv,raw_data/run_3147.json
3148,single,2026-09-24 16:30,KAUST2023_N2_C0_CKMC_ESR_v10_0_oxygenless,15.421290688682717,125.31499474086418,25.0,10.0,3.0,7680.751543571383,raw_data/run_3148.csv,raw_data/run_3148.json
3149,single,2026-09-24 16:30,KAUST2023_N2_C0_CKMC_ESR_v10_0_oxygenless,14.739188795438816,184.77657396801354,25.0,10.0,3.0,1632.6546109419696,raw_data/run_3149.csv,raw_data/run_3149.json
3150,single,2026-09-24 16:30,KAUST2023_N2_C0_CKMC_ESR_v10_0_oxygenless,11.486829332844493,156.76476043866603,25.0,10.0,3.0,1663.0693366404942,raw_data/run_3150.csv,raw_data/run_3150.json
3151,single,2026-09-24 16:30,KAUST2023_N2_C0_CKMC_ESR_v10_0_oxygenless,5.197100987403337,222.39271725465093,25.0,10.0,3.0,42982144.3606791,raw_data/run_3151.csv,raw_data/run_3151.json
3152,single,2026-09-24 16:30,KAUST2023_N2_C0_CKMC_ESR_v10_0_oxygenless,13.555392081637478,163.1477022191411,25.0,10.0,3.0,1690.6884438422646,raw_data/run_3152.csv,raw_data/run_3152.json
3153,single,2026-09-24 16:30,KAUST2023_N2_C0_CKMC_ESR_v10_0_oxygenless,12.620969191295112,229.2395723699075,25.0,10.0,3.0,126161.22893344836,raw_data/run_3153.csv,raw_data/run_3153.json
3154,single,2026-09-24 16:30,KAUST2023_N2_C0_CKMC_ESR_v10_0_oxygenless,5.408403353009338,2.401633831555971,25.0,10.0,3.0,17162415.66750303,raw_data/run_3154.csv,raw_data/run_3154.json
3155,single,2026-09-24 16:30,KAUST2023_N2_C0_CKMC_ESR_v10_0_oxygenless,13.804659583819577,175.74704059036424,25.0,10.0,3.0,1601.626704954004,raw_data/run_3155.csv,raw_data/run_3155.json
3156,single,2026-09-24 16:30,KAUST2023_N2_C0_CKMC_ESR_v10_0_oxygenless,11.373933772983742,197.62617788060768,25.0,10.0,3.0,14682.281987525386,raw_data/run_3156.csv,raw_data/run_3156.json
3157,single,2026-09-24 16:30,KAUST2023_N2_C0_CKMC_ESR_v10_0_oxygenless,15.434034295184453,186.36805758022192,25.0,10.0,3.0,1553.2276305505457,raw_data/run_3157.csv,raw_data/run_3157.json
3158,single,2026-09-24 16:30,KAUST2023_N2_C0_CKMC_ESR_v10_0_oxygenless,11.83585798551095,179.4474213063128,25.0,10.0,3.0,3618.117234865712,raw_data/run_3158.csv,raw_data/run_3158.json
3159,single,2026-09-24 16:30,KAUST2023_N2_C0_CKMC_ESR_v10_0_oxygenless,13.389191037773427,249.1409036361754,25.0,10.0,3.0,727614.1833836137,raw_data/run_3159.csv,raw_data/run_3159.json
3160,single,2026-09-24 16:30,KAUST2023_N2_C0_CKMC_ESR_v10_0_oxygenless,14.561545590349326,167.96528936585048,25.0,10.0,3.0,1793.9146364876435,raw_data/run_3160.csv,raw_data/run_3160.json
3161,single,2026-09-24 16:30,KAUST2023_N2_C0_CKMC_ESR_v10_0_oxygenless,14.794382829432863,144.6768959382725,25.0,10.0,3.0,3605.1142549584497,raw_data/run_3161.csv,raw_data/run_3161.json
3162,single,2026-09-24 16:30,KAUST2023_N2_C0_CKMC_ESR_v10_0_oxygenless,13.025979063886803,170.70491101948855,25.0,10.0,3.0,1650.539282829594,raw_data/run_3162.csv,raw_data/run_3162.json
3163,single,2026-09-24 16:30,KAUST2023_N2_C0_CKMC_ESR_v10_0_oxygenless,13.3273268507547,120.33240994398219,25.0,10.0,3.0,5770.475483031274,raw_data/run_3163.csv,raw_data/run_3163.json
3164,single,2026-09-24 16:30,KAUST2023_N2_C0_CKMC_ESR_v10_0_oxygenless,14.511453334165038,126.8033299098888,25.0,10.0,3.0,6041.2853678554075,raw_data/run_3164.csv,raw_data/run_3164.json
3165,single,2026-09-24 16:30,KAUST2023_N2_C0_CKMC_ESR_v10_0_oxygenless,2.581422952998432,1.1152651745457116,25.0,10.0,3.0,2.5416884130575322e+112,raw_data/run_3165.csv,raw_data/run_3165.json
3166,single,2026-09-24 16:30,KAUST2023_N2_C0_CKMC_ESR_v10_0_oxygenless,10.535319455057136,126.17754768474951,25.0,10.0,3.0,2304.7629758110143,raw_data/run_3166.csv,raw_data/run_3166.json
3167,single,2026-09-24 16:30,KAUST2023_N2_C0_CKMC_ESR_v10_0_oxygenless,14.109169102587018,184.8738409449313,25.0,10.0,3.0,1888.292924618325,raw_data/run_3167.csv,raw_data/run_3167.json
3168,single,2026-09-24 16:30,KAUST2023_N2_C0_CKMC_ESR_v10_0_oxygenless,10.633000457423297,137.24268589765205,25.0,10.0,3.0,1744.33670347749,raw_data/run_3168.csv,raw_data/run_3168.json
3169,single,2026-09-24 16:30,KAUST2023_N2_C0_CKMC_ESR_v10_0_oxygenless,11.857087796530577,181.24493671138424,25.0,10.0,3.0,3893.1844014447497,raw_data/run_3169.csv,raw_data/run_3169.json
3170,single,2026-09-24 16:30,KAUST2023_N2_C0_CKMC_ESR_v10_0_oxygenless,8.451649017659339,197.72378224181233,25.0,10.0,3.0,7357927.682843264,raw_data/run_3170.csv,raw_data/run_3170.json
3171,single,2026-09-24 16:30,KAUST2023_N2_C0_CKMC_ESR_v10_0_oxygenless,12.0478407894711,249.1409036361754,25.0,10.0,3.0,9708167.66193558,raw_data/run_3171.csv,raw_data/run_3171.json
3172,single,2026-09-24 16:30,KAUST2023_N2_C0_CKMC_ESR_v10_0_oxygenless,1.7101660842304867,170.22503781236597,25.0,10.0,3.0,2580123.4462496545,raw_data/run_3172.csv,raw_data/run_3172.json
3173,single,2026-09-24 16:30,KAUST2023_N2_C0_CKMC_ESR_v10_0_oxygenless,11.415330086845813,154.65075707585643,25.0,10.0,3.0,1624.6792033967263,raw_data/run_3173.csv,raw_data/run_3173.json
3174,single,2026-09-24 16:30,KAUST2023_N2_C0_CKMC_ESR_v10_0_oxygenless,9.083132878302852,175.9752779425004,25.0,10.0,3.0,27138.624829930286,raw_data/run_3174.csv,raw_data/run_3174.json
3175,single,2026-09-24 16:30,KAUST2023_N2_C0_CKMC_ESR_v10_0_oxygenless,11.780626779464045,173.48254074748994,25.0,10.0,3.0,2816.201624718466,raw_data/run_3175.csv,raw_data/run_3175.json
3176,single,2026-09-24 16:30,KAUST2023_N2_C0_CKMC_ESR_v10_0_oxygenless,3.6494609222277448,1.6849734721341245,25.0,10.0,3.0,94599.28148723564,raw_data/run_3176.csv,raw_data/run_3176.json
3177,single,2026-09-24 16:30,KAUST2023_N2_C0_CKMC_ESR_v10_0_oxygenless,14.867170448238344,170.03115646524807,25.0,10.0,3.0,1800.5234099107627,raw_data/run_3177.csv,raw_data/run_3177.json
3178,single,2026-09-24 16:30,KAUST2023_N2_C0_CKMC_ESR_v10_0_oxygenless,9.878717770749603,188.46158288004014,25.0,10.0,3.0,36817.88060355746,raw_data/run_3178.csv,raw_data/run_3178.json
3179,single,2026-09-24 16:30,KAUST2023_N2_C0_CKMC_ESR_v10_0_oxygenless,15.462906181320669,154.69021621218133,25.0,10.0,3.0,3049.0751346990787,raw_data/run_3179.csv,raw_data/run_3179.json
3180,single,2026-09-24 16:30,KAUST2023_N2_C0_CKMC_ESR_v10_0_oxygenless,1.5341406181276893,212.79247659654362,25.0,10.0,3.0,2551003.4453238286,raw_data/run_3180.csv,raw_data/run_3180.json
3181,single,2026-09-24 16:30,KAUST2023_N2_C0_CKMC_ESR_v10_0_oxygenless,13.587221072500927,168.0598264708749,25.0,10.0,3.0,1579.7143035666204,raw_data/run_3181.csv,raw_data/run_3181.json
3182,single,2026-09-24 16:30,KAUST2023_N2_C0_CKMC_ESR_v10_0_oxygenless,14.833568421686774,170.91839921544715,25.0,10.0,3.0,1755.0119743453474,raw_data/run_3182.csv,raw_data/run_3182.json
3183,single,2026-09-24 16:30,KAUST2023_N2_C0_CKMC_ESR_v10_0_oxygenless,9.587945771601195,169.47349673031093,25.0,10.0,3.0,7708.738588098664,raw_data/run_3183.csv,raw_data/run_3183.json
3184,single,2026-09-24 16:30,KAUST2023_N2_C0_CKMC_ESR_v10_0_oxygenless,4.413545130634808,189.2643043073377,25.0,10.0,3.0,31053854.088319354,raw_data/run_3184.csv,raw_data/run_3184.json
3185,single,2026-09-24 16:30,KAUST2023_N2_C0_CKMC_ESR_v10_0_oxygenless,13.573842973571265,171.11979538652395,25.0,10.0,3.0,1566.8655893836226,raw_data/run_3185.csv,raw_data/run_3185.json
3186,single,2026-09-24 16:30,KAUST2023_N2_C0_CKMC_ESR_v10_0_oxygenless,15.29666054570159,188.3703175940128,25.0,10.0,3.0,1605.9056051178677,raw_data/run_3186.csv,raw_data/run_3186.json
3187,single,2026-09-24 16:30,KAUST2023_N2_C0_CKMC_ESR_v10_0_oxygenless,11.412067265372643,25.642839301451218,25.0,10.0,3.0,3955360.954097229,raw_data/run_3187.csv,raw_data/run_3187.json
3188,single,2026-09-24 16:30,KAUST2023_N2_C0_CKMC_ESR_v10_0_oxygenless,10.202919608150133,6.109561645298986,25.0,10.0,3.0,257746559.30124864,raw_data/run_3188.csv,raw_data/run_3188.json
3189,single,2026-09-24 16:30,KAUST2023_N2_C0_CKMC_ESR_v10_0_oxygenless,2.81527637740962,195.13081306124087,25.0,10.0,3.0,9416742.435042797,raw_data/run_3189.csv,raw_data/run_3189.json
3190,single,2026-09-24 16:30,KAUST2023_N2_C0_CKMC_ESR_v10_0_oxygenless,15.430594155246162,189.83008915593078,25.0,10.0,3.0,1616.3606572499982,raw_data/run_3190.csv,raw_data/run_3190.json
3191,single,2026-09-24 16:30,KAUST2023_N2_C0_CKMC_ESR_v10_0_oxygenless,15.434034295184453,180.6542881407991,25.0,10.0,3.0,1592.0832775549543,raw_data/run_3191.csv,raw_data/run_3191.json
3192,single,2026-09-24 16:30,KAUST2023_N2_C0_CKMC_ESR_v10_0_oxygenless,7.681693345899324,194.01978212483328,25.0,10.0,3.0,32054944.309069507,raw_data/run_3192.csv,raw_data/run_3192.json
3193,single,2026-09-24 16:30,KAUST2023_N2_C0_CKMC_ESR_v10_0_oxygenless,12.335194925684135,186.67597225962854,25.0,10.0,3.0,4045.278102025186,raw_data/run_3193.csv,raw_data/run_3193.json
3194,single,2026-09-24 16:30,KAUST2023_N2_C0_CKMC_ESR_v10_0_oxygenless,12.530484784125427,150.4199579176727,25.0,10.0,3.0,1883.0716639423554,raw_data/run_3194.csv,raw_data/run_3194.json
3195,single,2026-09-24 16:30,KAUST2023_N2_C0_CKMC_ESR_v10_0_oxygenless,12.790589825961781,144.6768959382725,25.0,10.0,3.0,2337.8864816404234,raw_data/run_3195.csv,raw_data/run_3195.json
3196,single,2026-09-24 16:30,KAUST2023_N2_C0_CKMC_ESR_v10_0_oxygenless,2.9106141446867113,195.1083548401947,25.0,10.0,3.0,9265024.462968238,raw_data/run_3196.csv,raw_data/run_3196.json
3197,single,2026-09-24 16:30,KAUST2023_N2_C0_CKMC_ESR_v10_0_oxygenless,9.141685711710704,196.50052098838154,25.0,10.0,3.0,736057.6505684754,raw_data/run_3197.csv,raw_data/run_3197.json
3198,single,2026-09-24 16:30,KAUST2023_N2_C0_CKMC_ESR_v10_0_oxygenless,13.429075680029854,173.45586449127214,25.0,10.0,3.0,1626.1190805739475,raw_data/run_3198.csv,raw_data/run_3198.json
3199,single,2026-09-24 16:30,KAUST2023_N2_C0_CKMC_ESR_v10_0_oxygenless,14.883431823711767,796.8632626742161,25.0,10.0,3.0,1.7976931348623157e+308,raw_data/run_3199.csv,raw_data/run_3199.json
3200,single,2026-09-24 16:30,KAUST2023_N2_C0_CKMC_ESR_v10_0_oxygenless,14.59073338261161,172.13135287047086,25.0,10.0,3.0,1652.7429147337236,raw_data/run_3200.csv,raw_data/run_3200.json
3201,single,2026-09-24 16:30,KAUST2023_N2_C0_CKMC_ESR_v10_0_oxygenless,15.110248179101497,173.9876943221855,25.0,10.0,3.0,1715.2104259752216,raw_data/run_3201.csv,raw_data/run_3201.json
3202,single,2026-09-24 16:30,KAUST2023_N2_C0_CKMC_ESR_v10_0_oxygenless,7.286695974475959,196.19368511398727,25.0,10.0,3.0,44714718.773552544,raw_data/run_3202.csv,raw_data/run_3202.json
3203,single,2026-09-24 16:30,KAUST2023_N2_C0_CKMC_ESR_v10_0_oxygenless,14.647983356441884,172.37556531554705,25.0,10.0,3.0,1657.919948204442,raw_data/run_3203.csv,raw_data/run_3203.json
3204,single,2026-09-24 16:30,KAUST2023_N2_C0_CKMC_ESR_v10_0_oxygenless,11.211536245408585,147.36829261514498,25.0,10.0,3.0,1610.4618216068386,raw_data/run_3204.csv,raw_data/run_3204.json
3205,single,2026-09-24 16:30,KAUST2023_N2_C0_CKMC_ESR_v10_0_oxygenless,14.560885446398784,198.26992165463363,25.0,10.0,3.0,2796.4515228256523,raw_data/run_3205.csv,raw_data/run_3205.json
3206,single,2026-09-24 16:30,KAUST2023_N2_C0_CKMC_ESR_v10_0_oxygenless,15.382996568470755,191.84975952003097,25.0,10.0,3.0,1702.0627502292814,raw_data/run_3206.csv,raw_data/run_3206.json
3207,single,2026-09-24 16:30,KAUST2023_N2_C0_CKMC_ESR_v10_0_oxygenless,11.415330086845813,180.90603339864197,25.0,10.0,3.0,4708.803170492132,raw_data/run_3207.csv,raw_data/run_3207.json
3208,single,2026-09-24 16:30,KAUST2023_N2_C0_CKMC_ESR_v10_0_oxygenless,10.598751061899586,171.51874921821732,25.0,10.0,3.0,4497.085345560728,raw_data/run_3208.csv,raw_data/run_3208.json
3209,single,2026-09-24 16:30,KAUST2023_N2_C0_CKMC_ESR_v10_0_oxygenless,13.76683564772227,186.3973184267419,25.0,10.0,3.0,2241.7721681726425,raw_data/run_3209.csv,raw_data/run_3209.json
3210,single,2026-09-24 16:30,KAUST2023_N2_C0_CKMC_ESR_v10_0_oxygenless,14.536200244905405,6.5227085290571605,25.0,10.0,3.0,2653148825.580701,raw_data/run_3210.csv,raw_data/run_3210.json
3211,single,2026-09-24 16:30,KAUST2023_N2_C0_CKMC_ESR_v10_0_oxygenless,2.145052340451218,190.89686449310327,25.0,10.0,3.0,5024322.856349846,raw_data/run_3211.csv,raw_data/run_3211.json
3212,single,2026-09-24 16:30,KAUST2023_N2_C0_CKMC_ESR_v10_0_oxygenless,14.32313735990284,177.03084038247843,25.0,10.0,3.0,1558.6963147767158,raw_data/run_3212.csv,raw_data/run_3212.json
3213,single,2026-09-24 16:30,KAUST2023_N2_C0_CKMC_ESR_v10_0_oxygenless,14.086971473807095,190.94053298158119,25.0,10.0,3.0,2420.1432585308153,raw_data/run_3213.csv,raw_data/run_3213.json
3214,single,2026-09-24 16:30,KAUST2023_N2_C0_CKMC_ESR_v10_0_oxygenless,14.896993580545217,181.87310206604195,25.0,10.0,3.0,1555.1805612292228,raw_data/run_3214.csv,raw_data/run_3214.json
3215,single,2026-09-24 16:30,KAUST2023_N2_C0_CKMC_ESR_v10_0_oxygenless,15.132316251188435,206.41509422933856,25.0,10.0,3.0,3237.5797096473802,raw_data/run_3215.csv,raw_data/run_3215.json
3216,single,2026-09-24 16:30,KAUST2023_N2_C0_CKMC_ESR_v10_0_oxygenless,14.739188795438816,179.31795577087797,25.0,10.0,3.0,1553.494892007687,raw_data/run_3216.csv,raw_data/run_3216.json
3217,single,2026-09-24 16:30,KAUST2023_N2_C0_CKMC_ESR_v10_0_oxygenless,11.486829332844493,163.44077233145114,25.0,10.0,3.0,2047.0173471546789,raw_data/run_3217.csv,raw_data/run_3217.json
3218,single,2026-09-24 16:30,KAUST2023_N2_C0_CKMC_ESR_v10_0_oxygenless,14.158979489187972,165.10341804444278,25.0,10.0,3.0,1789.2253543894158,raw_data/run_3218.csv,raw_data/run_3218.json
3219,single,2026-09-24 16:30,KAUST2023_N2_C0_CKMC_ESR_v10_0_oxygenless,8.100840387988601,171.11979538652395,25.0,10.0,3.0,108116.227923491,raw_data/run_3219.csv,raw_data/run_3219.json
3220,single,2026-09-24 16:30,KAUST2023_N2_C0_CKMC_ESR_v10_0_oxygenless,12.081342940150272,145.049704748347,25.0,10.0,3.0,1970.4832919452722,raw_data/run_3220.csv,raw_data/run_3220.json
3221,single,2026-09-24 16:30,KAUST2023_N2_C0_CKMC_ESR_v10_0_oxygenless,10.9486508143452,47.798509998834945,25.0,10.0,3.0,76933.3706302123,raw_data/run_3221.csv,raw_data/run_3221.json
3222,single,2026-09-24 16:30,KAUST2023_N2_C0_CKMC_ESR_v10_0_oxygenless,2.261686886855781,212.10659531975682,25.0,10.0,3.0,5863253.828425858,raw_data/run_3222.csv,raw_data/run_3222.json
3223,single,2026-09-24 16:30,KAUST2023_N2_C0_CKMC_ESR_v10_0_oxygenless,15.430594155246162,149.3464461817616,25.0,10.0,3.0,3553.051041669434,raw_data/run_3223.csv,raw_data/run_3223.json
3224,single,2026-09-24 16:30,KAUST2023_N2_C0_CKMC_ESR_v10_0_oxygenless,13.995004677327064,180.45516589728706,25.0,10.0,3.0,1701.626508680046,raw_data/run_3224.csv,raw_data/run_3224.json
3225,single,2026-09-24 16:30,KAUST2023_N2_C0_CKMC_ESR_v10_0_oxygenless,14.03669922102013,235.9467200537377,25.0,10.0,3.0,43531.74038849061,raw_data/run_3225.csv,raw_data/run_3225.json
3226,single,2026-09-24 16:30,KAUST2023_N2_C0_CKMC_ESR_v10_0_oxygenless,2.767540311824791,260.1006359693519,25.0,10.0,3.0,4647156.734697293,raw_data/run_3226.csv,raw_data/run_3226.json
3227,single,2026-09-24 16:30,KAUST2023_N2_C0_CKMC_ESR_v10_0_oxygenless,10.111257572555921,132.76564987704532,25.0,10.0,3.0,1723.863833338927,raw_data/run_3227.csv,raw_data/run_3227.json
3228,single,2026-09-24 16:30,KAUST2023_N2_C0_CKMC_ESR_v10_0_oxygenless,12.130509714732279,154.89949896213201,25.0,10.0,3.0,1610.5646253818568,raw_data/run_3228.csv,raw_data/run_3228.json
3229,single,2026-09-24 16:30,KAUST2023_N2_C0_CKMC_ESR_v10_0_oxygenless,14.114056706416523,143.32907330929754,25.0,10.0,3.0,3257.99638055398,raw_data/run_3229.csv,raw_data/run_3229.json
3230,single,2026-09-24 16:30,KAUST2023_N2_C0_CKMC_ESR_v10_0_oxygenless,10.698063245160842,194.6202792426463,25.0,10.0,3.0,23484.33952914987,raw_data/run_3230.csv,raw_data/run_3230.json
3231,single,2026-09-24 16:30,KAUST2023_N2_C0_CKMC_ESR_v10_0_oxygenless,14.298501060972198,165.86606803250575,25.0,10.0,3.0,1800.669065287242,raw_data/run_3231.csv,raw_data/run_3231.json
3232,single,2026-09-24 16:30,KAUST2023_N2_C0_CKMC_ESR_v10_0_oxygenless,12.878558431134696,220.70451084618523,25.0,10.0,3.0,29909.411868285504,raw_data/run_3232.csv,raw_data/run_3232.json
3233,single,2026-09-24 16:30,KAUST2023_N2_C0_CKMC_ESR_v10_0_oxygenless,15.332628554372418,181.74628782275465,25.0,10.0,3.0,1562.8577266102825,raw_data/run_3233.csv,raw_data/run_3233.json
3234,single,2026-09-24 16:30,KAUST2023_N2_C0_CKMC_ESR_v10_0_oxygenless,14.190664792703586,186.30514314983597,25.0,10.0,3.0,1938.6597094897877,raw_data/run_3234.csv,raw_data/run_3234.json
3235,single,2026-09-24 16:30,KAUST2023_N2_C0_CKMC_ESR_v10_0_oxygenless,15.332599857715584,181.36848196164922,25.0,10.0,3.0,1567.7371588532624,raw_data/run_3235.csv,raw_data/run_3235.json
3236,single,2026-09-24 16:30,KAUST2023_N2_C0_CKMC_ESR_v10_0_oxygenless,8.074768773222406,200.6807780403425,25.0,10.0,3.0,28713872.84017462,raw_data/run_3236.csv,raw_data/run_3236.json
3237,single,2026-09-24 16:30,KAUST2023_N2_C0_CKMC_ESR_v10_0_oxygenless,4.730670180803427,180.75976086490135,25.0,10.0,3.0,27842676.392764784,raw_data/run_3237.csv,raw_data/run_3237.json
3238,single,2026-09-24 16:30,KAUST2023_N2_C0_CKMC_ESR_v10_0_oxygenless,5.513986558806598,169.34144378733617,25.0,10.0,3.0,28029242.902114984,raw_data/run_3238.csv,raw_data/run_3238.json
3239,single,2026-09-24 16:30,KAUST2023_N2_C0_CKMC_ESR_v10_0_oxygenless,14.637838289861683,169.62402908102885,25.0,10.0,3.0,1749.893564596994,raw_data/run_3239.csv,raw_data/run_3239.json
3240,single,2026-09-24 16:30,KAUST2023_N2_C0_CKMC_ESR_v10_0_oxygenless,15.392119202392095,190.85628198149976,25.0,10.0,3.0,1659.6748117008092,raw_data/run_3240.csv,raw_data/run_3240.json
3241,single,2026-09-24 16:30,KAUST2023_N2_C0_CKMC_ESR_v10_0_oxygenless,15.111617251808191,172.96797169792848,25.0,10.0,3.0,1753.3554444230845,raw_data/run_3241.csv,raw_data/run_3241.json
3242,single,2026-09-24 16:30,KAUST2023_N2_C0_CKMC_ESR_v10_0_oxygenless,5.067474229751324,190.79333635427875,25.0,10.0,3.0,59433151.116684176,raw_data/run_3242.csv,raw_data/run_3242.json
3243,single,2026-09-24 16:30,KAUST2023_N2_C0_CKMC_ESR_v10_0_oxygenless,13.81603620234247,224.63993424711057,25.0,10.0,3.0,17312.17998601847,raw_data/run_3243.csv,raw_data/run_3243.json
3244,single,2026-09-24 16:30,KAUST2023_N2_C0_CKMC_ESR_v10_0_oxygenless,14.421853882295174,184.85882662916148,25.0,10.0,3.0,1739.3540209905939,raw_data/run_3244.csv,raw_data/run_3244.json
3245,single,2026-09-24 16:30,KAUST2023_N2_C0_CKMC_ESR_v10_0_oxygenless,14.83528302665465,177.03084038247843,25.0,10.0,3.0,1580.50555143186,raw_data/run_3245.csv,raw_data/run_3245.json
3246,single,2026-09-24 16:30,KAUST2023_N2_C0_CKMC_ESR_v10_0_oxygenless,13.049470719934785,179.71787588370762,25.0,10.0,3.0,2204.3981499716147,raw_data/run_3246.csv,raw_data/run_3246.json
3247,single,2026-09-24 16:30,KAUST2023_N2_C0_CKMC_ESR_v10_0_oxygenless,7.680281626822813,215.08198146206877,25.0,10.0,3.0,31098389.463197995,raw_data/run_3247.csv,raw_data/run_3247.json
3248,single,2026-09-24 16:30,KAUST2023_N2_C0_CKMC_ESR_v10_0_oxygenless,14.972884049848453,181.52198094685428,25.0,10.0,3.0,1551.3213671108715,raw_data/run_3248.csv,raw_data/run_3248.json
3249,single,2026-09-24 16:30,KAUST2023_N2_C0_CKMC_ESR_v10_0_oxygenless,14.732814394692392,186.95073148543113,25.0,10.0,3.0,1717.4904889856493,raw_data/run_3249.csv,raw_data/run_3249.json
3250,single,2026-09-24 16:30,KAUST2023_N2_C0_CKMC_ESR_v10_0_oxygenless,9.656636966760518,249.99284195158455,25.0,10.0,3.0,50307967.73057788,raw_data/run_3250.csv,raw_data/run_3250.json
3251,single,2026-09-24 16:30,KAUST2023_N2_C0_CKMC_ESR_v10_0_oxygenless,12.106912552469005,158.88278251559484,25.0,10.0,3.0,1585.668255929192,raw_data/run_3251.csv,raw_data/run_3251.json
3252,single,2026-09-24 16:30,KAUST2023_N2_C0_CKMC_ESR_v10_0_oxygenless,12.394413801195453,171.11979538652395,25.0,10.0,3.0,1978.9727911556329,raw_data/run_3252.csv,raw_data/run_3252.json
3253,single,2026-09-24 16:30,KAUST2023_N2_C0_CKMC_ESR_v10_0_oxygenless,9.54079829503539,187.3923195042252,25.0,10.0,3.0,57847.204222080014,raw_data/run_3253.csv,raw_data/run_3253.json
3254,single,2026-09-24 16:30,KAUST2023_N2_C0_CKMC_ESR_v10_0_oxygenless,1.0127986448277149,150.42091002527775,25.0,10.0,3.0,1.6541523389933078e+17,raw_data/run_3254.csv,raw_data/run_3254.json
3255,single,2026-09-24 16:30,KAUST2023_N2_C0_CKMC_ESR_v10_0_oxygenless,13.72145840052551,183.8331644388309,25.0,10.0,3.0,2052.3958472973377,raw_data/run_3255.csv,raw_data/run_3255.json
3256,single,2026-09-24 16:30,KAUST2023_N2_C0_CKMC_ESR_v10_0_oxygenless,13.908036123961788,180.45712891957038,25.0,10.0,3.0,1734.9371380234154,raw_data/run_3256.csv,raw_data/run_3256.json
3257,single,2026-09-24 16:30,KAUST2023_N2_C0_CKMC_ESR_v10_0_oxygenless,3.94852436571401,198.38599033844514,25.0,10.0,3.0,11453969.296272913,raw_data/run_3257.csv,raw_data/run_3257.json
3258,single,2026-09-24 16:30,KAUST2023_N2_C0_CKMC_ESR_v10_0_oxygenless,15.29663359484497,189.43786753168246,25.0,10.0,3.0,1637.0463854217442,raw_data/run_3258.csv,raw_data/run_3258.json
3259,single,2026-09-24 16:30,KAUST2023_N2_C0_CKMC_ESR_v10_0_oxygenless,15.414287185570439,190.12632315740515,25.0,10.0,3.0,1628.9974577158032,raw_data/run_3259.csv,raw_data/run_3259.json
3260,single,2026-09-24 16:30,KAUST2023_N2_C0_CKMC_ESR_v10_0_oxygenless,9.704179144760092,194.86302011756817,25.0,10.0,3.0,134759.06840748337,raw_data/run_3260.csv,raw_data/run_3260.json
3261,single,2026-09-24 16:30,KAUST2023_N2_C0_CKMC_ESR_v10_0_oxygenless,13.788292433369392,168.00751770513477,25.0,10.0,3.0,1606.069869372487,raw_data/run_3261.csv,raw_data/run_3261.json
3262,single,2026-09-24 16:30,KAUST2023_N2_C0_CKMC_ESR_v10_0_oxygenless,14.4444843144364,170.70491101948855,25.0,10.0,3.0,1663.161573720319,raw_data/run_3262.csv,raw_data/run_3262.json
3263,single,2026-09-24 16:30,KAUST2023_N2_C0_CKMC_ESR_v10_0_oxygenless,15.265784553674786,184.93873436412633,25.0,10.0,3.0,1553.500933760529,raw_data/run_3263.csv,raw_data/run_3263.json
3264,single,2026-09-24 16:30,KAUST2023_N2_C0_CKMC_ESR_v10_0_oxygenless,12.860507474665559,159.61100093934002,25.0,10.0,3.0,1635.1237729626598,raw_data/run_3264.csv,raw_data/run_3264.json
3265,single,2026-09-24 16:30,KAUST2023_N2_C0_CKMC_ESR_v10_0_oxygenless,13.04979992710772,46.81458769074006,25.0,10.0,3.0,161783.85411569057,raw_data/run_3265.csv,raw_data/run_3265.json
3266,single,2026-09-24 16:30,KAUST2023_N2_C0_CKMC_ESR_v10_0_oxygenless,2.0829060723944526,187.1915515131047,25.0,10.0,3.0,3668231.2631467376,raw_data/run_3266.csv,raw_data/run_3266.json
3267,single,2026-09-24 16:30,KAUST2023_N2_C0_CKMC_ESR_v10_0_oxygenless,14.673003067265661,184.97916458234897,25.0,10.0,3.0,1657.5831666396666,raw_data/run_3267.csv,raw_data/run_3267.json
3268,single,2026-09-24 16:30,KAUST2023_N2_C0_CKMC_ESR_v10_0_oxygenless,4.6330070017785285,197.6109000653384,25.0,10.0,3.0,13721138.86633086,raw_data/run_3268.csv,raw_data/run_3268.json
3269,single,2026-09-24 16:30,KAUST2023_N2_C0_CKMC_ESR_v10_0_oxygenless,10.80138664563536,205.35745368016327,25.0,10.0,3.0,81576.08690713262,raw_data/run_3269.csv,raw_data/run_3269.json
3270,single,2026-09-24 16:30,KAUST2023_N2_C0_CKMC_ESR_v10_0_oxygenless,11.211536245408585,185.8356104740414,25.0,10.0,3.0,6872.123501724241,raw_data/run_3270.csv,raw_data/run_3270.json
3271,single,2026-09-24 16:30,KAUST2023_N2_C0_CKMC_ESR_v10_0_oxygenless,5.228358261924843,183.61719059900716,25.0,10.0,3.0,36878490.05096815,raw_data/run_3271.csv,raw_data/run_3271.json
3272,single,2026-09-24 16:30,KAUST2023_N2_C0_CKMC_ESR_v10_0_oxygenless,12.723553657316852,194.54744246291637,25.0,10.0,3.0,4911.063473670431,raw_data/run_3272.csv,raw_data/run_3272.json
3273,single,2026-09-24 16:30,KAUST2023_N2_C0_CKMC_ESR_v10_0_oxygenless,15.267820725650365,174.33090077882713,25.0,10.0,3.0,1744.084952065855,raw_data/run_3273.csv,raw_data/run_3273.json
3274,single,2026-09-24 16:30,KAUST2023_N2_C0_CKMC_ESR_v10_0_oxygenless,15.111617251808191,175.19304290096173,25.0,10.0,3.0,1674.894345356908,raw_data/run_3274.csv,raw_data/run_3274.json
3275,single,2026-09-24 16:30,KAUST2023_N2_C0_CKMC_ESR_v10_0_oxygenless,13.76683564772227,220.66370915093893,25.0,10.0,3.0,12950.478737707928,raw_data/run_3275.csv,raw_data/run_3275.json
3276,single,2026-09-24 16:30,KAUST2023_N2_C0_CKMC_ESR_v10_0_oxygenless,7.159138794923039,1.2796236008291384,25.0,10.0,3.0,13952570486.58922,raw_data/run_3276.csv,raw_data/run_3276.json
3277,single,2026-09-24 16:30,KAUST2023_N2_C0_CKMC_ESR_v10_0_oxygenless,14.997150814381856,182.304587021742,25.0,10.0,3.0,1552.5593930236914,raw_data/run_3277.csv,raw_data/run_3277.json
3278,single,2026-09-24 16:30,KAUST2023_N2_C0_CKMC_ESR_v10_0_oxygenless,14.32313735990284,167.89277892049066,25.0,10.0,3.0,1727.731466799394,raw_data/run_3278.csv,raw_data/run_3278.json
3279,single,2026-09-24 16:30,KAUST2023_N2_C0_CKMC_ESR_v10_0_oxygenless,10.18335072728047,179.71787588370762,25.0,10.0,3.0,9882.612040596407,raw_data/run_3279.csv,raw_data/run_3279.json
3280,single,2026-09-24 16:30,KAUST2023_N2_C0_CKMC_ESR_v10_0_oxygenless,4.889911563873639,206.26435141660335,25.0,10.0,3.0,22565353.4484334,raw_data/run_3280.csv,raw_data/run_3280.json
3281,single,2026-09-24 16:30,KAUST2023_N2_C0_CKMC_ESR_v10_0_oxygenless,14.754889705818352,181.08523167374673,25.0,10.0,3.0,1558.6714960129486,raw_data/run_3281.csv,raw_data/run_3281.json
3282,single,2026-09-24 16:30,KAUST2023_N2_C0_CKMC_ESR_v10_0_oxygenless,14.693146139702275,174.9832141095014,25.0,10.0,3.0,1599.7476588888012,raw_data/run_3282.csv,raw_data/run_3282.json
3283,single,2026-09-24 16:30,KAUST2023_N2_C0_CKMC_ESR_v10_0_oxygenless,11.486829332844493,185.9445846838792,25.0,10.0,3.0,5870.372475263162,raw_data/run_3283.csv,raw_data/run_3283.json
3284,single,2026-09-24 16:30,KAUST2023_N2_C0_CKMC_ESR_v10_0_oxygenless,15.18026799154867,158.88278251559484,25.0,10.0,3.0,2558.479056312935,raw_data/run_3284.csv,raw_data/run_3284.json
3285,single,2026-09-24 16:30,KAUST2023_N2_C0_CKMC_ESR_v10_0_oxygenless,15.245442417040929,179.6805314655818,25.0,10.0,3.0,1585.1253312657589,raw_data/run_3285.csv,raw_data/run_3285.json
3286,single,2026-09-24 16:30,KAUST2023_N2_C0_CKMC_ESR_v10_0_oxygenless,13.16953707495827,166.39292443353435,25.0,10.0,3.0,1569.8894135538605,raw_data/run_3286.csv,raw_data/run_3286.json
3287,single,2026-09-24 16:30,KAUST2023_N2_C0_CKMC_ESR_v10_0_oxygenless,12.556761813420607,243.66764910932244,25.0,10.0,3.0,1450354.0065929703,raw_data/run_3287.csv,raw_data/run_3287.json
3288,single,2026-09-24 16:30,KAUST2023_N2_C0_CKMC_ESR_v10_0_oxygenless,15.382949588489303,241.43250845987617,25.0,10.0,3.0,20328.361649178216,raw_data/run_3288.csv,raw_data/run_3288.json
3289,single,2026-09-24 16:30,KAUST2023_N2_C0_CKMC_ESR_v10_0_oxygenless,15.430594155246162,190.61993350413547,25.0,10.0,3.0,1640.6973675931474,raw_data/run_3289.csv,raw_data/run_3289.json
3290,single,2026-09-24 16:30,KAUST2023_N2_C0_CKMC_ESR_v10_0_oxygenless,12.268678668869835,196.96254869392808,25.0,10.0,3.0,7008.513498057869,raw_data/run_3290.csv,raw_data/run_3290.json
3291,single,2026-09-24 16:30,KAUST2023_N2_C0_CKMC_ESR_v10_0_oxygenless,15.29663359484497,211.7103030222622,25.0,10.0,3.0,3830.585208864755,raw_data/run_3291.csv,raw_data/run_3291.json
3292,single,2026-09-24 16:30,KAUST2023_N2_C0_CKMC_ESR_v10_0_oxygenless,13.389191037773427,211.5282296358231,25.0,10.0,3.0,8764.0750940258,raw_data/run_3292.csv,raw_data/run_3292.json
3293,single,2026-09-24 16:30,KAUST2023_N2_C0_CKMC_ESR_v10_0_oxygenless,4.1532926463850774,190.20042599456997,25.0,10.0,3.0,18615468.711876042,raw_data/run_3293.csv,raw_data/run_3293.json
3294,single,2026-09-24 16:30,KAUST2023_N2_C0_CKMC_ESR_v10_0_oxygenless,15.476071000487279,168.00751770513477,25.0,10.0,3.0,2109.141568682334,raw_data/run_3294.csv,raw_data/run_3294.json
3295,single,2026-09-24 16:30,KAUST2023_N2_C0_CKMC_ESR_v10_0_oxygenless,7.91703172274974,197.44947569640502,25.0,10.0,3.0,22225762.2462181,raw_data/run_3295.csv,raw_data/run_3295.json
3296,single,2026-09-24 16:30,KAUST2023_N2_C0_CKMC_ESR_v10_0_oxygenless,10.894182248224313,208.4478494997482,25.0,10.0,3.0,109885.62556241962,raw_data/run_3296.csv,raw_data/run_3296.json
3297,single,2026-09-24 16:30,KAUST2023_N2_C0_CKMC_ESR_v10_0_oxygenless,14.709004113088154,179.047164847978,25.0,10.0,3.0,1553.8182559129366,raw_data/run_3297.csv,raw_data/run_3297.json
3298,single,2026-09-24 16:30,KAUST2023_N2_C0_CKMC_ESR_v10_0_oxygenless,14.757515199075236,8.148676826621964,25.0,10.0,3.0,827428276.9146317,raw_data/run_3298.csv,raw_data/run_3298.json
3299,single,2026-09-24 16:30,KAUST2023_N2_C0_CKMC_ESR_v10_0_oxygenless,12.671914887387182,10.933201520232336,25.0,10.0,3.0,64294426.731659554,raw_data/run_3299.csv,raw_data/run_3299.json
3300,single,2026-09-24 16:30,KAUST2023_N2_C0_CKMC_ESR_v10_0_oxygenless,15.101235437323439,177.86650886531046,25.0,10.0,3.0,1600.9227396173087,raw_data/run_3300.csv,raw_data/run_3300.json
3301,single,2026-09-24 16:30,KAUST2023_N2_C0_CKMC_ESR_v10_0_oxygenless,14.80313337048597,181.29350252480123,25.0,10.0,3.0,1556.9871533628786,raw_data/run_3301.csv,raw_data/run_3301.json
3302,single,2026-09-24 16:30,KAUST2023_N2_C0_CKMC_ESR_v10_0_oxygenless,10.840279427567468,136.89448227286934,25.0,10.0,3.0,1840.9316508774136,raw_data/run_3302.csv,raw_data/run_3302.json
3303,single,2026-09-24 16:30,KAUST2023_N2_C0_CKMC_ESR_v10_0_oxygenless,6.901367307905446,24.091410929720432,25.0,10.0,3.0,79415.90088246953,raw_data/run_3303.csv,raw_data/run_3303.json
3304,single,2026-09-24 16:30,KAUST2023_N2_C0_CKMC_ESR_v10_0_oxygenless,14.999440995888525,12.150686126143802,25.0,10.0,3.0,122707585.66554727,raw_data/run_3304.csv,raw_data/run_3304.json
3305,single,2026-09-24 16:30,KAUST2023_N2_C0_CKMC_ESR_v10_0_oxygenless,9.037930311140116,34.150460881230444,25.0,10.0,3.0,106473.63990728746,raw_data/run_3305.csv,raw_data/run_3305.json
3306,single,2026-09-24 16:30,KAUST2023_N2_C0_CKMC_ESR_v10_0_oxygenless,2.9418515857596352,41.06646662676245,25.0,10.0,3.0,115166808.86905992,raw_data/run_3306.csv,raw_data/run_3306.json
3307,single,2026-09-24 16:30,KAUST2023_N2_C0_CKMC_ESR_v10_0_oxygenless,12.747166303983168,98.04484149901604,25.0,10.0,3.0,11236.245021789064,raw_data/run_3307.csv,raw_data/run_3307.json
3308,single,2026-09-24 16:30,KAUST2023_N2_C0_CKMC_ESR_v10_0_oxygenless,9.619457505318707,12.535178024472156,25.0,10.0,3.0,19582494.315098424,raw_data/run_3308.csv,raw_data/run_3308.json
3309,single,2026-09-24 16:30,KAUST2023_N2_C0_CKMC_ESR_v10_0_oxygenless,7.620955413448522,1.4283683579064048,25.0,10.0,3.0,19152359627.38976,raw_data/run_3309.csv,raw_data/run_3309.json
3310,single,2026-09-24 16:30,KAUST2023_N2_C0_CKMC_ESR_v10_0_oxygenless,14.587603258601334,4.338675415552755,25.0,10.0,3.0,11611957875.08138,raw_data/run_3310.csv,raw_data/run_3310.json
3311,single,2026-09-24 16:30,KAUST2023_N2_C0_CKMC_ESR_v10_0_oxygenless,3.202783417220586,6.2552848698861325,25.0,10.0,3.0,4963364434.871011,raw_data/run_3311.csv,raw_data/run_3311.json
3312,single,2026-09-24 16:30,KAUST2023_N2_C0_CKMC_ESR_v10_0_oxygenless,13.81603620234247,794.1457234620885,25.0,10.0,3.0,1.7976931348623157e+308,raw_data/run_3312.csv,raw_data/run_3312.json
3313,single,2026-09-24 16:30,KAUST2023_N2_C0_CKMC_ESR_v10_0_oxygenless,1.0045728687429136,4.219158572641961,25.0,10.0,3.0,2.837953134624944e+111,raw_data/run_3313.csv,raw_data/run_3313.json
3314,single,2026-09-24 16:30,KAUST2023_N2_C0_CKMC_ESR_v10_0_oxygenless,6.420276614088094,239.2792300855654,25.0,10.0,3.0,29604195.40099124,raw_data/run_3314.csv,raw_data/run_3314.json
3315,single,2026-09-24 16:30,KAUST2023_N2_C0_CKMC_ESR_v10_0_oxygenless,1.9238327113964164,19.400568612711794,25.0,10.0,3.0,1.9373329686492294e+107,raw_data/run_3315.csv,raw_data/run_3315.json
3316,single,2026-09-24 16:30,KAUST2023_N2_C0_CKMC_ESR_v10_0_oxygenless,13.001012143563319,12.403104215810519,25.0,10.0,3.0,39887312.19160284,raw_data/run_3316.csv,raw_data/run_3316.json
3317,single,2026-09-24 16:30,KAUST2023_N2_C0_CKMC_ESR_v10_0_oxygenless,11.110557047783788,43.751537200714935,25.0,10.0,3.0,110004.39983559106,raw_data/run_3317.csv,raw_data/run_3317.json
3318,single,2026-09-24 16:30,KAUST2023_N2_C0_CKMC_ESR_v10_0_oxygenless,8.074824244285685,698.8229821079691,25.0,10.0,3.0,1.7976931348623157e+308,raw_data/run_3318.csv,raw_data/run_3318.json
3319,single,2026-09-24 16:30,KAUST2023_N2_C0_CKMC_ESR_v10_0_oxygenless,9.147802608528234,4.784224871674018,25.0,10.0,3.0,903203769.9738096,raw_data/run_3319.csv,raw_data/run_3319.json
3320,single,2026-09-24 16:30,KAUST2023_N2_C0_CKMC_ESR_v10_0_oxygenless,11.840220544264431,11.800972854651905,25.0,10.0,3.0,35198287.31960646,raw_data/run_3320.csv,raw_data/run_3320.json
3321,single,2026-09-24 16:30,KAUST2023_N2_C0_CKMC_ESR_v10_0_oxygenless,13.503230668372565,168.53197750225794,25.0,10.0,3.0,1569.2809104356886,raw_data/run_3321.csv,raw_data/run_3321.json
3322,single,2026-09-24 16:30,KAUST2023_N2_C0_CKMC_ESR_v10_0_oxygenless,6.2552693510691055,105.65047286074196,25.0,10.0,3.0,3682.0452619375465,raw_data/run_3322.csv,raw_data/run_3322.json
3323,single,2026-09-24 16:30,KAUST2023_N2_C0_CKMC_ESR_v10_0_oxygenless,8.729236699437976,150.42091002527775,25.0,10.0,3.0,4623.231564425123,raw_data/run_3323.csv,raw_data/run_3323.json
3324,single,2026-09-24 16:30,KAUST2023_N2_C0_CKMC_ESR_v10_0_oxygenless,5.4762266430288715,514.6037311888684,25.0,10.0,3.0,1.7976931348623157e+308,raw_data/run_3324.csv,raw_data/run_3324.json
3325,single,2026-09-24 16:30,KAUST2023_N2_C0_CKMC_ESR_v10_0_oxygenless,14.883431823711767,898.0643974814719,25.0,10.0,3.0,1.7976931348623157e+308,raw_data/run_3325.csv,raw_data/run_3325.json
3326,single,2026-09-24 16:30,KAUST2023_N2_C0_CKMC_ESR_v10_0_oxygenless,12.307736960864476,884.9478131065302,25.0,10.0,3.0,51593663.75229368,raw_data/run_3326.csv,raw_data/run_3326.json
3327,single,2026-09-24 16:30,KAUST2023_N2_C0_CKMC_ESR_v10_0_oxygenless,11.667272421964075,35.98770493894335,25.0,10.0,3.0,308777.8725342565,raw_data/run_3327.csv,raw_data/run_3327.json
3328,single,2026-09-24 16:30,KAUST2023_N2_C0_CKMC_ESR_v10_0_oxygenless,8.76131624747972,359.29603558435423,25.0,10.0,3.0,44625935.72131799,raw_data/run_3328.csv,raw_data/run_3328.json
3329,single,2026-09-24 16:30,KAUST2023_N2_C0_CKMC_ESR_v10_0_oxygenless,13.81603620234247,905.6829184785015,25.0,10.0,3.0,1.7976931348623157e+308,raw_data/run_3329.csv,raw_data/run_3329.json
3330,single,2026-09-24 16:30,KAUST2023_N2_C0_CKMC_ESR_v10_0_oxygenless,11.551796930178108,76.89892186023047,25.0,10.0,3.0,19310.337179256785,raw_data/run_3330.csv,raw_data/run_3330.json
3331,single,2026-09-24 16:30,KAUST2023_N2_C0_CKMC_ESR_v10_0_oxygenless,14.603481750832346,73.59262300216243,25.0,10.0,3.0,48761.786330582225,raw_data/run_3331.csv,raw_data/run_3331.json
3332,single,2026-09-24 16:30,KAUST2023_N2_C0_CKMC_ESR_v10_0_oxygenless,12.066312905653644,54.029521871723986,25.0,10.0,3.0,73662.5669412325,raw_data/run_3332.csv,raw_data/run_3332.json
3333,single,2026-09-24 16:30,KAUST2023_N2_C0_CKMC_ESR_v10_0_oxygenless,4.641427129844198,120.86005512038815,25.0,10.0,3.0,22271490.849582363,raw_data/run_3333.csv,raw_data/run_3333.json
3334,single,2026-09-24 16:30,KAUST2023_N2_C0_CKMC_ESR_v10_0_oxygenless,10.477941444780907,107.14713032507336,25.0,10.0,3.0,4220.110706788274,raw_data/run_3334.csv,raw_data/run_3334.json
3335,single,2026-09-24 16:30,KAUST2023_N2_C0_CKMC_ESR_v10_0_oxygenless,13.797612338972332,220.86969033645238,25.0,10.0,3.0,12858.622201045588,raw_data/run_3335.csv,raw_data/run_3335.json
3336,single,2026-09-24 16:30,KAUST2023_N2_C0_CKMC_ESR_v10_0_oxygenless,13.076094156561808,92.12789157767455,25.0,10.0,3.0,15366.389248257277,raw_data/run_3336.csv,raw_data/run_3336.json
3337,single,2026-09-24 16:30,KAUST2023_N2_C0_CKMC_ESR_v10_0_oxygenless,14.51839774586215,11.64991664386952,25.0,10.0,3.0,79771890.89402674,raw_data/run_3337.csv,raw_data/run_3337.json
3338,single,2026-09-24 16:30,KAUST2023_N2_C0_CKMC_ESR_v10_0_oxygenless,10.034351475780838,130.94976327244305,25.0,10.0,3.0,1762.9392551152207,raw_data/run_3338.csv,raw_data/run_3338.json
3339,single,2026-09-24 16:30,KAUST2023_N2_C0_CKMC_ESR_v10_0_oxygenless,14.542202288237048,22.420123370149028,25.0,10.0,3.0,23921472.53040602,raw_data/run_3339.csv,raw_data/run_3339.json
3340,single,2026-09-24 16:30,KAUST2023_N2_C0_CKMC_ESR_v10_0_oxygenless,5.885178781405258,3.084922607201702,25.0,10.0,3.0,413115246.0097035,raw_data/run_3340.csv,raw_data/run_3340.json
3341,single,2026-09-24 16:30,KAUST2023_N2_C0_CKMC_ESR_v10_0_oxygenless,11.802342979330986,19.77023958937146,25.0,10.0,3.0,11451974.05577769,raw_data/run_3341.csv,raw_data/run_3341.json
3342,single,2026-09-24 16:30,KAUST2023_N2_C0_CKMC_ESR_v10_0_oxygenless,10.520350080367185,4.598416446473603,25.0,10.0,3.0,2343446520.7164855,raw_data/run_3342.csv,raw_data/run_3342.json
3343,single,2026-09-24 16:30,KAUST2023_N2_C0_CKMC_ESR_v10_0_oxygenless,14.587603258601334,5.319411808636828,25.0,10.0,3.0,8726302109.68276,raw_data/run_3343.csv,raw_data/run_3343.json
3344,single,2026-09-24 16:30,KAUST2023_N2_C0_CKMC_ESR_v10_0_oxygenless,2.890270636729154,31.368838907674746,25.0,10.0,3.0,40069913.64628084,raw_data/run_3344.csv,raw_data/run_3344.json
3345,single,2026-09-24 16:30,KAUST2023_N2_C0_CKMC_ESR_v10_0_oxygenless,9.141685711710704,78.61134251239123,25.0,10.0,3.0,7564.867080110606,raw_data/run_3345.csv,raw_data/run_3345.json
3346,single,2026-09-24 16:30,KAUST2023_N2_C0_CKMC_ESR_v10_0_oxygenless,10.278295356125941,261.1413912120549,25.0,10.0,3.0,50484307.032769,raw_data/run_3346.csv,raw_data/run_3346.json
3347,single,2026-09-24 16:30,KAUST2023_N2_C0_CKMC_ESR_v10_0_oxygenless,10.781064082029093,39.05012396133459,25.0,10.0,3.0,148233.50118580455,raw_data/run_3347.csv,raw_data/run_3347.json
3348,single,2026-09-24 16:30,KAUST2023_N2_C0_CKMC_ESR_v10_0_oxygenless,4.142872148805117,424.161826430834,25.0,10.0,3.0,4755842.64960224,raw_data/run_3348.csv,raw_data/run_3348.json
3349,single,2026-09-24 16:30,KAUST2023_N2_C0_CKMC_ESR_v10_0_oxygenless,14.098585986086944,72.5447454387251,25.0,10.0,3.0,45876.282512723614,raw_data/run_3349.csv,raw_data/run_3349.json
3350,single,2026-09-24 16:30,KAUST2023_N2_C0_CKMC_ESR_v10_0_oxygenless,14.09111047485026,130.75315362546388,25.0,10.0,3.0,4836.243598129601,raw_data/run_3350.csv,raw_data/run_3350.json
3351,single,2026-09-24 16:30,KAUST2023_N2_C0_CKMC_ESR_v10_0_oxygenless,1.5132396079617614,66.96271486715953,25.0,10.0,3.0,6.602974536791338e+58,raw_data/run_3351.csv,raw_data/run_3351.json
3352,single,2026-09-24 16:30,KAUST2023_N2_C0_CKMC_ESR_v10_0_oxygenless,10.385035897487338,240.8232607565868,25.0,10.0,3.0,50630697.84308854,raw_data/run_3352.csv,raw_data/run_3352.json
3353,single,2026-09-24 16:30,KAUST2023_N2_C0_CKMC_ESR_v10_0_oxygenless,14.757309318742141,338.26136817073643,25.0,10.0,3.0,56215024.28642761,raw_data/run_3353.csv,raw_data/run_3353.json
3354,single,2026-09-24 16:30,KAUST2023_N2_C0_CKMC_ESR_v10_0_oxygenless,13.532670007024457,748.493282902237,25.0,10.0,3.0,1.7976931348623157e+308,raw_data/run_3354.csv,raw_data/run_3354.json
3355,single,2026-09-24 16:30,KAUST2023_N2_C0_CKMC_ESR_v10_0_oxygenless,12.620969191295112,165.75195344016277,25.0,10.0,3.0,1614.6576693885097,raw_data/run_3355.csv,raw_data/run_3355.json
3356,single,2026-09-24 16:30,KAUST2023_N2_C0_CKMC_ESR_v10_0_oxygenless,4.641427129844198,14.184042034324294,25.0,10.0,3.0,19360.04473698101,raw_data/run_3356.csv,raw_data/run_3356.json
3357,single,2026-09-24 16:30,KAUST2023_N2_C0_CKMC_ESR_v10_0_oxygenless,9.704492163592327,110.03062416251267,25.0,10.0,3.0,2953.706233421642,raw_data/run_3357.csv,raw_data/run_3357.json
3358,single,2026-09-24 16:30,KAUST2023_N2_C0_CKMC_ESR_v10_0_oxygenless,12.172112845424255,123.79528986647162,25.0,10.0,3.0,3871.9915887930406,raw_data/run_3358.csv,raw_data/run_3358.json
3359,single,2026-09-24 16:30,KAUST2023_N2_C0_CKMC_ESR_v10_0_oxygenless,14.803327271731282,146.7946762016822,25.0,10.0,3.0,3384.906801529296,raw_data/run_3359.csv,raw_data/run_3359.json
3360,single,2026-09-24 16:30,KAUST2023_N2_C0_CKMC_ESR_v10_0_oxygenless,1.0691036138232688,23.1340867563428,25.0,10.0,3.0,1.1625296629482905e+109,raw_data/run_3360.csv,raw_data/run_3360.json
3361,single,2026-09-24 16:30,KAUST2023_N2_C0_CKMC_ESR_v10_0_oxygenless,12.911956003981999,10.16326206300664,25.0,10.0,3.0,45771775.68534024,raw_data/run_3361.csv,raw_data/run_3361.json
3362,single,2026-09-24 16:30,KAUST2023_N2_C0_CKMC_ESR_v10_0_oxygenless,5.954238786981189,224.63993424711057,25.0,10.0,3.0,27967974.802928578,raw_data/run_3362.csv,raw_data/run_3362.json
3363,single,2026-09-24 16:30,KAUST2023_N2_C0_CKMC_ESR_v10_0_oxygenless,13.838954215041559,116.87391729893307,25.0,10.0,3.0,7317.276889944006,raw_data/run_3363.csv,raw_data/run_3363.json
3364,single,2026-09-24 16:30,KAUST2023_N2_C0_CKMC_ESR_v10_0_oxygenless,7.765057571682859,68.85083907481756,25.0,10.0,3.0,5928.682959458517,raw_data/run_3364.csv,raw_data/run_3364.json
3365,single,2026-09-24 16:30,KAUST2023_N2_C0_CKMC_ESR_v10_0_oxygenless,13.081002629469065,25.225007154078064,25.0,10.0,3.0,9591707.915312195,raw_data/run_3365.csv,raw_data/run_3365.json
3366,single,2026-09-24 16:30,KAUST2023_N2_C0_CKMC_ESR_v10_0_oxygenless,4.641427129844198,236.28900244363814,25.0,10.0,3.0,13066797.86960663,raw_data/run_3366.csv,raw_data/run_3366.json
3367,optimum,2026-09-24 16:30,KAUST2023_N2_C0_CKMC_ESR_v10_0_oxygenless,8.88200119431889,110.41834622048441,25.0,0.6500000000000001,4.0,1857.4948875794837,raw_data/run_3367.csv,raw_data/run_3367.json
3368,single,2026-09-24 16:30,KAUST2023_N2_C0_CKMC_ESR_v10_0_oxygenless,5.18493146997843,3.6023853072459495,25.0,10.0,4.0,257464.4772681115,raw_data/run_3368.csv,raw_data/run_3368.json
3369,single,2026-09-24 16:30,KAUST2023_N2_C0_CKMC_ESR_v10_0_oxygenless,3.521453742086564,136.16178470317774,25.0,10.0,4.0,6825425.133708449,raw_data/run_3369.csv,raw_data/run_3369.json
3370,single,2026-09-24 16:30,KAUST2023_N2_C0_CKMC_ESR_v10_0_oxygenless,9.35599980720668,49.934599138007144,25.0,10.0,4.0,17339.89601835167,raw_data/run_3370.csv,raw_data/run_3370.json
3371,single,2026-09-24 16:30,KAUST2023_N2_C0_CKMC_ESR_v10_0_oxygenless,16.449032332727224,14.238252494806048,25.0,10.0,4.0,105814079.06363268,raw_data/run_3371.csv,raw_data/run_3371.json
3372,single,2026-09-24 16:30,KAUST2023_N2_C0_CKMC_ESR_v10_0_oxygenless,7.954327100397169,97.38380204153015,25.0,10.0,4.0,1874.7657916493756,raw_data/run_3372.csv,raw_data/run_3372.json
3373,single,2026-09-24 16:30,KAUST2023_N2_C0_CKMC_ESR_v10_0_oxygenless,4.2264106971338995,112.35637422400477,25.0,10.0,4.0,13839074.14543181,raw_data/run_3373.csv,raw_data/run_3373.json
3374,single,2026-09-24 16:30,KAUST2023_N2_C0_CKMC_ESR_v10_0_oxygenless,13.860264715002769,90.28854743534261,25.0,10.0,4.0,13993.846418479476,raw_data/run_3374.csv,raw_data/run_3374.json
3375,single,2026-09-24 16:30,KAUST2023_N2_C0_CKMC_ESR_v10_0_oxygenless,12.261737006603635,131.48751459326286,25.0,10.0,4.0,1966.7935755782214,raw_data/run_3375.csv,raw_data/run_3375.json
3376,single,2026-09-24 16:30,KAUST2023_N2_C0_CKMC_ESR_v10_0_oxygenless,12.8312064603886,127.64310357841119,25.0,10.0,4.0,2600.5229377135843,raw_data/run_3376.csv,raw_data/run_3376.json
3377,single,2026-09-24 16:30,KAUST2023_N2_C0_CKMC_ESR_v10_0_oxygenless,7.221039131306416,76.49802670424666,25.0,10.0,4.0,1664.3086217701648,raw_data/run_3377.csv,raw_data/run_3377.json
3378,single,2026-09-24 16:30,KAUST2023_N2_C0_CKMC_ESR_v10_0_oxygenless,8.385142467500838,102.93975061774383,25.0,10.0,4.0,1755.3529406338419,raw_data/run_3378.csv,raw_data/run_3378.json
3379,single,2026-09-24 16:30,KAUST2023_N2_C0_CKMC_ESR_v10_0_oxygenless,8.172433239951442,78.15161188448452,25.0,10.0,4.0,2222.992487996433,raw_data/run_3379.csv,raw_data/run_3379.json
3380,single,2026-09-24 16:30,KAUST2023_N2_C0_CKMC_ESR_v10_0_oxygenless,11.598726886413754,62.972989262425294,25.0,10.0,4.0,23310.189201682853,raw_data/run_3380.csv,raw_data/run_3380.json
3381,single,2026-09-24 16:30,KAUST2023_N2_C0_CKMC_ESR_v10_0_oxygenless,13.953054462584683,2.952746399019737,25.0,10.0,4.0,18170931093.2969,raw_data/run_3381.csv,raw_data/run_3381.json
3382,single,2026-09-24 16:30,KAUST2023_N2_C0_CKMC_ESR_v10_0_oxygenless,1.9472206728746073,127.88344171847321,25.0,10.0,4.0,3.545324618612893e+53,raw_data/run_3382.csv,raw_data/run_3382.json
3383,single,2026-09-24 16:30,KAUST2023_N2_C0_CKMC_ESR_v10_0_oxygenless,9.908556960674918,99.08835431466524,25.0,10.0,4.0,2483.498911930162,raw_data/run_3383.csv,raw_data/run_3383.json
3384,single,2026-09-24 16:30,KAUST2023_N2_C0_CKMC_ESR_v10_0_oxygenless,12.063490100117878,182.24533386793388,25.0,10.0,4.0,9223.55065560355,raw_data/run_3384.csv,raw_data/run_3384.json
3385,single,2026-09-24 16:30,KAUST2023_N2_C0_CKMC_ESR_v10_0_oxygenless,14.514570665140909,402.70021340906703,25.0,10.0,4.0,29615757.82141238,raw_data/run_3385.csv,raw_data/run_3385.json
3386,single,2026-09-24 16:30,KAUST2023_N2_C0_CKMC_ESR_v10_0_oxygenless,11.159060946017402,3.6023853072459495,25.0,10.0,4.0,3121409406.1548357,raw_data/run_3386.csv,raw_data/run_3386.json
3387,single,2026-09-24 16:30,KAUST2023_N2_C0_CKMC_ESR_v10_0_oxygenless,11.50250952834359,174.08871611041897,25.0,10.0,4.0,8044.145973234339,raw_data/run_3387.csv,raw_data/run_3387.json
3388,single,2026-09-24 16:30,KAUST2023_N2_C0_CKMC_ESR_v10_0_oxygenless,5.69692929751731,103.51379197076587,25.0,10.0,4.0,7410888.085797775,raw_data/run_3388.csv,raw_data/run_3388.json
3389,single,2026-09-24 16:30,KAUST2023_N2_C0_CKMC_ESR_v10_0_oxygenless,7.745703944067962,201.64459483250747,25.0,10.0,4.0,48165139.43966748,raw_data/run_3389.csv,raw_data/run_3389.json
3390,single,2026-09-24 16:30,KAUST2023_N2_C0_CKMC_ESR_v10_0_oxygenless,12.222708426069707,121.06920070861663,25.0,10.0,4.0,2704.700323374357,raw_data/run_3390.csv,raw_data/run_3390.json
3391,single,2026-09-24 16:30,KAUST2023_N2_C0_CKMC_ESR_v10_0_oxygenless,12.50259801686186,62.06638623482297,25.0,10.0,4.0,33710.77158185906,raw_data/run_3391.csv,raw_data/run_3391.json
3392,single,2026-09-24 16:30,KAUST2023_N2_C0_CKMC_ESR_v10_0_oxygenless,13.407192956225977,103.15498621739054,25.0,10.0,4.0,7373.915990915837,raw_data/run_3392.csv,raw_data/run_3392.json
3393,single,2026-09-24 16:30,KAUST2023_N2_C0_CKMC_ESR_v10_0_oxygenless,6.689337038531099,68.9844296334748,25.0,10.0,4.0,1954.921270376967,raw_data/run_3393.csv,raw_data/run_3393.json
3394,single,2026-09-24 16:30,KAUST2023_N2_C0_CKMC_ESR_v10_0_oxygenless,10.62622816423064,94.2256712123806,25.0,10.0,4.0,4011.3006615564836,raw_data/run_3394.csv,raw_data/run_3394.json
3395,single,2026-09-24 16:30,KAUST2023_N2_C0_CKMC_ESR_v10_0_oxygenless,7.576773473120196,6.4519385979244905,25.0,10.0,4.0,11843052.539236711,raw_data/run_3395.csv,raw_data/run_3395.json
3396,single,2026-09-24 16:30,KAUST2023_N2_C0_CKMC_ESR_v10_0_oxygenless,10.890789674102603,103.46876268682647,25.0,10.0,4.0,3162.2307246044415,raw_data/run_3396.csv,raw_data/run_3396.json
3397,single,2026-09-24 16:30,KAUST2023_N2_C0_CKMC_ESR_v10_0_oxygenless,9.264105026203655,75.10096016113759,25.0,10.0,4.0,4626.092527992686,raw_data/run_3397.csv,raw_data/run_3397.json
3398,single,2026-09-24 16:30,KAUST2023_N2_C0_CKMC_ESR_v10_0_oxygenless,11.5421114731021,240.46670644282963,25.0,10.0,4.0,62562596.55917843,raw_data/run_3398.csv,raw_data/run_3398.json
3399,single,2026-09-24 16:30,KAUST2023_N2_C0_CKMC_ESR_v10_0_oxygenless,15.810005186065565,30.787365268797185,25.0,10.0,4.0,4374840.793734306,raw_data/run_3399.csv,raw_data/run_3399.json
3400,single,2026-09-24 16:30,KAUST2023_N2_C0_CKMC_ESR_v10_0_oxygenless,11.833977240455518,133.3066447100933,25.0,10.0,4.0,1680.5049751346942,raw_data/run_3400.csv,raw_data/run_3400.json
3401,single,2026-09-24 16:30,KAUST2023_N2_C0_CKMC_ESR_v10_0_oxygenless,6.689337038531099,97.1207228072854,25.0,10.0,4.0,7914.48861963695,raw_data/run_3401.csv,raw_data/run_3401.json
3402,single,2026-09-24 16:30,KAUST2023_N2_C0_CKMC_ESR_v10_0_oxygenless,7.797832418502888,153.39250218957412,25.0,10.0,4.0,1195126.7027109044,raw_data/run_3402.csv,raw_data/run_3402.json
3403,single,2026-09-24 16:30,KAUST2023_N2_C0_CKMC_ESR_v10_0_oxygenless,14.567850935835398,33.60480334821294,25.0,10.0,4.0,1533113.037282732,raw_data/run_3403.csv,raw_data/run_3403.json
3404,single,2026-09-24 16:30,KAUST2023_N2_C0_CKMC_ESR_v10_0_oxygenless,9.023641214218,125.33644421094728,25.0,10.0,4.0,3122.3600150389116,raw_data/run_3404.csv,raw_data/run_3404.json
3405,single,2026-09-24 16:30,KAUST2023_N2_C0_CKMC_ESR_v10_0_oxygenless,10.5545162147646,97.38380204153015,25.0,10.0,4.0,3460.4972669126037,raw_data/run_3405.csv,raw_data/run_3405.json
3406,single,2026-09-24 16:30,KAUST2023_N2_C0_CKMC_ESR_v10_0_oxygenless,11.872632448794777,128.64114109941698,25.0,10.0,4.0,1917.1457211421591,raw_data/run_3406.csv,raw_data/run_3406.json
3407,single,2026-09-24 16:30,KAUST2023_N2_C0_CKMC_ESR_v10_0_oxygenless,15.970843044335652,169.19244256754436,25.0,10.0,4.0,1604.5655449247486,raw_data/run_3407.csv,raw_data/run_3407.json
3408,single,2026-09-24 16:30,KAUST2023_N2_C0_CKMC_ESR_v10_0_oxygenless,11.494626760003241,131.48751459326286,25.0,10.0,4.0,1626.6563569818186,raw_data/run_3408.csv,raw_data/run_3408.json
3409,single,2026-09-24 16:30,KAUST2023_N2_C0_CKMC_ESR_v10_0_oxygenless,9.765439375016628,280.4299340785826,25.0,10.0,4.0,53386943.613090515,raw_data/run_3409.csv,raw_data/run_3409.json
3410,single,2026-09-24 16:30,KAUST2023_N2_C0_CKMC_ESR_v10_0_oxygenless,5.284033164243319,181.06119823661606,25.0,10.0,4.0,41511861.23593311,raw_data/run_3410.csv,raw_data/run_3410.json
3411,single,2026-09-24 16:30,KAUST2023_N2_C0_CKMC_ESR_v10_0_oxygenless,9.564209740072801,134.37314258229299,25.0,10.0,4.0,3373.001402948218,raw_data/run_3411.csv,raw_data/run_3411.json
3412,single,2026-09-24 16:30,KAUST2023_N2_C0_CKMC_ESR_v10_0_oxygenless,8.066612748355062,44.91131137471141,25.0,10.0,4.0,10480.244325711536,raw_data/run_3412.csv,raw_data/run_3412.json
3413,single,2026-09-24 16:30,KAUST2023_N2_C0_CKMC_ESR_v10_0_oxygenless,7.20512501446186,37.100319387318784,25.0,10.0,4.0,8821.762061875514,raw_data/run_3413.csv,raw_data/run_3413.json
3414,single,2026-09-24 16:30,KAUST2023_N2_C0_CKMC_ESR_v10_0_oxygenless,9.12546888070978,13.367122180470892,25.0,10.0,4.0,7174162.719329466,raw_data/run_3414.csv,raw_data/run_3414.json
3415,single,2026-09-24 16:30,KAUST2023_N2_C0_CKMC_ESR_v10_0_oxygenless,14.12658678554023,22.712230768169096,25.0,10.0,4.0,7241631.883914912,raw_data/run_3415.csv,raw_data/run_3415.json
3416,single,2026-09-24 16:30,KAUST2023_N2_C0_CKMC_ESR_v10_0_oxygenless,9.908556960674918,192.95512291927423,25.0,10.0,4.0,1561799.2036149597,raw_data/run_3416.csv,raw_data/run_3416.json
3417,single,2026-09-24 16:30,KAUST2023_N2_C0_CKMC_ESR_v10_0_oxygenless,9.120157058817458,155.53751554615954,25.0,10.0,4.0,26902.08863582647,raw_data/run_3417.csv,raw_data/run_3417.json
3418,single,2026-09-24 16:30,KAUST2023_N2_C0_CKMC_ESR_v10_0_oxygenless,8.663508720945492,133.5831300800392,25.0,10.0,4.0,6667.398871055507,raw_data/run_3418.csv,raw_data/run_3418.json
3419,single,2026-09-24 16:30,KAUST2023_N2_C0_CKMC_ESR_v10_0_oxygenless,6.737889937063349,76.85191069065978,25.0,10.0,4.0,2402.179841218604,raw_data/run_3419.csv,raw_data/run_3419.json
3420,single,2026-09-24 16:30,KAUST2023_N2_C0_CKMC_ESR_v10_0_oxygenless,13.351802250084578,174.08871611041897,25.0,10.0,4.0,3159.822177694943,raw_data/run_3420.csv,raw_data/run_3420.json
3421,single,2026-09-24 16:30,KAUST2023_N2_C0_CKMC_ESR_v10_0_oxygenless,14.866106361461647,189.32389097094423,25.0,10.0,4.0,3540.1573633379776,raw_data/run_3421.csv,raw_data/run_3421.json
3422,single,2026-09-24 16:30,KAUST2023_N2_C0_CKMC_ESR_v10_0_oxygenless,10.101837829669408,99.14063489497448,25.0,10.0,4.0,2691.7178451563773,raw_data/run_3422.csv,raw_data/run_3422.json
3423,single,2026-09-24 16:30,KAUST2023_N2_C0_CKMC_ESR_v10_0_oxygenless,15.970843044335652,369.70608022564454,25.0,10.0,4.0,39784372.323159225,raw_data/run_3423.csv,raw_data/run_3423.json
3424,single,2026-09-24 16:30,KAUST2023_N2_C0_CKMC_ESR_v10_0_oxygenless,10.451217021069297,100.99787898666762,25.0,10.0,4.0,2909.4302743476883,raw_data/run_3424.csv,raw_data/run_3424.json
3425,single,2026-09-24 16:30,KAUST2023_N2_C0_CKMC_ESR_v10_0_oxygenless,9.905303088870378,18.606699577119976,25.0,10.0,4.0,2581345.8392642676,raw_data/run_3425.csv,raw_data/run_3425.json
3426,single,2026-09-24 16:30,KAUST2023_N2_C0_CKMC_ESR_v10_0_oxygenless,10.739139903008269,111.96370275591204,25.0,10.0,4.0,2229.4856889782513,raw_data/run_3426.csv,raw_data/run_3426.json
3427,single,2026-09-24 16:30,KAUST2023_N2_C0_CKMC_ESR_v10_0_oxygenless,15.240509184289934,268.6135284920285,25.0,10.0,4.0,12677337.495942514,raw_data/run_3427.csv,raw_data/run_3427.json
3428,single,2026-09-24 16:30,KAUST2023_N2_C0_CKMC_ESR_v10_0_oxygenless,4.4387042076265475,100.2770483526421,25.0,10.0,4.0,26399622.91041504,raw_data/run_3428.csv,raw_data/run_3428.json
3429,single,2026-09-24 16:30,KAUST2023_N2_C0_CKMC_ESR_v10_0_oxygenless,9.968841348350876,103.46876268682647,25.0,10.0,4.0,2191.971413022111,raw_data/run_3429.csv,raw_data/run_3429.json
3430,single,2026-09-24 16:30,KAUST2023_N2_C0_CKMC_ESR_v10_0_oxygenless,10.57864550089134,157.14380514912426,25.0,10.0,4.0,5591.497765601994,raw_data/run_3430.csv,raw_data/run_3430.json
3431,single,2026-09-24 16:30,KAUST2023_N2_C0_CKMC_ESR_v10_0_oxygenless,13.20752796207477,44.11922788051541,25.0,10.0,4.0,135521.99155345937,raw_data/run_3431.csv,raw_data/run_3431.json
3432,single,2026-09-24 16:30,KAUST2023_N2_C0_CKMC_ESR_v10_0_oxygenless,14.195158257381529,245.1417236172552,25.0,10.0,4.0,1258382.5138374418,raw_data/run_3432.csv,raw_data/run_3432.json
3433,single,2026-09-24 16:30,KAUST2023_N2_C0_CKMC_ESR_v10_0_oxygenless,11.733386845788278,161.06705254683305,25.0,10.0,4.0,3565.598393562169,raw_data/run_3433.csv,raw_data/run_3433.json
3434,single,2026-09-24 16:30,KAUST2023_N2_C0_CKMC_ESR_v10_0_oxygenless,11.296719522164613,126.51578294936618,25.0,10.0,4.0,1731.288338756061,raw_data/run_3434.csv,raw_data/run_3434.json
3435,single,2026-09-24 16:30,KAUST2023_N2_C0_CKMC_ESR_v10_0_oxygenless,7.797832418502888,97.03602228360572,25.0,10.0,4.0,2075.470521712357,raw_data/run_3435.csv,raw_data/run_3435.json
3436,single,2026-09-24 16:30,KAUST2023_N2_C0_CKMC_ESR_v10_0_oxygenless,8.405828867938636,960.76647836025,25.0,10.0,4.0,480965817.9961615,raw_data/run_3436.csv,raw_data/run_3436.json
3437,single,2026-09-24 16:30,KAUST2023_N2_C0_CKMC_ESR_v10_0_oxygenless,8.70882946678924,123.31363867037213,25.0,10.0,4.0,3558.2558270529453,raw_data/run_3437.csv,raw_data/run_3437.json
3438,single,2026-09-24 16:30,KAUST2023_N2_C0_CKMC_ESR_v10_0_oxygenless,13.468018607685908,115.24541402969159,25.0,10.0,4.0,4773.270696935271,raw_data/run_3438.csv,raw_data/run_3438.json
3439,single,2026-09-24 16:30,KAUST2023_N2_C0_CKMC_ESR_v10_0_oxygenless,7.679337236322848,128.64114109941698,25.0,10.0,4.0,23766.502841359634,raw_data/run_3439.csv,raw_data/run_3439.json
3440,single,2026-09-24 16:30,KAUST2023_N2_C0_CKMC_ESR_v10_0_oxygenless,12.349538569822101,169.19244256754436,25.0,10.0,4.0,3909.061662507424,raw_data/run_3440.csv,raw_data/run_3440.json
3441,single,2026-09-24 16:30,KAUST2023_N2_C0_CKMC_ESR_v10_0_oxygenless,11.494626760003241,116.32739090347275,25.0,10.0,4.0,2511.55932059451,raw_data/run_3441.csv,raw_data/run_3441.json
3442,single,2026-09-24 16:30,KAUST2023_N2_C0_CKMC_ESR_v10_0_oxygenless,12.8312064603886,158.20865345716015,25.0,10.0,4.0,1885.0182850709655,raw_data/run_3442.csv,raw_data/run_3442.json
3443,single,2026-09-24 16:30,KAUST2023_N2_C0_CKMC_ESR_v10_0_oxygenless,10.56093099058442,122.29686206534384,25.0,10.0,4.0,1596.3334489417123,raw_data/run_3443.csv,raw_data/run_3443.json
3444,single,2026-09-24 16:30,KAUST2023_N2_C0_CKMC_ESR_v10_0_oxygenless,9.37138766438241,134.81309552913282,25.0,10.0,4.0,3930.0825766680205,raw_data/run_3444.csv,raw_data/run_3444.json
3445,single,2026-09-24 16:30,KAUST2023_N2_C0_CKMC_ESR_v10_0_oxygenless,10.453822374082357,100.24562518129198,25.0,10.0,4.0,2992.2699390615758,raw_data/run_3445.csv,raw_data/run_3445.json
3446,single,2026-09-24 16:30,KAUST2023_N2_C0_CKMC_ESR_v10_0_oxygenless,1.8599555994580665,271.1647216368131,25.0,10.0,4.0,1820236.0916749225,raw_data/run_3446.csv,raw_data/run_3446.json
3447,single,2026-09-24 16:30,KAUST2023_N2_C0_CKMC_ESR_v10_0_oxygenless,11.281094262005666,4.012022642870882,25.0,10.0,4.0,1463098314.3533769,raw_data/run_3447.csv,raw_data/run_3447.json
3448,single,2026-09-24 16:30,KAUST2023_N2_C0_CKMC_ESR_v10_0_oxygenless,7.840022094022674,303.14397611823296,25.0,10.0,4.0,23897122.87405085,raw_data/run_3448.csv,raw_data/run_3448.json
3449,single,2026-09-24 16:30,KAUST2023_N2_C0_CKMC_ESR_v10_0_oxygenless,10.8005589530258,125.69090853073257,25.0,10.0,4.0,1583.6419111621724,raw_data/run_3449.csv,raw_data/run_3449.json
3450,single,2026-09-24 16:30,KAUST2023_N2_C0_CKMC_ESR_v10_0_oxygenless,9.372684323151097,114.3728145755421,25.0,10.0,4.0,1607.0908292080655,raw_data/run_3450.csv,raw_data/run_3450.json
3451,single,2026-09-24 16:30,KAUST2023_N2_C0_CKMC_ESR_v10_0_oxygenless,4.88649199811873,55.88804600951017,25.0,10.0,4.0,1319599.3406678922,raw_data/run_3451.csv,raw_data/run_3451.json
3452,single,2026-09-24 16:30,KAUST2023_N2_C0_CKMC_ESR_v10_0_oxygenless,7.95015302050943,65.09298710374226,25.0,10.0,4.0,3326.5835185987285,raw_data/run_3452.csv,raw_data/run_3452.json
3453,single,2026-09-24 16:30,KAUST2023_N2_C0_CKMC_ESR_v10_0_oxygenless,6.704598774823705,91.50692563182226,25.0,10.0,4.0,4946.407840362021,raw_data/run_3453.csv,raw_data/run_3453.json
3454,single,2026-09-24 16:30,KAUST2023_N2_C0_CKMC_ESR_v10_0_oxygenless,5.69692929751731,99.75817039170076,25.0,10.0,4.0,3178018.1852755994,raw_data/run_3454.csv,raw_data/run_3454.json
3455,single,2026-09-24 16:30,KAUST2023_N2_C0_CKMC_ESR_v10_0_oxygenless,8.966891232194381,113.12202872836207,25.0,10.0,4.0,1831.6843558227822,raw_data/run_3455.csv,raw_data/run_3455.json
3456,single,2026-09-24 16:30,KAUST2023_N2_C0_CKMC_ESR_v10_0_oxygenless,7.317311533378321,121.06920070861663,25.0,10.0,4.0,23898.643662203027,raw_data/run_3456.csv,raw_data/run_3456.json
3457,single,2026-09-24 16:30,KAUST2023_N2_C0_CKMC_ESR_v10_0_oxygenless,5.278888387395835,100.99787898666762,25.0,10.0,4.0,41517913.01228109,raw_data/run_3457.csv,raw_data/run_3457.json
3458,single,2026-09-24 16:30,KAUST2023_N2_C0_CKMC_ESR_v10_0_oxygenless,12.165409401256074,2.25391991737825,25.0,10.0,4.0,8613001826.600998,raw_data/run_3458.csv,raw_data/run_3458.json
3459,single,2026-09-24 16:30,KAUST2023_N2_C0_CKMC_ESR_v10_0_oxygenless,15.71848035832998,168.3403890763194,25.0,10.0,4.0,1584.6484737915084,raw_data/run_3459.csv,raw_data/run_3459.json
3460,single,2026-09-24 16:30,KAUST2023_N2_C0_CKMC_ESR_v10_0_oxygenless,2.1060369261729814,273.7316209240115,25.0,10.0,4.0,1635992675.5036986,raw_data/run_3460.csv,raw_data/run_3460.json
3461,single,2026-09-24 16:30,KAUST2023_N2_C0_CKMC_ESR_v10_0_oxygenless,8.479947987963337,68.70806072879154,25.0,10.0,4.0,3944.3847765205524,raw_data/run_3461.csv,raw_data/run_3461.json
3462,single,2026-09-24 16:30,KAUST2023_N2_C0_CKMC_ESR_v10_0_oxygenless,5.941749115511661,77.03795464757258,25.0,10.0,4.0,9699.99609810934,raw_data/run_3462.csv,raw_data/run_3462.json
3463,single,2026-09-24 16:30,KAUST2023_N2_C0_CKMC_ESR_v10_0_oxygenless,1.5585734844538779,49.453923301487706,25.0,10.0,4.0,3.4516711245548437e+100,raw_data/run_3463.csv,raw_data/run_3463.json
3464,single,2026-09-24 16:30,KAUST2023_N2_C0_CKMC_ESR_v10_0_oxygenless,9.066929680296353,101.85712219078259,25.0,10.0,4.0,1622.340317206683,raw_data/run_3464.csv,raw_data/run_3464.json
3465,single,2026-09-24 16:30,KAUST2023_N2_C0_CKMC_ESR_v10_0_oxygenless,9.545470935754693,71.71498546534558,25.0,10.0,4.0,6202.460756333833,raw_data/run_3465.csv,raw_data/run_3465.json
3466,single,2026-09-24 16:30,KAUST2023_N2_C0_CKMC_ESR_v10_0_oxygenless,14.402156910747498,133.3066447100933,25.0,10.0,4.0,3237.8726963876247,raw_data/run_3466.csv,raw_data/run_3466.json
3467,single,2026-09-24 16:30,KAUST2023_N2_C0_CKMC_ESR_v10_0_oxygenless,12.013205493176823,126.51578294936618,25.0,10.0,4.0,2129.4608887658233,raw_data/run_3467.csv,raw_data/run_3467.json
3468,single,2026-09-24 16:30,KAUST2023_N2_C0_CKMC_ESR_v10_0_oxygenless,7.797832418502888,92.91492950893812,25.0,10.0,4.0,1774.7315148239268,raw_data/run_3468.csv,raw_data/run_3468.json
3469,single,2026-09-24 16:30,KAUST2023_N2_C0_CKMC_ESR_v10_0_oxygenless,8.130473596759604,62.972989262425294,25.0,10.0,4.0,4127.216991179574,raw_data/run_3469.csv,raw_data/run_3469.json
3470,single,2026-09-24 16:30,KAUST2023_N2_C0_CKMC_ESR_v10_0_oxygenless,16.100808595345804,307.27026034565233,25.0,10.0,4.0,446772667.63128614,raw_data/run_3470.csv,raw_data/run_3470.json
3471,single,2026-09-24 16:30,KAUST2023_N2_C0_CKMC_ESR_v10_0_oxygenless,8.128399214222565,66.33664575778043,25.0,10.0,4.0,3529.7303681474887,raw_data/run_3471.csv,raw_data/run_3471.json
3472,single,2026-09-24 16:30,KAUST2023_N2_C0_CKMC_ESR_v10_0_oxygenless,11.872632448794777,132.6028218503248,25.0,10.0,4.0,1723.1176397153042,raw_data/run_3472.csv,raw_data/run_3472.json
3473,single,2026-09-24 16:30,KAUST2023_N2_C0_CKMC_ESR_v10_0_oxygenless,1.8922076387071352,299.1521683831549,25.0,10.0,4.0,3172366.563107804,raw_data/run_3473.csv,raw_data/run_3473.json
3474,single,2026-09-24 16:30,KAUST2023_N2_C0_CKMC_ESR_v10_0_oxygenless,7.834236525286112,131.48751459326286,25.0,10.0,4.0,22998.304350094637,raw_data/run_3474.csv,raw_data/run_3474.json
3475,single,2026-09-24 16:30,KAUST2023_N2_C0_CKMC_ESR_v10_0_oxygenless,14.153940852139822,193.2536821786874,25.0,10.0,4.0,5612.863497375705,raw_data/run_3475.csv,raw_data/run_3475.json
3476,single,2026-09-24 16:30,KAUST2023_N2_C0_CKMC_ESR_v10_0_oxygenless,11.358344666819184,135.6133547441516,25.0,10.0,4.0,1563.3027016785823,raw_data/run_3476.csv,raw_data/run_3476.json
3477,single,2026-09-24 16:30,KAUST2023_N2_C0_CKMC_ESR_v10_0_oxygenless,8.385142467500838,119.25826770759136,25.0,10.0,4.0,3735.1154749224966,raw_data/run_3477.csv,raw_data/run_3477.json
3478,single,2026-09-24 16:30,KAUST2023_N2_C0_CKMC_ESR_v10_0_oxygenless,6.723629451500713,93.37243515397059,25.0,10.0,4.0,5433.15191113106,raw_data/run_3478.csv,raw_data/run_3478.json
3479,single,2026-09-24 16:30,KAUST2023_N2_C0_CKMC_ESR_v10_0_oxygenless,2.2463607166150297,55.386367314971515,25.0,10.0,4.0,4.38681714426576e+59,raw_data/run_3479.csv,raw_data/run_3479.json
3480,single,2026-09-24 16:30,KAUST2023_N2_C0_CKMC_ESR_v10_0_oxygenless,15.023997754779328,215.15233629793988,25.0,10.0,4.0,12735.90945685389,raw_data/run_3480.csv,raw_data/run_3480.json
3481,single,2026-09-24 16:30,KAUST2023_N2_C0_CKMC_ESR_v10_0_oxygenless,1.9472206728746073,303.14397611823296,25.0,10.0,4.0,1990957.3578269354,raw_data/run_3481.csv,raw_data/run_3481.json
3482,single,2026-09-24 16:30,KAUST2023_N2_C0_CKMC_ESR_v10_0_oxygenless,12.188089545099192,115.74036193871129,25.0,10.0,4.0,3209.082293289482,raw_data/run_3482.csv,raw_data/run_3482.json
3483,single,2026-09-24 16:30,KAUST2023_N2_C0_CKMC_ESR_v10_0_oxygenless,9.87021396073972,125.69090853073257,25.0,10.0,4.0,1848.27895393487,raw_data/run_3483.csv,raw_data/run_3483.json
3484,single,2026-09-24 16:30,KAUST2023_N2_C0_CKMC_ESR_v10_0_oxygenless,4.828544643560022,53.85023152238103,25.0,10.0,4.0,1984587.1021375223,raw_data/run_3484.csv,raw_data/run_3484.json
3485,single,2026-09-24 16:30,KAUST2023_N2_C0_CKMC_ESR_v10_0_oxygenless,11.223929365621983,194.7417257765493,25.0,10.0,4.0,93890.7010642532,raw_data/run_3485.csv,raw_data/run_3485.json
3486,single,2026-09-24 16:30,KAUST2023_N2_C0_CKMC_ESR_v10_0_oxygenless,8.632788368815921,76.85191069065978,25.0,10.0,4.0,3049.6138084053864,raw_data/run_3486.csv,raw_data/run_3486.json
3487,single,2026-09-24 16:30,KAUST2023_N2_C0_CKMC_ESR_v10_0_oxygenless,7.1607552743888485,174.08871611041897,25.0,10.0,4.0,33545703.229687396,raw_data/run_3487.csv,raw_data/run_3487.json
3488,single,2026-09-24 16:30,KAUST2023_N2_C0_CKMC_ESR_v10_0_oxygenless,13.345170339421493,164.6562476972516,25.0,10.0,4.0,2030.1169651665596,raw_data/run_3488.csv,raw_data/run_3488.json
3489,single,2026-09-24 16:30,KAUST2023_N2_C0_CKMC_ESR_v10_0_oxygenless,12.162711061588405,115.82936146300425,25.0,10.0,4.0,3173.684640855685,raw_data/run_3489.csv,raw_data/run_3489.json
3490,single,2026-09-24 16:30,KAUST2023_N2_C0_CKMC_ESR_v10_0_oxygenless,12.222708426069707,124.15862735670795,25.0,10.0,4.0,2443.0014108593264,raw_data/run_3490.csv,raw_data/run_3490.json
3491,single,2026-09-24 16:30,KAUST2023_N2_C0_CKMC_ESR_v10_0_oxygenless,9.232093102721079,100.68097935852974,25.0,10.0,4.0,1765.9917073805586,raw_data/run_3491.csv,raw_data/run_3491.json
3492,single,2026-09-24 16:30,KAUST2023_N2_C0_CKMC_ESR_v10_0_oxygenless,6.434871808136226,27.68160239587461,25.0,10.0,4.0,8302.875433335279,raw_data/run_3492.csv,raw_data/run_3492.json
3493,single,2026-09-24 16:30,KAUST2023_N2_C0_CKMC_ESR_v10_0_oxygenless,10.384700150688339,170.58007262360127,25.0,10.0,4.0,18291.912907327616,raw_data/run_3493.csv,raw_data/run_3493.json
3494,single,2026-09-24 16:30,KAUST2023_N2_C0_CKMC_ESR_v10_0_oxygenless,13.681997613924889,148.09371837301808,25.0,10.0,4.0,1750.733904089811,raw_data/run_3494.csv,raw_data/run_3494.json
3495,single,2026-09-24 16:30,KAUST2023_N2_C0_CKMC_ESR_v10_0_oxygenless,10.67756573202531,122.71094134701137,25.0,10.0,4.0,1620.968225289047,raw_data/run_3495.csv,raw_data/run_3495.json
3496,single,2026-09-24 16:30,KAUST2023_N2_C0_CKMC_ESR_v10_0_oxygenless,6.30957059259205,90.59797318093955,25.0,10.0,4.0,11780.466615124651,raw_data/run_3496.csv,raw_data/run_3496.json
3497,single,2026-09-24 16:30,KAUST2023_N2_C0_CKMC_ESR_v10_0_oxygenless,8.3989626029222,75.80015806397223,25.0,10.0,4.0,2781.9367585379828,raw_data/run_3497.csv,raw_data/run_3497.json
3498,single,2026-09-24 16:30,KAUST2023_N2_C0_CKMC_ESR_v10_0_oxygenless,9.248077251464645,88.20352180909873,25.0,10.0,4.0,2715.8561138584214,raw_data/run_3498.csv,raw_data/run_3498.json
3499,single,2026-09-24 16:30,KAUST2023_N2_C0_CKMC_ESR_v10_0_oxygenless,9.502900422426935,105.68604538728307,25.0,10.0,4.0,1705.8188748480363,raw_data/run_3499.csv,raw_data/run_3499.json
3500,single,2026-09-24 16:30,KAUST2023_N2_C0_CKMC_ESR_v10_0_oxygenless,14.288652610729143,198.06990980386587,25.0,10.0,4.0,6722.741036522544,raw_data/run_3500.csv,raw_data/run_3500.json
3501,single,2026-09-24 16:30,KAUST2023_N2_C0_CKMC_ESR_v10_0_oxygenless,9.63048124181226,119.85904474219423,25.0,10.0,4.0,1687.0519606106282,raw_data/run_3501.csv,raw_data/run_3501.json
3502,single,2026-09-24 16:30,KAUST2023_N2_C0_CKMC_ESR_v10_0_oxygenless,10.304257775923563,92.91492950893812,25.0,10.0,4.0,3688.3121096287114,raw_data/run_3502.csv,raw_data/run_3502.json
3503,single,2026-09-24 16:30,KAUST2023_N2_C0_CKMC_ESR_v10_0_oxygenless,3.9885122905500943,320.6474412816036,25.0,10.0,4.0,8056925.087463371,raw_data/run_3503.csv,raw_data/run_3503.json
3504,single,2026-09-24 16:30,KAUST2023_N2_C0_CKMC_ESR_v10_0_oxygenless,9.515514463225019,107.57383002043875,25.0,10.0,4.0,1639.6516788252961,raw_data/run_3504.csv,raw_data/run_3504.json
3505,single,2026-09-24 16:30,KAUST2023_N2_C0_CKMC_ESR_v10_0_oxygenless,8.683891458905858,97.38380204153015,25.0,10.0,4.0,1590.3587866872201,raw_data/run_3505.csv,raw_data/run_3505.json
3506,single,2026-09-24 16:30,KAUST2023_N2_C0_CKMC_ESR_v10_0_oxygenless,10.188354132672721,153.78727271074237,25.0,10.0,4.0,6079.543978448878,raw_data/run_3506.csv,raw_data/run_3506.json
3507,single,2026-09-24 16:30,KAUST2023_N2_C0_CKMC_ESR_v10_0_oxygenless,11.285315917786956,169.19244256754436,25.0,10.0,4.0,6918.823972223414,raw_data/run_3507.csv,raw_data/run_3507.json
3508,single,2026-09-24 16:30,KAUST2023_N2_C0_CKMC_ESR_v10_0_oxygenless,12.909990380641311,162.303419089011,25.0,10.0,4.0,2171.172867071747,raw_data/run_3508.csv,raw_data/run_3508.json
3509,single,2026-09-24 16:30,KAUST2023_N2_C0_CKMC_ESR_v10_0_oxygenless,8.669546542066152,111.29481990568199,25.0,10.0,4.0,2041.2772687640022,raw_data/run_3509.csv,raw_data/run_3509.json
3510,single,2026-09-24 16:30,KAUST2023_N2_C0_CKMC_ESR_v10_0_oxygenless,13.509129687558401,147.75658884630153,25.0,10.0,4.0,1707.0028232053867,raw_data/run_3510.csv,raw_data/run_3510.json
3511,single,2026-09-24 16:30,KAUST2023_N2_C0_CKMC_ESR_v10_0_oxygenless,7.742552092497393,105.33547641779712,25.0,10.0,4.0,3203.0522842162636,raw_data/run_3511.csv,raw_data/run_3511.json
3512,single,2026-09-24 16:30,KAUST2023_N2_C0_CKMC_ESR_v10_0_oxygenless,9.490006574028072,103.3809009365081,25.0,10.0,4.0,1807.9515223420601,raw_data/run_3512.csv,raw_data/run_3512.json
3513,single,2026-09-24 16:30,KAUST2023_N2_C0_CKMC_ESR_v10_0_oxygenless,9.292391420640708,107.03884065728721,25.0,10.0,4.0,1572.8507609803592,raw_data/run_3513.csv,raw_data/run_3513.json
3514,single,2026-09-24 16:30,KAUST2023_N2_C0_CKMC_ESR_v10_0_oxygenless,1.2329809383261043,677.57065371639,25.0,10.0,4.0,3.0536421005942033e+108,raw_data/run_3514.csv,raw_data/run_3514.json
3515,single,2026-09-24 16:30,KAUST2023_N2_C0_CKMC_ESR_v10_0_oxygenless,7.617370589871228,104.54779925316933,25.0,10.0,4.0,3450.2027820967387,raw_data/run_3515.csv,raw_data/run_3515.json
3516,single,2026-09-24 16:30,KAUST2023_N2_C0_CKMC_ESR_v10_0_oxygenless,11.567954711090927,125.69090853073257,25.0,10.0,4.0,1912.264314198317,raw_data/run_3516.csv,raw_data/run_3516.json
3517,single,2026-09-24 16:30,KAUST2023_N2_C0_CKMC_ESR_v10_0_oxygenless,10.316839432727956,114.6793413291949,25.0,10.0,4.0,1767.1328412081878,raw_data/run_3517.csv,raw_data/run_3517.json
3518,single,2026-09-24 16:30,KAUST2023_N2_C0_CKMC_ESR_v10_0_oxygenless,10.630166512741352,124.26451010298929,25.0,10.0,4.0,1573.9754497670865,raw_data/run_3518.csv,raw_data/run_3518.json
3519,single,2026-09-24 16:30,KAUST2023_N2_C0_CKMC_ESR_v10_0_oxygenless,9.454414664816454,99.71095134852304,25.0,10.0,4.0,1996.0317890303281,raw_data/run_3519.csv,raw_data/run_3519.json
3520,single,2026-09-24 16:30,KAUST2023_N2_C0_CKMC_ESR_v10_0_oxygenless,9.818888692419481,110.14036579173549,25.0,10.0,4.0,1693.5928543203509,raw_data/run_3520.csv,raw_data/run_3520.json
3521,single,2026-09-24 16:30,KAUST2023_N2_C0_CKMC_ESR_v10_0_oxygenless,12.084502237790975,144.04858341970336,25.0,10.0,4.0,1576.3174911003116,raw_data/run_3521.csv,raw_data/run_3521.json
3522,single,2026-09-24 16:30,KAUST2023_N2_C0_CKMC_ESR_v10_0_oxygenless,12.815191527427013,113.12202872836207,25.0,10.0,4.0,4269.468174117215,raw_data/run_3522.csv,raw_data/run_3522.json
3523,single,2026-09-24 16:30,KAUST2023_N2_C0_CKMC_ESR_v10_0_oxygenless,11.26688410126551,132.88673364283932,25.0,10.0,4.0,1560.2797147261733,raw_data/run_3523.csv,raw_data/run_3523.json
3524,single,2026-09-24 16:30,KAUST2023_N2_C0_CKMC_ESR_v10_0_oxygenless,9.966240364629112,100.68097935852974,25.0,10.0,4.0,2407.8616522961897,raw_data/run_3524.csv,raw_data/run_3524.json
3525,single,2026-09-24 16:30,KAUST2023_N2_C0_CKMC_ESR_v10_0_oxygenless,7.716340817409572,75.80015806397223,25.0,10.0,4.0,1866.8840844010263,raw_data/run_3525.csv,raw_data/run_3525.json
3526,single,2026-09-24 16:30,KAUST2023_N2_C0_CKMC_ESR_v10_0_oxygenless,9.722838482155291,103.55419821613849,25.0,10.0,4.0,1974.9948435258323,raw_data/run_3526.csv,raw_data/run_3526.json
3527,single,2026-09-24 16:30,KAUST2023_N2_C0_CKMC_ESR_v10_0_oxygenless,11.819798629622616,131.75219219755797,25.0,10.0,4.0,1736.9291729313943,raw_data/run_3527.csv,raw_data/run_3527.json
3528,single,2026-09-24 16:30,KAUST2023_N2_C0_CKMC_ESR_v10_0_oxygenless,7.1849277633005215,86.30347850103459,25.0,10.0,4.0,2236.0293514104137,raw_data/run_3528.csv,raw_data/run_3528.json
3529,single,2026-09-24 16:30,KAUST2023_N2_C0_CKMC_ESR_v10_0_oxygenless,11.715285699199338,131.96590038230445,25.0,10.0,4.0,1686.1113719640027,raw_data/run_3529.csv,raw_data/run_3529.json
3530,single,2026-09-24 16:30,KAUST2023_N2_C0_CKMC_ESR_v10_0_oxygenless,8.115146647471247,116.63180244021723,25.0,10.0,4.0,4098.82104275997,raw_data/run_3530.csv,raw_data/run_3530.json
3531,single,2026-09-24 16:30,KAUST2023_N2_C0_CKMC_ESR_v10_0_oxygenless,7.9119763501354665,109.52713772004584,25.0,10.0,4.0,3397.2168067857847,raw_data/run_3531.csv,raw_data/run_3531.json
3532,single,2026-09-24 16:30,KAUST2023_N2_C0_CKMC_ESR_v10_0_oxygenless,9.049933520870084,117.75444201695596,25.0,10.0,4.0,2116.35011749758,raw_data/run_3532.csv,raw_data/run_3532.json
3533,single,2026-09-24 16:30,KAUST2023_N2_C0_CKMC_ESR_v10_0_oxygenless,8.214137905078708,92.98033641734098,25.0,10.0,4.0,1557.6999526233487,raw_data/run_3533.csv,raw_data/run_3533.json
3534,single,2026-09-24 16:30,KAUST2023_N2_C0_CKMC_ESR_v10_0_oxygenless,7.488560968933365,81.16697728976344,25.0,10.0,4.0,1612.0378848436867,raw_data/run_3534.csv,raw_data/run_3534.json
3535,single,2026-09-24 16:30,KAUST2023_N2_C0_CKMC_ESR_v10_0_oxygenless,11.352918787778544,132.6088648575183,25.0,10.0,4.0,1571.1843982660755,raw_data/run_3535.csv,raw_data/run_3535.json
3536,single,2026-09-24 16:30,KAUST2023_N2_C0_CKMC_ESR_v10_0_oxygenless,12.99986905659426,534.6021995285231,25.0,10.0,4.0,1.7976931348623157e+308,raw_data/run_3536.csv,raw_data/run_3536.json
3537,single,2026-09-24 16:30,KAUST2023_N2_C0_CKMC_ESR_v10_0_oxygenless,9.363949950181853,99.01204592820594,25.0,10.0,4.0,1963.0138791418392,raw_data/run_3537.csv,raw_data/run_3537.json
3538,single,2026-09-24 16:30,KAUST2023_N2_C0_CKMC_ESR_v10_0_oxygenless,6.116606964310726,72.8154826203935,25.0,10.0,4.0,4501.842859701331,raw_data/run_3538.csv,raw_data/run_3538.json
3539,single,2026-09-24 16:30,KAUST2023_N2_C0_CKMC_ESR_v10_0_oxygenless,8.298144947289522,77.86254588941459,25.0,10.0,4.0,2417.7753797589135,raw_data/run_3539.csv,raw_data/run_3539.json
3540,single,2026-09-24 16:30,KAUST2023_N2_C0_CKMC_ESR_v10_0_oxygenless,15.970843044335652,97.19046189766235,25.0,10.0,4.0,17957.49578388737,raw_data/run_3540.csv,raw_data/run_3540.json
3541,single,2026-09-24 16:30,KAUST2023_N2_C0_CKMC_ESR_v10_0_oxygenless,6.302566736224531,78.47239063087568,25.0,10.0,4.0,4435.350703651092,raw_data/run_3541.csv,raw_data/run_3541.json
3542,single,2026-09-24 16:30,KAUST2023_N2_C0_CKMC_ESR_v10_0_oxygenless,6.11005862736384,71.04844270744688,25.0,10.0,4.0,4147.0123953511,raw_data/run_3542.csv,raw_data/run_3542.json
3543,single,2026-09-24 16:30,KAUST2023_N2_C0_CKMC_ESR_v10_0_oxygenless,6.380620910052606,135.6133547441516,25.0,10.0,4.0,12004891.760614062,raw_data/run_3543.csv,raw_data/run_3543.json
3544,single,2026-09-24 16:30,KAUST2023_N2_C0_CKMC_ESR_v10_0_oxygenless,10.103982756914112,102.93975061774383,25.0,10.0,4.0,2359.3110043462516,raw_data/run_3544.csv,raw_data/run_3544.json
3545,single,2026-09-24 16:30,KAUST2023_N2_C0_CKMC_ESR_v10_0_oxygenless,6.292767795082897,103.3809009365081,25.0,10.0,4.0,96526.52052938758,raw_data/run_3545.csv,raw_data/run_3545.json
3546,single,2026-09-24 16:30,KAUST2023_N2_C0_CKMC_ESR_v10_0_oxygenless,9.259296139305711,103.15802451865602,25.0,10.0,4.0,1672.5696524093933,raw_data/run_3546.csv,raw_data/run_3546.json
3547,single,2026-09-24 16:30,KAUST2023_N2_C0_CKMC_ESR_v10_0_oxygenless,5.69692929751731,1.4186967764462204,25.0,10.0,4.0,687607820.3893629,raw_data/run_3547.csv,raw_data/run_3547.json
3548,single,2026-09-24 16:30,KAUST2023_N2_C0_CKMC_ESR_v10_0_oxygenless,9.714462365163827,111.767874273498,25.0,10.0,4.0,1594.8646290424492,raw_data/run_3548.csv,raw_data/run_3548.json
3549,single,2026-09-24 16:30,KAUST2023_N2_C0_CKMC_ESR_v10_0_oxygenless,9.974416446209018,116.07742029980946,25.0,10.0,4.0,1575.5469296053539,raw_data/run_3549.csv,raw_data/run_3549.json
3550,single,2026-09-24 16:30,KAUST2023_N2_C0_CKMC_ESR_v10_0_oxygenless,9.372684323151097,119.52354632438463,25.0,10.0,4.0,1878.8188896873498,raw_data/run_3550.csv,raw_data/run_3550.json
3551,single,2026-09-24 16:30,KAUST2023_N2_C0_CKMC_ESR_v10_0_oxygenless,10.874542667679254,123.15100885222107,25.0,10.0,4.0,1681.2123700257048,raw_data/run_3551.csv,raw_data/run_3551.json
3552,single,2026-09-24 16:30,KAUST2023_N2_C0_CKMC_ESR_v10_0_oxygenless,7.307660633480588,91.01604391037078,25.0,10.0,4.0,2435.9990238555883,raw_data/run_3552.csv,raw_data/run_3552.json
3553,single,2026-09-24 16:30,KAUST2023_N2_C0_CKMC_ESR_v10_0_oxygenless,9.282820955223029,110.14036579173549,25.0,10.0,4.0,1552.0499481622107,raw_data/run_3553.csv,raw_data/run_3553.json
3554,single,2026-09-24 16:30,KAUST2023_N2_C0_CKMC_ESR_v10_0_oxygenless,12.084502237790975,134.90793128194218,25.0,10.0,4.0,1713.441518329596,raw_data/run_3554.csv,raw_data/run_3554.json
3555,single,2026-09-24 16:30,KAUST2023_N2_C0_CKMC_ESR_v10_0_oxygenless,15.19237942655123,172.38342098941752,25.0,10.0,4.0,1611.910865842923,raw_data/run_3555.csv,raw_data/run_3555.json
3556,single,2026-09-24 16:30,KAUST2023_N2_C0_CKMC_ESR_v10_0_oxygenless,9.461300593043145,122.23805802561658,25.0,10.0,4.0,2000.347285514057,raw_data/run_3556.csv,raw_data/run_3556.json
3557,single,2026-09-24 16:30,KAUST2023_N2_C0_CKMC_ESR_v10_0_oxygenless,9.232093102721079,109.20002504918234,25.0,10.0,4.0,1550.7020523987997,raw_data/run_3557.csv,raw_data/run_3557.json
3558,single,2026-09-24 16:30,KAUST2023_N2_C0_CKMC_ESR_v10_0_oxygenless,7.171638348261445,1.6716306747313805,25.0,10.0,4.0,1206946458.2246115,raw_data/run_3558.csv,raw_data/run_3558.json
3559,single,2026-09-24 16:30,KAUST2023_N2_C0_CKMC_ESR_v10_0_oxygenless,9.232093102721079,128.55986214238013,25.0,10.0,4.0,3164.6501074333373,raw_data/run_3559.csv,raw_data/run_3559.json
3560,single,2026-09-24 16:30,KAUST2023_N2_C0_CKMC_ESR_v10_0_oxygenless,10.34349440314438,134.28265890926355,25.0,10.0,4.0,2069.2829407738823,raw_data/run_3560.csv,raw_data/run_3560.json
3561,single,2026-09-24 16:30,KAUST2023_N2_C0_CKMC_ESR_v10_0_oxygenless,10.67756573202531,121.87736124434218,25.0,10.0,4.0,1646.7755321826276,raw_data/run_3561.csv,raw_data/run_3561.json
3562,single,2026-09-24 16:30,KAUST2023_N2_C0_CKMC_ESR_v10_0_oxygenless,9.681710241776692,113.7055104666999,25.0,10.0,4.0,1555.9389334207126,raw_data/run_3562.csv,raw_data/run_3562.json
3563,single,2026-09-24 16:30,KAUST2023_N2_C0_CKMC_ESR_v10_0_oxygenless,7.847381560247501,89.4933986025781,25.0,10.0,4.0,1601.9272931131613,raw_data/run_3563.csv,raw_data/run_3563.json
3564,single,2026-09-24 16:30,KAUST2023_N2_C0_CKMC_ESR_v10_0_oxygenless,11.416228998004618,141.42205872784209,25.0,10.0,4.0,1713.2227865240511,raw_data/run_3564.csv,raw_data/run_3564.json
3565,single,2026-09-24 16:30,KAUST2023_N2_C0_CKMC_ESR_v10_0_oxygenless,7.912053414642524,100.12623606647682,25.0,10.0,4.0,2168.86956214859,raw_data/run_3565.csv,raw_data/run_3565.json
3566,single,2026-09-24 16:30,KAUST2023_N2_C0_CKMC_ESR_v10_0_oxygenless,9.159108075058374,116.28444132193394,25.0,10.0,4.0,1859.632668544188,raw_data/run_3566.csv,raw_data/run_3566.json
3567,single,2026-09-24 16:30,KAUST2023_N2_C0_CKMC_ESR_v10_0_oxygenless,8.33287868220954,81.16697728976344,25.0,10.0,4.0,2176.9563959811576,raw_data/run_3567.csv,raw_data/run_3567.json
3568,single,2026-09-24 16:30,KAUST2023_N2_C0_CKMC_ESR_v10_0_oxygenless,10.874746868541942,123.22068699082445,25.0,10.0,4.0,1678.6671720885922,raw_data/run_3568.csv,raw_data/run_3568.json
3569,single,2026-09-24 16:30,KAUST2023_N2_C0_CKMC_ESR_v10_0_oxygenless,10.525292928126891,97.78257222808826,25.0,10.0,4.0,3369.6934685327715,raw_data/run_3569.csv,raw_data/run_3569.json
3570,single,2026-09-24 16:30,KAUST2023_N2_C0_CKMC_ESR_v10_0_oxygenless,9.067423570554983,103.30373663258099,25.0,10.0,4.0,1583.700927837711,raw_data/run_3570.csv,raw_data/run_3570.json
3571,single,2026-09-24 16:30,KAUST2023_N2_C0_CKMC_ESR_v10_0_oxygenless,8.109947777068085,91.93293287534753,25.0,10.0,4.0,1561.9583539058945,raw_data/run_3571.csv,raw_data/run_3571.json
3572,single,2026-09-24 16:30,KAUST2023_N2_C0_CKMC_ESR_v10_0_oxygenless,7.297713260801717,132.6028218503248,25.0,10.0,4.0,178915.66688939024,raw_data/run_3572.csv,raw_data/run_3572.json
3573,single,2026-09-24 16:30,KAUST2023_N2_C0_CKMC_ESR_v10_0_oxygenless,15.970843044335652,108.90990807617987,25.0,10.0,4.0,11311.259673179158,raw_data/run_3573.csv,raw_data/run_3573.json
3574,single,2026-09-24 16:30,KAUST2023_N2_C0_CKMC_ESR_v10_0_oxygenless,10.348284735208173,132.0357277338796,25.0,10.0,4.0,1878.1112448851968,raw_data/run_3574.csv,raw_data/run_3574.json
3575,single,2026-09-24 16:30,KAUST2023_N2_C0_CKMC_ESR_v10_0_oxygenless,12.8312064603886,113.81276236922841,25.0,10.0,4.0,4184.368004302948,raw_data/run_3575.csv,raw_data/run_3575.json
3576,single,2026-09-24 16:30,KAUST2023_N2_C0_CKMC_ESR_v10_0_oxygenless,9.975532448030402,114.5956657619902,25.0,10.0,4.0,1609.4094396710482,raw_data/run_3576.csv,raw_data/run_3576.json
3577,single,2026-09-24 16:30,KAUST2023_N2_C0_CKMC_ESR_v10_0_oxygenless,10.74203252683459,102.93975061774383,25.0,10.0,4.0,3044.183701240213,raw_data/run_3577.csv,raw_data/run_3577.json
3578,single,2026-09-24 16:30,KAUST2023_N2_C0_CKMC_ESR_v10_0_oxygenless,9.490006574028072,88.17621941007445,25.0,10.0,4.0,3058.0033964603567,raw_data/run_3578.csv,raw_data/run_3578.json
3579,single,2026-09-24 16:30,KAUST2023_N2_C0_CKMC_ESR_v10_0_oxygenless,9.292391420640708,123.22068699082445,25.0,10.0,4.0,2329.707298340781,raw_data/run_3579.csv,raw_data/run_3579.json
3580,single,2026-09-24 16:30,KAUST2023_N2_C0_CKMC_ESR_v10_0_oxygenless,15.576621645713985,10.031071829637314,25.0,10.0,4.0,128602059.50879218,raw_data/run_3580.csv,raw_data/run_3580.json
3581,single,2026-09-24 16:30,KAUST2023_N2_C0_CKMC_ESR_v10_0_oxygenless,9.403289034811785,117.1587776282284,25.0,10.0,4.0,1703.9859695626644,raw_data/run_3581.csv,raw_data/run_3581.json
3582,single,2026-09-24 16:30,KAUST2023_N2_C0_CKMC_ESR_v10_0_oxygenless,7.26819381483111,86.83239103748622,25.0,10.0,4.0,2118.400630898829,raw_data/run_3582.csv,raw_data/run_3582.json
3583,single,2026-09-24 16:30,KAUST2023_N2_C0_CKMC_ESR_v10_0_oxygenless,10.354238428374073,129.7102691905931,25.0,10.0,4.0,1725.9538868421369,raw_data/run_3583.csv,raw_data/run_3583.json
3584,single,2026-09-24 16:30,KAUST2023_N2_C0_CKMC_ESR_v10_0_oxygenless,9.369002392150865,106.43129949258993,25.0,10.0,4.0,1612.6213826361547,raw_data/run_3584.csv,raw_data/run_3584.json
3585,single,2026-09-24 16:30,KAUST2023_N2_C0_CKMC_ESR_v10_0_oxygenless,8.109947777068085,91.93293287534753,25.0,10.0,4.0,1561.9583539058945,raw_data/run_3585.csv,raw_data/run_3585.json
3586,single,2026-09-24 16:30,KAUST2023_N2_C0_CKMC_ESR_v10_0_oxygenless,8.214137905078708,86.94553477841706,25.0,10.0,4.0,1699.941657511944,raw_data/run_3586.csv,raw_data/run_3586.json
3587,single,2026-09-24 16:30,KAUST2023_N2_C0_CKMC_ESR_v10_0_oxygenless,12.084502237790975,100.04185669466297,25.0,10.0,4.0,5505.400520510928,raw_data/run_3587.csv,raw_data/run_3587.json
3588,single,2026-09-24 16:30,KAUST2023_N2_C0_CKMC_ESR_v10_0_oxygenless,9.53343975825265,172.38342098941752,25.0,10.0,4.0,113867.00206034112,raw_data/run_3588.csv,raw_data/run_3588.json
3589,single,2026-09-24 16:30,KAUST2023_N2_C0_CKMC_ESR_v10_0_oxygenless,10.384700150688339,93.7454805939374,25.0,10.0,4.0,3697.4648645279026,raw_data/run_3589.csv,raw_data/run_3589.json
3590,single,2026-09-24 16:30,KAUST2023_N2_C0_CKMC_ESR_v10_0_oxygenless,7.757714420310821,93.25526690764042,25.0,10.0,4.0,1842.5443901374597,raw_data/run_3590.csv,raw_data/run_3590.json
3591,single,2026-09-24 16:30,KAUST2023_N2_C0_CKMC_ESR_v10_0_oxygenless,11.437766588431861,5.621085704299205,25.0,10.0,4.0,120649443.6277131,raw_data/run_3591.csv,raw_data/run_3591.json
3592,single,2026-09-24 16:30,KAUST2023_N2_C0_CKMC_ESR_v10_0_oxygenless,11.44962498039045,198.3752694748927,25.0,10.0,4.0,106566.70605026318,raw_data/run_3592.csv,raw_data/run_3592.json
3593,single,2026-09-24 16:30,KAUST2023_N2_C0_CKMC_ESR_v10_0_oxygenless,8.260788651761914,97.9060964662603,25.0,10.0,4.0,1620.859784407509,raw_data/run_3593.csv,raw_data/run_3593.json
3594,single,2026-09-24 16:30,KAUST2023_N2_C0_CKMC_ESR_v10_0_oxygenless,5.311481198513121,86.92405350549487,25.0,10.0,4.0,6550346.099043553,raw_data/run_3594.csv,raw_data/run_3594.json
3595,single,2026-09-24 16:30,KAUST2023_N2_C0_CKMC_ESR_v10_0_oxygenless,8.059162111764833,98.02699999364,25.0,10.0,4.0,1793.24442809851,raw_data/run_3595.csv,raw_data/run_3595.json
3596,single,2026-09-24 16:30,KAUST2023_N2_C0_CKMC_ESR_v10_0_oxygenless,11.828473866600483,138.2420704031974,25.0,10.0,4.0,1564.15276369139,raw_data/run_3596.csv,raw_data/run_3596.json
3597,single,2026-09-24 16:30,KAUST2023_N2_C0_CKMC_ESR_v10_0_oxygenless,12.10840571282295,129.56802234986364,25.0,10.0,4.0,1994.7306996155148,raw_data/run_3597.csv,raw_data/run_3597.json
3598,single,2026-09-24 16:30,KAUST2023_N2_C0_CKMC_ESR_v10_0_oxygenless,10.839966852572497,132.18172257104158,25.0,10.0,4.0,1600.4015582481502,raw_data/run_3598.csv,raw_data/run_3598.json
3599,single,2026-09-24 16:30,KAUST2023_N2_C0_CKMC_ESR_v10_0_oxygenless,9.502900422426935,87.93294552786242,25.0,10.0,4.0,3105.558896277429,raw_data/run_3599.csv,raw_data/run_3599.json
3600,single,2026-09-24 16:30,KAUST2023_N2_C0_CKMC_ESR_v10_0_oxygenless,11.26688410126551,123.60175003560498,25.0,10.0,4.0,1856.2817497544386,raw_data/run_3600.csv,raw_data/run_3600.json
3601,single,2026-09-24 16:30,KAUST2023_N2_C0_CKMC_ESR_v10_0_oxygenless,7.782112132897396,92.49117562012734,25.0,10.0,4.0,1767.865046080318,raw_data/run_3601.csv,raw_data/run_3601.json
3602,single,2026-09-24 16:30,KAUST2023_N2_C0_CKMC_ESR_v10_0_oxygenless,11.352918787778544,90.1223853205655,25.0,10.0,4.0,6253.511817369179,raw_data/run_3602.csv,raw_data/run_3602.json
3603,single,2026-09-24 16:30,KAUST2023_N2_C0_CKMC_ESR_v10_0_oxygenless,7.231062085570645,136.16178470317774,25.0,10.0,4.0,497250.2028705951,raw_data/run_3603.csv,raw_data/run_3603.json
3604,single,2026-09-24 16:30,KAUST2023_N2_C0_CKMC_ESR_v10_0_oxygenless,9.067423570554983,130.48498804167028,25.0,10.0,4.0,3917.897222135964,raw_data/run_3604.csv,raw_data/run_3604.json
3605,single,2026-09-24 16:30,KAUST2023_N2_C0_CKMC_ESR_v10_0_oxygenless,8.109947777068085,140.09878343075218,25.0,10.0,4.0,36071.68286615504,raw_data/run_3605.csv,raw_data/run_3605.json
3606,single,2026-09-24 16:30,KAUST2023_N2_C0_CKMC_ESR_v10_0_oxygenless,9.379340626729869,114.03791323550554,25.0,10.0,4.0,1594.7511195868026,raw_data/run_3606.csv,raw_data/run_3606.json
3607,single,2026-09-24 16:30,KAUST2023_N2_C0_CKMC_ESR_v10_0_oxygenless,10.362164897502177,169.19244256754436,25.0,10.0,4.0,16426.614315543226,raw_data/run_3607.csv,raw_data/run_3607.json
3608,single,2026-09-24 16:30,KAUST2023_N2_C0_CKMC_ESR_v10_0_oxygenless,12.271954820501941,153.41789703752997,25.0,10.0,4.0,1921.7454570810455,raw_data/run_3608.csv,raw_data/run_3608.json
3609,single,2026-09-24 16:30,KAUST2023_N2_C0_CKMC_ESR_v10_0_oxygenless,5.311481198513121,86.92405350549487,25.0,10.0,4.0,6550346.099043553,raw_data/run_3609.csv,raw_data/run_3609.json
3610,single,2026-09-24 16:30,KAUST2023_N2_C0_CKMC_ESR_v10_0_oxygenless,9.40437268086114,110.4674651842365,25.0,10.0,4.0,1551.590493760337,raw_data/run_3610.csv,raw_data/run_3610.json
3611,single,2026-09-24 16:30,KAUST2023_N2_C0_CKMC_ESR_v10_0_oxygenless,8.385142467500838,129.37028506564383,25.0,10.0,4.0,6817.52364863698,raw_data/run_3611.csv,raw_data/run_3611.json
3612,single,2026-09-24 16:30,KAUST2023_N2_C0_CKMC_ESR_v10_0_oxygenless,9.310686699452683,111.64341421859872,25.0,10.0,4.0,1563.9111091273921,raw_data/run_3612.csv,raw_data/run_3612.json
3613,single,2026-09-24 16:30,KAUST2023_N2_C0_CKMC_ESR_v10_0_oxygenless,11.607616422668553,140.3779861862056,25.0,10.0,4.0,1599.223696874286,raw_data/run_3613.csv,raw_data/run_3613.json
3614,single,2026-09-24 16:30,KAUST2023_N2_C0_CKMC_ESR_v10_0_oxygenless,15.023997754779328,1.607717045377569,25.0,10.0,4.0,30437883277.386997,raw_data/run_3614.csv,raw_data/run_3614.json
3615,single,2026-09-24 16:30,KAUST2023_N2_C0_CKMC_ESR_v10_0_oxygenless,12.286816348159554,131.57169962427326,25.0,10.0,4.0,1975.4855216283192,raw_data/run_3615.csv,raw_data/run_3615.json
3616,single,2026-09-24 16:30,KAUST2023_N2_C0_CKMC_ESR_v10_0_oxygenless,9.346073675469782,116.07742029980946,25.0,10.0,4.0,1689.140912313564,raw_data/run_3616.csv,raw_data/run_3616.json
3617,single,2026-09-24 16:30,KAUST2023_N2_C0_CKMC_ESR_v10_0_oxygenless,9.372684323151097,135.6106678692301,25.0,10.0,4.0,4088.599626409119,raw_data/run_3617.csv,raw_data/run_3617.json
3618,single,2026-09-24 16:30,KAUST2023_N2_C0_CKMC_ESR_v10_0_oxygenless,8.6332179931064,101.42170066140191,25.0,10.0,4.0,1560.1462059415574,raw_data/run_3618.csv,raw_data/run_3618.json
3619,single,2026-09-24 16:30,KAUST2023_N2_C0_CKMC_ESR_v10_0_oxygenless,9.645703828010452,115.47964572852881,25.0,10.0,4.0,1556.9267635399042,raw_data/run_3619.csv,raw_data/run_3619.json
3620,single,2026-09-24 16:30,KAUST2023_N2_C0_CKMC_ESR_v10_0_oxygenless,11.470283259111934,92.98033641734098,25.0,10.0,4.0,5832.954092960847,raw_data/run_3620.csv,raw_data/run_3620.json
3621,single,2026-09-24 16:30,KAUST2023_N2_C0_CKMC_ESR_v10_0_oxygenless,13.316622685234812,145.63726710784485,25.0,10.0,4.0,1727.7703908626384,raw_data/run_3621.csv,raw_data/run_3621.json
3622,single,2026-09-24 16:30,KAUST2023_N2_C0_CKMC_ESR_v10_0_oxygenless,10.139206323899298,172.38342098941752,25.0,10.0,4.0,32445.33073339088,raw_data/run_3622.csv,raw_data/run_3622.json
3623,single,2026-09-24 16:30,KAUST2023_N2_C0_CKMC_ESR_v10_0_oxygenless,12.729970547675475,162.88720365877396,25.0,10.0,4.0,2410.254627283026,raw_data/run_3623.csv,raw_data/run_3623.json
3624,single,2026-09-24 16:30,KAUST2023_N2_C0_CKMC_ESR_v10_0_oxygenless,6.82698360846947,84.86677163239142,25.0,10.0,4.0,3012.3678417039964,raw_data/run_3624.csv,raw_data/run_3624.json
3625,single,2026-09-24 16:30,KAUST2023_N2_C0_CKMC_ESR_v10_0_oxygenless,6.383127982354543,138.04744068331127,25.0,10.0,4.0,21521845.478491675,raw_data/run_3625.csv,raw_data/run_3625.json
3626,single,2026-09-24 16:30,KAUST2023_N2_C0_CKMC_ESR_v10_0_oxygenless,11.710226697441314,142.84995016256508,25.0,10.0,4.0,1642.6682382496401,raw_data/run_3626.csv,raw_data/run_3626.json
3627,single,2026-09-24 16:30,KAUST2023_N2_C0_CKMC_ESR_v10_0_oxygenless,8.467172503176307,96.25191370936518,25.0,10.0,4.0,1556.3820518902219,raw_data/run_3627.csv,raw_data/run_3627.json
3628,single,2026-09-24 16:30,KAUST2023_N2_C0_CKMC_ESR_v10_0_oxygenless,11.50987862299915,148.16737865616278,25.0,10.0,4.0,2136.001623454006,raw_data/run_3628.csv,raw_data/run_3628.json
3629,single,2026-09-24 16:30,KAUST2023_N2_C0_CKMC_ESR_v10_0_oxygenless,7.9650672094548085,113.7055104666999,25.0,10.0,4.0,4017.2883834657787,raw_data/run_3629.csv,raw_data/run_3629.json
3630,single,2026-09-24 16:30,KAUST2023_N2_C0_CKMC_ESR_v10_0_oxygenless,8.337000485917196,89.4933986025781,25.0,10.0,4.0,1673.8191251133997,raw_data/run_3630.csv,raw_data/run_3630.json
3631,single,2026-09-24 16:30,KAUST2023_N2_C0_CKMC_ESR_v10_0_oxygenless,3.745326520137887,78.40312553446303,25.0,10.0,4.0,24801961.578927282,raw_data/run_3631.csv,raw_data/run_3631.json
3632,single,2026-09-24 16:30,KAUST2023_N2_C0_CKMC_ESR_v10_0_oxygenless,12.439723016875092,138.1162691211549,25.0,10.0,4.0,1719.4199808560345,raw_data/run_3632.csv,raw_data/run_3632.json
3633,single,2026-09-24 16:30,KAUST2023_N2_C0_CKMC_ESR_v10_0_oxygenless,8.221333475709276,91.47783607933243,25.0,10.0,4.0,1570.1915382346456,raw_data/run_3633.csv,raw_data/run_3633.json
3634,single,2026-09-24 16:30,KAUST2023_N2_C0_CKMC_ESR_v10_0_oxygenless,10.966617182087457,126.75206265757829,25.0,10.0,4.0,1601.2408606611775,raw_data/run_3634.csv,raw_data/run_3634.json
3635,single,2026-09-24 16:30,KAUST2023_N2_C0_CKMC_ESR_v10_0_oxygenless,9.427242338143454,112.61689042776585,25.0,10.0,4.0,1556.5106826013769,raw_data/run_3635.csv,raw_data/run_3635.json
3636,single,2026-09-24 16:30,KAUST2023_N2_C0_CKMC_ESR_v10_0_oxygenless,10.384700150688339,122.23805802561658,25.0,10.0,4.0,1561.979556201269,raw_data/run_3636.csv,raw_data/run_3636.json
3637,single,2026-09-24 16:30,KAUST2023_N2_C0_CKMC_ESR_v10_0_oxygenless,10.010787793839588,115.79615414812069,25.0,10.0,4.0,1590.6403878496812,raw_data/run_3637.csv,raw_data/run_3637.json
3638,single,2026-09-24 16:30,KAUST2023_N2_C0_CKMC_ESR_v10_0_oxygenless,8.86596602240138,91.93293287534753,25.0,10.0,4.0,1970.6027282321425,raw_data/run_3638.csv,raw_data/run_3638.json
3639,single,2026-09-24 16:30,KAUST2023_N2_C0_CKMC_ESR_v10_0_oxygenless,7.313453565822123,93.64456346032767,25.0,10.0,4.0,2724.20221867405,raw_data/run_3639.csv,raw_data/run_3639.json
3640,single,2026-09-24 16:30,KAUST2023_N2_C0_CKMC_ESR_v10_0_oxygenless,8.117495586253725,99.38066124826976,25.0,10.0,4.0,1814.2242150033007,raw_data/run_3640.csv,raw_data/run_3640.json
3641,single,2026-09-24 16:30,KAUST2023_N2_C0_CKMC_ESR_v10_0_oxygenless,2.8670417497486076,131.48751459326286,25.0,10.0,4.0,3453263.8284049393,raw_data/run_3641.csv,raw_data/run_3641.json
3642,single,2026-09-24 16:30,KAUST2023_N2_C0_CKMC_ESR_v10_0_oxygenless,10.09451415780938,119.3424838214671,25.0,10.0,4.0,1555.714810494381,raw_data/run_3642.csv,raw_data/run_3642.json
3643,single,2026-09-24 16:30,KAUST2023_N2_C0_CKMC_ESR_v10_0_oxygenless,8.778180321226893,100.28069887078726,25.0,10.0,4.0,1562.0451751065154,raw_data/run_3643.csv,raw_data/run_3643.json
3644,single,2026-09-24 16:30,KAUST2023_N2_C0_CKMC_ESR_v10_0_oxygenless,13.402533165526181,147.13774886636565,25.0,10.0,4.0,1696.9376977321162,raw_data/run_3644.csv,raw_data/run_3644.json
3645,single,2026-09-24 16:30,KAUST2023_N2_C0_CKMC_ESR_v10_0_oxygenless,7.269449493121948,92.95063586046788,25.0,10.0,4.0,2752.092040020184,raw_data/run_3645.csv,raw_data/run_3645.json
3646,single,2026-09-24 16:30,KAUST2023_N2_C0_CKMC_ESR_v10_0_oxygenless,8.720403328200765,100.89051359029698,25.0,10.0,4.0,1550.2551564353687,raw_data/run_3646.csv,raw_data/run_3646.json
3647,single,2026-09-24 16:30,KAUST2023_N2_C0_CKMC_ESR_v10_0_oxygenless,14.159176683609964,23.429288852120834,25.0,10.0,4.0,8973693.545952778,raw_data/run_3647.csv,raw_data/run_3647.json
3648,single,2026-09-24 16:30,KAUST2023_N2_C0_CKMC_ESR_v10_0_oxygenless,6.313892436085328,80.17952582759324,25.0,10.0,4.0,4787.0020876135995,raw_data/run_3648.csv,raw_data/run_3648.json
3649,single,2026-09-24 16:30,KAUST2023_N2_C0_CKMC_ESR_v10_0_oxygenless,1.6736751090404205,58.06591827114804,25.0,10.0,4.0,2.4926653372936125e+95,raw_data/run_3649.csv,raw_data/run_3649.json
3650,single,2026-09-24 16:30,KAUST2023_N2_C0_CKMC_ESR_v10_0_oxygenless,6.2900740167814995,79.93514354101299,25.0,10.0,4.0,4928.079870630135,raw_data/run_3650.csv,raw_data/run_3650.json
3651,single,2026-09-24 16:30,KAUST2023_N2_C0_CKMC_ESR_v10_0_oxygenless,8.011157299714425,94.07315485831049,25.0,10.0,4.0,1642.136754013195,raw_data/run_3651.csv,raw_data/run_3651.json
3652,single,2026-09-24 16:30,KAUST2023_N2_C0_CKMC_ESR_v10_0_oxygenless,9.645703828010452,94.91624018002273,25.0,10.0,4.0,2564.017408756355,raw_data/run_3652.csv,raw_data/run_3652.json
3653,single,2026-09-24 16:30,KAUST2023_N2_C0_CKMC_ESR_v10_0_oxygenless,8.301970237778793,98.87671600886927,25.0,10.0,4.0,1629.955117116562,raw_data/run_3653.csv,raw_data/run_3653.json
3654,single,2026-09-24 16:30,KAUST2023_N2_C0_CKMC_ESR_v10_0_oxygenless,10.264613847377921,144.04858341970336,25.0,10.0,4.0,3494.331614959868,raw_data/run_3654.csv,raw_data/run_3654.json
3655,single,2026-09-24 16:30,KAUST2023_N2_C0_CKMC_ESR_v10_0_oxygenless,7.328560916177825,85.16290128583363,25.0,10.0,4.0,1894.2533548080567,raw_data/run_3655.csv,raw_data/run_3655.json
3656,single,2026-09-24 16:30,KAUST2023_N2_C0_CKMC_ESR_v10_0_oxygenless,6.2900740167814995,79.93514354101299,25.0,10.0,4.0,4928.079870630135,raw_data/run_3656.csv,raw_data/run_3656.json
3657,single,2026-09-24 16:30,KAUST2023_N2_C0_CKMC_ESR_v10_0_oxygenless,3.699574393708314,68.58122454560045,25.0,10.0,4.0,13258166.695516475,raw_data/run_3657.csv,raw_data/run_3657.json
3658,single,2026-09-24 16:30,KAUST2023_N2_C0_CKMC_ESR_v10_0_oxygenless,11.149179265535038,58.39564153801792,25.0,10.0,4.0,24993.972255067947,raw_data/run_3658.csv,raw_data/run_3658.json
3659,single,2026-09-24 16:30,KAUST2023_N2_C0_CKMC_ESR_v10_0_oxygenless,9.853460215175037,116.90082232082065,25.0,10.0,4.0,1552.5961560378155,raw_data/run_3659.csv,raw_data/run_3659.json
3660,single,2026-09-24 16:30,KAUST2023_N2_C0_CKMC_ESR_v10_0_oxygenless,10.46183740137505,118.2721655466341,25.0,10.0,4.0,1686.0205026195733,raw_data/run_3660.csv,raw_data/run_3660.json
3661,single,2026-09-24 16:30,KAUST2023_N2_C0_CKMC_ESR_v10_0_oxygenless,5.632151199500647,122.71094134701137,25.0,10.0,4.0,22194634.498486776,raw_data/run_3661.csv,raw_data/run_3661.json
3662,single,2026-09-24 16:30,KAUST2023_N2_C0_CKMC_ESR_v10_0_oxygenless,10.222746551639899,126.10433326439345,25.0,10.0,4.0,1635.1056355984774,raw_data/run_3662.csv,raw_data/run_3662.json
3663,single,2026-09-24 16:30,KAUST2023_N2_C0_CKMC_ESR_v10_0_oxygenless,7.5521234045411685,89.4933986025781,25.0,10.0,4.0,1863.4374280316522,raw_data/run_3663.csv,raw_data/run_3663.json
3664,single,2026-09-24 16:30,KAUST2023_N2_C0_CKMC_ESR_v10_0_oxygenless,10.839966852572497,127.87327761079094,25.0,10.0,4.0,1560.9055426513928,raw_data/run_3664.csv,raw_data/run_3664.json
3665,single,2026-09-24 16:30,KAUST2023_N2_C0_CKMC_ESR_v10_0_oxygenless,6.1517034863496125,73.87075129930854,25.0,10.0,4.0,4483.751265101884,raw_data/run_3665.csv,raw_data/run_3665.json
3666,single,2026-09-24 16:30,KAUST2023_N2_C0_CKMC_ESR_v10_0_oxygenless,6.208648005704307,76.06181821156575,25.0,10.0,4.0,4572.596548026381,raw_data/run_3666.csv,raw_data/run_3666.json
3667,single,2026-09-24 16:30,KAUST2023_N2_C0_CKMC_ESR_v10_0_oxygenless,8.580706838949895,92.51239004451381,25.0,10.0,4.0,1704.4309964522233,raw_data/run_3667.csv,raw_data/run_3667.json
3668,single,2026-09-24 16:30,KAUST2023_N2_C0_CKMC_ESR_v10_0_oxygenless,10.514823257436543,127.52001764514283,25.0,10.0,4.0,1578.5808915014443,raw_data/run_3668.csv,raw_data/run_3668.json
3669,single,2026-09-24 16:30,KAUST2023_N2_C0_CKMC_ESR_v10_0_oxygenless,11.501525414695472,210.05053204033123,25.0,10.0,4.0,624671.8936803038,raw_data/run_3669.csv,raw_data/run_3669.json
3670,single,2026-09-24 16:30,KAUST2023_N2_C0_CKMC_ESR_v10_0_oxygenless,1.1324577068714285,56.171624048919085,25.0,10.0,4.0,6.391398888265831e+102,raw_data/run_3670.csv,raw_data/run_3670.json
3671,single,2026-09-24 16:30,KAUST2023_N2_C0_CKMC_ESR_v10_0_oxygenless,8.109947777068085,90.81958629204618,25.0,10.0,4.0,1562.392688254385,raw_data/run_3671.csv,raw_data/run_3671.json
3672,single,2026-09-24 16:30,KAUST2023_N2_C0_CKMC_ESR_v10_0_oxygenless,7.16114902621015,114.03791323550554,25.0,10.0,4.0,14911.309374661138,raw_data/run_3672.csv,raw_data/run_3672.json
3673,single,2026-09-24 16:30,KAUST2023_N2_C0_CKMC_ESR_v10_0_oxygenless,12.66257636806036,129.0837077188513,25.0,10.0,4.0,2368.2628239405176,raw_data/run_3673.csv,raw_data/run_3673.json
3674,single,2026-09-24 16:30,KAUST2023_N2_C0_CKMC_ESR_v10_0_oxygenless,9.703889648838858,107.982007027829,25.0,10.0,4.0,1721.9884420868325,raw_data/run_3674.csv,raw_data/run_3674.json
3675,single,2026-09-24 16:30,KAUST2023_N2_C0_CKMC_ESR_v10_0_oxygenless,14.079139548505468,119.3424838214671,25.0,10.0,4.0,4851.377906383182,raw_data/run_3675.csv,raw_data/run_3675.json
3676,single,2026-09-24 16:30,KAUST2023_N2_C0_CKMC_ESR_v10_0_oxygenless,9.574431112232372,113.44282437402244,25.0,10.0,4.0,1551.0931464041482,raw_data/run_3676.csv,raw_data/run_3676.json
3677,single,2026-09-24 16:30,KAUST2023_N2_C0_CKMC_ESR_v10_0_oxygenless,7.9211187688036935,94.297858254841,25.0,10.0,4.0,1724.0256797830693,raw_data/run_3677.csv,raw_data/run_3677.json
3678,single,2026-09-24 16:30,KAUST2023_N2_C0_CKMC_ESR_v10_0_oxygenless,6.911706669746369,111.64341421859872,25.0,10.0,4.0,23425.061285985063,raw_data/run_3678.csv,raw_data/run_3678.json
3679,single,2026-09-24 16:30,KAUST2023_N2_C0_CKMC_ESR_v10_0_oxygenless,3.080696011630296,66.52440354064224,25.0,10.0,4.0,15784635.744112993,raw_data/run_3679.csv,raw_data/run_3679.json
3680,single,2026-09-24 16:30,KAUST2023_N2_C0_CKMC_ESR_v10_0_oxygenless,5.660231329989382,97.1207228072854,25.0,10.0,4.0,3032549.6182755777,raw_data/run_3680.csv,raw_data/run_3680.json
3681,single,2026-09-24 16:30,KAUST2023_N2_C0_CKMC_ESR_v10_0_oxygenless,8.908435134414505,95.62094126780856,25.0,10.0,4.0,1789.4585457587086,raw_data/run_3681.csv,raw_data/run_3681.json
3682,single,2026-09-24 16:30,KAUST2023_N2_C0_CKMC_ESR_v10_0_oxygenless,8.31044099730821,92.66839614666854,25.0,10.0,4.0,1572.0222146830079,raw_data/run_3682.csv,raw_data/run_3682.json
3683,single,2026-09-24 16:30,KAUST2023_N2_C0_CKMC_ESR_v10_0_oxygenless,8.057674036366375,91.84497717284526,25.0,10.0,4.0,1569.8631362069655,raw_data/run_3683.csv,raw_data/run_3683.json
3684,single,2026-09-24 16:30,KAUST2023_N2_C0_CKMC_ESR_v10_0_oxygenless,8.967932754188903,101.42170066140191,25.0,10.0,4.0,1594.1868957990428,raw_data/run_3684.csv,raw_data/run_3684.json
3685,single,2026-09-24 16:30,KAUST2023_N2_C0_CKMC_ESR_v10_0_oxygenless,6.208648005704307,76.06181821156575,25.0,10.0,4.0,4572.596548026381,raw_data/run_3685.csv,raw_data/run_3685.json
3686,single,2026-09-24 16:30,KAUST2023_N2_C0_CKMC_ESR_v10_0_oxygenless,8.214137905078708,94.297858254841,25.0,10.0,4.0,1562.689725463905,raw_data/run_3686.csv,raw_data/run_3686.json
3687,single,2026-09-24 16:30,KAUST2023_N2_C0_CKMC_ESR_v10_0_oxygenless,11.489012319808541,137.39152926793102,25.0,10.0,4.0,1567.4306635391738,raw_data/run_3687.csv,raw_data/run_3687.json
3688,single,2026-09-24 16:30,KAUST2023_N2_C0_CKMC_ESR_v10_0_oxygenless,8.650681264270364,99.14939407974718,25.0,10.0,4.0,1554.1453189265167,raw_data/run_3688.csv,raw_data/run_3688.json
3689,single,2026-09-24 16:30,KAUST2023_N2_C0_CKMC_ESR_v10_0_oxygenless,7.500250250717237,87.16755887439044,25.0,10.0,4.0,1789.5482886760205,raw_data/run_3689.csv,raw_data/run_3689.json
3690,single,2026-09-24 16:30,KAUST2023_N2_C0_CKMC_ESR_v10_0_oxygenless,9.282820955223029,132.02602757559376,25.0,10.0,4.0,3632.814768915883,raw_data/run_3690.csv,raw_data/run_3690.json
3691,single,2026-09-24 16:30,KAUST2023_N2_C0_CKMC_ESR_v10_0_oxygenless,11.509966287845167,3.4405629904720194,25.0,10.0,4.0,4782835358.052958,raw_data/run_3691.csv,raw_data/run_3691.json
3692,single,2026-09-24 16:30,KAUST2023_N2_C0_CKMC_ESR_v10_0_oxygenless,8.966514396405628,102.06848523688414,25.0,10.0,4.0,1578.8711510337807,raw_data/run_3692.csv,raw_data/run_3692.json
3693,single,2026-09-24 16:30,KAUST2023_N2_C0_CKMC_ESR_v10_0_oxygenless,5.544769073479321,72.42178574380372,25.0,10.0,4.0,38989.48969417856,raw_data/run_3693.csv,raw_data/run_3693.json
3694,single,2026-09-24 16:30,KAUST2023_N2_C0_CKMC_ESR_v10_0_oxygenless,10.365218222630137,117.23369849468426,25.0,10.0,4.0,1681.6584790506713,raw_data/run_3694.csv,raw_data/run_3694.json
3695,single,2026-09-24 16:30,KAUST2023_N2_C0_CKMC_ESR_v10_0_oxygenless,8.220782901994411,94.08636170379549,25.0,10.0,4.0,1559.9852232103203,raw_data/run_3695.csv,raw_data/run_3695.json
3696,single,2026-09-24 16:30,KAUST2023_N2_C0_CKMC_ESR_v10_0_oxygenless,7.847381560247501,128.29502473393725,25.0,10.0,4.0,15044.346657439362,raw_data/run_3696.csv,raw_data/run_3696.json
3697,single,2026-09-24 16:30,KAUST2023_N2_C0_CKMC_ESR_v10_0_oxygenless,2.0212292121289055,62.57361177063075,25.0,10.0,4.0,1.0657328071276228e+66,raw_data/run_3697.csv,raw_data/run_3697.json
3698,single,2026-09-24 16:30,KAUST2023_N2_C0_CKMC_ESR_v10_0_oxygenless,8.404093970140455,97.39904455222694,25.0,10.0,4.0,1558.4422105462781,raw_data/run_3698.csv,raw_data/run_3698.json
3699,single,2026-09-24 16:30,KAUST2023_N2_C0_CKMC_ESR_v10_0_oxygenless,5.923132543396788,75.6267850813401,25.0,10.0,4.0,8974.367318459848,raw_data/run_3699.csv,raw_data/run_3699.json
3700,single,2026-09-24 16:30,KAUST2023_N2_C0_CKMC_ESR_v10_0_oxygenless,8.856455325061065,105.01357361626675,25.0,10.0,4.0,1561.8286476186267,raw_data/run_3700.csv,raw_data/run_3700.json
3701,single,2026-09-24 16:30,KAUST2023_N2_C0_CKMC_ESR_v10_0_oxygenless,7.334151572139034,85.11407449644622,25.0,10.0,4.0,1883.1586234029785,raw_data/run_3701.csv,raw_data/run_3701.json
3702,single,2026-09-24 16:30,KAUST2023_N2_C0_CKMC_ESR_v10_0_oxygenless,3.0340217900787523,1.2325406195748811,25.0,10.0,4.0,4.145470367863824e+110,raw_data/run_3702.csv,raw_data/run_3702.json
3703,single,2026-09-24 16:30,KAUST2023_N2_C0_CKMC_ESR_v10_0_oxygenless,7.2970524754943895,6.4936731030996775,25.0,10.0,4.0,11751147.88440606,raw_data/run_3703.csv,raw_data/run_3703.json
3704,single,2026-09-24 16:30,KAUST2023_N2_C0_CKMC_ESR_v10_0_oxygenless,9.19318829395902,108.54487790993544,25.0,10.0,4.0,1550.1872469805896,raw_data/run_3704.csv,raw_data/run_3704.json
3705,single,2026-09-24 16:30,KAUST2023_N2_C0_CKMC_ESR_v10_0_oxygenless,13.046541361525339,142.97643123932443,25.0,10.0,4.0,1742.8765622483108,raw_data/run_3705.csv,raw_data/run_3705.json
3706,single,2026-09-24 16:30,KAUST2023_N2_C0_CKMC_ESR_v10_0_oxygenless,9.26580626052754,110.78705296391075,25.0,10.0,4.0,1560.4685433802294,raw_data/run_3706.csv,raw_data/run_3706.json
3707,single,2026-09-24 16:30,KAUST2023_N2_C0_CKMC_ESR_v10_0_oxygenless,7.2728809880921625,105.05334748302828,25.0,10.0,4.0,5188.863383708586,raw_data/run_3707.csv,raw_data/run_3707.json
3708,single,2026-09-24 16:30,KAUST2023_N2_C0_CKMC_ESR_v10_0_oxygenless,6.992503721836733,348.57159106113807,25.0,10.0,4.0,18084254.82460469,raw_data/run_3708.csv,raw_data/run_3708.json
3709,single,2026-09-24 16:30,KAUST2023_N2_C0_CKMC_ESR_v10_0_oxygenless,13.860264715002769,169.19244256754436,25.0,10.0,4.0,2042.360143448395,raw_data/run_3709.csv,raw_data/run_3709.json
3710,single,2026-09-24 16:30,KAUST2023_N2_C0_CKMC_ESR_v10_0_oxygenless,5.306257025670758,7.261801166191882,25.0,10.0,4.0,28266.466333249304,raw_data/run_3710.csv,raw_data/run_3710.json
3711,single,2026-09-24 16:30,KAUST2023_N2_C0_CKMC_ESR_v10_0_oxygenless,11.10528910689704,14.523206852848407,25.0,10.0,4.0,9006148.096844876,raw_data/run_3711.csv,raw_data/run_3711.json
3712,single,2026-09-24 16:30,KAUST2023_N2_C0_CKMC_ESR_v10_0_oxygenless,7.221039131306416,201.2195261696227,25.0,10.0,4.0,32056603.576075986,raw_data/run_3712.csv,raw_data/run_3712.json
3713,single,2026-09-24 16:30,KAUST2023_N2_C0_CKMC_ESR_v10_0_oxygenless,10.058464686644367,4.012022642870882,25.0,10.0,4.0,932992611.4727203,raw_data/run_3713.csv,raw_data/run_3713.json
3714,single,2026-09-24 16:30,KAUST2023_N2_C0_CKMC_ESR_v10_0_oxygenless,11.871793641217838,17.013891367283485,25.0,10.0,4.0,8791173.257980393,raw_data/run_3714.csv,raw_data/run_3714.json
3715,single,2026-09-24 16:30,KAUST2023_N2_C0_CKMC_ESR_v10_0_oxygenless,15.532087816785044,12.693486744462223,25.0,10.0,4.0,47662996.40864663,raw_data/run_3715.csv,raw_data/run_3715.json
3716,single,2026-09-24 16:30,KAUST2023_N2_C0_CKMC_ESR_v10_0_oxygenless,4.405468664952106,428.0607553658267,25.0,10.0,4.0,60629289.34191343,raw_data/run_3716.csv,raw_data/run_3716.json
3717,single,2026-09-24 16:30,KAUST2023_N2_C0_CKMC_ESR_v10_0_oxygenless,1.9472206728746073,51.03609297843093,25.0,10.0,4.0,1.9715811945544507e+90,raw_data/run_3717.csv,raw_data/run_3717.json
3718,single,2026-09-24 16:30,KAUST2023_N2_C0_CKMC_ESR_v10_0_oxygenless,9.908556960674918,96.96571525278767,25.0,10.0,4.0,2677.688329342936,raw_data/run_3718.csv,raw_data/run_3718.json
3719,single,2026-09-24 16:30,KAUST2023_N2_C0_CKMC_ESR_v10_0_oxygenless,10.021925525568276,320.6474412816036,25.0,10.0,4.0,31069878.261795506,raw_data/run_3719.csv,raw_data/run_3719.json
3720,single,2026-09-24 16:30,KAUST2023_N2_C0_CKMC_ESR_v10_0_oxygenless,1.2329809383261043,127.1888546735999,25.0,10.0,4.0,8.663943400502794e+43,raw_data/run_3720.csv,raw_data/run_3720.json
3721,single,2026-09-24 16:30,KAUST2023_N2_C0_CKMC_ESR_v10_0_oxygenless,1.0509597370742316,614.9604511673659,25.0,10.0,4.0,1.0872779652470928e+105,raw_data/run_3721.csv,raw_data/run_3721.json
3722,single,2026-09-24 16:30,KAUST2023_N2_C0_CKMC_ESR_v10_0_oxygenless,10.071083623824642,534.6021995285231,25.0,10.0,4.0,1.7976931348623157e+308,raw_data/run_3722.csv,raw_data/run_3722.json
3723,single,2026-09-24 16:30,KAUST2023_N2_C0_CKMC_ESR_v10_0_oxygenless,5.69692929751731,51.624580600631255,25.0,10.0,4.0,3348.6273993229015,raw_data/run_3723.csv,raw_data/run_3723.json
3724,single,2026-09-24 16:30,KAUST2023_N2_C0_CKMC_ESR_v10_0_oxygenless,10.101837829669408,201.64459483250747,25.0,10.0,4.0,4161907.047968575,raw_data/run_3724.csv,raw_data/run_3724.json
3725,single,2026-09-24 16:30,KAUST2023_N2_C0_CKMC_ESR_v10_0_oxygenless,5.930827031498759,393.1270631287473,25.0,10.0,4.0,10323175.147604862,raw_data/run_3725.csv,raw_data/run_3725.json
3726,single,2026-09-24 16:30,KAUST2023_N2_C0_CKMC_ESR_v10_0_oxygenless,12.227764612146935,356.9680995131465,25.0,10.0,4.0,75846672.2854618,raw_data/run_3726.csv,raw_data/run_3726.json
3727,single,2026-09-24 16:30,KAUST2023_N2_C0_CKMC_ESR_v10_0_oxygenless,4.755480352681005,7.702363825498623,25.0,10.0,4.0,9393.910767951056,raw_data/run_3727.csv,raw_data/run_3727.json
3728,single,2026-09-24 16:30,KAUST2023_N2_C0_CKMC_ESR_v10_0_oxygenless,10.749680112711228,31.21560891404817,25.0,10.0,4.0,157976.97831835196,raw_data/run_3728.csv,raw_data/run_3728.json
3729,single,2026-09-24 16:30,KAUST2023_N2_C0_CKMC_ESR_v10_0_oxygenless,9.449582273006577,136.16178470317774,25.0,10.0,4.0,3985.8183236655614,raw_data/run_3729.csv,raw_data/run_3729.json
3730,single,2026-09-24 16:30,KAUST2023_N2_C0_CKMC_ESR_v10_0_oxygenless,15.023997754779328,89.11820450245669,25.0,10.0,4.0,19977.373265784223,raw_data/run_3730.csv,raw_data/run_3730.json
3731,single,2026-09-24 16:30,KAUST2023_N2_C0_CKMC_ESR_v10_0_oxygenless,8.804419138566605,14.282180495652607,25.0,10.0,4.0,4797221.021066255,raw_data/run_3731.csv,raw_data/run_3731.json
3732,single,2026-09-24 16:30,KAUST2023_N2_C0_CKMC_ESR_v10_0_oxygenless,14.30082857757845,133.28800406693796,25.0,10.0,4.0,3161.997694328476,raw_data/run_3732.csv,raw_data/run_3732.json
3733,single,2026-09-24 16:30,KAUST2023_N2_C0_CKMC_ESR_v10_0_oxygenless,8.593953938490884,167.3017609691329,25.0,10.0,4.0,795600.5266311831,raw_data/run_3733.csv,raw_data/run_3733.json
3734,single,2026-09-24 16:30,KAUST2023_N2_C0_CKMC_ESR_v10_0_oxygenless,9.94069275810945,71.71498546534558,25.0,10.0,4.0,7528.39147740219,raw_data/run_3734.csv,raw_data/run_3734.json
3735,single,2026-09-24 16:30,KAUST2023_N2_C0_CKMC_ESR_v10_0_oxygenless,9.633286024534508,133.3066447100933,25.0,10.0,4.0,3054.7778329597754,raw_data/run_3735.csv,raw_data/run_3735.json
3736,single,2026-09-24 16:30,KAUST2023_N2_C0_CKMC_ESR_v10_0_oxygenless,1.8358804336748433,615.4947445586104,25.0,10.0,4.0,6.775365019814265e+79,raw_data/run_3736.csv,raw_data/run_3736.json
3737,single,2026-09-24 16:30,KAUST2023_N2_C0_CKMC_ESR_v10_0_oxygenless,11.92332363016678,320.0275227863314,25.0,10.0,4.0,28984710.633431483,raw_data/run_3737.csv,raw_data/run_3737.json
3738,single,2026-09-24 16:30,KAUST2023_N2_C0_CKMC_ESR_v10_0_oxygenless,12.593518742615055,173.4065631422815,25.0,10.0,4.0,4272.437602330169,raw_data/run_3738.csv,raw_data/run_3738.json
3739,single,2026-09-24 16:30,KAUST2023_N2_C0_CKMC_ESR_v10_0_oxygenless,11.806948437463337,16.763627043444348,25.0,10.0,4.0,7685842.094921702,raw_data/run_3739.csv,raw_data/run_3739.json
3740,single,2026-09-24 16:30,KAUST2023_N2_C0_CKMC_ESR_v10_0_oxygenless,7.2728809880921625,101.60993437217105,25.0,10.0,4.0,4203.826974007579,raw_data/run_3740.csv,raw_data/run_3740.json
3741,single,2026-09-24 16:30,KAUST2023_N2_C0_CKMC_ESR_v10_0_oxygenless,3.78224878149906,103.15498621739054,25.0,10.0,4.0,12657116.364929039,raw_data/run_3741.csv,raw_data/run_3741.json
3742,single,2026-09-24 16:30,KAUST2023_N2_C0_CKMC_ESR_v10_0_oxygenless,9.26131234752302,47.1452205047112,25.0,10.0,4.0,19534.603347444787,raw_data/run_3742.csv,raw_data/run_3742.json
3743,single,2026-09-24 16:30,KAUST2023_N2_C0_CKMC_ESR_v10_0_oxygenless,8.807140989483484,494.92723040597787,25.0,10.0,4.0,1.7976931348623157e+308,raw_data/run_3743.csv,raw_data/run_3743.json
3744,single,2026-09-24 16:30,KAUST2023_N2_C0_CKMC_ESR_v10_0_oxygenless,16.468730575885292,21.091689961025267,25.0,10.0,4.0,26582430.95264253,raw_data/run_3744.csv,raw_data/run_3744.json
3745,single,2026-09-24 16:30,KAUST2023_N2_C0_CKMC_ESR_v10_0_oxygenless,7.221039131306416,16.763627043444348,25.0,10.0,4.0,83407.07890993064,raw_data/run_3745.csv,raw_data/run_3745.json
3746,single,2026-09-24 16:30,KAUST2023_N2_C0_CKMC_ESR_v10_0_oxygenless,11.11443635521306,280.11852893124353,25.0,10.0,4.0,42232703.98075237,raw_data/run_3746.csv,raw_data/run_3746.json
3747,single,2026-09-24 16:30,KAUST2023_N2_C0_CKMC_ESR_v10_0_oxygenless,11.871793641217838,78.15161188448452,25.0,10.0,4.0,12486.082508661302,raw_data/run_3747.csv,raw_data/run_3747.json
3748,single,2026-09-24 16:30,KAUST2023_N2_C0_CKMC_ESR_v10_0_oxygenless,9.810772693188962,60.82854249607618,25.0,10.0,4.0,11983.31558986767,raw_data/run_3748.csv,raw_data/run_3748.json
3749,single,2026-09-24 16:30,KAUST2023_N2_C0_CKMC_ESR_v10_0_oxygenless,2.272241834187609,22.851509063321195,25.0,10.0,4.0,8.559815763779152e+106,raw_data/run_3749.csv,raw_data/run_3749.json
3750,single,2026-09-24 16:30,KAUST2023_N2_C0_CKMC_ESR_v10_0_oxygenless,11.356299387978947,928.0356232509671,25.0,10.0,4.0,1.7976931348623157e+308,raw_data/run_3750.csv,raw_data/run_3750.json
3751,single,2026-09-24 16:30,KAUST2023_N2_C0_CKMC_ESR_v10_0_oxygenless,9.908556960674918,3.316924002882941,25.0,10.0,4.0,3195542234.1066422,raw_data/run_3751.csv,raw_data/run_3751.json
3752,single,2026-09-24 16:30,KAUST2023_N2_C0_CKMC_ESR_v10_0_oxygenless,12.24091486936086,13.527938636604562,25.0,10.0,4.0,23297899.316655528,raw_data/run_3752.csv,raw_data/run_3752.json
3753,single,2026-09-24 16:30,KAUST2023_N2_C0_CKMC_ESR_v10_0_oxygenless,1.2329809383261043,402.70021340906703,25.0,10.0,4.0,3.5291193805637926e+83,raw_data/run_3753.csv,raw_data/run_3753.json
3754,single,2026-09-24 16:30,KAUST2023_N2_C0_CKMC_ESR_v10_0_oxygenless,7.37162116164964,3.6023853072459495,25.0,10.0,4.0,494584830.76613986,raw_data/run_3754.csv,raw_data/run_3754.json
3755,single,2026-09-24 16:30,KAUST2023_N2_C0_CKMC_ESR_v10_0_oxygenless,12.309057622750332,174.08871611041897,25.0,10.0,4.0,5046.52703662714,raw_data/run_3755.csv,raw_data/run_3755.json
3756,single,2026-09-24 16:30,KAUST2023_N2_C0_CKMC_ESR_v10_0_oxygenless,13.1986443360881,484.0651683037811,25.0,10.0,4.0,90158620.58412527,raw_data/run_3756.csv,raw_data/run_3756.json
3757,single,2026-09-24 16:30,KAUST2023_N2_C0_CKMC_ESR_v10_0_oxygenless,9.990068238695159,204.62148176552412,25.0,10.0,4.0,14043936.977411894,raw_data/run_3757.csv,raw_data/run_3757.json
3758,single,2026-09-24 16:30,KAUST2023_N2_C0_CKMC_ESR_v10_0_oxygenless,8.676411331012904,77.24877316053289,25.0,10.0,4.0,3075.5944801036726,raw_data/run_3758.csv,raw_data/run_3758.json
3759,single,2026-09-24 16:30,KAUST2023_N2_C0_CKMC_ESR_v10_0_oxygenless,12.50259801686186,356.9680995131465,25.0,10.0,4.0,48621982.87437719,raw_data/run_3759.csv,raw_data/run_3759.json
3760,single,2026-09-24 16:30,KAUST2023_N2_C0_CKMC_ESR_v10_0_oxygenless,16.118020215039436,8.475422597285599,25.0,10.0,4.0,162066699.36623853,raw_data/run_3760.csv,raw_data/run_3760.json
3761,single,2026-09-24 16:30,KAUST2023_N2_C0_CKMC_ESR_v10_0_oxygenless,10.384700150688339,91.5213716207005,25.0,10.0,4.0,4024.9289452818048,raw_data/run_3761.csv,raw_data/run_3761.json
3762,single,2026-09-24 16:30,KAUST2023_N2_C0_CKMC_ESR_v10_0_oxygenless,10.578599281992107,242.89139907427227,25.0,10.0,4.0,60732369.59430918,raw_data/run_3762.csv,raw_data/run_3762.json
3763,single,2026-09-24 16:30,KAUST2023_N2_C0_CKMC_ESR_v10_0_oxygenless,11.7968227697834,159.90236640736953,25.0,10.0,4.0,3261.366194479039,raw_data/run_3763.csv,raw_data/run_3763.json
3764,single,2026-09-24 16:30,KAUST2023_N2_C0_CKMC_ESR_v10_0_oxygenless,8.172433239951442,30.46812084528616,25.0,10.0,4.0,34175.82636839522,raw_data/run_3764.csv,raw_data/run_3764.json
3765,single,2026-09-24 16:30,KAUST2023_N2_C0_CKMC_ESR_v10_0_oxygenless,3.985137913827851,281.3672173418241,25.0,10.0,4.0,5202466.364098651,raw_data/run_3765.csv,raw_data/run_3765.json
3766,single,2026-09-24 16:30,KAUST2023_N2_C0_CKMC_ESR_v10_0_oxygenless,9.172688908951756,81.15615388475202,25.0,10.0,4.0,3432.9929389318945,raw_data/run_3766.csv,raw_data/run_3766.json
3767,single,2026-09-24 16:30,KAUST2023_N2_C0_CKMC_ESR_v10_0_oxygenless,7.41623047952526,388.1820558043802,25.0,10.0,4.0,482771818.37081605,raw_data/run_3767.csv,raw_data/run_3767.json
3768,single,2026-09-24 16:30,KAUST2023_N2_C0_CKMC_ESR_v10_0_oxygenless,12.070009857354934,630.2390034424934,25.0,10.0,4.0,1.7976931348623157e+308,raw_data/run_3768.csv,raw_data/run_3768.json
3769,single,2026-09-24 16:30,KAUST2023_N2_C0_CKMC_ESR_v10_0_oxygenless,3.375825397646313,78.15417713956634,25.0,10.0,4.0,8675580.145349797,raw_data/run_3769.csv,raw_data/run_3769.json
3770,single,2026-09-24 16:30,KAUST2023_N2_C0_CKMC_ESR_v10_0_oxygenless,7.797832418502888,63.26138884416806,25.0,10.0,4.0,3265.569745622379,raw_data/run_3770.csv,raw_data/run_3770.json
3771,single,2026-09-24 16:30,KAUST2023_N2_C0_CKMC_ESR_v10_0_oxygenless,15.432422934140856,470.7165036264664,25.0,10.0,5.0,65405617.037601486,raw_data/run_3771.csv,raw_data/run_3771.json
3772,single,2026-09-24 16:30,KAUST2023_N2_C0_CKMC_ESR_v10_0_oxygenless,7.6843706776022325,2.1497629034814323,25.0,10.0,5.0,168013063.04596558,raw_data/run_3772.csv,raw_data/run_3772.json
3773,single,2026-09-24 16:30,KAUST2023_N2_C0_CKMC_ESR_v10_0_oxygenless,10.058744461795849,1.3629407777738873,25.0,10.0,5.0,8634205781.394491,raw_data/run_3773.csv,raw_data/run_3773.json
3774,single,2026-09-24 16:30,KAUST2023_N2_C0_CKMC_ESR_v10_0_oxygenless,15.212014235716723,315.4683197383911,25.0,10.0,5.0,262198935.2018493,raw_data/run_3774.csv,raw_data/run_3774.json
3775,single,2026-09-24 16:30,KAUST2023_N2_C0_CKMC_ESR_v10_0_oxygenless,12.887656584127857,15.66594714079788,25.0,10.0,5.0,8029639.255621041,raw_data/run_3775.csv,raw_data/run_3775.json
3776,single,2026-09-24 16:30,KAUST2023_N2_C0_CKMC_ESR_v10_0_oxygenless,11.706121640948432,180.38345478554814,25.0,10.0,5.0,87474.1285620692,raw_data/run_3776.csv,raw_data/run_3776.json
3777,single,2026-09-24 16:30,KAUST2023_N2_C0_CKMC_ESR_v10_0_oxygenless,9.54002565190447,32.47792398349718,25.0,10.0,5.0,27931.90831610326,raw_data/run_3777.csv,raw_data/run_3777.json
3778,single,2026-09-24 16:30,KAUST2023_N2_C0_CKMC_ESR_v10_0_oxygenless,12.682831131569555,111.4016346505762,25.0,10.0,5.0,2496.9889653106825,raw_data/run_3778.csv,raw_data/run_3778.json
3779,single,2026-09-24 16:30,KAUST2023_N2_C0_CKMC_ESR_v10_0_oxygenless,12.124506462073075,10.482070242226637,25.0,10.0,5.0,29653223.381975558,raw_data/run_3779.csv,raw_data/run_3779.json
3780,single,2026-09-24 16:30,KAUST2023_N2_C0_CKMC_ESR_v10_0_oxygenless,8.403068499146316,177.95538685916281,25.0,10.0,5.0,42953677.38694436,raw_data/run_3780.csv,raw_data/run_3780.json
3781,single,2026-09-24 16:30,KAUST2023_N2_C0_CKMC_ESR_v10_0_oxygenless,11.186580867091397,288.01083173617195,25.0,10.0,5.0,42456925.33229142,raw_data/run_3781.csv,raw_data/run_3781.json
3782,single,2026-09-24 16:30,KAUST2023_N2_C0_CKMC_ESR_v10_0_oxygenless,6.11780523216176,198.902452214764,25.0,10.0,5.0,24340367.430578604,raw_data/run_3782.csv,raw_data/run_3782.json
3783,single,2026-09-24 16:30,KAUST2023_N2_C0_CKMC_ESR_v10_0_oxygenless,10.64764118261569,39.471375735782935,25.0,10.0,5.0,32127.697556630384,raw_data/run_3783.csv,raw_data/run_3783.json
3784,single,2026-09-24 16:30,KAUST2023_N2_C0_CKMC_ESR_v10_0_oxygenless,2.1895739291569676,615.6248250415234,25.0,10.0,5.0,6.556854510288133e+63,raw_data/run_3784.csv,raw_data/run_3784.json
3785,single,2026-09-24 16:30,KAUST2023_N2_C0_CKMC_ESR_v10_0_oxygenless,8.899434318996034,71.32427621106544,25.0,10.0,5.0,1990.9840841632447,raw_data/run_3785.csv,raw_data/run_3785.json
3786,single,2026-09-24 16:30,KAUST2023_N2_C0_CKMC_ESR_v10_0_oxygenless,8.39962072201319,140.16748792510586,25.0,10.0,5.0,2209671.7255721986,raw_data/run_3786.csv,raw_data/run_3786.json
3787,single,2026-09-24 16:30,KAUST2023_N2_C0_CKMC_ESR_v10_0_oxygenless,12.56444970840347,48.17198578332378,25.0,10.0,5.0,44239.69630193242,raw_data/run_3787.csv,raw_data/run_3787.json
3788,single,2026-09-24 16:30,KAUST2023_N2_C0_CKMC_ESR_v10_0_oxygenless,13.13579799475109,30.726365839139095,25.0,10.0,5.0,269367.6086249758,raw_data/run_3788.csv,raw_data/run_3788.json
3789,single,2026-09-24 16:30,KAUST2023_N2_C0_CKMC_ESR_v10_0_oxygenless,8.780923875320958,37.39084049202859,25.0,10.0,5.0,10595.780358890537,raw_data/run_3789.csv,raw_data/run_3789.json
3790,single,2026-09-24 16:30,KAUST2023_N2_C0_CKMC_ESR_v10_0_oxygenless,9.215625576692341,76.75168749241939,25.0,10.0,5.0,1937.1115760322305,raw_data/run_3790.csv,raw_data/run_3790.json
3791,single,2026-09-24 16:30,KAUST2023_N2_C0_CKMC_ESR_v10_0_oxygenless,8.70129349110573,184.34090614640814,25.0,10.0,5.0,45100046.12588919,raw_data/run_3791.csv,raw_data/run_3791.json
3792,single,2026-09-24 16:30,KAUST2023_N2_C0_CKMC_ESR_v10_0_oxygenless,15.251149368471701,179.6853868815377,25.0,10.0,5.0,4205.237012001915,raw_data/run_3792.csv,raw_data/run_3792.json
3793,single,2026-09-24 16:30,KAUST2023_N2_C0_CKMC_ESR_v10_0_oxygenless,12.990074341287205,204.29501602358016,25.0,10.0,5.0,236697.91894196387,raw_data/run_3793.csv,raw_data/run_3793.json
3794,single,2026-09-24 16:30,KAUST2023_N2_C0_CKMC_ESR_v10_0_oxygenless,11.091645386229912,17.335209171235725,25.0,10.0,5.0,2762915.95864008,raw_data/run_3794.csv,raw_data/run_3794.json
3795,single,2026-09-24 16:30,KAUST2023_N2_C0_CKMC_ESR_v10_0_oxygenless,11.706121640948432,9.063865257598975,25.0,10.0,5.0,31262781.98191346,raw_data/run_3795.csv,raw_data/run_3795.json
3796,single,2026-09-24 16:30,KAUST2023_N2_C0_CKMC_ESR_v10_0_oxygenless,6.5088249488645165,465.1133492287771,25.0,10.0,5.0,1.7976931348623157e+308,raw_data/run_3796.csv,raw_data/run_3796.json
3797,single,2026-09-24 16:30,KAUST2023_N2_C0_CKMC_ESR_v10_0_oxygenless,10.443995850875114,286.14232556107294,25.0,10.0,5.0,34522086.049551345,raw_data/run_3797.csv,raw_data/run_3797.json
3798,single,2026-09-24 16:30,KAUST2023_N2_C0_CKMC_ESR_v10_0_oxygenless,17.295966704849274,104.31306005929797,25.0,10.0,5.0,12434.121018484238,raw_data/run_3798.csv,raw_data/run_3798.json
3799,single,2026-09-24 16:30,KAUST2023_N2_C0_CKMC_ESR_v10_0_oxygenless,5.99958574863681,191.3522101551823,25.0,10.0,5.0,24331573.944871843,raw_data/run_3799.csv,raw_data/run_3799.json
3800,single,2026-09-24 16:30,KAUST2023_N2_C0_CKMC_ESR_v10_0_oxygenless,3.979388973561081,72.92983952899837,25.0,10.0,5.0,6180103.830063414,raw_data/run_3800.csv,raw_data/run_3800.json
3801,single,2026-09-24 16:30,KAUST2023_N2_C0_CKMC_ESR_v10_0_oxygenless,10.453112302446833,275.28263859826785,25.0,10.0,5.0,38222226.81614231,raw_data/run_3801.csv,raw_data/run_3801.json
3802,single,2026-09-24 16:30,KAUST2023_N2_C0_CKMC_ESR_v10_0_oxygenless,12.664660571210021,126.56058807000565,25.0,10.0,5.0,1594.2983542106138,raw_data/run_3802.csv,raw_data/run_3802.json
3803,single,2026-09-24 16:30,KAUST2023_N2_C0_CKMC_ESR_v10_0_oxygenless,14.115464426461251,177.7218220185381,25.0,10.0,5.0,6213.408999681992,raw_data/run_3803.csv,raw_data/run_3803.json
3804,single,2026-09-24 16:30,KAUST2023_N2_C0_CKMC_ESR_v10_0_oxygenless,8.34154768207745,84.13716196339571,25.0,10.0,5.0,2463.4819607441386,raw_data/run_3804.csv,raw_data/run_3804.json
3805,single,2026-09-24 16:30,KAUST2023_N2_C0_CKMC_ESR_v10_0_oxygenless,12.751868334604326,288.36718939082147,25.0,10.0,5.0,73668775.51487562,raw_data/run_3805.csv,raw_data/run_3805.json
3806,single,2026-09-24 16:30,KAUST2023_N2_C0_CKMC_ESR_v10_0_oxygenless,11.092525689984646,62.32853027956676,25.0,10.0,5.0,10217.713037254485,raw_data/run_3806.csv,raw_data/run_3806.json
3807,single,2026-09-24 16:30,KAUST2023_N2_C0_CKMC_ESR_v10_0_oxygenless,8.580172251580239,211.99398565272796,25.0,10.0,5.0,55989593.67159126,raw_data/run_3807.csv,raw_data/run_3807.json
3808,single,2026-09-24 16:30,KAUST2023_N2_C0_CKMC_ESR_v10_0_oxygenless,16.511955528344952,54.562387611650095,25.0,10.0,5.0,110930.31970302241,raw_data/run_3808.csv,raw_data/run_3808.json
3809,single,2026-09-24 16:30,KAUST2023_N2_C0_CKMC_ESR_v10_0_oxygenless,12.614398575085787,111.24668039190868,25.0,10.0,5.0,2451.650380003832,raw_data/run_3809.csv,raw_data/run_3809.json
3810,single,2026-09-24 16:30,KAUST2023_N2_C0_CKMC_ESR_v10_0_oxygenless,17.38004838981253,240.66135057374746,25.0,10.0,5.0,84092.35253164211,raw_data/run_3810.csv,raw_data/run_3810.json
3811,single,2026-09-24 16:30,KAUST2023_N2_C0_CKMC_ESR_v10_0_oxygenless,14.034387268505192,16.681489621964424,25.0,10.0,5.0,13039917.624766832,raw_data/run_3811.csv,raw_data/run_3811.json
3812,single,2026-09-24 16:30,KAUST2023_N2_C0_CKMC_ESR_v10_0_oxygenless,7.254191123427537,27.318515686881625,25.0,10.0,5.0,4933.369603135937,raw_data/run_3812.csv,raw_data/run_3812.json
3813,single,2026-09-24 16:30,KAUST2023_N2_C0_CKMC_ESR_v10_0_oxygenless,10.243365032667835,188.92332656590727,25.0,10.0,5.0,14534080.956660986,raw_data/run_3813.csv,raw_data/run_3813.json
3814,single,2026-09-24 16:30,KAUST2023_N2_C0_CKMC_ESR_v10_0_oxygenless,14.038358017458247,296.1074280475299,25.0,10.0,5.0,63774845.70125211,raw_data/run_3814.csv,raw_data/run_3814.json
3815,single,2026-09-24 16:30,KAUST2023_N2_C0_CKMC_ESR_v10_0_oxygenless,5.657771032333958,65.55257338142826,25.0,10.0,5.0,41830847.88260138,raw_data/run_3815.csv,raw_data/run_3815.json
3816,single,2026-09-24 16:30,KAUST2023_N2_C0_CKMC_ESR_v10_0_oxygenless,11.944727706384947,39.471375735782935,25.0,10.0,5.0,62351.64941789202,raw_data/run_3816.csv,raw_data/run_3816.json
3817,single,2026-09-24 16:30,KAUST2023_N2_C0_CKMC_ESR_v10_0_oxygenless,3.691050148209965,25.199651858643833,25.0,10.0,5.0,8.552922446786615e+85,raw_data/run_3817.csv,raw_data/run_3817.json
3818,single,2026-09-24 16:30,KAUST2023_N2_C0_CKMC_ESR_v10_0_oxygenless,7.634045659479172,58.66396638948908,25.0,10.0,5.0,1867.4154745307183,raw_data/run_3818.csv,raw_data/run_3818.json
3819,single,2026-09-24 16:30,KAUST2023_N2_C0_CKMC_ESR_v10_0_oxygenless,8.112078128803144,234.77125309482216,25.0,10.0,5.0,25809107.22134479,raw_data/run_3819.csv,raw_data/run_3819.json
3820,single,2026-09-24 16:30,KAUST2023_N2_C0_CKMC_ESR_v10_0_oxygenless,9.273210556783434,69.29308474567009,25.0,10.0,5.0,2701.092481491286,raw_data/run_3820.csv,raw_data/run_3820.json
3821,single,2026-09-24 16:30,KAUST2023_N2_C0_CKMC_ESR_v10_0_oxygenless,9.12918626072185,34.621689112814835,25.0,10.0,5.0,17240.694381406414,raw_data/run_3821.csv,raw_data/run_3821.json
3822,single,2026-09-24 16:30,KAUST2023_N2_C0_CKMC_ESR_v10_0_oxygenless,8.112078128803144,37.39084049202859,25.0,10.0,5.0,5881.685852492934,raw_data/run_3822.csv,raw_data/run_3822.json
3823,single,2026-09-24 16:30,KAUST2023_N2_C0_CKMC_ESR_v10_0_oxygenless,9.244268753842794,76.75168749241939,25.0,10.0,5.0,1966.5676143136252,raw_data/run_3823.csv,raw_data/run_3823.json
3824,single,2026-09-24 16:30,KAUST2023_N2_C0_CKMC_ESR_v10_0_oxygenless,9.722301223166767,533.5347936960484,25.0,10.0,5.0,24125673.002199814,raw_data/run_3824.csv,raw_data/run_3824.json
3825,single,2026-09-24 16:30,KAUST2023_N2_C0_CKMC_ESR_v10_0_oxygenless,10.682478118139258,48.16653692975692,25.0,10.0,5.0,18170.33479375786,raw_data/run_3825.csv,raw_data/run_3825.json
3826,single,2026-09-24 16:30,KAUST2023_N2_C0_CKMC_ESR_v10_0_oxygenless,6.978781069316563,124.53775489525216,25.0,10.0,5.0,30262369.03550571,raw_data/run_3826.csv,raw_data/run_3826.json
3827,single,2026-09-24 16:30,KAUST2023_N2_C0_CKMC_ESR_v10_0_oxygenless,7.838104937296022,181.92158481711004,25.0,10.0,5.0,49573733.107907414,raw_data/run_3827.csv,raw_data/run_3827.json
3828,single,2026-09-24 16:30,KAUST2023_N2_C0_CKMC_ESR_v10_0_oxygenless,12.125091278969993,10.482070242226637,25.0,10.0,5.0,29663043.601279266,raw_data/run_3828.csv,raw_data/run_3828.json
3829,single,2026-09-24 16:30,KAUST2023_N2_C0_CKMC_ESR_v10_0_oxygenless,8.710205502858441,75.20329028157566,25.0,10.0,5.0,1655.8755668139054,raw_data/run_3829.csv,raw_data/run_3829.json
3830,single,2026-09-24 16:30,KAUST2023_N2_C0_CKMC_ESR_v10_0_oxygenless,9.96008860175983,123.21565535058443,25.0,10.0,5.0,4428.523477815631,raw_data/run_3830.csv,raw_data/run_3830.json
3831,single,2026-09-24 16:30,KAUST2023_N2_C0_CKMC_ESR_v10_0_oxygenless,17.295966704849274,51.549427015618505,25.0,10.0,5.0,166143.28848712787,raw_data/run_3831.csv,raw_data/run_3831.json
3832,single,2026-09-24 16:30,KAUST2023_N2_C0_CKMC_ESR_v10_0_oxygenless,6.095709336411839,92.75695104070488,25.0,10.0,5.0,39132532.389897704,raw_data/run_3832.csv,raw_data/run_3832.json
3833,single,2026-09-24 16:30,KAUST2023_N2_C0_CKMC_ESR_v10_0_oxygenless,9.252063933699343,185.99714325949506,25.0,10.0,5.0,234970854.72245505,raw_data/run_3833.csv,raw_data/run_3833.json
3834,single,2026-09-24 16:30,KAUST2023_N2_C0_CKMC_ESR_v10_0_oxygenless,12.82778865480875,84.24316638546075,25.0,10.0,5.0,7710.708024464187,raw_data/run_3834.csv,raw_data/run_3834.json
3835,single,2026-09-24 16:30,KAUST2023_N2_C0_CKMC_ESR_v10_0_oxygenless,8.816567294480778,102.97663439820562,25.0,10.0,5.0,3933.47142524099,raw_data/run_3835.csv,raw_data/run_3835.json
3836,single,2026-09-24 16:30,KAUST2023_N2_C0_CKMC_ESR_v10_0_oxygenless,4.388357355233755,294.5623235840585,25.0,10.0,5.0,1.7976931348623157e+308,raw_data/run_3836.csv,raw_data/run_3836.json
3837,single,2026-09-24 16:30,KAUST2023_N2_C0_CKMC_ESR_v10_0_oxygenless,6.123620700001945,375.22569472957747,25.0,10.0,5.0,1.7976931348623157e+308,raw_data/run_3837.csv,raw_data/run_3837.json
3838,single,2026-09-24 16:30,KAUST2023_N2_C0_CKMC_ESR_v10_0_oxygenless,11.382836874486475,106.01682746282457,25.0,10.0,5.0,1865.9356380162237,raw_data/run_3838.csv,raw_data/run_3838.json
3839,single,2026-09-24 16:30,KAUST2023_N2_C0_CKMC_ESR_v10_0_oxygenless,4.6987507758308995,4.697531192000894,25.0,10.0,5.0,2.49770247625934e+111,raw_data/run_3839.csv,raw_data/run_3839.json
3840,single,2026-09-24 16:30,KAUST2023_N2_C0_CKMC_ESR_v10_0_oxygenless,10.474818402495478,58.97698398037539,25.0,10.0,5.0,8829.374387753553,raw_data/run_3840.csv,raw_data/run_3840.json
3841,single,2026-09-24 16:30,KAUST2023_N2_C0_CKMC_ESR_v10_0_oxygenless,16.511955528344952,227.89424076309504,25.0,10.0,5.0,48811.411148063635,raw_data/run_3841.csv,raw_data/run_3841.json
3842,single,2026-09-24 16:30,KAUST2023_N2_C0_CKMC_ESR_v10_0_oxygenless,17.218528904610896,29.87566126494473,25.0,10.0,5.0,5790521.86538236,raw_data/run_3842.csv,raw_data/run_3842.json
3843,single,2026-09-24 16:30,KAUST2023_N2_C0_CKMC_ESR_v10_0_oxygenless,9.456585380596266,80.80265300047175,25.0,10.0,5.0,1893.3322203617008,raw_data/run_3843.csv,raw_data/run_3843.json
3844,single,2026-09-24 16:30,KAUST2023_N2_C0_CKMC_ESR_v10_0_oxygenless,10.860323478734003,111.4016346505762,25.0,10.0,5.0,1540.6815914194124,raw_data/run_3844.csv,raw_data/run_3844.json
3845,single,2026-09-24 16:30,KAUST2023_N2_C0_CKMC_ESR_v10_0_oxygenless,10.766328858542032,27.318515686881625,25.0,10.0,5.0,105441.18224875588,raw_data/run_3845.csv,raw_data/run_3845.json
3846,single,2026-09-24 16:30,KAUST2023_N2_C0_CKMC_ESR_v10_0_oxygenless,13.040595888357037,229.4298353156413,25.0,10.0,5.0,10877634.451244067,raw_data/run_3846.csv,raw_data/run_3846.json
3847,single,2026-09-24 16:30,KAUST2023_N2_C0_CKMC_ESR_v10_0_oxygenless,11.823099425107479,61.11050463872316,25.0,10.0,5.0,15299.842517237537,raw_data/run_3847.csv,raw_data/run_3847.json
3848,single,2026-09-24 16:30,KAUST2023_N2_C0_CKMC_ESR_v10_0_oxygenless,5.657771032333958,70.36117734971874,25.0,10.0,5.0,14351700.254008941,raw_data/run_3848.csv,raw_data/run_3848.json
3849,single,2026-09-24 16:30,KAUST2023_N2_C0_CKMC_ESR_v10_0_oxygenless,8.023372825494524,94.53221157269952,25.0,10.0,5.0,6297.276512848025,raw_data/run_3849.csv,raw_data/run_3849.json
3850,single,2026-09-24 16:30,KAUST2023_N2_C0_CKMC_ESR_v10_0_oxygenless,1.9436096030929848,169.9935381014676,25.0,10.0,5.0,9.559215822510983e+63,raw_data/run_3850.csv,raw_data/run_3850.json
3851,single,2026-09-24 16:30,KAUST2023_N2_C0_CKMC_ESR_v10_0_oxygenless,8.282205665838369,60.79600636333338,25.0,10.0,5.0,2005.6003710411899,raw_data/run_3851.csv,raw_data/run_3851.json
3852,single,2026-09-24 16:30,KAUST2023_N2_C0_CKMC_ESR_v10_0_oxygenless,14.728649182387013,243.99565348143403,25.0,10.0,5.0,4916749.677995855,raw_data/run_3852.csv,raw_data/run_3852.json
3853,single,2026-09-24 16:30,KAUST2023_N2_C0_CKMC_ESR_v10_0_oxygenless,9.273210556783434,128.24333412394896,25.0,10.0,5.0,15027.52233896362,raw_data/run_3853.csv,raw_data/run_3853.json
3854,single,2026-09-24 16:30,KAUST2023_N2_C0_CKMC_ESR_v10_0_oxygenless,8.391410905727186,99.97891336332182,25.0,10.0,5.0,5297.201771544862,raw_data/run_3854.csv,raw_data/run_3854.json
3855,single,2026-09-24 16:30,KAUST2023_N2_C0_CKMC_ESR_v10_0_oxygenless,14.045236772224548,132.36147589110936,25.0,10.0,5.0,1915.8723737379999,raw_data/run_3855.csv,raw_data/run_3855.json
3856,single,2026-09-24 16:30,KAUST2023_N2_C0_CKMC_ESR_v10_0_oxygenless,2.764170680457872,64.5824797703885,25.0,10.0,5.0,1.4631111563884525e+86,raw_data/run_3856.csv,raw_data/run_3856.json
3857,single,2026-09-24 16:30,KAUST2023_N2_C0_CKMC_ESR_v10_0_oxygenless,10.91882835348499,34.06264329952271,25.0,10.0,5.0,57894.58061510758,raw_data/run_3857.csv,raw_data/run_3857.json
3858,single,2026-09-24 16:30,KAUST2023_N2_C0_CKMC_ESR_v10_0_oxygenless,7.568698240606948,386.41835570004673,25.0,10.0,5.0,4138247.3939791354,raw_data/run_3858.csv,raw_data/run_3858.json
3859,single,2026-09-24 16:30,KAUST2023_N2_C0_CKMC_ESR_v10_0_oxygenless,9.182720672857737,115.11626562299068,25.0,10.0,5.0,5560.526194471423,raw_data/run_3859.csv,raw_data/run_3859.json
3860,single,2026-09-24 16:30,KAUST2023_N2_C0_CKMC_ESR_v10_0_oxygenless,10.002657967434358,42.7717386794377,25.0,10.0,5.0,17353.32317580632,raw_data/run_3860.csv,raw_data/run_3860.json
3861,single,2026-09-24 16:30,KAUST2023_N2_C0_CKMC_ESR_v10_0_oxygenless,5.657771032333958,48.77185104120993,25.0,10.0,5.0,21919672.096108284,raw_data/run_3861.csv,raw_data/run_3861.json
3862,single,2026-09-24 16:30,KAUST2023_N2_C0_CKMC_ESR_v10_0_oxygenless,10.643026805832273,160.50153506914089,25.0,10.0,5.0,49000.55340203854,raw_data/run_3862.csv,raw_data/run_3862.json
3863,single,2026-09-24 16:30,KAUST2023_N2_C0_CKMC_ESR_v10_0_oxygenless,7.810931958819498,103.96240986696417,25.0,10.0,5.0,33598.708695023415,raw_data/run_3863.csv,raw_data/run_3863.json
3864,single,2026-09-24 16:30,KAUST2023_N2_C0_CKMC_ESR_v10_0_oxygenless,9.922893976266216,104.31306005929797,25.0,10.0,5.0,1765.825831468269,raw_data/run_3864.csv,raw_data/run_3864.json
3865,single,2026-09-24 16:30,KAUST2023_N2_C0_CKMC_ESR_v10_0_oxygenless,12.960629568433264,221.58586745671894,25.0,10.0,5.0,3707338.9809047314,raw_data/run_3865.csv,raw_data/run_3865.json
3866,single,2026-09-24 16:30,KAUST2023_N2_C0_CKMC_ESR_v10_0_oxygenless,9.04371368565575,181.7774734459112,25.0,10.0,5.0,270400704.0560228,raw_data/run_3866.csv,raw_data/run_3866.json
3867,single,2026-09-24 16:30,KAUST2023_N2_C0_CKMC_ESR_v10_0_oxygenless,12.82778865480875,149.7824675984354,25.0,10.0,5.0,2949.662185586204,raw_data/run_3867.csv,raw_data/run_3867.json
3868,single,2026-09-24 16:30,KAUST2023_N2_C0_CKMC_ESR_v10_0_oxygenless,12.664660571210021,89.11776075716746,25.0,10.0,5.0,5887.546939048621,raw_data/run_3868.csv,raw_data/run_3868.json
3869,single,2026-09-24 16:30,KAUST2023_N2_C0_CKMC_ESR_v10_0_oxygenless,10.38239827227879,69.52422022630944,25.0,10.0,5.0,5023.287452099098,raw_data/run_3869.csv,raw_data/run_3869.json
3870,single,2026-09-24 16:30,KAUST2023_N2_C0_CKMC_ESR_v10_0_oxygenless,9.82828488902957,77.08224596345994,25.0,10.0,5.0,2672.9700244945625,raw_data/run_3870.csv,raw_data/run_3870.json
3871,single,2026-09-24 16:30,KAUST2023_N2_C0_CKMC_ESR_v10_0_oxygenless,14.244172001080775,106.01682746282457,25.0,10.0,5.0,5098.094333930825,raw_data/run_3871.csv,raw_data/run_3871.json
3872,single,2026-09-24 16:30,KAUST2023_N2_C0_CKMC_ESR_v10_0_oxygenless,14.043078189179985,1.0845192007934348,25.0,10.0,5.0,103699103727.13383,raw_data/run_3872.csv,raw_data/run_3872.json
3873,single,2026-09-24 16:30,KAUST2023_N2_C0_CKMC_ESR_v10_0_oxygenless,8.964045122105556,76.90510234219559,25.0,10.0,5.0,1715.7682281578227,raw_data/run_3873.csv,raw_data/run_3873.json
3874,single,2026-09-24 16:30,KAUST2023_N2_C0_CKMC_ESR_v10_0_oxygenless,8.490148984150347,131.76754777256713,25.0,10.0,5.0,282507.84666182025,raw_data/run_3874.csv,raw_data/run_3874.json
3875,single,2026-09-24 16:30,KAUST2023_N2_C0_CKMC_ESR_v10_0_oxygenless,6.8221262157643565,65.87519758806867,25.0,10.0,5.0,9425.223348442683,raw_data/run_3875.csv,raw_data/run_3875.json
3876,single,2026-09-24 16:30,KAUST2023_N2_C0_CKMC_ESR_v10_0_oxygenless,6.571823425040107,85.12236265872382,25.0,10.0,5.0,2070231.5301374774,raw_data/run_3876.csv,raw_data/run_3876.json
3877,single,2026-09-24 16:30,KAUST2023_N2_C0_CKMC_ESR_v10_0_oxygenless,10.273843346797069,111.4016346505762,25.0,10.0,5.0,1931.0037861012595,raw_data/run_3877.csv,raw_data/run_3877.json
3878,single,2026-09-24 16:30,KAUST2023_N2_C0_CKMC_ESR_v10_0_oxygenless,10.813098243951046,126.43968831301986,25.0,10.0,5.0,2883.2751910797992,raw_data/run_3878.csv,raw_data/run_3878.json
3879,single,2026-09-24 16:30,KAUST2023_N2_C0_CKMC_ESR_v10_0_oxygenless,7.131691407257985,56.70895845767075,25.0,10.0,5.0,2897.2458067703033,raw_data/run_3879.csv,raw_data/run_3879.json
3880,single,2026-09-24 16:30,KAUST2023_N2_C0_CKMC_ESR_v10_0_oxygenless,10.457875009995005,61.11050463872316,25.0,10.0,5.0,7845.701600053829,raw_data/run_3880.csv,raw_data/run_3880.json
3881,single,2026-09-24 16:30,KAUST2023_N2_C0_CKMC_ESR_v10_0_oxygenless,5.657771032333958,99.98581019762614,25.0,10.0,5.0,48357751.25559215,raw_data/run_3881.csv,raw_data/run_3881.json
3882,single,2026-09-24 16:30,KAUST2023_N2_C0_CKMC_ESR_v10_0_oxygenless,8.259913035648996,159.11004584749216,25.0,10.0,5.0,27064783.154786125,raw_data/run_3882.csv,raw_data/run_3882.json
3883,single,2026-09-24 16:30,KAUST2023_N2_C0_CKMC_ESR_v10_0_oxygenless,10.648663337822542,31.656057063228452,25.0,10.0,5.0,61775.80408405437,raw_data/run_3883.csv,raw_data/run_3883.json
3884,single,2026-09-24 16:30,KAUST2023_N2_C0_CKMC_ESR_v10_0_oxygenless,7.137155952634412,118.83195080434555,25.0,10.0,5.0,20325603.742620774,raw_data/run_3884.csv,raw_data/run_3884.json
3885,single,2026-09-24 16:30,KAUST2023_N2_C0_CKMC_ESR_v10_0_oxygenless,7.634045659479172,67.16045051852622,25.0,10.0,5.0,2429.5227073316396,raw_data/run_3885.csv,raw_data/run_3885.json
3886,single,2026-09-24 16:30,KAUST2023_N2_C0_CKMC_ESR_v10_0_oxygenless,13.39874395378051,19.866742234737004,25.0,10.0,5.0,8255925.875345442,raw_data/run_3886.csv,raw_data/run_3886.json
3887,single,2026-09-24 16:30,KAUST2023_N2_C0_CKMC_ESR_v10_0_oxygenless,9.273210556783434,79.57595928453946,25.0,10.0,5.0,1806.7086384824056,raw_data/run_3887.csv,raw_data/run_3887.json
3888,single,2026-09-24 16:30,KAUST2023_N2_C0_CKMC_ESR_v10_0_oxygenless,12.625256815271223,99.73661448956348,25.0,10.0,5.0,3773.1010122512976,raw_data/run_3888.csv,raw_data/run_3888.json
3889,single,2026-09-24 16:30,KAUST2023_N2_C0_CKMC_ESR_v10_0_oxygenless,6.392502335398539,60.21462419999065,25.0,10.0,5.0,47169.713081417955,raw_data/run_3889.csv,raw_data/run_3889.json
3890,single,2026-09-24 16:30,KAUST2023_N2_C0_CKMC_ESR_v10_0_oxygenless,9.81994628866886,76.75168749241939,25.0,10.0,5.0,2697.6938925333047,raw_data/run_3890.csv,raw_data/run_3890.json
3891,single,2026-09-24 16:30,KAUST2023_N2_C0_CKMC_ESR_v10_0_oxygenless,9.81994628866886,116.19231045926367,25.0,10.0,5.0,3400.0694774901253,raw_data/run_3891.csv,raw_data/run_3891.json
3892,single,2026-09-24 16:30,KAUST2023_N2_C0_CKMC_ESR_v10_0_oxygenless,9.869539667322986,87.04648217652533,25.0,10.0,5.0,1857.4296017666902,raw_data/run_3892.csv,raw_data/run_3892.json
3893,single,2026-09-24 16:30,KAUST2023_N2_C0_CKMC_ESR_v10_0_oxygenless,7.705577780776526,310.73785690695934,25.0,10.0,5.0,82420808.68997252,raw_data/run_3893.csv,raw_data/run_3893.json
3894,single,2026-09-24 16:30,KAUST2023_N2_C0_CKMC_ESR_v10_0_oxygenless,10.002657967434358,86.85322610839319,25.0,10.0,5.0,1993.2570691236535,raw_data/run_3894.csv,raw_data/run_3894.json
3895,single,2026-09-24 16:30,KAUST2023_N2_C0_CKMC_ESR_v10_0_oxygenless,4.975284245587431,6.201516535501871,25.0,10.0,5.0,2.6090660681771928e+48,raw_data/run_3895.csv,raw_data/run_3895.json
3896,single,2026-09-24 16:30,KAUST2023_N2_C0_CKMC_ESR_v10_0_oxygenless,8.373956959794446,252.74411484639168,25.0,10.0,5.0,29968630.82030612,raw_data/run_3896.csv,raw_data/run_3896.json
3897,single,2026-09-24 16:30,KAUST2023_N2_C0_CKMC_ESR_v10_0_oxygenless,13.206743570887316,240.66571685843894,25.0,10.0,5.0,92355845.80608556,raw_data/run_3897.csv,raw_data/run_3897.json
3898,single,2026-09-24 16:30,KAUST2023_N2_C0_CKMC_ESR_v10_0_oxygenless,9.922893976266216,139.03550579169158,25.0,10.0,5.0,14884.154939207783,raw_data/run_3898.csv,raw_data/run_3898.json
3899,single,2026-09-24 16:30,KAUST2023_N2_C0_CKMC_ESR_v10_0_oxygenless,14.963820081970894,60.16582579300789,25.0,10.0,5.0,51271.63338093799,raw_data/run_3899.csv,raw_data/run_3899.json
3900,single,2026-09-24 16:30,KAUST2023_N2_C0_CKMC_ESR_v10_0_oxygenless,14.262163875982898,76.82006287059585,25.0,10.0,5.0,17689.823244856634,raw_data/run_3900.csv,raw_data/run_3900.json
3901,single,2026-09-24 16:30,KAUST2023_N2_C0_CKMC_ESR_v10_0_oxygenless,12.82778865480875,78.63116781480035,25.0,10.0,5.0,9890.111169442172,raw_data/run_3901.csv,raw_data/run_3901.json
3902,single,2026-09-24 16:30,KAUST2023_N2_C0_CKMC_ESR_v10_0_oxygenless,9.081813758259457,119.4150314715281,25.0,10.0,5.0,8777.191438085485,raw_data/run_3902.csv,raw_data/run_3902.json
3903,single,2026-09-24 16:30,KAUST2023_N2_C0_CKMC_ESR_v10_0_oxygenless,7.846765161144529,61.3021064533941,25.0,10.0,5.0,1762.586516463627,raw_data/run_3903.csv,raw_data/run_3903.json
3904,single,2026-09-24 16:30,KAUST2023_N2_C0_CKMC_ESR_v10_0_oxygenless,13.548293775678463,129.97921004805488,25.0,10.0,5.0,1800.4751181467718,raw_data/run_3904.csv,raw_data/run_3904.json
3905,single,2026-09-24 16:30,KAUST2023_N2_C0_CKMC_ESR_v10_0_oxygenless,10.023262041873519,99.89812067465563,25.0,10.0,5.0,1534.3138542289173,raw_data/run_3905.csv,raw_data/run_3905.json
3906,single,2026-09-24 16:30,KAUST2023_N2_C0_CKMC_ESR_v10_0_oxygenless,16.193590590324373,221.02207406642,25.0,10.0,5.0,32821.30161001522,raw_data/run_3906.csv,raw_data/run_3906.json
3907,single,2026-09-24 16:30,KAUST2023_N2_C0_CKMC_ESR_v10_0_oxygenless,12.213650847206715,87.01142584753632,25.0,10.0,5.0,5397.985457992946,raw_data/run_3907.csv,raw_data/run_3907.json
3908,single,2026-09-24 16:30,KAUST2023_N2_C0_CKMC_ESR_v10_0_oxygenless,10.484667951452373,137.53654625929238,25.0,10.0,5.0,6659.773724234431,raw_data/run_3908.csv,raw_data/run_3908.json
3909,single,2026-09-24 16:30,KAUST2023_N2_C0_CKMC_ESR_v10_0_oxygenless,15.105456202047996,544.3682140730865,25.0,10.0,5.0,1.7976931348623157e+308,raw_data/run_3909.csv,raw_data/run_3909.json
3910,single,2026-09-24 16:30,KAUST2023_N2_C0_CKMC_ESR_v10_0_oxygenless,11.368520058822119,80.80265300047175,25.0,10.0,5.0,4913.210997893407,raw_data/run_3910.csv,raw_data/run_3910.json
3911,single,2026-09-24 16:30,KAUST2023_N2_C0_CKMC_ESR_v10_0_oxygenless,11.106702604712087,67.2360139681617,25.0,10.0,5.0,8073.2294736933245,raw_data/run_3911.csv,raw_data/run_3911.json
3912,single,2026-09-24 16:30,KAUST2023_N2_C0_CKMC_ESR_v10_0_oxygenless,15.212787134948622,126.43968831301986,25.0,10.0,5.0,3167.86737914147,raw_data/run_3912.csv,raw_data/run_3912.json
3913,single,2026-09-24 16:30,KAUST2023_N2_C0_CKMC_ESR_v10_0_oxygenless,13.101852965247652,123.21958802580677,25.0,10.0,5.0,1934.1438107946228,raw_data/run_3913.csv,raw_data/run_3913.json
3914,single,2026-09-24 16:30,KAUST2023_N2_C0_CKMC_ESR_v10_0_oxygenless,11.382342599026742,109.29372372225163,25.0,10.0,5.0,1692.7505411333434,raw_data/run_3914.csv,raw_data/run_3914.json
3915,single,2026-09-24 16:30,KAUST2023_N2_C0_CKMC_ESR_v10_0_oxygenless,11.61138950620726,130.08483209497973,25.0,10.0,5.0,2125.035999466206,raw_data/run_3915.csv,raw_data/run_3915.json
3916,single,2026-09-24 16:30,KAUST2023_N2_C0_CKMC_ESR_v10_0_oxygenless,8.023372825494524,67.76830381732603,25.0,10.0,5.0,1789.944394028252,raw_data/run_3916.csv,raw_data/run_3916.json
3917,single,2026-09-24 16:30,KAUST2023_N2_C0_CKMC_ESR_v10_0_oxygenless,8.990347447461463,12.770135007280727,25.0,10.0,5.0,942540.5200612785,raw_data/run_3917.csv,raw_data/run_3917.json
3918,single,2026-09-24 16:30,KAUST2023_N2_C0_CKMC_ESR_v10_0_oxygenless,8.616160202057177,165.6230448277963,25.0,10.0,5.0,28204182.710719883,raw_data/run_3918.csv,raw_data/run_3918.json
3919,single,2026-09-24 16:30,KAUST2023_N2_C0_CKMC_ESR_v10_0_oxygenless,8.39962072201319,77.44091315089881,25.0,10.0,5.0,1813.261165454681,raw_data/run_3919.csv,raw_data/run_3919.json
3920,single,2026-09-24 16:30,KAUST2023_N2_C0_CKMC_ESR_v10_0_oxygenless,9.273210556783434,116.77143197319128,25.0,10.0,5.0,5619.458096979139,raw_data/run_3920.csv,raw_data/run_3920.json
3921,single,2026-09-24 16:30,KAUST2023_N2_C0_CKMC_ESR_v10_0_oxygenless,8.379393449937353,86.23827651003148,25.0,10.0,5.0,2611.1346048387136,raw_data/run_3921.csv,raw_data/run_3921.json
3922,single,2026-09-24 16:30,KAUST2023_N2_C0_CKMC_ESR_v10_0_oxygenless,12.943555646599556,97.81581032982321,25.0,10.0,5.0,4570.411398031905,raw_data/run_3922.csv,raw_data/run_3922.json
3923,single,2026-09-24 16:30,KAUST2023_N2_C0_CKMC_ESR_v10_0_oxygenless,10.56459791476048,147.181987887785,25.0,10.0,5.0,12745.006930844329,raw_data/run_3923.csv,raw_data/run_3923.json
3924,single,2026-09-24 16:30,KAUST2023_N2_C0_CKMC_ESR_v10_0_oxygenless,12.659041863363273,203.3340486466905,25.0,10.0,5.0,381882.9591143979,raw_data/run_3924.csv,raw_data/run_3924.json
3925,single,2026-09-24 16:30,KAUST2023_N2_C0_CKMC_ESR_v10_0_oxygenless,14.146788320106737,153.97863682999576,25.0,10.0,5.0,1962.921262679216,raw_data/run_3925.csv,raw_data/run_3925.json
3926,single,2026-09-24 16:30,KAUST2023_N2_C0_CKMC_ESR_v10_0_oxygenless,12.351643228412094,110.65371409175552,25.0,10.0,5.0,2281.656344273803,raw_data/run_3926.csv,raw_data/run_3926.json
3927,single,2026-09-24 16:30,KAUST2023_N2_C0_CKMC_ESR_v10_0_oxygenless,7.653698295808563,69.28086564127547,25.0,10.0,5.0,2600.575342005114,raw_data/run_3927.csv,raw_data/run_3927.json
3928,single,2026-09-24 16:30,KAUST2023_N2_C0_CKMC_ESR_v10_0_oxygenless,13.17533132130513,3.107457934682691,25.0,10.0,5.0,5180386475.798768,raw_data/run_3928.csv,raw_data/run_3928.json
3929,single,2026-09-24 16:30,KAUST2023_N2_C0_CKMC_ESR_v10_0_oxygenless,10.678175547820791,95.10019470819364,25.0,10.0,5.0,2026.1287121390856,raw_data/run_3929.csv,raw_data/run_3929.json
3930,single,2026-09-24 16:30,KAUST2023_N2_C0_CKMC_ESR_v10_0_oxygenless,11.557650307370421,115.98505554282895,25.0,10.0,5.0,1550.1839483939955,raw_data/run_3930.csv,raw_data/run_3930.json
3931,single,2026-09-24 16:30,KAUST2023_N2_C0_CKMC_ESR_v10_0_oxygenless,9.189651303581885,150.00343892802724,25.0,10.0,5.0,550365.4302790746,raw_data/run_3931.csv,raw_data/run_3931.json
3932,single,2026-09-24 16:30,KAUST2023_N2_C0_CKMC_ESR_v10_0_oxygenless,9.147480983567815,98.08551603420658,25.0,10.0,5.0,2301.191636715301,raw_data/run_3932.csv,raw_data/run_3932.json
3933,single,2026-09-24 16:30,KAUST2023_N2_C0_CKMC_ESR_v10_0_oxygenless,9.801326245751373,94.16240299896533,25.0,10.0,5.0,1537.0000252860034,raw_data/run_3933.csv,raw_data/run_3933.json
3934,single,2026-09-24 16:30,KAUST2023_N2_C0_CKMC_ESR_v10_0_oxygenless,13.295665580305903,148.89211779860025,25.0,10.0,5.0,2232.071050934283,raw_data/run_3934.csv,raw_data/run_3934.json
3935,single,2026-09-24 16:30,KAUST2023_N2_C0_CKMC_ESR_v10_0_oxygenless,11.031008855524417,109.29879945542282,25.0,10.0,5.0,1551.1556730370621,raw_data/run_3935.csv,raw_data/run_3935.json
3936,single,2026-09-24 16:30,KAUST2023_N2_C0_CKMC_ESR_v10_0_oxygenless,7.846765161144529,117.74481523615485,25.0,10.0,5.0,365538.6785086388,raw_data/run_3936.csv,raw_data/run_3936.json
3937,single,2026-09-24 16:30,KAUST2023_N2_C0_CKMC_ESR_v10_0_oxygenless,9.787003758817109,129.97921004805488,25.0,10.0,5.0,8031.337359963162,raw_data/run_3937.csv,raw_data/run_3937.json
3938,single,2026-09-24 16:30,KAUST2023_N2_C0_CKMC_ESR_v10_0_oxygenless,13.685231692688607,161.51032372070384,25.0,10.0,5.0,3465.9703055010114,raw_data/run_3938.csv,raw_data/run_3938.json
3939,single,2026-09-24 16:30,KAUST2023_N2_C0_CKMC_ESR_v10_0_oxygenless,6.125033441945084,25.03409922375359,25.0,10.0,5.0,4713.767233330651,raw_data/run_3939.csv,raw_data/run_3939.json
3940,single,2026-09-24 16:30,KAUST2023_N2_C0_CKMC_ESR_v10_0_oxygenless,9.615847632521351,92.97798104882203,25.0,10.0,5.0,1537.1374322409342,raw_data/run_3940.csv,raw_data/run_3940.json
3941,single,2026-09-24 16:30,KAUST2023_N2_C0_CKMC_ESR_v10_0_oxygenless,11.610032089865802,122.80716584747091,25.0,10.0,5.0,1615.3242021139258,raw_data/run_3941.csv,raw_data/run_3941.json
3942,single,2026-09-24 16:30,KAUST2023_N2_C0_CKMC_ESR_v10_0_oxygenless,12.124620653943392,111.24668039190868,25.0,10.0,5.0,2062.263987522724,raw_data/run_3942.csv,raw_data/run_3942.json
3943,single,2026-09-24 16:30,KAUST2023_N2_C0_CKMC_ESR_v10_0_oxygenless,9.760172066378184,95.27606554589937,25.0,10.0,5.0,1532.7055208768022,raw_data/run_3943.csv,raw_data/run_3943.json
3944,single,2026-09-24 16:30,KAUST2023_N2_C0_CKMC_ESR_v10_0_oxygenless,9.996803001172637,94.15997000709928,25.0,10.0,5.0,1593.1916269685755,raw_data/run_3944.csv,raw_data/run_3944.json
3945,single,2026-09-24 16:30,KAUST2023_N2_C0_CKMC_ESR_v10_0_oxygenless,10.813098243951046,156.31878090207732,25.0,10.0,5.0,21944.37938838483,raw_data/run_3945.csv,raw_data/run_3945.json
3946,single,2026-09-24 16:30,KAUST2023_N2_C0_CKMC_ESR_v10_0_oxygenless,10.366535274942624,105.79964994002067,25.0,10.0,5.0,1553.4624882510964,raw_data/run_3946.csv,raw_data/run_3946.json
3947,single,2026-09-24 16:30,KAUST2023_N2_C0_CKMC_ESR_v10_0_oxygenless,11.054892726716005,97.67442545283033,25.0,10.0,5.0,2176.744327261268,raw_data/run_3947.csv,raw_data/run_3947.json
3948,single,2026-09-24 16:30,KAUST2023_N2_C0_CKMC_ESR_v10_0_oxygenless,11.134233765506579,113.9279603856172,25.0,10.0,5.0,1533.4530787867125,raw_data/run_3948.csv,raw_data/run_3948.json
3949,single,2026-09-24 16:30,KAUST2023_N2_C0_CKMC_ESR_v10_0_oxygenless,12.30256792770226,129.45587745878456,25.0,10.0,5.0,1592.7357726793068,raw_data/run_3949.csv,raw_data/run_3949.json
3950,single,2026-09-24 16:30,KAUST2023_N2_C0_CKMC_ESR_v10_0_oxygenless,9.581419873184345,886.5322108733881,25.0,10.0,5.0,1.7976931348623157e+308,raw_data/run_3950.csv,raw_data/run_3950.json
3951,single,2026-09-24 16:30,KAUST2023_N2_C0_CKMC_ESR_v10_0_oxygenless,1.1533716000157277,782.0686769253224,25.0,10.0,5.0,1.1182706945188534e+109,raw_data/run_3951.csv,raw_data/run_3951.json
3952,single,2026-09-24 16:30,KAUST2023_N2_C0_CKMC_ESR_v10_0_oxygenless,4.2198464148075425,378.746000515103,25.0,10.0,5.0,9054786.4046914,raw_data/run_3952.csv,raw_data/run_3952.json
3953,single,2026-09-24 16:30,KAUST2023_N2_C0_CKMC_ESR_v10_0_oxygenless,6.611726114598177,3.1856221331012753,25.0,10.0,5.0,1993341.3284556759,raw_data/run_3953.csv,raw_data/run_3953.json
3954,single,2026-09-24 16:30,KAUST2023_N2_C0_CKMC_ESR_v10_0_oxygenless,15.262768149138969,1.6771630449523984,25.0,10.0,5.0,4703769636.296645,raw_data/run_3954.csv,raw_data/run_3954.json
3955,single,2026-09-24 16:30,KAUST2023_N2_C0_CKMC_ESR_v10_0_oxygenless,9.264950805087883,3.500363935686578,25.0,10.0,5.0,506076907.93053114,raw_data/run_3955.csv,raw_data/run_3955.json
3956,single,2026-09-24 16:30,KAUST2023_N2_C0_CKMC_ESR_v10_0_oxygenless,14.81030012337218,11.108051405308386,25.0,10.0,5.0,79232568.59099303,raw_data/run_3956.csv,raw_data/run_3956.json
3957,single,2026-09-24 16:30,KAUST2023_N2_C0_CKMC_ESR_v10_0_oxygenless,10.648663337822542,12.126355384264091,25.0,10.0,5.0,4608410.524513416,raw_data/run_3957.csv,raw_data/run_3957.json
3958,single,2026-09-24 16:30,KAUST2023_N2_C0_CKMC_ESR_v10_0_oxygenless,1.7445678030951584,1.6771630449523984,25.0,10.0,5.0,1.8906502086791596e+110,raw_data/run_3958.csv,raw_data/run_3958.json
3959,single,2026-09-24 16:30,KAUST2023_N2_C0_CKMC_ESR_v10_0_oxygenless,10.643026805832273,106.8741888475956,25.0,10.0,5.0,1524.4778188835485,raw_data/run_3959.csv,raw_data/run_3959.json
3960,single,2026-09-24 16:30,KAUST2023_N2_C0_CKMC_ESR_v10_0_oxygenless,12.85992264920205,1.2750641294354905,25.0,10.0,5.0,41798187672.331566,raw_data/run_3960.csv,raw_data/run_3960.json
3961,single,2026-09-24 16:30,KAUST2023_N2_C0_CKMC_ESR_v10_0_oxygenless,9.023424581964267,626.989682354152,25.0,10.0,5.0,1.7976931348623157e+308,raw_data/run_3961.csv,raw_data/run_3961.json
3962,single,2026-09-24 16:30,KAUST2023_N2_C0_CKMC_ESR_v10_0_oxygenless,13.913789249111595,49.88463395034405,25.0,10.0,5.0,66875.52371793587,raw_data/run_3962.csv,raw_data/run_3962.json
3963,single,2026-09-24 16:30,KAUST2023_N2_C0_CKMC_ESR_v10_0_oxygenless,12.01666719852954,12.42284134425266,25.0,10.0,5.0,15523826.851037122,raw_data/run_3963.csv,raw_data/run_3963.json
3964,single,2026-09-24 16:30,KAUST2023_N2_C0_CKMC_ESR_v10_0_oxygenless,2.4933230371097688,64.39800930194949,25.0,10.0,5.0,1.7826205113080697e+73,raw_data/run_3964.csv,raw_data/run_3964.json
3965,single,2026-09-24 16:30,KAUST2023_N2_C0_CKMC_ESR_v10_0_oxygenless,16.86124881680394,252.01666964806608,25.0,10.0,5.0,647566.873244751,raw_data/run_3965.csv,raw_data/run_3965.json
3966,single,2026-09-24 16:30,KAUST2023_N2_C0_CKMC_ESR_v10_0_oxygenless,13.846552766257755,14.598571875455363,25.0,10.0,5.0,26728914.803396404,raw_data/run_3966.csv,raw_data/run_3966.json
3967,single,2026-09-24 16:30,KAUST2023_N2_C0_CKMC_ESR_v10_0_oxygenless,16.511955528344952,51.186014079386325,25.0,10.0,5.0,139572.8337615371,raw_data/run_3967.csv,raw_data/run_3967.json
3968,single,2026-09-24 16:30,KAUST2023_N2_C0_CKMC_ESR_v10_0_oxygenless,11.706121640948432,93.91727105573426,25.0,10.0,5.0,3308.2553616199457,raw_data/run_3968.csv,raw_data/run_3968.json
3969,single,2026-09-24 16:30,KAUST2023_N2_C0_CKMC_ESR_v10_0_oxygenless,11.092525689984646,85.98140636442224,25.0,10.0,5.0,3483.1040789159592,raw_data/run_3969.csv,raw_data/run_3969.json
3970,single,2026-09-24 16:30,KAUST2023_N2_C0_CKMC_ESR_v10_0_oxygenless,11.632193443613877,4.869802787431361,25.0,10.0,5.0,110631764.05213642,raw_data/run_3970.csv,raw_data/run_3970.json
3971,single,2026-09-24 16:30,KAUST2023_N2_C0_CKMC_ESR_v10_0_oxygenless,12.636434059380647,302.1287317388419,25.0,10.0,5.0,68004021.0116543,raw_data/run_3971.csv,raw_data/run_3971.json
3972,single,2026-09-24 16:30,KAUST2023_N2_C0_CKMC_ESR_v10_0_oxygenless,11.62696926601776,15.040760964340617,25.0,10.0,5.0,4694594.3473669365,raw_data/run_3972.csv,raw_data/run_3972.json
3973,single,2026-09-24 16:30,KAUST2023_N2_C0_CKMC_ESR_v10_0_oxygenless,4.9733072408555925,9.34340530839207,25.0,10.0,5.0,1.7658722685239367e+30,raw_data/run_3973.csv,raw_data/run_3973.json
3974,single,2026-09-24 16:30,KAUST2023_N2_C0_CKMC_ESR_v10_0_oxygenless,5.657771032333958,207.38056353300527,25.0,10.0,5.0,11945005.91079509,raw_data/run_3974.csv,raw_data/run_3974.json
3975,single,2026-09-24 16:30,KAUST2023_N2_C0_CKMC_ESR_v10_0_oxygenless,15.143964451957212,1.0845192007934348,25.0,10.0,5.0,139210163801.16577,raw_data/run_3975.csv,raw_data/run_3975.json
3976,single,2026-09-24 16:30,KAUST2023_N2_C0_CKMC_ESR_v10_0_oxygenless,14.45074660762496,84.24316638546075,25.0,10.0,5.0,13436.902275001616,raw_data/run_3976.csv,raw_data/run_3976.json
3977,single,2026-09-24 16:30,KAUST2023_N2_C0_CKMC_ESR_v10_0_oxygenless,5.994430057173169,755.9032237100135,25.0,10.0,5.0,1.7976931348623157e+308,raw_data/run_3977.csv,raw_data/run_3977.json
3978,single,2026-09-24 16:30,KAUST2023_N2_C0_CKMC_ESR_v10_0_oxygenless,3.5786418815792533,19.866742234737004,25.0,10.0,5.0,1.4349217242067817e+103,raw_data/run_3978.csv,raw_data/run_3978.json
3979,single,2026-09-24 16:30,KAUST2023_N2_C0_CKMC_ESR_v10_0_oxygenless,4.424472457575562,746.237081519138,25.0,10.0,5.0,7.157635150521598e+32,raw_data/run_3979.csv,raw_data/run_3979.json
3980,single,2026-09-24 16:30,KAUST2023_N2_C0_CKMC_ESR_v10_0_oxygenless,11.559828519517975,6.104385869640274,25.0,10.0,5.0,26727654.770977546,raw_data/run_3980.csv,raw_data/run_3980.json
3981,single,2026-09-24 16:30,KAUST2023_N2_C0_CKMC_ESR_v10_0_oxygenless,13.17533132130513,37.39084049202859,25.0,10.0,5.0,127621.8774332161,raw_data/run_3981.csv,raw_data/run_3981.json
3982,single,2026-09-24 16:30,KAUST2023_N2_C0_CKMC_ESR_v10_0_oxygenless,9.980739164133835,563.8218629480991,25.0,10.0,5.0,1.7976931348623157e+308,raw_data/run_3982.csv,raw_data/run_3982.json
3983,single,2026-09-24 16:30,KAUST2023_N2_C0_CKMC_ESR_v10_0_oxygenless,15.868569725840299,71.6279568704768,25.0,10.0,5.0,36462.92583644536,raw_data/run_3983.csv,raw_data/run_3983.json
3984,single,2026-09-24 16:30,KAUST2023_N2_C0_CKMC_ESR_v10_0_oxygenless,1.0138446871774,284.6147480384205,25.0,10.0,5.0,1.5583833014580075e+74,raw_data/run_3984.csv,raw_data/run_3984.json
3985,single,2026-09-24 16:30,KAUST2023_N2_C0_CKMC_ESR_v10_0_oxygenless,12.990074341287205,40.37689364025084,25.0,10.0,5.0,91754.21038069701,raw_data/run_3985.csv,raw_data/run_3985.json
3986,single,2026-09-24 16:30,KAUST2023_N2_C0_CKMC_ESR_v10_0_oxygenless,7.838104937296022,109.64058743929651,25.0,10.0,5.0,78298.90585355285,raw_data/run_3986.csv,raw_data/run_3986.json
3987,single,2026-09-24 16:30,KAUST2023_N2_C0_CKMC_ESR_v10_0_oxygenless,12.664660571210021,7.797127151567196,25.0,10.0,5.0,58252733.09440906,raw_data/run_3987.csv,raw_data/run_3987.json
3988,single,2026-09-24 16:30,KAUST2023_N2_C0_CKMC_ESR_v10_0_oxygenless,3.586954440792415,337.72636940389134,25.0,10.0,5.0,190426985.98649997,raw_data/run_3988.csv,raw_data/run_3988.json
3989,single,2026-09-24 16:30,KAUST2023_N2_C0_CKMC_ESR_v10_0_oxygenless,11.620061921593253,182.45719872422407,25.0,10.0,5.0,138536.37153152414,raw_data/run_3989.csv,raw_data/run_3989.json
3990,single,2026-09-24 16:30,KAUST2023_N2_C0_CKMC_ESR_v10_0_oxygenless,11.578023126487581,31.656057063228452,25.0,10.0,5.0,104157.1198759294,raw_data/run_3990.csv,raw_data/run_3990.json
3991,single,2026-09-24 16:30,KAUST2023_N2_C0_CKMC_ESR_v10_0_oxygenless,16.808391196656455,19.266922946740515,25.0,10.0,5.0,18025387.436687537,raw_data/run_3991.csv,raw_data/run_3991.json
3992,single,2026-09-24 16:30,KAUST2023_N2_C0_CKMC_ESR_v10_0_oxygenless,13.47449486073834,76.82006287059585,25.0,10.0,5.0,13591.253491394655,raw_data/run_3992.csv,raw_data/run_3992.json
3993,single,2026-09-24 16:30,KAUST2023_N2_C0_CKMC_ESR_v10_0_oxygenless,12.530458130455296,33.07469792356404,25.0,10.0,5.0,145794.19145412472,raw_data/run_3993.csv,raw_data/run_3993.json
3994,single,2026-09-24 16:30,KAUST2023_N2_C0_CKMC_ESR_v10_0_oxygenless,12.664660571210021,45.0811530358539,25.0,10.0,5.0,56681.80687696671,raw_data/run_3994.csv,raw_data/run_3994.json
3995,single,2026-09-24 16:30,KAUST2023_N2_C0_CKMC_ESR_v10_0_oxygenless,13.913789249111595,177.7218220185381,25.0,10.0,5.0,6855.532332918279,raw_data/run_3995.csv,raw_data/run_3995.json
3996,single,2026-09-24 16:30,KAUST2023_N2_C0_CKMC_ESR_v10_0_oxygenless,15.495557427972999,84.13716196339571,25.0,10.0,5.0,18420.419961902127,raw_data/run_3996.csv,raw_data/run_3996.json
3997,single,2026-09-24 16:30,KAUST2023_N2_C0_CKMC_ESR_v10_0_oxygenless,16.57514984474909,385.6326852576136,25.0,10.0,5.0,66998956.78304028,raw_data/run_3997.csv,raw_data/run_3997.json
3998,single,2026-09-24 16:30,KAUST2023_N2_C0_CKMC_ESR_v10_0_oxygenless,8.275784167306277,76.82006287059585,25.0,10.0,5.0,1944.2896837229302,raw_data/run_3998.csv,raw_data/run_3998.json
3999,single,2026-09-24 16:30,KAUST2023_N2_C0_CKMC_ESR_v10_0_oxygenless,9.11225712187036,222.52232625320354,25.0,10.0,5.0,66601122.3220911,raw_data/run_3999.csv,raw_data/run_3999.json
4000,single,2026-09-24 16:30,KAUST2023_N2_C0_CKMC_ESR_v10_0_oxygenless,16.511955528344952,300.16891724163673,25.0,10.0,5.0,235319965.67264974,raw_data/run_4000.csv,raw_data/run_4000.json
4001,single,2026-09-24 16:30,KAUST2023_N2_C0_CKMC_ESR_v10_0_oxygenless,16.89907227143802,93.91727105573426,25.0,10.0,5.0,17446.579267045232,raw_data/run_4001.csv,raw_data/run_4001.json
4002,single,2026-09-24 16:30,KAUST2023_N2_C0_CKMC_ESR_v10_0_oxygenless,11.092525689984646,73.63141952218608,25.0,10.0,5.0,5942.261801964111,raw_data/run_4002.csv,raw_data/run_4002.json
4003,single,2026-09-24 16:30,KAUST2023_N2_C0_CKMC_ESR_v10_0_oxygenless,11.990359626975362,457.87176755232355,25.0,10.0,5.0,44328340.15334634,raw_data/run_4003.csv,raw_data/run_4003.json
4004,single,2026-09-24 16:30,KAUST2023_N2_C0_CKMC_ESR_v10_0_oxygenless,13.511727252107336,245.6339135123275,25.0,10.0,5.0,34333740.55972774,raw_data/run_4004.csv,raw_data/run_4004.json
4005,single,2026-09-24 16:30,KAUST2023_N2_C0_CKMC_ESR_v10_0_oxygenless,10.883063164647112,32.32372136762064,25.0,10.0,5.0,66480.67977842997,raw_data/run_4005.csv,raw_data/run_4005.json
4006,single,2026-09-24 16:30,KAUST2023_N2_C0_CKMC_ESR_v10_0_oxygenless,14.805172379161375,288.01083173617195,25.0,10.0,5.0,67543066.17707458,raw_data/run_4006.csv,raw_data/run_4006.json
4007,single,2026-09-24 16:30,KAUST2023_N2_C0_CKMC_ESR_v10_0_oxygenless,12.410553285034917,880.5842625534342,25.0,10.0,5.0,1.7976931348623157e+308,raw_data/run_4007.csv,raw_data/run_4007.json
4008,single,2026-09-24 16:30,KAUST2023_N2_C0_CKMC_ESR_v10_0_oxygenless,9.94668771608621,207.67386769307768,25.0,10.0,5.0,32088454.59218741,raw_data/run_4008.csv,raw_data/run_4008.json
4009,single,2026-09-24 16:30,KAUST2023_N2_C0_CKMC_ESR_v10_0_oxygenless,17.364393780276885,15.86188321583196,25.0,10.0,5.0,16252765.403651373,raw_data/run_4009.csv,raw_data/run_4009.json
4010,single,2026-09-24 16:30,KAUST2023_N2_C0_CKMC_ESR_v10_0_oxygenless,7.0138808411864595,143.19397548397737,25.0,10.0,5.0,43479989.5785918,raw_data/run_4010.csv,raw_data/run_4010.json
4011,single,2026-09-24 16:30,KAUST2023_N2_C0_CKMC_ESR_v10_0_oxygenless,8.39962072201319,19.866742234737004,25.0,10.0,5.0,41836.5374390713,raw_data/run_4011.csv,raw_data/run_4011.json
4012,single,2026-09-24 16:30,KAUST2023_N2_C0_CKMC_ESR_v10_0_oxygenless,9.782437996953751,69.29308474567009,25.0,10.0,5.0,3648.3633351113594,raw_data/run_4012.csv,raw_data/run_4012.json
4013,single,2026-09-24 16:30,KAUST2023_N2_C0_CKMC_ESR_v10_0_oxygenless,8.391410905727186,30.726365839139095,25.0,10.0,5.0,12755.922902098831,raw_data/run_4013.csv,raw_data/run_4013.json
4014,single,2026-09-24 16:30,KAUST2023_N2_C0_CKMC_ESR_v10_0_oxygenless,11.056611959801465,37.39084049202859,25.0,10.0,5.0,47203.482014309804,raw_data/run_4014.csv,raw_data/run_4014.json
4015,single,2026-09-24 16:30,KAUST2023_N2_C0_CKMC_ESR_v10_0_oxygenless,9.317951393324336,25.03409922375359,25.0,10.0,5.0,49558.672669398395,raw_data/run_4015.csv,raw_data/run_4015.json
4016,single,2026-09-24 16:30,KAUST2023_N2_C0_CKMC_ESR_v10_0_oxygenless,11.207772159918955,69.35433961497897,25.0,10.0,5.0,7656.770271382792,raw_data/run_4016.csv,raw_data/run_4016.json
4017,single,2026-09-24 16:30,KAUST2023_N2_C0_CKMC_ESR_v10_0_oxygenless,9.967929893369217,179.6853868815377,25.0,10.0,5.0,7337329.820540406,raw_data/run_4017.csv,raw_data/run_4017.json
4018,single,2026-09-24 16:30,KAUST2023_N2_C0_CKMC_ESR_v10_0_oxygenless,6.678176092819607,127.75321161642302,25.0,10.0,5.0,61440403.8595115,raw_data/run_4018.csv,raw_data/run_4018.json
4019,single,2026-09-24 16:30,KAUST2023_N2_C0_CKMC_ESR_v10_0_oxygenless,9.088328252819734,267.67237052384655,25.0,10.0,5.0,34078892.41516416,raw_data/run_4019.csv,raw_data/run_4019.json
4020,single,2026-09-24 16:30,KAUST2023_N2_C0_CKMC_ESR_v10_0_oxygenless,3.0462039648906902,153.90873991192043,25.0,10.0,5.0,5.254037192735398e+46,raw_data/run_4020.csv,raw_data/run_4020.json
4021,single,2026-09-24 16:30,KAUST2023_N2_C0_CKMC_ESR_v10_0_oxygenless,16.017718091555345,33.957966632940554,25.0,10.0,5.0,827182.2733602907,raw_data/run_4021.csv,raw_data/run_4021.json
4022,single,2026-09-24 16:30,KAUST2023_N2_C0_CKMC_ESR_v10_0_oxygenless,7.493418401265865,182.45719872422407,25.0,10.0,5.0,59810595.77200284,raw_data/run_4022.csv,raw_data/run_4022.json
4023,single,2026-09-24 16:30,KAUST2023_N2_C0_CKMC_ESR_v10_0_oxygenless,6.55962711844271,780.0698909301693,25.0,10.0,5.0,1.7976931348623157e+308,raw_data/run_4023.csv,raw_data/run_4023.json
4024,single,2026-09-24 16:30,KAUST2023_N2_C0_CKMC_ESR_v10_0_oxygenless,8.988005610594687,216.65491324471736,25.0,10.0,5.0,64450212.56794021,raw_data/run_4024.csv,raw_data/run_4024.json
4025,single,2026-09-24 16:30,KAUST2023_N2_C0_CKMC_ESR_v10_0_oxygenless,8.275784167306277,236.30675092530163,25.0,10.0,5.0,60826755.016661786,raw_data/run_4025.csv,raw_data/run_4025.json
4026,single,2026-09-24 16:30,KAUST2023_N2_C0_CKMC_ESR_v10_0_oxygenless,14.45074660762496,296.52505996353955,25.0,10.0,5.0,73060213.42552137,raw_data/run_4026.csv,raw_data/run_4026.json
4027,single,2026-09-24 16:30,KAUST2023_N2_C0_CKMC_ESR_v10_0_oxygenless,15.062816541093888,26.290023726296816,25.0,10.0,5.0,5107051.124739501,raw_data/run_4027.csv,raw_data/run_4027.json
4028,single,2026-09-24 16:30,KAUST2023_N2_C0_CKMC_ESR_v10_0_oxygenless,16.260396722315292,177.7218220185381,25.0,10.0,5.0,2579.2339431059977,raw_data/run_4028.csv,raw_data/run_4028.json
4029,single,2026-09-24 16:30,KAUST2023_N2_C0_CKMC_ESR_v10_0_oxygenless,14.13871530207077,49.24962847008234,25.0,10.0,5.0,75527.04932870605,raw_data/run_4029.csv,raw_data/run_4029.json
4030,single,2026-09-24 16:30,KAUST2023_N2_C0_CKMC_ESR_v10_0_oxygenless,9.257742740030388,385.6326852576136,25.0,10.0,5.0,1.7976931348623157e+308,raw_data/run_4030.csv,raw_data/run_4030.json
4031,single,2026-09-24 16:30,KAUST2023_N2_C0_CKMC_ESR_v10_0_oxygenless,14.22754282297395,192.01406128104645,25.0,10.0,10.0,52519634.522197075,raw_data/run_4031.csv,raw_data/run_4031.json
4032,single,2026-09-24 16:30,KAUST2023_N2_C0_CKMC_ESR_v10_0_oxygenless,9.093466474814555,6.645329988916259,25.0,10.0,10.0,7.693868272756224e+106,raw_data/run_4032.csv,raw_data/run_4032.json
4033,single,2026-09-24 16:30,KAUST2023_N2_C0_CKMC_ESR_v10_0_oxygenless,18.365839045488308,37.13255087019394,25.0,10.0,10.0,54830.884982495234,raw_data/run_4033.csv,raw_data/run_4033.json
4034,single,2026-09-24 16:30,KAUST2023_N2_C0_CKMC_ESR_v10_0_oxygenless,8.414001358889053,9.24705517037159,25.0,10.0,10.0,2.0704573122322934e+107,raw_data/run_4034.csv,raw_data/run_4034.json
4035,single,2026-09-24 16:30,KAUST2023_N2_C0_CKMC_ESR_v10_0_oxygenless,18.720692298214477,17.11521739456331,25.0,10.0,10.0,4864916.012433189,raw_data/run_4035.csv,raw_data/run_4035.json
4036,single,2026-09-24 16:30,KAUST2023_N2_C0_CKMC_ESR_v10_0_oxygenless,9.290270611216913,96.15282038051951,25.0,10.0,10.0,9122808.858443076,raw_data/run_4036.csv,raw_data/run_4036.json
4037,single,2026-09-24 16:30,KAUST2023_N2_C0_CKMC_ESR_v10_0_oxygenless,11.688881670371208,158.60026115765783,25.0,10.0,10.0,49925183.34440603,raw_data/run_4037.csv,raw_data/run_4037.json
4038,single,2026-09-24 16:30,KAUST2023_N2_C0_CKMC_ESR_v10_0_oxygenless,22.254650822638013,46.523417538899636,25.0,10.0,10.0,111462.39675512607,raw_data/run_4038.csv,raw_data/run_4038.json
4039,single,2026-09-24 16:30,KAUST2023_N2_C0_CKMC_ESR_v10_0_oxygenless,5.967896398899853,31.068564956997925,25.0,10.0,10.0,8.643824618052535e+96,raw_data/run_4039.csv,raw_data/run_4039.json
4040,single,2026-09-24 16:30,KAUST2023_N2_C0_CKMC_ESR_v10_0_oxygenless,16.169301969068282,126.016644605844,25.0,10.0,10.0,24306.926319065285,raw_data/run_4040.csv,raw_data/run_4040.json
4041,single,2026-09-24 16:30,KAUST2023_N2_C0_CKMC_ESR_v10_0_oxygenless,9.103477367434282,68.38432791966461,25.0,10.0,10.0,8770798.327450821,raw_data/run_4041.csv,raw_data/run_4041.json
4042,single,2026-09-24 16:30,KAUST2023_N2_C0_CKMC_ESR_v10_0_oxygenless,15.910601346595183,115.30112617373098,25.0,10.0,10.0,11923.54329783377,raw_data/run_4042.csv,raw_data/run_4042.json
4043,single,2026-09-24 16:30,KAUST2023_N2_C0_CKMC_ESR_v10_0_oxygenless,16.096204688711495,27.735715162871355,25.0,10.0,10.0,40518.2903604961,raw_data/run_4043.csv,raw_data/run_4043.json
4044,single,2026-09-24 16:30,KAUST2023_N2_C0_CKMC_ESR_v10_0_oxygenless,4.931613210832731,48.022166942463805,25.0,10.0,10.0,2.581768430308025e+90,raw_data/run_4044.csv,raw_data/run_4044.json
4045,single,2026-09-24 16:30,KAUST2023_N2_C0_CKMC_ESR_v10_0_oxygenless,12.981602248348496,59.56569509328545,25.0,10.0,10.0,4700.90732525783,raw_data/run_4045.csv,raw_data/run_4045.json
4046,single,2026-09-24 16:30,KAUST2023_N2_C0_CKMC_ESR_v10_0_oxygenless,11.019048637342241,28.797291035509545,25.0,10.0,10.0,196061.33907592253,raw_data/run_4046.csv,raw_data/run_4046.json
4047,single,2026-09-24 16:30,KAUST2023_N2_C0_CKMC_ESR_v10_0_oxygenless,11.092684239503026,20.042786235707332,25.0,10.0,10.0,11946.424809614467,raw_data/run_4047.csv,raw_data/run_4047.json
4048,single,2026-09-24 16:30,KAUST2023_N2_C0_CKMC_ESR_v10_0_oxygenless,15.662719432693097,92.39817548165092,25.0,10.0,10.0,3128.0495715783163,raw_data/run_4048.csv,raw_data/run_4048.json
4049,single,2026-09-24 16:30,KAUST2023_N2_C0_CKMC_ESR_v10_0_oxygenless,15.263309306493456,24.729348197323887,25.0,10.0,10.0,33089.30493735952,raw_data/run_4049.csv,raw_data/run_4049.json
4050,single,2026-09-24 16:30,KAUST2023_N2_C0_CKMC_ESR_v10_0_oxygenless,16.312381874929564,42.113934158023724,25.0,10.0,10.0,13825.836617704994,raw_data/run_4050.csv,raw_data/run_4050.json
4051,single,2026-09-24 16:30,KAUST2023_N2_C0_CKMC_ESR_v10_0_oxygenless,8.021290387208062,52.75126457098865,25.0,10.0,10.0,5.037894123257152e+55,raw_data/run_4051.csv,raw_data/run_4051.json
4052,single,2026-09-24 16:30,KAUST2023_N2_C0_CKMC_ESR_v10_0_oxygenless,11.853206128432367,150.48617113297564,25.0,10.0,10.0,78806022.69538681,raw_data/run_4052.csv,raw_data/run_4052.json
4053,single,2026-09-24 16:30,KAUST2023_N2_C0_CKMC_ESR_v10_0_oxygenless,11.018407613169682,118.36371332508372,25.0,10.0,10.0,25630040.471773196,raw_data/run_4053.csv,raw_data/run_4053.json
4054,single,2026-09-24 16:30,KAUST2023_N2_C0_CKMC_ESR_v10_0_oxygenless,12.372215981681718,47.05768819937617,25.0,10.0,10.0,5013.521388596818,raw_data/run_4054.csv,raw_data/run_4054.json
4055,single,2026-09-24 16:30,KAUST2023_N2_C0_CKMC_ESR_v10_0_oxygenless,21.09077085708162,2.498567881997583,25.0,10.0,10.0,4405336299.186136,raw_data/run_4055.csv,raw_data/run_4055.json
4056,single,2026-09-24 16:30,KAUST2023_N2_C0_CKMC_ESR_v10_0_oxygenless,4.004428808508264,34.55277834525603,25.0,10.0,10.0,7.549883057675603e+101,raw_data/run_4056.csv,raw_data/run_4056.json
4057,single,2026-09-24 16:30,KAUST2023_N2_C0_CKMC_ESR_v10_0_oxygenless,16.210581128386057,157.3482704714926,25.0,10.0,10.0,2203897.1831874633,raw_data/run_4057.csv,raw_data/run_4057.json
4058,single,2026-09-24 16:30,KAUST2023_N2_C0_CKMC_ESR_v10_0_oxygenless,7.9081328107011934,227.67403620362552,25.0,10.0,10.0,3721725.974829563,raw_data/run_4058.csv,raw_data/run_4058.json
4059,single,2026-09-24 16:30,KAUST2023_N2_C0_CKMC_ESR_v10_0_oxygenless,8.380449364332767,29.724459664242964,25.0,10.0,10.0,2.0519480138375945e+71,raw_data/run_4059.csv,raw_data/run_4059.json
4060,single,2026-09-24 16:30,KAUST2023_N2_C0_CKMC_ESR_v10_0_oxygenless,10.111143879628557,4.357996144292975,25.0,10.0,10.0,1.5081701259567532e+26,raw_data/run_4060.csv,raw_data/run_4060.json
4061,single,2026-09-24 16:30,KAUST2023_N2_C0_CKMC_ESR_v10_0_oxygenless,5.200141648733051,10.564772662864335,25.0,10.0,10.0,3.2990983165051167e+108,raw_data/run_4061.csv,raw_data/run_4061.json
4062,single,2026-09-24 16:30,KAUST2023_N2_C0_CKMC_ESR_v10_0_oxygenless,17.330673778501698,477.56023603154455,25.0,10.0,10.0,60649691.71777306,raw_data/run_4062.csv,raw_data/run_4062.json
4063,single,2026-09-24 16:30,KAUST2023_N2_C0_CKMC_ESR_v10_0_oxygenless,10.219575148103715,25.203821620730157,25.0,10.0,10.0,105450724.21550477,raw_data/run_4063.csv,raw_data/run_4063.json
4064,single,2026-09-24 16:30,KAUST2023_N2_C0_CKMC_ESR_v10_0_oxygenless,13.974437694428012,27.65056146499194,25.0,10.0,10.0,9114.725289998109,raw_data/run_4064.csv,raw_data/run_4064.json
4065,single,2026-09-24 16:30,KAUST2023_N2_C0_CKMC_ESR_v10_0_oxygenless,12.27220791752165,167.19588119864466,25.0,10.0,10.0,83831486.4134692,raw_data/run_4065.csv,raw_data/run_4065.json
4066,single,2026-09-24 16:30,KAUST2023_N2_C0_CKMC_ESR_v10_0_oxygenless,2.262744378837123,5.14075223464441,25.0,10.0,10.0,2.127682017789625e+109,raw_data/run_4066.csv,raw_data/run_4066.json
4067,single,2026-09-24 16:30,KAUST2023_N2_C0_CKMC_ESR_v10_0_oxygenless,14.570329763639073,37.13255087019394,25.0,10.0,10.0,6524.760454359869,raw_data/run_4067.csv,raw_data/run_4067.json
4068,single,2026-09-24 16:30,KAUST2023_N2_C0_CKMC_ESR_v10_0_oxygenless,18.720692298214477,13.88854220308778,25.0,10.0,10.0,6378746.527621075,raw_data/run_4068.csv,raw_data/run_4068.json
4069,single,2026-09-24 16:30,KAUST2023_N2_C0_CKMC_ESR_v10_0_oxygenless,10.061950108403027,16.059443090383212,25.0,10.0,10.0,175703815.38164854,raw_data/run_4069.csv,raw_data/run_4069.json
4070,single,2026-09-24 16:30,KAUST2023_N2_C0_CKMC_ESR_v10_0_oxygenless,13.27568653410669,158.60026115765783,25.0,10.0,10.0,61670512.38942946,raw_data/run_4070.csv,raw_data/run_4070.json
4071,single,2026-09-24 16:30,KAUST2023_N2_C0_CKMC_ESR_v10_0_oxygenless,9.152654106719856,139.08608798573655,25.0,10.0,10.0,8251180.924613013,raw_data/run_4071.csv,raw_data/run_4071.json
4072,single,2026-09-24 16:30,KAUST2023_N2_C0_CKMC_ESR_v10_0_oxygenless,13.230711240308548,27.52830446883076,25.0,10.0,10.0,4735.890063075524,raw_data/run_4072.csv,raw_data/run_4072.json
4073,single,2026-09-24 16:30,KAUST2023_N2_C0_CKMC_ESR_v10_0_oxygenless,18.456508191848187,126.016644605844,25.0,10.0,10.0,4345.664485921667,raw_data/run_4073.csv,raw_data/run_4073.json
4074,single,2026-09-24 16:30,KAUST2023_N2_C0_CKMC_ESR_v10_0_oxygenless,13.282320518809769,3.7363687133661068,25.0,10.0,10.0,22936678.805697042,raw_data/run_4074.csv,raw_data/run_4074.json
4075,single,2026-09-24 16:30,KAUST2023_N2_C0_CKMC_ESR_v10_0_oxygenless,16.316547449636815,76.94585228946872,25.0,10.0,10.0,2113.383661798961,raw_data/run_4075.csv,raw_data/run_4075.json
4076,single,2026-09-24 16:30,KAUST2023_N2_C0_CKMC_ESR_v10_0_oxygenless,12.378174238772411,12.361795079582214,25.0,10.0,10.0,12363.270772555825,raw_data/run_4076.csv,raw_data/run_4076.json
4077,single,2026-09-24 16:30,KAUST2023_N2_C0_CKMC_ESR_v10_0_oxygenless,14.71820359788481,17.584127949908527,25.0,10.0,10.0,58992.09020274756,raw_data/run_4077.csv,raw_data/run_4077.json
4078,single,2026-09-24 16:30,KAUST2023_N2_C0_CKMC_ESR_v10_0_oxygenless,6.8836072956831815,60.19764852457352,25.0,10.0,10.0,1.531794227807503e+82,raw_data/run_4078.csv,raw_data/run_4078.json
4079,single,2026-09-24 16:30,KAUST2023_N2_C0_CKMC_ESR_v10_0_oxygenless,10.135650761587094,9.353896607450682,25.0,10.0,10.0,270165106.1628667,raw_data/run_4079.csv,raw_data/run_4079.json
4080,single,2026-09-24 16:30,KAUST2023_N2_C0_CKMC_ESR_v10_0_oxygenless,8.94142017131885,10.770409348880428,25.0,10.0,10.0,3.736010947633003e+96,raw_data/run_4080.csv,raw_data/run_4080.json
4081,single,2026-09-24 16:30,KAUST2023_N2_C0_CKMC_ESR_v10_0_oxygenless,15.662719432693097,28.6737644615192,25.0,10.0,10.0,28176.942550577136,raw_data/run_4081.csv,raw_data/run_4081.json
4082,single,2026-09-24 16:30,KAUST2023_N2_C0_CKMC_ESR_v10_0_oxygenless,14.368187598581144,48.72178329888457,25.0,10.0,10.0,2765.1794767867204,raw_data/run_4082.csv,raw_data/run_4082.json
4083,single,2026-09-24 16:30,KAUST2023_N2_C0_CKMC_ESR_v10_0_oxygenless,14.600643903875495,407.2443650583389,25.0,10.0,10.0,1.7976931348623157e+308,raw_data/run_4083.csv,raw_data/run_4083.json
4084,single,2026-09-24 16:30,KAUST2023_N2_C0_CKMC_ESR_v10_0_oxygenless,17.806001395546854,9.272268119245076,25.0,10.0,10.0,21399139.80814602,raw_data/run_4084.csv,raw_data/run_4084.json
4085,single,2026-09-24 16:30,KAUST2023_N2_C0_CKMC_ESR_v10_0_oxygenless,11.11326068662821,436.19605676818804,25.0,10.0,10.0,1.7976931348623157e+308,raw_data/run_4085.csv,raw_data/run_4085.json
4086,single,2026-09-24 16:30,KAUST2023_N2_C0_CKMC_ESR_v10_0_oxygenless,19.550369930306555,21.873865242045753,25.0,10.0,10.0,1406212.146039313,raw_data/run_4086.csv,raw_data/run_4086.json
4087,single,2026-09-24 16:30,KAUST2023_N2_C0_CKMC_ESR_v10_0_oxygenless,11.440219329921705,48.78507927194604,25.0,10.0,10.0,1514421.4250532337,raw_data/run_4087.csv,raw_data/run_4087.json
4088,single,2026-09-24 16:30,KAUST2023_N2_C0_CKMC_ESR_v10_0_oxygenless,7.599536218887884,104.07806880186774,25.0,10.0,10.0,3380240.014900376,raw_data/run_4088.csv,raw_data/run_4088.json
4089,single,2026-09-24 16:30,KAUST2023_N2_C0_CKMC_ESR_v10_0_oxygenless,14.17809191023909,4.956564325235738,25.0,10.0,10.0,6571076.021006035,raw_data/run_4089.csv,raw_data/run_4089.json
4090,single,2026-09-24 16:30,KAUST2023_N2_C0_CKMC_ESR_v10_0_oxygenless,4.672077719311569,31.762919844684287,25.0,10.0,10.0,9.884443045373459e+98,raw_data/run_4090.csv,raw_data/run_4090.json
4091,single,2026-09-24 16:30,KAUST2023_N2_C0_CKMC_ESR_v10_0_oxygenless,17.355354288658667,74.3629512876527,25.0,10.0,10.0,3737.7131333999405,raw_data/run_4091.csv,raw_data/run_4091.json
4092,single,2026-09-24 16:30,KAUST2023_N2_C0_CKMC_ESR_v10_0_oxygenless,16.052972484227464,47.94665495544452,25.0,10.0,10.0,8224.028245994752,raw_data/run_4092.csv,raw_data/run_4092.json
4093,single,2026-09-24 16:30,KAUST2023_N2_C0_CKMC_ESR_v10_0_oxygenless,16.64068607918905,301.7322187381527,25.0,10.0,10.0,110454491.2191528,raw_data/run_4093.csv,raw_data/run_4093.json
4094,single,2026-09-24 16:30,KAUST2023_N2_C0_CKMC_ESR_v10_0_oxygenless,11.272922883849688,14.038975856449106,25.0,10.0,10.0,4758.304612507294,raw_data/run_4094.csv,raw_data/run_4094.json
4095,single,2026-09-24 16:30,KAUST2023_N2_C0_CKMC_ESR_v10_0_oxygenless,16.58005055215585,150.736774733149,25.0,10.0,10.0,313587.22885945154,raw_data/run_4095.csv,raw_data/run_4095.json
4096,single,2026-09-24 16:30,KAUST2023_N2_C0_CKMC_ESR_v10_0_oxygenless,20.659322356041294,62.91560481044254,25.0,10.0,10.0,23991.071603461653,raw_data/run_4096.csv,raw_data/run_4096.json
4097,single,2026-09-24 16:30,KAUST2023_N2_C0_CKMC_ESR_v10_0_oxygenless,20.098780682012972,79.748974502655,25.0,10.0,10.0,8026.965991480521,raw_data/run_4097.csv,raw_data/run_4097.json
4098,single,2026-09-24 16:30,KAUST2023_N2_C0_CKMC_ESR_v10_0_oxygenless,11.138335033347516,11.702327078973275,25.0,10.0,10.0,5750.1141326836805,raw_data/run_4098.csv,raw_data/run_4098.json
4099,single,2026-09-24 16:30,KAUST2023_N2_C0_CKMC_ESR_v10_0_oxygenless,16.04862135963767,311.6604093740559,25.0,10.0,10.0,131260781.09746696,raw_data/run_4099.csv,raw_data/run_4099.json
4100,single,2026-09-24 16:30,KAUST2023_N2_C0_CKMC_ESR_v10_0_oxygenless,14.570329763639073,72.10471827576633,25.0,10.0,10.0,2102.3460672841484,raw_data/run_4100.csv,raw_data/run_4100.json
4101,single,2026-09-24 16:30,KAUST2023_N2_C0_CKMC_ESR_v10_0_oxygenless,11.982142514973644,135.52388013012217,25.0,10.0,10.0,45827082.61697011,raw_data/run_4101.csv,raw_data/run_4101.json
4102,single,2026-09-24 16:30,KAUST2023_N2_C0_CKMC_ESR_v10_0_oxygenless,11.17408388244239,197.3245593564476,25.0,10.0,10.0,31422524.547694698,raw_data/run_4102.csv,raw_data/run_4102.json
4103,single,2026-09-24 16:30,KAUST2023_N2_C0_CKMC_ESR_v10_0_oxygenless,11.783104717200406,56.35092031417679,25.0,10.0,10.0,460315.4214462996,raw_data/run_4103.csv,raw_data/run_4103.json
4104,single,2026-09-24 16:30,KAUST2023_N2_C0_CKMC_ESR_v10_0_oxygenless,14.86857943875274,71.37768411560015,25.0,10.0,10.0,1744.8827960772314,raw_data/run_4104.csv,raw_data/run_4104.json
4105,single,2026-09-24 16:30,KAUST2023_N2_C0_CKMC_ESR_v10_0_oxygenless,16.845817714981397,27.926267552106477,25.0,10.0,10.0,61018.82952002859,raw_data/run_4105.csv,raw_data/run_4105.json
4106,single,2026-09-24 16:30,KAUST2023_N2_C0_CKMC_ESR_v10_0_oxygenless,11.904855855449673,126.016644605844,25.0,10.0,10.0,61012343.59977228,raw_data/run_4106.csv,raw_data/run_4106.json
4107,single,2026-09-24 16:30,KAUST2023_N2_C0_CKMC_ESR_v10_0_oxygenless,9.103477367434282,56.018778792704495,25.0,10.0,10.0,9064426.946265105,raw_data/run_4107.csv,raw_data/run_4107.json
4108,single,2026-09-24 16:30,KAUST2023_N2_C0_CKMC_ESR_v10_0_oxygenless,12.703219825540668,60.56304910648815,25.0,10.0,10.0,8446.529394971181,raw_data/run_4108.csv,raw_data/run_4108.json
4109,single,2026-09-24 16:30,KAUST2023_N2_C0_CKMC_ESR_v10_0_oxygenless,10.764977894858355,17.237008123948563,25.0,10.0,10.0,135754.73716888763,raw_data/run_4109.csv,raw_data/run_4109.json
4110,single,2026-09-24 16:30,KAUST2023_N2_C0_CKMC_ESR_v10_0_oxygenless,11.73210369931186,1.5144322958453638,25.0,10.0,10.0,16098544.776546253,raw_data/run_4110.csv,raw_data/run_4110.json
4111,single,2026-09-24 16:30,KAUST2023_N2_C0_CKMC_ESR_v10_0_oxygenless,2.861411361235657,100.41604473599173,25.0,10.0,10.0,4.319399424041747e+105,raw_data/run_4111.csv,raw_data/run_4111.json
4112,single,2026-09-24 16:30,KAUST2023_N2_C0_CKMC_ESR_v10_0_oxygenless,11.019048637342241,99.17407263306477,25.0,10.0,10.0,67502811.44977735,raw_data/run_4112.csv,raw_data/run_4112.json
4113,single,2026-09-24 16:30,KAUST2023_N2_C0_CKMC_ESR_v10_0_oxygenless,11.092684239503026,20.85075125805745,25.0,10.0,10.0,13538.464017892484,raw_data/run_4113.csv,raw_data/run_4113.json
4114,single,2026-09-24 16:30,KAUST2023_N2_C0_CKMC_ESR_v10_0_oxygenless,8.816650237710775,286.76628265081945,25.0,10.0,10.0,1.7976931348623157e+308,raw_data/run_4114.csv,raw_data/run_4114.json
4115,single,2026-09-24 16:30,KAUST2023_N2_C0_CKMC_ESR_v10_0_oxygenless,3.4156810385403524,85.78431395612947,25.0,10.0,10.0,2.5476155806827185e+96,raw_data/run_4115.csv,raw_data/run_4115.json
4116,single,2026-09-24 16:30,KAUST2023_N2_C0_CKMC_ESR_v10_0_oxygenless,7.630888955733052,42.113934158023724,25.0,10.0,10.0,2.299796781577466e+82,raw_data/run_4116.csv,raw_data/run_4116.json
4117,single,2026-09-24 16:30,KAUST2023_N2_C0_CKMC_ESR_v10_0_oxygenless,8.4216893204159,53.09999635289441,25.0,10.0,10.0,9957560.207052179,raw_data/run_4117.csv,raw_data/run_4117.json
4118,single,2026-09-24 16:30,KAUST2023_N2_C0_CKMC_ESR_v10_0_oxygenless,10.923409877433755,13.664340032310712,25.0,10.0,10.0,13098.328831067076,raw_data/run_4118.csv,raw_data/run_4118.json
4119,single,2026-09-24 16:30,KAUST2023_N2_C0_CKMC_ESR_v10_0_oxygenless,19.296059116256007,51.06133486066834,25.0,10.0,10.0,30114.275714276937,raw_data/run_4119.csv,raw_data/run_4119.json
4120,single,2026-09-24 16:30,KAUST2023_N2_C0_CKMC_ESR_v10_0_oxygenless,20.08376666989507,124.81409390292005,25.0,10.0,10.0,2007.5976726522103,raw_data/run_4120.csv,raw_data/run_4120.json
4121,single,2026-09-24 16:30,KAUST2023_N2_C0_CKMC_ESR_v10_0_oxygenless,6.951447994981784,1.9288032846951453,25.0,10.0,10.0,1.5916791382781421e+109,raw_data/run_4121.csv,raw_data/run_4121.json
4122,single,2026-09-24 16:30,KAUST2023_N2_C0_CKMC_ESR_v10_0_oxygenless,16.47922541447277,71.37768411560015,25.0,10.0,10.0,2918.216348919142,raw_data/run_4122.csv,raw_data/run_4122.json
4123,single,2026-09-24 16:30,KAUST2023_N2_C0_CKMC_ESR_v10_0_oxygenless,14.742803813597956,11.735179437603922,25.0,10.0,10.0,339824.6700067347,raw_data/run_4123.csv,raw_data/run_4123.json
4124,single,2026-09-24 16:30,KAUST2023_N2_C0_CKMC_ESR_v10_0_oxygenless,15.359890201877374,68.22239480137713,25.0,10.0,10.0,1967.4791223858417,raw_data/run_4124.csv,raw_data/run_4124.json
4125,single,2026-09-24 16:30,KAUST2023_N2_C0_CKMC_ESR_v10_0_oxygenless,13.51153956986686,65.54210982056152,25.0,10.0,10.0,3694.7728002397903,raw_data/run_4125.csv,raw_data/run_4125.json
4126,single,2026-09-24 16:30,KAUST2023_N2_C0_CKMC_ESR_v10_0_oxygenless,13.786912403277167,69.72299410355656,25.0,10.0,10.0,3623.1337200547887,raw_data/run_4126.csv,raw_data/run_4126.json
4127,single,2026-09-24 16:30,KAUST2023_N2_C0_CKMC_ESR_v10_0_oxygenless,16.29180674538529,144.98170886208595,25.0,10.0,10.0,241885.0112278499,raw_data/run_4127.csv,raw_data/run_4127.json
4128,single,2026-09-24 16:30,KAUST2023_N2_C0_CKMC_ESR_v10_0_oxygenless,16.80741522395156,105.772250719676,25.0,10.0,10.0,3352.4605969889285,raw_data/run_4128.csv,raw_data/run_4128.json
4129,single,2026-09-24 16:30,KAUST2023_N2_C0_CKMC_ESR_v10_0_oxygenless,15.239712276180052,110.31187779160386,25.0,10.0,10.0,17246.146835135038,raw_data/run_4129.csv,raw_data/run_4129.json
4130,single,2026-09-24 16:30,KAUST2023_N2_C0_CKMC_ESR_v10_0_oxygenless,15.89047759757429,79.748974502655,25.0,10.0,10.0,1697.1949267631235,raw_data/run_4130.csv,raw_data/run_4130.json
4131,single,2026-09-24 16:30,KAUST2023_N2_C0_CKMC_ESR_v10_0_oxygenless,12.132110731570549,11.702327078973275,25.0,10.0,10.0,9750.881719372908,raw_data/run_4131.csv,raw_data/run_4131.json
4132,single,2026-09-24 16:30,KAUST2023_N2_C0_CKMC_ESR_v10_0_oxygenless,20.136620731235844,27.735715162871355,25.0,10.0,10.0,342211.3533015738,raw_data/run_4132.csv,raw_data/run_4132.json
4133,single,2026-09-24 16:30,KAUST2023_N2_C0_CKMC_ESR_v10_0_oxygenless,14.403772263941601,72.10471827576633,25.0,10.0,10.0,2394.583631834991,raw_data/run_4133.csv,raw_data/run_4133.json
4134,single,2026-09-24 16:30,KAUST2023_N2_C0_CKMC_ESR_v10_0_oxygenless,18.720692298214477,109.15603121429311,25.0,10.0,10.0,1780.2017279445886,raw_data/run_4134.csv,raw_data/run_4134.json
4135,single,2026-09-24 16:30,KAUST2023_N2_C0_CKMC_ESR_v10_0_oxygenless,17.12916512842735,109.84597276945013,25.0,10.0,10.0,3529.0087124478537,raw_data/run_4135.csv,raw_data/run_4135.json
4136,single,2026-09-24 16:30,KAUST2023_N2_C0_CKMC_ESR_v10_0_oxygenless,14.539513813103488,67.09562109142331,25.0,10.0,10.0,1755.0439608966126,raw_data/run_4136.csv,raw_data/run_4136.json
4137,single,2026-09-24 16:30,KAUST2023_N2_C0_CKMC_ESR_v10_0_oxygenless,13.86490234729465,57.69920176386018,25.0,10.0,10.0,1824.4569835154082,raw_data/run_4137.csv,raw_data/run_4137.json
4138,single,2026-09-24 16:30,KAUST2023_N2_C0_CKMC_ESR_v10_0_oxygenless,14.442952575500104,51.43755556402286,25.0,10.0,10.0,2525.2283056669894,raw_data/run_4138.csv,raw_data/run_4138.json
4139,single,2026-09-24 16:30,KAUST2023_N2_C0_CKMC_ESR_v10_0_oxygenless,13.109492285272777,126.016644605844,25.0,10.0,10.0,41329992.493672624,raw_data/run_4139.csv,raw_data/run_4139.json
4140,single,2026-09-24 16:30,KAUST2023_N2_C0_CKMC_ESR_v10_0_oxygenless,15.934230557397376,82.32105071788015,25.0,10.0,10.0,1693.9790787539357,raw_data/run_4140.csv,raw_data/run_4140.json
4141,single,2026-09-24 16:30,KAUST2023_N2_C0_CKMC_ESR_v10_0_oxygenless,11.62487199395578,28.069913740030426,25.0,10.0,10.0,4708.753577814936,raw_data/run_4141.csv,raw_data/run_4141.json
4142,single,2026-09-24 16:30,KAUST2023_N2_C0_CKMC_ESR_v10_0_oxygenless,12.378174238772411,88.95859595323006,25.0,10.0,10.0,8332732.536497629,raw_data/run_4142.csv,raw_data/run_4142.json
4143,single,2026-09-24 16:30,KAUST2023_N2_C0_CKMC_ESR_v10_0_oxygenless,10.838015704623906,1.212609207223468,25.0,10.0,10.0,75109.87841080799,raw_data/run_4143.csv,raw_data/run_4143.json
4144,single,2026-09-24 16:30,KAUST2023_N2_C0_CKMC_ESR_v10_0_oxygenless,20.755562832232826,4.519006480263931,25.0,10.0,10.0,153975460.19738606,raw_data/run_4144.csv,raw_data/run_4144.json
4145,single,2026-09-24 16:30,KAUST2023_N2_C0_CKMC_ESR_v10_0_oxygenless,12.589435818225189,47.471212612324194,25.0,10.0,10.0,3722.363182706217,raw_data/run_4145.csv,raw_data/run_4145.json
4146,single,2026-09-24 16:30,KAUST2023_N2_C0_CKMC_ESR_v10_0_oxygenless,15.493803226260487,84.19246690009672,25.0,10.0,10.0,2135.9723133611933,raw_data/run_4146.csv,raw_data/run_4146.json
4147,single,2026-09-24 16:30,KAUST2023_N2_C0_CKMC_ESR_v10_0_oxygenless,15.382276228035249,65.21829325172092,25.0,10.0,10.0,2258.8522695931138,raw_data/run_4147.csv,raw_data/run_4147.json
4148,single,2026-09-24 16:30,KAUST2023_N2_C0_CKMC_ESR_v10_0_oxygenless,16.944645916310492,92.39817548165092,25.0,10.0,10.0,1718.6772811385792,raw_data/run_4148.csv,raw_data/run_4148.json
4149,single,2026-09-24 16:30,KAUST2023_N2_C0_CKMC_ESR_v10_0_oxygenless,16.951104330948827,110.57119959190659,25.0,10.0,10.0,4104.707171784632,raw_data/run_4149.csv,raw_data/run_4149.json
4150,single,2026-09-24 16:30,KAUST2023_N2_C0_CKMC_ESR_v10_0_oxygenless,14.912332398575828,79.24930798079372,25.0,10.0,10.0,2428.7405720316656,raw_data/run_4150.csv,raw_data/run_4150.json
4151,single,2026-09-24 16:30,KAUST2023_N2_C0_CKMC_ESR_v10_0_oxygenless,15.393807768909705,33.51357244516732,25.0,10.0,10.0,15239.643427111358,raw_data/run_4151.csv,raw_data/run_4151.json
4152,single,2026-09-24 16:30,KAUST2023_N2_C0_CKMC_ESR_v10_0_oxygenless,17.785881093654325,13.664340032310712,25.0,10.0,10.0,4244573.59914184,raw_data/run_4152.csv,raw_data/run_4152.json
4153,single,2026-09-24 16:30,KAUST2023_N2_C0_CKMC_ESR_v10_0_oxygenless,18.483079399573942,261.23632726269517,25.0,10.0,10.0,85496583.83306864,raw_data/run_4153.csv,raw_data/run_4153.json
4154,single,2026-09-24 16:30,KAUST2023_N2_C0_CKMC_ESR_v10_0_oxygenless,13.976834516225635,59.648477907514035,25.0,10.0,10.0,1821.9294142250767,raw_data/run_4154.csv,raw_data/run_4154.json
4155,single,2026-09-24 16:30,KAUST2023_N2_C0_CKMC_ESR_v10_0_oxygenless,8.60993826650431,3.7551171486474133,25.0,10.0,10.0,2.2790611477926366e+110,raw_data/run_4155.csv,raw_data/run_4155.json
4156,single,2026-09-24 16:30,KAUST2023_N2_C0_CKMC_ESR_v10_0_oxygenless,12.181089969971646,53.21045227419286,25.0,10.0,10.0,17530.042468069783,raw_data/run_4156.csv,raw_data/run_4156.json
4157,single,2026-09-24 16:30,KAUST2023_N2_C0_CKMC_ESR_v10_0_oxygenless,12.20540522134086,56.32096394661253,25.0,10.0,10.0,26228.486948370766,raw_data/run_4157.csv,raw_data/run_4157.json
4158,single,2026-09-24 16:30,KAUST2023_N2_C0_CKMC_ESR_v10_0_oxygenless,15.359890201877374,57.510416384651435,25.0,10.0,10.0,3239.9139660971023,raw_data/run_4158.csv,raw_data/run_4158.json
4159,single,2026-09-24 16:30,KAUST2023_N2_C0_CKMC_ESR_v10_0_oxygenless,12.181089969971646,53.21045227419286,25.0,10.0,10.0,17530.042468069783,raw_data/run_4159.csv,raw_data/run_4159.json
4160,single,2026-09-24 16:30,KAUST2023_N2_C0_CKMC_ESR_v10_0_oxygenless,15.440899237381538,72.26494652691007,25.0,10.0,10.0,1774.0910186863584,raw_data/run_4160.csv,raw_data/run_4160.json
4161,single,2026-09-24 16:30,KAUST2023_N2_C0_CKMC_ESR_v10_0_oxygenless,16.645466550152396,87.28601708506575,25.0,10.0,10.0,1722.8471012392852,raw_data/run_4161.csv,raw_data/run_4161.json
4162,single,2026-09-24 16:30,KAUST2023_N2_C0_CKMC_ESR_v10_0_oxygenless,14.76113133286917,46.83231883285651,25.0,10.0,10.0,3995.795979488591,raw_data/run_4162.csv,raw_data/run_4162.json
4163,single,2026-09-24 16:30,KAUST2023_N2_C0_CKMC_ESR_v10_0_oxygenless,13.901282342298547,49.68243186292242,25.0,10.0,10.0,1963.4429632359613,raw_data/run_4163.csv,raw_data/run_4163.json
4164,single,2026-09-24 16:30,KAUST2023_N2_C0_CKMC_ESR_v10_0_oxygenless,16.140436866148374,247.97957588081542,25.0,10.0,10.0,102783939.61395164,raw_data/run_4164.csv,raw_data/run_4164.json
4165,single,2026-09-24 16:30,KAUST2023_N2_C0_CKMC_ESR_v10_0_oxygenless,16.363586698070137,120.84113768276461,25.0,10.0,10.0,11905.450291896488,raw_data/run_4165.csv,raw_data/run_4165.json
4166,single,2026-09-24 16:30,KAUST2023_N2_C0_CKMC_ESR_v10_0_oxygenless,5.833849836171793,90.27830577806469,25.0,10.0,10.0,6.597336140013566e+88,raw_data/run_4166.csv,raw_data/run_4166.json
4167,single,2026-09-24 16:30,KAUST2023_N2_C0_CKMC_ESR_v10_0_oxygenless,19.677360086881187,132.61576607122376,25.0,10.0,10.0,3487.0462937603834,raw_data/run_4167.csv,raw_data/run_4167.json
4168,single,2026-09-24 16:30,KAUST2023_N2_C0_CKMC_ESR_v10_0_oxygenless,19.557226063239295,109.15603121429311,25.0,10.0,10.0,1967.0407760302098,raw_data/run_4168.csv,raw_data/run_4168.json
4169,single,2026-09-24 16:30,KAUST2023_N2_C0_CKMC_ESR_v10_0_oxygenless,21.435830852421038,209.00458847787155,25.0,10.0,10.0,375785.1275084606,raw_data/run_4169.csv,raw_data/run_4169.json
4170,single,2026-09-24 16:30,KAUST2023_N2_C0_CKMC_ESR_v10_0_oxygenless,18.432120957261553,67.09562109142331,25.0,10.0,10.0,8480.565166308188,raw_data/run_4170.csv,raw_data/run_4170.json
4171,single,2026-09-24 16:30,KAUST2023_N2_C0_CKMC_ESR_v10_0_oxygenless,14.955938425778706,78.8359360041376,25.0,10.0,10.0,2292.8177761686047,raw_data/run_4171.csv,raw_data/run_4171.json
4172,single,2026-09-24 16:30,KAUST2023_N2_C0_CKMC_ESR_v10_0_oxygenless,16.74535115212031,51.43755556402286,25.0,10.0,10.0,9626.792277385708,raw_data/run_4172.csv,raw_data/run_4172.json
4173,single,2026-09-24 16:30,KAUST2023_N2_C0_CKMC_ESR_v10_0_oxygenless,12.070082128533935,38.679862745122186,25.0,10.0,10.0,4568.931864170777,raw_data/run_4173.csv,raw_data/run_4173.json
4174,single,2026-09-24 16:30,KAUST2023_N2_C0_CKMC_ESR_v10_0_oxygenless,11.037594359546455,15.895295211684596,25.0,10.0,10.0,9262.756785645146,raw_data/run_4174.csv,raw_data/run_4174.json
4175,single,2026-09-24 16:30,KAUST2023_N2_C0_CKMC_ESR_v10_0_oxygenless,15.286914548521704,81.24635668454205,25.0,10.0,10.0,2082.1067890702934,raw_data/run_4175.csv,raw_data/run_4175.json
4176,single,2026-09-24 16:30,KAUST2023_N2_C0_CKMC_ESR_v10_0_oxygenless,15.40193000905784,73.0817699854073,25.0,10.0,10.0,1724.3683491170498,raw_data/run_4176.csv,raw_data/run_4176.json
4177,single,2026-09-24 16:30,KAUST2023_N2_C0_CKMC_ESR_v10_0_oxygenless,1.4556350905690785,574.2790422375556,25.0,10.0,10.0,1.9602853634433994e+97,raw_data/run_4177.csv,raw_data/run_4177.json
4178,single,2026-09-24 16:30,KAUST2023_N2_C0_CKMC_ESR_v10_0_oxygenless,17.08944729084182,95.77693049608138,25.0,10.0,10.0,1765.2632178529032,raw_data/run_4178.csv,raw_data/run_4178.json
4179,single,2026-09-24 16:30,KAUST2023_N2_C0_CKMC_ESR_v10_0_oxygenless,17.604381515287116,126.38221337455627,25.0,10.0,10.0,6934.496154297794,raw_data/run_4179.csv,raw_data/run_4179.json
4180,single,2026-09-24 16:30,KAUST2023_N2_C0_CKMC_ESR_v10_0_oxygenless,17.537822631823445,92.92125439773685,25.0,10.0,10.0,1862.1185674370358,raw_data/run_4180.csv,raw_data/run_4180.json
4181,single,2026-09-24 16:30,KAUST2023_N2_C0_CKMC_ESR_v10_0_oxygenless,14.812195263272745,92.39817548165092,25.0,10.0,10.0,6033.965014542949,raw_data/run_4181.csv,raw_data/run_4181.json
4182,single,2026-09-24 16:30,KAUST2023_N2_C0_CKMC_ESR_v10_0_oxygenless,15.698897371331908,82.98195952266855,25.0,10.0,10.0,1815.627409461399,raw_data/run_4182.csv,raw_data/run_4182.json
4183,single,2026-09-24 16:30,KAUST2023_N2_C0_CKMC_ESR_v10_0_oxygenless,15.586712435115246,83.79417853886736,25.0,10.0,10.0,1980.233249779025,raw_data/run_4183.csv,raw_data/run_4183.json
4184,single,2026-09-24 16:30,KAUST2023_N2_C0_CKMC_ESR_v10_0_oxygenless,15.964979132920327,81.59419660738801,25.0,10.0,10.0,1688.6520202339252,raw_data/run_4184.csv,raw_data/run_4184.json
4185,single,2026-09-24 16:30,KAUST2023_N2_C0_CKMC_ESR_v10_0_oxygenless,18.0845286623155,148.47504388194267,25.0,10.0,10.0,23508.030954867136,raw_data/run_4185.csv,raw_data/run_4185.json
4186,single,2026-09-24 16:30,KAUST2023_N2_C0_CKMC_ESR_v10_0_oxygenless,19.29598704628241,327.94218436194205,25.0,10.0,10.0,104781691.91700986,raw_data/run_4186.csv,raw_data/run_4186.json
4187,single,2026-09-24 16:30,KAUST2023_N2_C0_CKMC_ESR_v10_0_oxygenless,14.750148139049088,59.648477907514035,25.0,10.0,10.0,2062.2267844436496,raw_data/run_4187.csv,raw_data/run_4187.json
4188,single,2026-09-24 16:30,KAUST2023_N2_C0_CKMC_ESR_v10_0_oxygenless,17.417408892272142,66.78972309539294,25.0,10.0,10.0,5630.48120218929,raw_data/run_4188.csv,raw_data/run_4188.json
4189,single,2026-09-24 16:30,KAUST2023_N2_C0_CKMC_ESR_v10_0_oxygenless,14.512835098728335,64.43022341711865,25.0,10.0,10.0,1703.048292035032,raw_data/run_4189.csv,raw_data/run_4189.json
4190,single,2026-09-24 16:30,KAUST2023_N2_C0_CKMC_ESR_v10_0_oxygenless,13.743563154339597,11.735179437603922,25.0,10.0,10.0,79441.65079828518,raw_data/run_4190.csv,raw_data/run_4190.json
4191,single,2026-09-24 16:30,KAUST2023_N2_C0_CKMC_ESR_v10_0_oxygenless,9.27585193620365,11.347908950274773,25.0,10.0,10.0,2.876260934674706e+67,raw_data/run_4191.csv,raw_data/run_4191.json
4192,single,2026-09-24 16:30,KAUST2023_N2_C0_CKMC_ESR_v10_0_oxygenless,16.635382853292242,88.40663765504299,25.0,10.0,10.0,1706.8637118902259,raw_data/run_4192.csv,raw_data/run_4192.json
4193,single,2026-09-24 16:30,KAUST2023_N2_C0_CKMC_ESR_v10_0_oxygenless,13.030594613649892,21.912434498625355,25.0,10.0,10.0,6869.998235374869,raw_data/run_4193.csv,raw_data/run_4193.json
4194,single,2026-09-24 16:30,KAUST2023_N2_C0_CKMC_ESR_v10_0_oxygenless,12.735558068614973,14.582844627979284,25.0,10.0,10.0,13356.250069824424,raw_data/run_4194.csv,raw_data/run_4194.json
4195,single,2026-09-24 16:30,KAUST2023_N2_C0_CKMC_ESR_v10_0_oxygenless,17.203438703814374,97.84202010466535,25.0,10.0,10.0,1809.139838719494,raw_data/run_4195.csv,raw_data/run_4195.json
4196,single,2026-09-24 16:30,KAUST2023_N2_C0_CKMC_ESR_v10_0_oxygenless,18.330451040059486,114.06060269070343,25.0,10.0,10.0,2335.112467714543,raw_data/run_4196.csv,raw_data/run_4196.json
4197,single,2026-09-24 16:30,KAUST2023_N2_C0_CKMC_ESR_v10_0_oxygenless,14.730219556347752,71.83883406006242,25.0,10.0,10.0,1876.5674238064637,raw_data/run_4197.csv,raw_data/run_4197.json
4198,single,2026-09-24 16:30,KAUST2023_N2_C0_CKMC_ESR_v10_0_oxygenless,17.920734323424625,130.49478796934082,25.0,10.0,10.0,7328.138148442266,raw_data/run_4198.csv,raw_data/run_4198.json
4199,single,2026-09-24 16:30,KAUST2023_N2_C0_CKMC_ESR_v10_0_oxygenless,12.049280377547205,476.89386298543565,25.0,10.0,10.0,1.7976931348623157e+308,raw_data/run_4199.csv,raw_data/run_4199.json
4200,single,2026-09-24 16:30,KAUST2023_N2_C0_CKMC_ESR_v10_0_oxygenless,12.404999315282026,59.18147674214644,25.0,10.0,10.0,17664.06492517774,raw_data/run_4200.csv,raw_data/run_4200.json
4201,single,2026-09-24 16:30,KAUST2023_N2_C0_CKMC_ESR_v10_0_oxygenless,15.937675475884909,82.23929655940468,25.0,10.0,10.0,1692.562457244692,raw_data/run_4201.csv,raw_data/run_4201.json
4202,single,2026-09-24 16:30,KAUST2023_N2_C0_CKMC_ESR_v10_0_oxygenless,3.050840143400144,547.7832242868033,25.0,10.0,10.0,2.2114265274273726e+57,raw_data/run_4202.csv,raw_data/run_4202.json
4203,single,2026-09-24 16:30,KAUST2023_N2_C0_CKMC_ESR_v10_0_oxygenless,11.488242388827093,16.69305320849111,25.0,10.0,10.0,3769.208206659723,raw_data/run_4203.csv,raw_data/run_4203.json
4204,single,2026-09-24 16:30,KAUST2023_N2_C0_CKMC_ESR_v10_0_oxygenless,18.728870150205076,124.24517019299516,25.0,10.0,10.0,3416.216310525062,raw_data/run_4204.csv,raw_data/run_4204.json
4205,single,2026-09-24 16:30,KAUST2023_N2_C0_CKMC_ESR_v10_0_oxygenless,14.442952575500104,68.86127483411094,25.0,10.0,10.0,1957.5447395998158,raw_data/run_4205.csv,raw_data/run_4205.json
4206,single,2026-09-24 16:30,KAUST2023_N2_C0_CKMC_ESR_v10_0_oxygenless,13.69282304041668,56.14629669402248,25.0,10.0,10.0,1910.522558329933,raw_data/run_4206.csv,raw_data/run_4206.json
4207,single,2026-09-24 16:30,KAUST2023_N2_C0_CKMC_ESR_v10_0_oxygenless,15.390185211599134,80.64763681247624,25.0,10.0,10.0,1905.9092950548795,raw_data/run_4207.csv,raw_data/run_4207.json
4208,single,2026-09-24 16:30,KAUST2023_N2_C0_CKMC_ESR_v10_0_oxygenless,15.133412857630296,81.24635668454205,25.0,10.0,10.0,2313.489758793293,raw_data/run_4208.csv,raw_data/run_4208.json
4209,single,2026-09-24 16:30,KAUST2023_N2_C0_CKMC_ESR_v10_0_oxygenless,16.602656056323323,73.0817699854073,25.0,10.0,10.0,2850.4775844988217,raw_data/run_4209.csv,raw_data/run_4209.json
4210,single,2026-09-24 16:30,KAUST2023_N2_C0_CKMC_ESR_v10_0_oxygenless,3.8839721793368125,671.2235185425237,25.0,10.0,10.0,1.159358431145291e+81,raw_data/run_4210.csv,raw_data/run_4210.json
4211,single,2026-09-24 16:30,KAUST2023_N2_C0_CKMC_ESR_v10_0_oxygenless,16.12905944888418,95.77693049608138,25.0,10.0,10.0,2794.014596424657,raw_data/run_4211.csv,raw_data/run_4211.json
4212,single,2026-09-24 16:30,KAUST2023_N2_C0_CKMC_ESR_v10_0_oxygenless,17.064687812130018,95.87152555099293,25.0,10.0,10.0,1776.9919193085316,raw_data/run_4212.csv,raw_data/run_4212.json
4213,single,2026-09-24 16:30,KAUST2023_N2_C0_CKMC_ESR_v10_0_oxygenless,10.579379712905366,12.380288975844067,25.0,10.0,10.0,931645.6344177749,raw_data/run_4213.csv,raw_data/run_4213.json
4214,single,2026-09-24 16:30,KAUST2023_N2_C0_CKMC_ESR_v10_0_oxygenless,18.922861372202014,112.06893247246535,25.0,10.0,10.0,1810.9490895713334,raw_data/run_4214.csv,raw_data/run_4214.json
4215,single,2026-09-24 16:30,KAUST2023_N2_C0_CKMC_ESR_v10_0_oxygenless,15.698897371331908,60.8199085156984,25.0,10.0,10.0,3305.735609720418,raw_data/run_4215.csv,raw_data/run_4215.json
4216,single,2026-09-24 16:30,KAUST2023_N2_C0_CKMC_ESR_v10_0_oxygenless,14.100184574877442,59.9832373342794,25.0,10.0,10.0,1752.345069777993,raw_data/run_4216.csv,raw_data/run_4216.json
4217,single,2026-09-24 16:30,KAUST2023_N2_C0_CKMC_ESR_v10_0_oxygenless,14.799115702308182,68.04680118528356,25.0,10.0,10.0,1695.1784785248808,raw_data/run_4217.csv,raw_data/run_4217.json
4218,single,2026-09-24 16:30,KAUST2023_N2_C0_CKMC_ESR_v10_0_oxygenless,18.31861240323255,13.664340032310712,25.0,10.0,10.0,4780231.673045507,raw_data/run_4218.csv,raw_data/run_4218.json
4219,single,2026-09-24 16:30,KAUST2023_N2_C0_CKMC_ESR_v10_0_oxygenless,19.296059116256007,383.7339893586596,25.0,10.0,10.0,137807161.59255612,raw_data/run_4219.csv,raw_data/run_4219.json
4220,single,2026-09-24 16:30,KAUST2023_N2_C0_CKMC_ESR_v10_0_oxygenless,14.72346059518639,68.10457754968,25.0,10.0,10.0,1707.537218610568,raw_data/run_4220.csv,raw_data/run_4220.json
4221,single,2026-09-24 16:30,KAUST2023_N2_C0_CKMC_ESR_v10_0_oxygenless,2.6533685429899627,221.94243934284484,25.0,10.0,10.0,2.4120946024544657e+93,raw_data/run_4221.csv,raw_data/run_4221.json
4222,single,2026-09-24 16:30,KAUST2023_N2_C0_CKMC_ESR_v10_0_oxygenless,16.793485287485026,81.59419660738801,25.0,10.0,10.0,2133.2438063324385,raw_data/run_4222.csv,raw_data/run_4222.json
4223,single,2026-09-24 16:30,KAUST2023_N2_C0_CKMC_ESR_v10_0_oxygenless,12.328100111096052,89.98512619535842,25.0,10.0,10.0,13780659.106058571,raw_data/run_4223.csv,raw_data/run_4223.json
4224,single,2026-09-24 16:30,KAUST2023_N2_C0_CKMC_ESR_v10_0_oxygenless,14.999117623224494,67.38257760998064,25.0,10.0,10.0,1756.8731871908722,raw_data/run_4224.csv,raw_data/run_4224.json
4225,single,2026-09-24 16:30,KAUST2023_N2_C0_CKMC_ESR_v10_0_oxygenless,16.893209039564137,95.71155093454527,25.0,10.0,10.0,1849.4857113463686,raw_data/run_4225.csv,raw_data/run_4225.json
4226,single,2026-09-24 16:30,KAUST2023_N2_C0_CKMC_ESR_v10_0_oxygenless,15.440899237381538,63.80448270203154,25.0,10.0,10.0,2486.117102875028,raw_data/run_4226.csv,raw_data/run_4226.json
4227,single,2026-09-24 16:30,KAUST2023_N2_C0_CKMC_ESR_v10_0_oxygenless,12.90712340175448,27.482362984375946,25.0,10.0,10.0,3480.362745463687,raw_data/run_4227.csv,raw_data/run_4227.json
4228,single,2026-09-24 16:30,KAUST2023_N2_C0_CKMC_ESR_v10_0_oxygenless,14.79537357328707,69.88882022271224,25.0,10.0,10.0,1727.1141130588535,raw_data/run_4228.csv,raw_data/run_4228.json
4229,single,2026-09-24 16:30,KAUST2023_N2_C0_CKMC_ESR_v10_0_oxygenless,15.04436621274616,71.43905256188347,25.0,10.0,10.0,1692.9169868336062,raw_data/run_4229.csv,raw_data/run_4229.json
4230,single,2026-09-24 16:30,KAUST2023_N2_C0_CKMC_ESR_v10_0_oxygenless,17.89929862916307,104.86864115439,25.0,10.0,10.0,1855.7386494798936,raw_data/run_4230.csv,raw_data/run_4230.json
4231,single,2026-09-24 16:30,KAUST2023_N2_C0_CKMC_ESR_v10_0_oxygenless,17.150405184261793,87.57264500387122,25.0,10.0,10.0,1950.626284983479,raw_data/run_4231.csv,raw_data/run_4231.json
4232,single,2026-09-24 16:30,KAUST2023_N2_C0_CKMC_ESR_v10_0_oxygenless,19.296059116256007,2.6114316180561365,25.0,10.0,10.0,2121779730.0762253,raw_data/run_4232.csv,raw_data/run_4232.json
4233,single,2026-09-24 16:30,KAUST2023_N2_C0_CKMC_ESR_v10_0_oxygenless,16.473643793230206,72.10471827576633,25.0,10.0,10.0,2812.5136951369086,raw_data/run_4233.csv,raw_data/run_4233.json
4234,single,2026-09-24 16:30,KAUST2023_N2_C0_CKMC_ESR_v10_0_oxygenless,16.578090089302243,95.42497172277676,25.0,10.0,10.0,2083.768640110258,raw_data/run_4234.csv,raw_data/run_4234.json
4235,single,2026-09-24 16:30,KAUST2023_N2_C0_CKMC_ESR_v10_0_oxygenless,14.065834069070931,29.248779124101077,25.0,10.0,10.0,8445.001439719472,raw_data/run_4235.csv,raw_data/run_4235.json
4236,single,2026-09-24 16:30,KAUST2023_N2_C0_CKMC_ESR_v10_0_oxygenless,15.68409353602377,80.58662420287298,25.0,10.0,10.0,1713.4222683241612,raw_data/run_4236.csv,raw_data/run_4236.json
4237,single,2026-09-24 16:30,KAUST2023_N2_C0_CKMC_ESR_v10_0_oxygenless,16.07366995195403,57.69920176386018,25.0,10.0,10.0,4760.4549829912785,raw_data/run_4237.csv,raw_data/run_4237.json
4238,single,2026-09-24 16:30,KAUST2023_N2_C0_CKMC_ESR_v10_0_oxygenless,14.442952575500104,80.79874769682178,25.0,10.0,10.0,3948.9789631812964,raw_data/run_4238.csv,raw_data/run_4238.json
4239,single,2026-09-24 16:30,KAUST2023_N2_C0_CKMC_ESR_v10_0_oxygenless,15.888553241085704,79.6018274284791,25.0,10.0,10.0,1699.345845021321,raw_data/run_4239.csv,raw_data/run_4239.json
4240,single,2026-09-24 16:30,KAUST2023_N2_C0_CKMC_ESR_v10_0_oxygenless,15.89047759757429,91.97513852333643,25.0,10.0,10.0,2591.873161169743,raw_data/run_4240.csv,raw_data/run_4240.json
4241,single,2026-09-24 16:30,KAUST2023_N2_C0_CKMC_ESR_v10_0_oxygenless,17.086754749612123,105.54368376978836,25.0,10.0,10.0,2783.0928886227284,raw_data/run_4241.csv,raw_data/run_4241.json
4242,single,2026-09-24 16:30,KAUST2023_N2_C0_CKMC_ESR_v10_0_oxygenless,15.593470388130289,73.0817699854073,25.0,10.0,10.0,1822.0111985889669,raw_data/run_4242.csv,raw_data/run_4242.json
4243,single,2026-09-24 16:30,KAUST2023_N2_C0_CKMC_ESR_v10_0_oxygenless,10.070243543269354,812.805691722867,25.0,10.0,10.0,1.7976931348623157e+308,raw_data/run_4243.csv,raw_data/run_4243.json
4244,single,2026-09-24 16:30,KAUST2023_N2_C0_CKMC_ESR_v10_0_oxygenless,17.08944729084182,252.41493467071035,25.0,10.0,10.0,105090128.6742203,raw_data/run_4244.csv,raw_data/run_4244.json
4245,single,2026-09-24 16:30,KAUST2023_N2_C0_CKMC_ESR_v10_0_oxygenless,17.064687812130018,95.42497172277676,25.0,10.0,10.0,1760.6346339136048,raw_data/run_4245.csv,raw_data/run_4245.json
4246,single,2026-09-24 16:30,KAUST2023_N2_C0_CKMC_ESR_v10_0_oxygenless,15.940122678348722,80.2835053312125,25.0,10.0,10.0,1697.994062773035,raw_data/run_4246.csv,raw_data/run_4246.json
4247,single,2026-09-24 16:30,KAUST2023_N2_C0_CKMC_ESR_v10_0_oxygenless,16.435434626098882,87.87396068830901,25.0,10.0,10.0,1709.110270323269,raw_data/run_4247.csv,raw_data/run_4247.json
4248,single,2026-09-24 16:30,KAUST2023_N2_C0_CKMC_ESR_v10_0_oxygenless,16.388873715906993,139.66676848048797,25.0,10.0,10.0,91033.7300593493,raw_data/run_4248.csv,raw_data/run_4248.json
4249,single,2026-09-24 16:30,KAUST2023_N2_C0_CKMC_ESR_v10_0_oxygenless,9.670000583973854,262.61169502152853,25.0,10.0,10.0,7592179.0314751165,raw_data/run_4249.csv,raw_data/run_4249.json
4250,single,2026-09-24 16:30,KAUST2023_N2_C0_CKMC_ESR_v10_0_oxygenless,19.15618162075932,15.803917940423279,25.0,10.0,10.0,4727825.514751506,raw_data/run_4250.csv,raw_data/run_4250.json
4251,single,2026-09-24 16:30,KAUST2023_N2_C0_CKMC_ESR_v10_0_oxygenless,21.405899301972752,32.133549302900555,25.0,10.0,10.0,318314.44610150857,raw_data/run_4251.csv,raw_data/run_4251.json
4252,single,2026-09-24 16:30,KAUST2023_N2_C0_CKMC_ESR_v10_0_oxygenless,11.807863831719025,14.032700143347064,25.0,10.0,10.0,4263.961911027326,raw_data/run_4252.csv,raw_data/run_4252.json
4253,single,2026-09-24 16:30,KAUST2023_N2_C0_CKMC_ESR_v10_0_oxygenless,22.14037815017313,14.471217956139082,25.0,10.0,10.0,28787126.302975286,raw_data/run_4253.csv,raw_data/run_4253.json
4254,single,2026-09-24 16:30,KAUST2023_N2_C0_CKMC_ESR_v10_0_oxygenless,14.507040860506029,12.337475131976202,25.0,10.0,10.0,169172.0872502016,raw_data/run_4254.csv,raw_data/run_4254.json
4255,single,2026-09-24 16:30,KAUST2023_N2_C0_CKMC_ESR_v10_0_oxygenless,12.84373386491219,3.2430802332415842,25.0,10.0,10.0,45076505.77764444,raw_data/run_4255.csv,raw_data/run_4255.json
4256,single,2026-09-24 16:30,KAUST2023_N2_C0_CKMC_ESR_v10_0_oxygenless,15.152258284122254,62.91560481044254,25.0,10.0,10.0,2218.010217407815,raw_data/run_4256.csv,raw_data/run_4256.json
4257,single,2026-09-24 16:30,KAUST2023_N2_C0_CKMC_ESR_v10_0_oxygenless,3.8834332268706886,84.90942261507271,25.0,10.0,10.0,6.395482051657664e+87,raw_data/run_4257.csv,raw_data/run_4257.json
4258,single,2026-09-24 16:30,KAUST2023_N2_C0_CKMC_ESR_v10_0_oxygenless,19.975645032705277,167.19588119864466,25.0,10.0,10.0,22523.525606833617,raw_data/run_4258.csv,raw_data/run_4258.json
4259,single,2026-09-24 16:30,KAUST2023_N2_C0_CKMC_ESR_v10_0_oxygenless,22.14037815017313,11.092662703505932,25.0,10.0,10.0,58229138.83917402,raw_data/run_4259.csv,raw_data/run_4259.json
4260,single,2026-09-24 16:30,KAUST2023_N2_C0_CKMC_ESR_v10_0_oxygenless,6.128592756494662,80.08760661548949,25.0,10.0,10.0,2.394912437610284e+89,raw_data/run_4260.csv,raw_data/run_4260.json
4261,single,2026-09-24 16:30,KAUST2023_N2_C0_CKMC_ESR_v10_0_oxygenless,12.831196364206523,167.7822262938396,25.0,10.0,10.0,66373656.45871278,raw_data/run_4261.csv,raw_data/run_4261.json
4262,single,2026-09-24 16:30,KAUST2023_N2_C0_CKMC_ESR_v10_0_oxygenless,8.573623073829982,212.2874487593241,25.0,10.0,10.0,3227303.6455751997,raw_data/run_4262.csv,raw_data/run_4262.json
4263,single,2026-09-24 16:30,KAUST2023_N2_C0_CKMC_ESR_v10_0_oxygenless,15.980318925472588,158.60026115765783,25.0,10.0,10.0,4798794.754413092,raw_data/run_4263.csv,raw_data/run_4263.json
4264,single,2026-09-24 16:30,KAUST2023_N2_C0_CKMC_ESR_v10_0_oxygenless,8.376783259149624,414.39904719346,25.0,10.0,10.0,1.7976931348623157e+308,raw_data/run_4264.csv,raw_data/run_4264.json
4265,single,2026-09-24 16:30,KAUST2023_N2_C0_CKMC_ESR_v10_0_oxygenless,7.734907565829244,170.38302742351672,25.0,10.0,10.0,3873973.585477475,raw_data/run_4265.csv,raw_data/run_4265.json
4266,single,2026-09-24 16:30,KAUST2023_N2_C0_CKMC_ESR_v10_0_oxygenless,11.378736012068812,106.63105096051478,25.0,10.0,10.0,18449171.650608435,raw_data/run_4266.csv,raw_data/run_4266.json
4267,single,2026-09-24 16:30,KAUST2023_N2_C0_CKMC_ESR_v10_0_oxygenless,18.7091150467782,789.0039959738424,25.0,10.0,10.0,1.7976931348623157e+308,raw_data/run_4267.csv,raw_data/run_4267.json
4268,single,2026-09-24 16:30,KAUST2023_N2_C0_CKMC_ESR_v10_0_oxygenless,15.910601346595183,103.87980084250697,25.0,10.0,10.0,5343.923016865956,raw_data/run_4268.csv,raw_data/run_4268.json
4269,single,2026-09-24 16:30,KAUST2023_N2_C0_CKMC_ESR_v10_0_oxygenless,8.159737293981161,27.735715162871355,25.0,10.0,10.0,7.328699772852069e+76,raw_data/run_4269.csv,raw_data/run_4269.json
4270,single,2026-09-24 16:30,KAUST2023_N2_C0_CKMC_ESR_v10_0_oxygenless,13.86490234729465,57.9221323845572,25.0,10.0,10.0,1835.0223791975598,raw_data/run_4270.csv,raw_data/run_4270.json
4271,single,2026-09-24 16:30,KAUST2023_N2_C0_CKMC_ESR_v10_0_oxygenless,15.98298010820319,59.56569509328545,25.0,10.0,10.0,4107.749130886784,raw_data/run_4271.csv,raw_data/run_4271.json
4272,single,2026-09-24 16:30,KAUST2023_N2_C0_CKMC_ESR_v10_0_oxygenless,11.019048637342241,164.22169293299206,25.0,10.0,10.0,22671142.730035916,raw_data/run_4272.csv,raw_data/run_4272.json
4273,single,2026-09-24 16:30,KAUST2023_N2_C0_CKMC_ESR_v10_0_oxygenless,5.833849836171793,12.485340065577628,25.0,10.0,10.0,2.1326781627758461e+105,raw_data/run_4273.csv,raw_data/run_4273.json
4274,single,2026-09-24 16:30,KAUST2023_N2_C0_CKMC_ESR_v10_0_oxygenless,17.070835047619834,336.2886133575716,25.0,10.0,10.0,151806029.06020454,raw_data/run_4274.csv,raw_data/run_4274.json
4275,single,2026-09-24 16:30,KAUST2023_N2_C0_CKMC_ESR_v10_0_oxygenless,12.871173037509868,66.78972309539294,25.0,10.0,10.0,11242.321969742017,raw_data/run_4275.csv,raw_data/run_4275.json
4276,single,2026-09-24 16:30,KAUST2023_N2_C0_CKMC_ESR_v10_0_oxygenless,12.049280377547205,42.113934158023724,25.0,10.0,10.0,6455.763285797301,raw_data/run_4276.csv,raw_data/run_4276.json
4277,single,2026-09-24 16:30,KAUST2023_N2_C0_CKMC_ESR_v10_0_oxygenless,11.748235382853814,33.51357244516732,25.0,10.0,10.0,5672.57779690282,raw_data/run_4277.csv,raw_data/run_4277.json
4278,single,2026-09-24 16:30,KAUST2023_N2_C0_CKMC_ESR_v10_0_oxygenless,11.853206128432367,221.94243934284484,25.0,10.0,10.0,1007154610.0990242,raw_data/run_4278.csv,raw_data/run_4278.json
4279,single,2026-09-24 16:30,KAUST2023_N2_C0_CKMC_ESR_v10_0_oxygenless,19.296059116256007,116.64733420653162,25.0,10.0,10.0,1877.2637986581485,raw_data/run_4279.csv,raw_data/run_4279.json
4280,single,2026-09-24 16:30,KAUST2023_N2_C0_CKMC_ESR_v10_0_oxygenless,11.440219329921705,20.616221643813162,25.0,10.0,10.0,4381.699893641037,raw_data/run_4280.csv,raw_data/run_4280.json
4281,single,2026-09-24 16:30,KAUST2023_N2_C0_CKMC_ESR_v10_0_oxygenless,12.84373386491219,9.515889769770057,25.0,10.0,10.0,46636.34136293716,raw_data/run_4281.csv,raw_data/run_4281.json
4282,single,2026-09-24 16:30,KAUST2023_N2_C0_CKMC_ESR_v10_0_oxygenless,9.078256580439284,213.45918268117865,25.0,10.0,10.0,6736822.998689263,raw_data/run_4282.csv,raw_data/run_4282.json
4283,single,2026-09-24 16:30,KAUST2023_N2_C0_CKMC_ESR_v10_0_oxygenless,16.61047156385637,11.735179437603922,25.0,10.0,10.0,4255604.513399226,raw_data/run_4283.csv,raw_data/run_4283.json
4284,single,2026-09-24 16:30,KAUST2023_N2_C0_CKMC_ESR_v10_0_oxygenless,19.252736121306977,10.531952259902974,25.0,10.0,10.0,30622115.198091272,raw_data/run_4284.csv,raw_data/run_4284.json
4285,single,2026-09-24 16:30,KAUST2023_N2_C0_CKMC_ESR_v10_0_oxygenless,10.607232412705477,14.032700143347064,25.0,10.0,10.0,820322.2988100089,raw_data/run_4285.csv,raw_data/run_4285.json
4286,single,2026-09-24 16:30,KAUST2023_N2_C0_CKMC_ESR_v10_0_oxygenless,22.14037815017313,743.4146702368508,25.0,10.0,10.0,1.7976931348623157e+308,raw_data/run_4286.csv,raw_data/run_4286.json
4287,single,2026-09-24 16:30,KAUST2023_N2_C0_CKMC_ESR_v10_0_oxygenless,6.11877370085281,57.029948450676194,25.0,10.0,10.0,5.334554580772708e+95,raw_data/run_4287.csv,raw_data/run_4287.json
4288,single,2026-09-24 16:30,KAUST2023_N2_C0_CKMC_ESR_v10_0_oxygenless,8.947955833800542,2.190940162550433,25.0,10.0,10.0,1.5512131585333892e+110,raw_data/run_4288.csv,raw_data/run_4288.json
4289,single,2026-09-24 16:30,KAUST2023_N2_C0_CKMC_ESR_v10_0_oxygenless,9.340226361080672,390.5829607246265,25.0,10.0,10.0,70837811.34624586,raw_data/run_4289.csv,raw_data/run_4289.json
4290,single,2026-09-24 16:30,KAUST2023_N2_C0_CKMC_ESR_v10_0_oxygenless,20.21878736430927,16.01145157650946,25.0,10.0,10.0,9944039.095099743,raw_data/run_4290.csv,raw_data/run_4290.json
4291,single,2026-09-24 16:30,KAUST2023_N2_C0_CKMC_ESR_v10_0_oxygenless,16.239412866737965,14.561140035889874,25.0,10.0,10.0,841585.2151127041,raw_data/run_4291.csv,raw_data/run_4291.json
4292,single,2026-09-24 16:30,KAUST2023_N2_C0_CKMC_ESR_v10_0_oxygenless,3.6143669444747175,23.762233490323148,25.0,10.0,10.0,6.806424472077687e+105,raw_data/run_4292.csv,raw_data/run_4292.json
4293,single,2026-09-24 16:30,KAUST2023_N2_C0_CKMC_ESR_v10_0_oxygenless,14.868332569150706,159.98363213015082,25.0,10.0,10.0,87702716.81583661,raw_data/run_4293.csv,raw_data/run_4293.json
4294,single,2026-09-24 16:30,KAUST2023_N2_C0_CKMC_ESR_v10_0_oxygenless,10.97675774542943,275.30773730966115,25.0,10.0,10.0,14956421.645323357,raw_data/run_4294.csv,raw_data/run_4294.json
4295,single,2026-09-24 16:30,KAUST2023_N2_C0_CKMC_ESR_v10_0_oxygenless,8.446289081118676,96.15282038051951,25.0,10.0,10.0,2772675.049942666,raw_data/run_4295.csv,raw_data/run_4295.json
4296,single,2026-09-24 16:30,KAUST2023_N2_C0_CKMC_ESR_v10_0_oxygenless,11.490391827851337,230.40595802972354,25.0,10.0,10.0,23499928.804899678,raw_data/run_4296.csv,raw_data/run_4296.json
4297,single,2026-09-24 16:30,KAUST2023_N2_C0_CKMC_ESR_v10_0_oxygenless,19.907711085537194,17.584127949908527,25.0,10.0,10.0,5516453.903193912,raw_data/run_4297.csv,raw_data/run_4297.json
4298,single,2026-09-24 16:30,KAUST2023_N2_C0_CKMC_ESR_v10_0_oxygenless,10.815305840835336,27.52830446883076,25.0,10.0,10.0,2257386.7937118267,raw_data/run_4298.csv,raw_data/run_4298.json
4299,single,2026-09-24 16:30,KAUST2023_N2_C0_CKMC_ESR_v10_0_oxygenless,11.378736012068812,527.2691035884825,25.0,10.0,10.0,1.7976931348623157e+308,raw_data/run_4299.csv,raw_data/run_4299.json
4300,single,2026-09-24 16:30,KAUST2023_N2_C0_CKMC_ESR_v10_0_oxygenless,10.95763832384688,305.9888929876022,25.0,10.0,10.0,1.7976931348623157e+308,raw_data/run_4300.csv,raw_data/run_4300.json
4301,single,2026-09-24 16:30,KAUST2023_N2_C0_CKMC_ESR_v10_0_oxygenless,8.852942755008975,103.87980084250697,25.0,10.0,10.0,8702947.335351016,raw_data/run_4301.csv,raw_data/run_4301.json
4302,single,2026-09-24 16:30,KAUST2023_N2_C0_CKMC_ESR_v10_0_oxygenless,6.181252873666777,43.07481121113827,25.0,10.0,10.0,2.1299037559167618e+88,raw_data/run_4302.csv,raw_data/run_4302.json
4303,single,2026-09-24 16:30,KAUST2023_N2_C0_CKMC_ESR_v10_0_oxygenless,17.85520867053455,387.2784263290608,25.0,10.0,10.0,58829044.98688687,raw_data/run_4303.csv,raw_data/run_4303.json
4304,single,2026-09-24 16:30,KAUST2023_N2_C0_CKMC_ESR_v10_0_oxygenless,15.98298010820319,17.57808184020916,25.0,10.0,10.0,165569.6359503324,raw_data/run_4304.csv,raw_data/run_4304.json
4305,single,2026-09-24 16:30,KAUST2023_N2_C0_CKMC_ESR_v10_0_oxygenless,13.845261680384562,862.2521468417652,25.0,10.0,10.0,1.7976931348623157e+308,raw_data/run_4305.csv,raw_data/run_4305.json
4306,single,2026-09-24 16:30,KAUST2023_N2_C0_CKMC_ESR_v10_0_oxygenless,5.824682666175401,40.30819537309575,25.0,10.0,10.0,1.040252736962775e+92,raw_data/run_4306.csv,raw_data/run_4306.json
4307,single,2026-09-24 16:30,KAUST2023_N2_C0_CKMC_ESR_v10_0_oxygenless,9.645837046664026,9.85788675580426,25.0,10.0,10.0,1.6906328969180075e+52,raw_data/run_4307.csv,raw_data/run_4307.json
4308,single,2026-09-24 16:30,KAUST2023_N2_C0_CKMC_ESR_v10_0_oxygenless,12.58843361047474,14.841742158363791,25.0,10.0,10.0,10604.675702585111,raw_data/run_4308.csv,raw_data/run_4308.json
4309,single,2026-09-24 16:30,KAUST2023_N2_C0_CKMC_ESR_v10_0_oxygenless,8.580015446395553,23.15704663787319,25.0,10.0,10.0,4.3006206318801606e+71,raw_data/run_4309.csv,raw_data/run_4309.json
4310,single,2026-09-24 16:30,KAUST2023_N2_C0_CKMC_ESR_v10_0_oxygenless,22.443843135404183,25.437914776742613,25.0,10.0,10.0,5036897.654071604,raw_data/run_4310.csv,raw_data/run_4310.json
4311,single,2026-09-24 16:30,KAUST2023_N2_C0_CKMC_ESR_v10_0_oxygenless,4.4073800981654925,53.95385243071992,25.0,10.0,10.0,6.070772990869712e+87,raw_data/run_4311.csv,raw_data/run_4311.json
4312,single,2026-09-24 16:30,KAUST2023_N2_C0_CKMC_ESR_v10_0_oxygenless,8.193225582632891,24.9658556572073,25.0,10.0,10.0,3.8390831838261253e+74,raw_data/run_4312.csv,raw_data/run_4312.json
4313,single,2026-09-24 16:30,KAUST2023_N2_C0_CKMC_ESR_v10_0_oxygenless,9.06146923192457,24.97198176795922,25.0,10.0,10.0,7.038430458254345e+23,raw_data/run_4313.csv,raw_data/run_4313.json
4314,single,2026-09-24 16:30,KAUST2023_N2_C0_CKMC_ESR_v10_0_oxygenless,6.049727220932703,14.947301254850197,25.0,10.0,10.0,7.448387779803337e+105,raw_data/run_4314.csv,raw_data/run_4314.json
4315,single,2026-09-24 16:30,KAUST2023_N2_C0_CKMC_ESR_v10_0_oxygenless,16.03337034577182,15.633019664768918,25.0,10.0,10.0,325447.64119694073,raw_data/run_4315.csv,raw_data/run_4315.json
4316,single,2026-09-24 16:30,KAUST2023_N2_C0_CKMC_ESR_v10_0_oxygenless,12.328100111096052,11.735179437603922,25.0,10.0,10.0,13011.653396420672,raw_data/run_4316.csv,raw_data/run_4316.json
4317,single,2026-09-24 16:30,KAUST2023_N2_C0_CKMC_ESR_v10_0_oxygenless,17.56770892826709,1.212609207223468,25.0,10.0,10.0,800608212.5893558,raw_data/run_4317.csv,raw_data/run_4317.json
4318,single,2026-09-24 16:30,KAUST2023_N2_C0_CKMC_ESR_v10_0_oxygenless,11.096267942195926,141.97289835902495,25.0,10.0,10.0,44023638.12848213,raw_data/run_4318.csv,raw_data/run_4318.json
4319,single,2026-09-24 16:30,KAUST2023_N2_C0_CKMC_ESR_v10_0_oxygenless,14.433433444105022,243.34828305287178,25.0,10.0,10.0,509271846.92051077,raw_data/run_4319.csv,raw_data/run_4319.json
4320,single,2026-09-24 16:30,KAUST2023_N2_C0_CKMC_ESR_v10_0_oxygenless,12.171853742701797,12.337475131976202,25.0,10.0,10.0,9177.741418528254,raw_data/run_4320.csv,raw_data/run_4320.json
4321,single,2026-09-24 16:30,KAUST2023_N2_C0_CKMC_ESR_v10_0_oxygenless,12.84373386491219,46.83231883285651,25.0,10.0,10.0,2680.4878399970494,raw_data/run_4321.csv,raw_data/run_4321.json
4322,single,2026-09-24 16:30,KAUST2023_N2_C0_CKMC_ESR_v10_0_oxygenless,17.398860871718192,157.44676141397798,25.0,10.0,10.0,168816.24998927064,raw_data/run_4322.csv,raw_data/run_4322.json
4323,single,2026-09-24 16:30,KAUST2023_N2_C0_CKMC_ESR_v10_0_oxygenless,15.544381956690215,13.102715935247133,25.0,10.0,10.0,640705.388756778,raw_data/run_4323.csv,raw_data/run_4323.json
4324,single,2026-09-24 16:30,KAUST2023_N2_C0_CKMC_ESR_v10_0_oxygenless,13.609353343200198,13.428168029528239,25.0,10.0,10.0,45395.67811113998,raw_data/run_4324.csv,raw_data/run_4324.json
4325,single,2026-09-24 16:30,KAUST2023_N2_C0_CKMC_ESR_v10_0_oxygenless,19.623026425493595,436.2704395680027,25.0,10.0,20.0,300138287.54915756,raw_data/run_4325.csv,raw_data/run_4325.json
4326,single,2026-09-24 16:30,KAUST2023_N2_C0_CKMC_ESR_v10_0_oxygenless,2.1526373338342513,28.808676952746044,25.0,10.0,20.0,7.488030132097501e+109,raw_data/run_4326.csv,raw_data/run_4326.json
4327,single,2026-09-24 16:30,KAUST2023_N2_C0_CKMC_ESR_v10_0_oxygenless,3.2818910311451166,41.2719565656195,25.0,10.0,20.0,1.1279912615336358e+109,raw_data/run_4327.csv,raw_data/run_4327.json
4328,single,2026-09-24 16:30,KAUST2023_N2_C0_CKMC_ESR_v10_0_oxygenless,28.70070025584991,2.6346245073417287,25.0,10.0,20.0,159927091.63823754,raw_data/run_4328.csv,raw_data/run_4328.json
4329,single,2026-09-24 16:30,KAUST2023_N2_C0_CKMC_ESR_v10_0_oxygenless,8.892394521105079,14.692932652248182,25.0,10.0,20.0,2.636044231003321e+103,raw_data/run_4329.csv,raw_data/run_4329.json
4330,single,2026-09-24 16:30,KAUST2023_N2_C0_CKMC_ESR_v10_0_oxygenless,22.15872871724037,6.6586791349537,25.0,10.0,20.0,10243.106361071794,raw_data/run_4330.csv,raw_data/run_4330.json
4331,single,2026-09-24 16:30,KAUST2023_N2_C0_CKMC_ESR_v10_0_oxygenless,27.624725233021746,14.778069361050507,25.0,10.0,20.0,192010.11234086304,raw_data/run_4331.csv,raw_data/run_4331.json
4332,single,2026-09-24 16:30,KAUST2023_N2_C0_CKMC_ESR_v10_0_oxygenless,10.18574381038845,21.30303084740621,25.0,10.0,20.0,6.451260295012316e+99,raw_data/run_4332.csv,raw_data/run_4332.json
4333,single,2026-09-24 16:30,KAUST2023_N2_C0_CKMC_ESR_v10_0_oxygenless,26.468409669343508,1.2371923457538996,25.0,10.0,20.0,2664149406.2373867,raw_data/run_4333.csv,raw_data/run_4333.json
4334,single,2026-09-24 16:30,KAUST2023_N2_C0_CKMC_ESR_v10_0_oxygenless,16.332639236247072,925.5120694542836,25.0,10.0,20.0,198578369.06637782,raw_data/run_4334.csv,raw_data/run_4334.json
4335,single,2026-09-24 16:30,KAUST2023_N2_C0_CKMC_ESR_v10_0_oxygenless,23.30708929534027,644.514540331588,25.0,10.0,20.0,91933415.79703724,raw_data/run_4335.csv,raw_data/run_4335.json
4336,single,2026-09-24 16:30,KAUST2023_N2_C0_CKMC_ESR_v10_0_oxygenless,15.607964505040329,165.27296031824224,25.0,10.0,20.0,2497474.0128476187,raw_data/run_4336.csv,raw_data/run_4336.json
4337,single,2026-09-24 16:30,KAUST2023_N2_C0_CKMC_ESR_v10_0_oxygenless,31.939130305579052,103.5557636225805,25.0,10.0,20.0,3533.219431526872,raw_data/run_4337.csv,raw_data/run_4337.json
4338,single,2026-09-24 16:30,KAUST2023_N2_C0_CKMC_ESR_v10_0_oxygenless,17.847569462231952,5.237097645437587,25.0,10.0,20.0,2.0521189259312854e+109,raw_data/run_4338.csv,raw_data/run_4338.json
4339,single,2026-09-24 16:30,KAUST2023_N2_C0_CKMC_ESR_v10_0_oxygenless,31.24056771067951,241.15108891684997,25.0,10.0,20.0,167972880.48869547,raw_data/run_4339.csv,raw_data/run_4339.json
4340,single,2026-09-24 16:30,KAUST2023_N2_C0_CKMC_ESR_v10_0_oxygenless,28.404986312122418,397.0048003237771,25.0,10.0,20.0,278198750.2905513,raw_data/run_4340.csv,raw_data/run_4340.json
4341,single,2026-09-24 16:30,KAUST2023_N2_C0_CKMC_ESR_v10_0_oxygenless,6.851952950494626,2.9769042392407457,25.0,10.0,20.0,1.553337035842861e+109,raw_data/run_4341.csv,raw_data/run_4341.json
4342,single,2026-09-24 16:30,KAUST2023_N2_C0_CKMC_ESR_v10_0_oxygenless,17.471153153552788,844.0379370443945,25.0,10.0,20.0,1.7976931348623157e+308,raw_data/run_4342.csv,raw_data/run_4342.json
4343,single,2026-09-24 16:30,KAUST2023_N2_C0_CKMC_ESR_v10_0_oxygenless,3.6049105710415006,236.322702801193,25.0,10.0,20.0,9.519331752960382e+97,raw_data/run_4343.csv,raw_data/run_4343.json
4344,single,2026-09-24 16:30,KAUST2023_N2_C0_CKMC_ESR_v10_0_oxygenless,32.389820978795626,14.159906826909223,25.0,10.0,20.0,13931823.794345435,raw_data/run_4344.csv,raw_data/run_4344.json
4345,single,2026-09-24 16:30,KAUST2023_N2_C0_CKMC_ESR_v10_0_oxygenless,27.45521030823025,374.99040209348186,25.0,10.0,20.0,166326175.02476308,raw_data/run_4345.csv,raw_data/run_4345.json
4346,single,2026-09-24 16:30,KAUST2023_N2_C0_CKMC_ESR_v10_0_oxygenless,24.42525375990442,2.1485952531771177,25.0,10.0,20.0,131572887.65146458,raw_data/run_4346.csv,raw_data/run_4346.json
4347,single,2026-09-24 16:30,KAUST2023_N2_C0_CKMC_ESR_v10_0_oxygenless,14.604590626657405,111.19889825126324,25.0,10.0,20.0,1672368.337084195,raw_data/run_4347.csv,raw_data/run_4347.json
4348,single,2026-09-24 16:30,KAUST2023_N2_C0_CKMC_ESR_v10_0_oxygenless,17.390963777708013,30.117826307488553,25.0,10.0,20.0,1.2948336273980385e+74,raw_data/run_4348.csv,raw_data/run_4348.json
4349,single,2026-09-24 16:30,KAUST2023_N2_C0_CKMC_ESR_v10_0_oxygenless,15.695430862078284,195.7919905417088,25.0,10.0,20.0,3526782.3930314737,raw_data/run_4349.csv,raw_data/run_4349.json
4350,single,2026-09-24 16:30,KAUST2023_N2_C0_CKMC_ESR_v10_0_oxygenless,29.793886484271344,129.16391144592455,25.0,10.0,20.0,103516.3713705074,raw_data/run_4350.csv,raw_data/run_4350.json
4351,single,2026-09-24 16:30,KAUST2023_N2_C0_CKMC_ESR_v10_0_oxygenless,29.213906134337286,191.4697342140648,25.0,10.0,20.0,125617050.49913739,raw_data/run_4351.csv,raw_data/run_4351.json
4352,single,2026-09-24 16:30,KAUST2023_N2_C0_CKMC_ESR_v10_0_oxygenless,23.63494093291318,11.011482439968075,25.0,10.0,20.0,19498.657426334303,raw_data/run_4352.csv,raw_data/run_4352.json
4353,single,2026-09-24 16:30,KAUST2023_N2_C0_CKMC_ESR_v10_0_oxygenless,17.83447002171202,50.795607393332126,25.0,10.0,20.0,3781289.125816703,raw_data/run_4353.csv,raw_data/run_4353.json
4354,single,2026-09-24 16:30,KAUST2023_N2_C0_CKMC_ESR_v10_0_oxygenless,18.0611404811211,131.3632120240714,25.0,10.0,20.0,10821770.115422143,raw_data/run_4354.csv,raw_data/run_4354.json
4355,single,2026-09-24 16:30,KAUST2023_N2_C0_CKMC_ESR_v10_0_oxygenless,29.917141293173735,16.20507623470717,25.0,10.0,20.0,1002827.4902236315,raw_data/run_4355.csv,raw_data/run_4355.json
4356,single,2026-09-24 16:30,KAUST2023_N2_C0_CKMC_ESR_v10_0_oxygenless,21.154981879915105,6.7133389716518055,25.0,10.0,20.0,9361.6510651423,raw_data/run_4356.csv,raw_data/run_4356.json
4357,single,2026-09-24 16:30,KAUST2023_N2_C0_CKMC_ESR_v10_0_oxygenless,23.07593287101677,49.615194968709304,25.0,10.0,20.0,86808.68743299149,raw_data/run_4357.csv,raw_data/run_4357.json
4358,single,2026-09-24 16:30,KAUST2023_N2_C0_CKMC_ESR_v10_0_oxygenless,11.354720039137188,26.733343799253046,25.0,10.0,20.0,3.463296471995843e+93,raw_data/run_4358.csv,raw_data/run_4358.json
4359,single,2026-09-24 16:30,KAUST2023_N2_C0_CKMC_ESR_v10_0_oxygenless,32.07087716187327,146.52808751282092,25.0,10.0,20.0,83603.1659967409,raw_data/run_4359.csv,raw_data/run_4359.json
4360,single,2026-09-24 16:30,KAUST2023_N2_C0_CKMC_ESR_v10_0_oxygenless,10.912503126371096,71.39632436650416,25.0,10.0,20.0,5.63667273216232e+101,raw_data/run_4360.csv,raw_data/run_4360.json
4361,single,2026-09-24 16:30,KAUST2023_N2_C0_CKMC_ESR_v10_0_oxygenless,29.910256810496655,102.98660820402468,25.0,10.0,20.0,8139.447028758794,raw_data/run_4361.csv,raw_data/run_4361.json
4362,single,2026-09-24 16:30,KAUST2023_N2_C0_CKMC_ESR_v10_0_oxygenless,26.209292965527972,69.79671510303783,25.0,10.0,20.0,6167.959480671609,raw_data/run_4362.csv,raw_data/run_4362.json
4363,single,2026-09-24 16:30,KAUST2023_N2_C0_CKMC_ESR_v10_0_oxygenless,31.145651504573973,6.6586791349537,25.0,10.0,20.0,61952632.60369246,raw_data/run_4363.csv,raw_data/run_4363.json
4364,single,2026-09-24 16:30,KAUST2023_N2_C0_CKMC_ESR_v10_0_oxygenless,22.052943879004214,33.091739328076606,25.0,10.0,20.0,67206.75874108949,raw_data/run_4364.csv,raw_data/run_4364.json
4365,single,2026-09-24 16:30,KAUST2023_N2_C0_CKMC_ESR_v10_0_oxygenless,29.300121757315026,286.47977998683916,25.0,10.0,20.0,119303856.2194308,raw_data/run_4365.csv,raw_data/run_4365.json
4366,single,2026-09-24 16:30,KAUST2023_N2_C0_CKMC_ESR_v10_0_oxygenless,27.8462965718837,16.034148518705685,25.0,10.0,20.0,159202.42388843928,raw_data/run_4366.csv,raw_data/run_4366.json
4367,single,2026-09-24 16:30,KAUST2023_N2_C0_CKMC_ESR_v10_0_oxygenless,18.27346299558988,661.4155689864963,25.0,10.0,20.0,1.7976931348623157e+308,raw_data/run_4367.csv,raw_data/run_4367.json
4368,single,2026-09-24 16:30,KAUST2023_N2_C0_CKMC_ESR_v10_0_oxygenless,24.710108097435207,52.83841781236373,25.0,10.0,20.0,4705.194624992298,raw_data/run_4368.csv,raw_data/run_4368.json
4369,single,2026-09-24 16:30,KAUST2023_N2_C0_CKMC_ESR_v10_0_oxygenless,28.658380617428307,27.02151259596332,25.0,10.0,20.0,44895.8234502616,raw_data/run_4369.csv,raw_data/run_4369.json
4370,single,2026-09-24 16:30,KAUST2023_N2_C0_CKMC_ESR_v10_0_oxygenless,28.80751567267444,80.60000399571297,25.0,10.0,20.0,2892.2209164597602,raw_data/run_4370.csv,raw_data/run_4370.json
4371,single,2026-09-24 16:30,KAUST2023_N2_C0_CKMC_ESR_v10_0_oxygenless,25.90092062566634,1.0942957072816513,25.0,10.0,20.0,1289665405.2437637,raw_data/run_4371.csv,raw_data/run_4371.json
4372,single,2026-09-24 16:30,KAUST2023_N2_C0_CKMC_ESR_v10_0_oxygenless,32.35455110830222,19.901476261130952,25.0,10.0,20.0,1725680.865553114,raw_data/run_4372.csv,raw_data/run_4372.json
4373,single,2026-09-24 16:30,KAUST2023_N2_C0_CKMC_ESR_v10_0_oxygenless,30.044721083191916,152.92415878583742,25.0,10.0,20.0,2679264.537001324,raw_data/run_4373.csv,raw_data/run_4373.json
4374,single,2026-09-24 16:30,KAUST2023_N2_C0_CKMC_ESR_v10_0_oxygenless,18.858730950978273,643.4229007049928,25.0,10.0,20.0,1.7976931348623157e+308,raw_data/run_4374.csv,raw_data/run_4374.json
4375,single,2026-09-24 16:30,KAUST2023_N2_C0_CKMC_ESR_v10_0_oxygenless,31.101026694315987,142.34751318481128,25.0,10.0,20.0,130387.11558718441,raw_data/run_4375.csv,raw_data/run_4375.json
4376,single,2026-09-24 16:30,KAUST2023_N2_C0_CKMC_ESR_v10_0_oxygenless,16.07664074896416,11.6270825963218,25.0,10.0,20.0,1.8647437921342753e+103,raw_data/run_4376.csv,raw_data/run_4376.json
4377,single,2026-09-24 16:30,KAUST2023_N2_C0_CKMC_ESR_v10_0_oxygenless,27.78264951499749,42.339867218419265,25.0,10.0,20.0,7279.779873778057,raw_data/run_4377.csv,raw_data/run_4377.json
4378,single,2026-09-24 16:30,KAUST2023_N2_C0_CKMC_ESR_v10_0_oxygenless,30.867930464010072,30.699802318003442,25.0,10.0,20.0,76119.08602980884,raw_data/run_4378.csv,raw_data/run_4378.json
4379,single,2026-09-24 16:30,KAUST2023_N2_C0_CKMC_ESR_v10_0_oxygenless,30.20568128254105,314.8875462993477,25.0,10.0,20.0,569540355.5239251,raw_data/run_4379.csv,raw_data/run_4379.json
4380,single,2026-09-24 16:30,KAUST2023_N2_C0_CKMC_ESR_v10_0_oxygenless,28.054213715110606,77.41459438082273,25.0,10.0,20.0,3427.2091457779393,raw_data/run_4380.csv,raw_data/run_4380.json
4381,single,2026-09-24 16:30,KAUST2023_N2_C0_CKMC_ESR_v10_0_oxygenless,29.13184189183542,30.757637096414772,25.0,10.0,20.0,37428.65908124673,raw_data/run_4381.csv,raw_data/run_4381.json
4382,single,2026-09-24 16:30,KAUST2023_N2_C0_CKMC_ESR_v10_0_oxygenless,22.0476872781383,1.8514872138141574,25.0,10.0,20.0,6734350.955215282,raw_data/run_4382.csv,raw_data/run_4382.json
4383,single,2026-09-24 16:30,KAUST2023_N2_C0_CKMC_ESR_v10_0_oxygenless,25.927335155291125,791.8912956469094,25.0,10.0,20.0,479503493.38416994,raw_data/run_4383.csv,raw_data/run_4383.json
4384,single,2026-09-24 16:30,KAUST2023_N2_C0_CKMC_ESR_v10_0_oxygenless,23.839683408969602,7.138777691734553,25.0,10.0,20.0,83458.08809883389,raw_data/run_4384.csv,raw_data/run_4384.json
4385,single,2026-09-24 16:30,KAUST2023_N2_C0_CKMC_ESR_v10_0_oxygenless,23.63494093291318,121.34749752016157,25.0,10.0,20.0,98921792.02591617,raw_data/run_4385.csv,raw_data/run_4385.json
4386,single,2026-09-24 16:30,KAUST2023_N2_C0_CKMC_ESR_v10_0_oxygenless,12.450032754710296,217.45690328612977,25.0,10.0,20.0,1782923.686886129,raw_data/run_4386.csv,raw_data/run_4386.json
4387,single,2026-09-24 16:30,KAUST2023_N2_C0_CKMC_ESR_v10_0_oxygenless,28.63362011492867,46.25678806422942,25.0,10.0,20.0,7917.482633893882,raw_data/run_4387.csv,raw_data/run_4387.json
4388,single,2026-09-24 16:30,KAUST2023_N2_C0_CKMC_ESR_v10_0_oxygenless,27.49243370502689,39.180522205726305,25.0,10.0,20.0,8174.384090574579,raw_data/run_4388.csv,raw_data/run_4388.json
4389,single,2026-09-24 16:30,KAUST2023_N2_C0_CKMC_ESR_v10_0_oxygenless,31.836419705181328,148.4226604246835,25.0,10.0,20.0,130092.80214587817,raw_data/run_4389.csv,raw_data/run_4389.json
4390,single,2026-09-24 16:30,KAUST2023_N2_C0_CKMC_ESR_v10_0_oxygenless,25.570348060101523,23.949091214171844,25.0,10.0,20.0,11704.874049455231,raw_data/run_4390.csv,raw_data/run_4390.json
4391,single,2026-09-24 16:30,KAUST2023_N2_C0_CKMC_ESR_v10_0_oxygenless,27.63106457451501,23.69728333320731,25.0,10.0,20.0,40045.59863534554,raw_data/run_4391.csv,raw_data/run_4391.json
4392,single,2026-09-24 16:30,KAUST2023_N2_C0_CKMC_ESR_v10_0_oxygenless,32.07087716187327,94.25458095007946,25.0,10.0,20.0,2314.9002657061965,raw_data/run_4392.csv,raw_data/run_4392.json
4393,single,2026-09-24 16:30,KAUST2023_N2_C0_CKMC_ESR_v10_0_oxygenless,10.304397852590908,32.65249898362682,25.0,10.0,20.0,3.966146546172012e+98,raw_data/run_4393.csv,raw_data/run_4393.json
4394,single,2026-09-24 16:30,KAUST2023_N2_C0_CKMC_ESR_v10_0_oxygenless,23.30708929534027,57.33977135056598,25.0,10.0,20.0,378085.5517704649,raw_data/run_4394.csv,raw_data/run_4394.json
4395,single,2026-09-24 16:30,KAUST2023_N2_C0_CKMC_ESR_v10_0_oxygenless,7.3300936144110675,636.7369670627706,25.0,10.0,20.0,1.7976931348623157e+308,raw_data/run_4395.csv,raw_data/run_4395.json
4396,single,2026-09-24 16:30,KAUST2023_N2_C0_CKMC_ESR_v10_0_oxygenless,20.671786664406472,150.3584310922342,25.0,10.0,20.0,21802830.957581293,raw_data/run_4396.csv,raw_data/run_4396.json
4397,single,2026-09-24 16:30,KAUST2023_N2_C0_CKMC_ESR_v10_0_oxygenless,21.46475265291065,270.98566791118753,25.0,10.0,20.0,123056728.30374138,raw_data/run_4397.csv,raw_data/run_4397.json
4398,single,2026-09-24 16:30,KAUST2023_N2_C0_CKMC_ESR_v10_0_oxygenless,1.3045520872940646,233.6101866438248,25.0,10.0,20.0,1.0543575678895202e+113,raw_data/run_4398.csv,raw_data/run_4398.json
4399,single,2026-09-24 16:30,KAUST2023_N2_C0_CKMC_ESR_v10_0_oxygenless,4.601332527727072,2.5208011497205254,25.0,10.0,20.0,5.457731693555527e+109,raw_data/run_4399.csv,raw_data/run_4399.json
4400,single,2026-09-24 16:30,KAUST2023_N2_C0_CKMC_ESR_v10_0_oxygenless,13.532229241296381,22.221232997273482,25.0,10.0,20.0,1.2987923902694157e+88,raw_data/run_4400.csv,raw_data/run_4400.json
4401,single,2026-09-24 16:30,KAUST2023_N2_C0_CKMC_ESR_v10_0_oxygenless,31.889526179778763,3.7311220596732277,25.0,10.0,20.0,177172818.66692498,raw_data/run_4401.csv,raw_data/run_4401.json
4402,single,2026-09-24 16:30,KAUST2023_N2_C0_CKMC_ESR_v10_0_oxygenless,6.437179113809064,18.766826890852133,25.0,10.0,20.0,1.1801474098886371e+106,raw_data/run_4402.csv,raw_data/run_4402.json
4403,single,2026-09-24 16:30,KAUST2023_N2_C0_CKMC_ESR_v10_0_oxygenless,26.507771975839574,14.159906826909223,25.0,10.0,20.0,100513.53510709072,raw_data/run_4403.csv,raw_data/run_4403.json
4404,single,2026-09-24 16:30,KAUST2023_N2_C0_CKMC_ESR_v10_0_oxygenless,30.846109820802578,4.923803213613749,25.0,10.0,20.0,106246480.11175573,raw_data/run_4404.csv,raw_data/run_4404.json
4405,single,2026-09-24 16:30,KAUST2023_N2_C0_CKMC_ESR_v10_0_oxygenless,9.213724412886549,82.18229229201425,25.0,10.0,20.0,3.8042205564999937e+105,raw_data/run_4405.csv,raw_data/run_4405.json
4406,single,2026-09-24 16:30,KAUST2023_N2_C0_CKMC_ESR_v10_0_oxygenless,24.240039657545775,623.3124722085897,25.0,10.0,20.0,1.7976931348623157e+308,raw_data/run_4406.csv,raw_data/run_4406.json
4407,single,2026-09-24 16:30,KAUST2023_N2_C0_CKMC_ESR_v10_0_oxygenless,30.387404538595735,2.148956357698829,25.0,10.0,20.0,1061646490.5183146,raw_data/run_4407.csv,raw_data/run_4407.json
4408,single,2026-09-24 16:30,KAUST2023_N2_C0_CKMC_ESR_v10_0_oxygenless,27.50094225578168,7.989993266346092,25.0,10.0,20.0,4347968.666236923,raw_data/run_4408.csv,raw_data/run_4408.json
4409,single,2026-09-24 16:30,KAUST2023_N2_C0_CKMC_ESR_v10_0_oxygenless,30.867930464010072,112.44884008044471,25.0,10.0,20.0,9770.684865632971,raw_data/run_4409.csv,raw_data/run_4409.json
4410,single,2026-09-24 16:30,KAUST2023_N2_C0_CKMC_ESR_v10_0_oxygenless,27.745706667798682,1.3503944399617762,25.0,10.0,20.0,5403464803.530973,raw_data/run_4410.csv,raw_data/run_4410.json
4411,single,2026-09-24 16:30,KAUST2023_N2_C0_CKMC_ESR_v10_0_oxygenless,21.46475265291065,310.83819319643743,25.0,10.0,20.0,99175750.03966326,raw_data/run_4411.csv,raw_data/run_4411.json
4412,single,2026-09-24 16:30,KAUST2023_N2_C0_CKMC_ESR_v10_0_oxygenless,27.50094225578168,2.389592680530079,25.0,10.0,20.0,221289666.95781004,raw_data/run_4412.csv,raw_data/run_4412.json
4413,single,2026-09-24 16:30,KAUST2023_N2_C0_CKMC_ESR_v10_0_oxygenless,13.862043185991508,13.137285763072326,25.0,10.0,20.0,1.4798304411980065e+103,raw_data/run_4413.csv,raw_data/run_4413.json
4414,single,2026-09-24 16:30,KAUST2023_N2_C0_CKMC_ESR_v10_0_oxygenless,5.150644521215959,24.164166218714463,25.0,10.0,20.0,3.684904852333785e+105,raw_data/run_4414.csv,raw_data/run_4414.json
4415,single,2026-09-24 16:30,KAUST2023_N2_C0_CKMC_ESR_v10_0_oxygenless,16.64124011549595,42.22304987094936,25.0,10.0,20.0,1.6899695104668726e+80,raw_data/run_4415.csv,raw_data/run_4415.json
4416,single,2026-09-24 16:30,KAUST2023_N2_C0_CKMC_ESR_v10_0_oxygenless,17.240406902697572,66.02083818515611,25.0,10.0,20.0,3961419.3244732446,raw_data/run_4416.csv,raw_data/run_4416.json
4417,single,2026-09-24 16:30,KAUST2023_N2_C0_CKMC_ESR_v10_0_oxygenless,20.90369602783006,13.651096522455434,25.0,10.0,20.0,345554.5058568729,raw_data/run_4417.csv,raw_data/run_4417.json
4418,single,2026-09-24 16:30,KAUST2023_N2_C0_CKMC_ESR_v10_0_oxygenless,31.230653871838943,436.2704395680027,25.0,10.0,20.0,263898855.9604455,raw_data/run_4418.csv,raw_data/run_4418.json
4419,single,2026-09-24 16:30,KAUST2023_N2_C0_CKMC_ESR_v10_0_oxygenless,13.862043185991508,7.645342774464242,25.0,10.0,20.0,2.1402058735917318e+102,raw_data/run_4419.csv,raw_data/run_4419.json
4420,single,2026-09-24 16:30,KAUST2023_N2_C0_CKMC_ESR_v10_0_oxygenless,15.204432407869994,32.736587963215705,25.0,10.0,20.0,2.1145932054856205e+90,raw_data/run_4420.csv,raw_data/run_4420.json
4421,single,2026-09-24 16:30,KAUST2023_N2_C0_CKMC_ESR_v10_0_oxygenless,20.011832419444346,788.283441977293,25.0,10.0,20.0,32244344.12358721,raw_data/run_4421.csv,raw_data/run_4421.json
4422,single,2026-09-24 16:30,KAUST2023_N2_C0_CKMC_ESR_v10_0_oxygenless,20.393546807815515,877.3727510400946,25.0,10.0,20.0,1.7976931348623157e+308,raw_data/run_4422.csv,raw_data/run_4422.json
4423,single,2026-09-24 16:30,KAUST2023_N2_C0_CKMC_ESR_v10_0_oxygenless,10.912503126371096,30.81428089242564,25.0,10.0,20.0,1.8797071321874193e+94,raw_data/run_4423.csv,raw_data/run_4423.json
4424,single,2026-09-24 16:30,KAUST2023_N2_C0_CKMC_ESR_v10_0_oxygenless,25.794842062613586,99.65265814558414,25.0,10.0,20.0,1296897.8009071888,raw_data/run_4424.csv,raw_data/run_4424.json
4425,single,2026-09-24 16:30,KAUST2023_N2_C0_CKMC_ESR_v10_0_oxygenless,20.014555995614195,5.804375854129204,25.0,10.0,20.0,7.12433647765998e+22,raw_data/run_4425.csv,raw_data/run_4425.json
4426,single,2026-09-24 16:30,KAUST2023_N2_C0_CKMC_ESR_v10_0_oxygenless,18.488194567462834,330.30183351949165,25.0,10.0,20.0,198841374.91029465,raw_data/run_4426.csv,raw_data/run_4426.json
4427,single,2026-09-24 16:30,KAUST2023_N2_C0_CKMC_ESR_v10_0_oxygenless,5.28569282396509,21.506586531271182,25.0,10.0,20.0,3.91773984797661e+104,raw_data/run_4427.csv,raw_data/run_4427.json
4428,single,2026-09-24 16:30,KAUST2023_N2_C0_CKMC_ESR_v10_0_oxygenless,8.564317641998471,636.7369670627706,25.0,10.0,20.0,1.7976931348623157e+308,raw_data/run_4428.csv,raw_data/run_4428.json
4429,single,2026-09-24 16:30,KAUST2023_N2_C0_CKMC_ESR_v10_0_oxygenless,9.161873710365214,587.0531179085821,25.0,10.0,20.0,1.7976931348623157e+308,raw_data/run_4429.csv,raw_data/run_4429.json
4430,single,2026-09-24 16:30,KAUST2023_N2_C0_CKMC_ESR_v10_0_oxygenless,11.58779422338764,1.3073401696674671,25.0,10.0,20.0,6.824623281302666e+107,raw_data/run_4430.csv,raw_data/run_4430.json
4431,single,2026-09-24 16:30,KAUST2023_N2_C0_CKMC_ESR_v10_0_oxygenless,19.012133236427882,97.97163811837831,25.0,10.0,20.0,37260612.05030067,raw_data/run_4431.csv,raw_data/run_4431.json
4432,single,2026-09-24 16:30,KAUST2023_N2_C0_CKMC_ESR_v10_0_oxygenless,24.423653828784133,664.7941131875584,25.0,10.0,20.0,110259666.7557529,raw_data/run_4432.csv,raw_data/run_4432.json
4433,single,2026-09-24 16:30,KAUST2023_N2_C0_CKMC_ESR_v10_0_oxygenless,29.88413678819721,1.3909831721278048,25.0,10.0,20.0,11351674308.368595,raw_data/run_4433.csv,raw_data/run_4433.json
4434,single,2026-09-24 16:31,KAUST2023_N2_C0_CKMC_ESR_v10_0_oxygenless,31.701238752581776,304.0330149225461,25.0,10.0,20.0,291703429.06713855,raw_data/run_4434.csv,raw_data/run_4434.json
4435,single,2026-09-24 16:31,KAUST2023_N2_C0_CKMC_ESR_v10_0_oxygenless,6.437179113809064,99.55132704721878,25.0,10.0,20.0,3.917960168594651e+107,raw_data/run_4435.csv,raw_data/run_4435.json
4436,single,2026-09-24 16:31,KAUST2023_N2_C0_CKMC_ESR_v10_0_oxygenless,26.507771975839574,8.185960352139967,25.0,10.0,20.0,3394485.435272113,raw_data/run_4436.csv,raw_data/run_4436.json
4437,single,2026-09-24 16:31,KAUST2023_N2_C0_CKMC_ESR_v10_0_oxygenless,29.793886484271344,75.79284188129118,25.0,10.0,20.0,2272.5103733431356,raw_data/run_4437.csv,raw_data/run_4437.json
4438,single,2026-09-24 16:31,KAUST2023_N2_C0_CKMC_ESR_v10_0_oxygenless,22.497799411644458,82.18229229201425,25.0,10.0,20.0,37460557.119452216,raw_data/run_4438.csv,raw_data/run_4438.json
4439,single,2026-09-24 16:31,KAUST2023_N2_C0_CKMC_ESR_v10_0_oxygenless,22.409925959850703,6.36532440341493,25.0,10.0,20.0,16449.905063676983,raw_data/run_4439.csv,raw_data/run_4439.json
4440,single,2026-09-24 16:31,KAUST2023_N2_C0_CKMC_ESR_v10_0_oxygenless,27.127075623179554,4.3400252480631485,25.0,10.0,20.0,19198174.289329287,raw_data/run_4440.csv,raw_data/run_4440.json
4441,single,2026-09-24 16:31,KAUST2023_N2_C0_CKMC_ESR_v10_0_oxygenless,16.64124011549595,340.60891118629814,25.0,10.0,20.0,1.7976931348623157e+308,raw_data/run_4441.csv,raw_data/run_4441.json
4442,single,2026-09-24 16:31,KAUST2023_N2_C0_CKMC_ESR_v10_0_oxygenless,24.63152907914222,52.48114931262278,25.0,10.0,20.0,4879.659612122277,raw_data/run_4442.csv,raw_data/run_4442.json
4443,single,2026-09-24 16:31,KAUST2023_N2_C0_CKMC_ESR_v10_0_oxygenless,21.042024332338535,236.7900275088225,25.0,10.0,20.0,83707146.9247925,raw_data/run_4443.csv,raw_data/run_4443.json
4444,single,2026-09-24 16:31,KAUST2023_N2_C0_CKMC_ESR_v10_0_oxygenless,29.321105204285107,31.65118930661458,25.0,10.0,20.0,37133.666113903855,raw_data/run_4444.csv,raw_data/run_4444.json
4445,single,2026-09-24 16:31,KAUST2023_N2_C0_CKMC_ESR_v10_0_oxygenless,30.58395197112846,50.795607393332126,25.0,10.0,20.0,12345.891786308266,raw_data/run_4445.csv,raw_data/run_4445.json
4446,single,2026-09-24 16:31,KAUST2023_N2_C0_CKMC_ESR_v10_0_oxygenless,13.465103565053154,164.522319634937,25.0,10.0,20.0,1923998.3927455181,raw_data/run_4446.csv,raw_data/run_4446.json
4447,single,2026-09-24 16:31,KAUST2023_N2_C0_CKMC_ESR_v10_0_oxygenless,32.22208903562817,16.20507623470717,25.0,10.0,20.0,9011308.592889534,raw_data/run_4447.csv,raw_data/run_4447.json
4448,single,2026-09-24 16:31,KAUST2023_N2_C0_CKMC_ESR_v10_0_oxygenless,16.64124011549595,33.157295509000875,25.0,10.0,20.0,1.447911087207643e+83,raw_data/run_4448.csv,raw_data/run_4448.json
4449,single,2026-09-24 16:31,KAUST2023_N2_C0_CKMC_ESR_v10_0_oxygenless,30.31826048916248,226.27405493395804,25.0,10.0,20.0,161814114.01451072,raw_data/run_4449.csv,raw_data/run_4449.json
4450,single,2026-09-24 16:31,KAUST2023_N2_C0_CKMC_ESR_v10_0_oxygenless,26.521446710203,32.341977559663306,25.0,10.0,20.0,8914.381510144727,raw_data/run_4450.csv,raw_data/run_4450.json
4451,single,2026-09-24 16:31,KAUST2023_N2_C0_CKMC_ESR_v10_0_oxygenless,17.452803685887304,7.202295439925212,25.0,10.0,20.0,3.72767953553979e+107,raw_data/run_4451.csv,raw_data/run_4451.json
4452,single,2026-09-24 16:31,KAUST2023_N2_C0_CKMC_ESR_v10_0_oxygenless,17.240406902697572,11.598441235183834,25.0,10.0,20.0,2.3346482145229813e+101,raw_data/run_4452.csv,raw_data/run_4452.json
4453,single,2026-09-24 16:31,KAUST2023_N2_C0_CKMC_ESR_v10_0_oxygenless,28.70070025584991,570.7548070526277,25.0,10.0,20.0,628857415.7123283,raw_data/run_4453.csv,raw_data/run_4453.json
4454,single,2026-09-24 16:31,KAUST2023_N2_C0_CKMC_ESR_v10_0_oxygenless,29.131483205421645,59.13851470074762,25.0,10.0,20.0,4086.083316582015,raw_data/run_4454.csv,raw_data/run_4454.json
4455,single,2026-09-24 16:31,KAUST2023_N2_C0_CKMC_ESR_v10_0_oxygenless,5.507786017306704,5.121249994163214,25.0,10.0,20.0,1.6821350790816247e+109,raw_data/run_4455.csv,raw_data/run_4455.json
4456,single,2026-09-24 16:31,KAUST2023_N2_C0_CKMC_ESR_v10_0_oxygenless,10.133086468549617,14.778069361050507,25.0,10.0,20.0,9.583576860267183e+102,raw_data/run_4456.csv,raw_data/run_4456.json
4457,single,2026-09-24 16:31,KAUST2023_N2_C0_CKMC_ESR_v10_0_oxygenless,32.26329266816225,21.30303084740621,25.0,10.0,20.0,752156.7767352033,raw_data/run_4457.csv,raw_data/run_4457.json
4458,single,2026-09-24 16:31,KAUST2023_N2_C0_CKMC_ESR_v10_0_oxygenless,4.49553928270549,32.341977559663306,25.0,10.0,20.0,1.4081244429967842e+107,raw_data/run_4458.csv,raw_data/run_4458.json
4459,single,2026-09-24 16:31,KAUST2023_N2_C0_CKMC_ESR_v10_0_oxygenless,12.802734560333924,104.43232142600431,25.0,10.0,20.0,9.244616744271904e+80,raw_data/run_4459.csv,raw_data/run_4459.json
4460,single,2026-09-24 16:31,KAUST2023_N2_C0_CKMC_ESR_v10_0_oxygenless,3.0483739559468823,16.791736543615908,25.0,10.0,20.0,2.576722042106444e+109,raw_data/run_4460.csv,raw_data/run_4460.json
4461,single,2026-09-24 16:31,KAUST2023_N2_C0_CKMC_ESR_v10_0_oxygenless,15.607964505040329,636.7369670627706,25.0,10.0,20.0,1.7976931348623157e+308,raw_data/run_4461.csv,raw_data/run_4461.json
4462,single,2026-09-24 16:31,KAUST2023_N2_C0_CKMC_ESR_v10_0_oxygenless,20.671786664406472,32.15178696819749,25.0,10.0,20.0,174834395.49961817,raw_data/run_4462.csv,raw_data/run_4462.json
4463,single,2026-09-24 16:31,KAUST2023_N2_C0_CKMC_ESR_v10_0_oxygenless,5.9377610840978505,814.9384930494668,25.0,10.0,20.0,1.740781009757452e+64,raw_data/run_4463.csv,raw_data/run_4463.json
4464,single,2026-09-24 16:31,KAUST2023_N2_C0_CKMC_ESR_v10_0_oxygenless,31.24056771067951,17.789912108294505,25.0,10.0,20.0,1807746.8599937437,raw_data/run_4464.csv,raw_data/run_4464.json
4465,single,2026-09-24 16:31,KAUST2023_N2_C0_CKMC_ESR_v10_0_oxygenless,22.011398168709626,10.277650571302754,25.0,10.0,20.0,4092.58115300925,raw_data/run_4465.csv,raw_data/run_4465.json
4466,single,2026-09-24 16:31,KAUST2023_N2_C0_CKMC_ESR_v10_0_oxygenless,31.192713566732657,339.75666160649024,25.0,10.0,20.0,1436097225.5400853,raw_data/run_4466.csv,raw_data/run_4466.json
4467,single,2026-09-24 16:31,KAUST2023_N2_C0_CKMC_ESR_v10_0_oxygenless,31.101026694315987,57.737879698575895,25.0,10.0,20.0,9174.198796641294,raw_data/run_4467.csv,raw_data/run_4467.json
4468,single,2026-09-24 16:31,KAUST2023_N2_C0_CKMC_ESR_v10_0_oxygenless,32.31545787887646,11.6270825963218,25.0,10.0,20.0,18941522.451723408,raw_data/run_4468.csv,raw_data/run_4468.json
4469,single,2026-09-24 16:31,KAUST2023_N2_C0_CKMC_ESR_v10_0_oxygenless,2.239284672317309,20.119725186933323,25.0,10.0,20.0,3.665900339604075e+110,raw_data/run_4469.csv,raw_data/run_4469.json
4470,single,2026-09-24 16:31,KAUST2023_N2_C0_CKMC_ESR_v10_0_oxygenless,21.938504927294773,285.518555898228,25.0,10.0,20.0,37222818.19162176,raw_data/run_4470.csv,raw_data/run_4470.json
4471,single,2026-09-24 16:31,KAUST2023_N2_C0_CKMC_ESR_v10_0_oxygenless,28.71270562714339,82.18229229201425,25.0,10.0,20.0,3413.3611737542383,raw_data/run_4471.csv,raw_data/run_4471.json
4472,single,2026-09-24 16:31,KAUST2023_N2_C0_CKMC_ESR_v10_0_oxygenless,9.293011219938906,36.152747166001085,25.0,10.0,20.0,7.087174895031399e+99,raw_data/run_4472.csv,raw_data/run_4472.json
4473,single,2026-09-24 16:31,KAUST2023_N2_C0_CKMC_ESR_v10_0_oxygenless,29.13184189183542,51.54065228371427,25.0,10.0,20.0,6670.750011654012,raw_data/run_4473.csv,raw_data/run_4473.json
4474,single,2026-09-24 16:31,KAUST2023_N2_C0_CKMC_ESR_v10_0_oxygenless,29.23683045576896,112.44884008044471,25.0,10.0,20.0,25830.688020732487,raw_data/run_4474.csv,raw_data/run_4474.json
4475,single,2026-09-24 16:31,KAUST2023_N2_C0_CKMC_ESR_v10_0_oxygenless,7.268305423339859,31.94166233360748,25.0,10.0,20.0,3.174216228110713e+102,raw_data/run_4475.csv,raw_data/run_4475.json
4476,single,2026-09-24 16:31,KAUST2023_N2_C0_CKMC_ESR_v10_0_oxygenless,21.042024332338535,7.138777691734553,25.0,10.0,20.0,14654.946923529893,raw_data/run_4476.csv,raw_data/run_4476.json
4477,single,2026-09-24 16:31,KAUST2023_N2_C0_CKMC_ESR_v10_0_oxygenless,29.321105204285107,1.409905371566374,25.0,10.0,20.0,9106341190.199095,raw_data/run_4477.csv,raw_data/run_4477.json
4478,single,2026-09-24 16:31,KAUST2023_N2_C0_CKMC_ESR_v10_0_oxygenless,19.628675712140016,43.9733606655285,25.0,10.0,20.0,11552623.15866965,raw_data/run_4478.csv,raw_data/run_4478.json
4479,single,2026-09-24 16:31,KAUST2023_N2_C0_CKMC_ESR_v10_0_oxygenless,32.310041839880455,16.52348225934636,25.0,10.0,20.0,8873641.659839798,raw_data/run_4479.csv,raw_data/run_4479.json
4480,single,2026-09-24 16:31,KAUST2023_N2_C0_CKMC_ESR_v10_0_oxygenless,27.182325867542637,16.20507623470717,25.0,10.0,20.0,100120.35164122978,raw_data/run_4480.csv,raw_data/run_4480.json
4481,single,2026-09-24 16:31,KAUST2023_N2_C0_CKMC_ESR_v10_0_oxygenless,17.95752166489717,33.157295509000875,25.0,10.0,20.0,1.9685281265732155e+34,raw_data/run_4481.csv,raw_data/run_4481.json
4482,single,2026-09-24 16:31,KAUST2023_N2_C0_CKMC_ESR_v10_0_oxygenless,20.617325878674816,1.8167911621951884,25.0,10.0,20.0,3155905.4868846787,raw_data/run_4482.csv,raw_data/run_4482.json
4483,single,2026-09-24 16:31,KAUST2023_N2_C0_CKMC_ESR_v10_0_oxygenless,30.821743049192804,3.7530694426076434,25.0,10.0,20.0,121187830.07370862,raw_data/run_4483.csv,raw_data/run_4483.json
4484,single,2026-09-24 16:31,KAUST2023_N2_C0_CKMC_ESR_v10_0_oxygenless,27.45521030823025,1.675133917757298,25.0,10.0,20.0,2274054678.48802,raw_data/run_4484.csv,raw_data/run_4484.json
4485,optimum,2026-09-24 16:31,KAUST2023_N2_C0_CKMC_ESR_v10_0_oxygenless,10.311698969398952,108.59259627960608,25.0,0.6500000000000001,5.0,1859.5699939515546,raw_data/run_4485.csv,raw_data/run_4485.json
4486,optimum,2026-09-24 16:31,KAUST2023_N2_C0_CKMC_ESR_v10_0_oxygenless,14.781700130109854,70.99703716576435,25.0,0.6500000000000001,10.0,2060.823973072864,raw_data/run_4486.csv,raw_data/run_4486.json
4487,optimum,2026-09-24 16:31,KAUST2023_N2_C0_CKMC_ESR_v10_0_oxygenless,24.927779614529236,44.59106457379813,25.0,0.6500000000000001,20.0,2284.289862562209,raw_data/run_4487.csv,raw_data/run_4487.json
4488,optimum,2026-09-24 16:31,KAUST2023_N2_C0_CKMC_ESR_v10_0_oxygenless,55.709436708159565,25.56653996682429,25.0,0.6500000000000001,50.0,2599.3785072565197,raw_data/run_4488.csv,raw_data/run_4488.json
4489,optimum,2026-09-24 16:31,KAUST2023_N2_C0_CKMC_ESR_v10_0_oxygenless,106.63903875780417,17.216519027234323,25.0,0.6500000000000001,100.0,2877.8103454524844,raw_data/run_4489.csv,raw_data/run_4489.json
4490,optimum,2026-09-24 16:31,KAUST2023_N2_C0_CKMC_ESR_v10_0_oxygenless,10.606313623026292,151.7108940546248,30.0,0.6500000000000001,1.0,2286.405719423614,raw_data/run_4490.csv,raw_data/run_4490.json
4491,optimum,2026-09-24 16:31,KAUST2023_N2_C0_CKMC_ESR_v10_0_oxygenless,16.999924273888922,190.1217230987711,30.0,0.6500000000000001,2.0,2004.454768035775,raw_data/run_4491.csv,raw_data/run_4491.json
4492,optimum,2026-09-24 16:31,KAUST2023_N2_C0_CKMC_ESR_v10_0_oxygenless,17.999685707445916,179.6727744007871,30.0,0.6500000000000001,3.0,1910.102255881607,raw_data/run_4492.csv,raw_data/run_4492.json
4493,optimum,2026-09-24 16:31,KAUST2023_N2_C0_CKMC_ESR_v10_0_oxygenless,7.659445769103137,235.89967821221475,10.0,0.6500000000000001,4.0,1582.9493979096605,raw_data/run_4493.csv,raw_data/run_4493.json
4494,optimum,2026-09-24 16:31,KAUST2023_N2_C0_CKMC_ESR_v10_0_oxygenless,9.618865652067536,99.6625664233846,30.0,0.6500000000000001,4.0,1935.060542660778,raw_data/run_4494.csv,raw_data/run_4494.json
4495,optimum,2026-09-24 16:31,KAUST2023_N2_C0_CKMC_ESR_v10_0_oxygenless,10.739844216720677,94.42898571437604,30.0,0.6500000000000001,5.0,1926.7466859739643,raw_data/run_4495.csv,raw_data/run_4495.json
4496,optimum,2026-09-24 16:31,KAUST2023_N2_C0_CKMC_ESR_v10_0_oxygenless,15.576661077304061,67.22123628807327,30.0,0.6500000000000001,10.0,2130.4739431261128,raw_data/run_4496.csv,raw_data/run_4496.json
4497,optimum,2026-09-24 16:31,KAUST2023_N2_C0_CKMC_ESR_v10_0_oxygenless,25.49178696335155,40.85649228119192,30.0,0.6500000000000001,20.0,2372.393496404371,raw_data/run_4497.csv,raw_data/run_4497.json
4498,optimum,2026-09-24 16:31,KAUST2023_N2_C0_CKMC_ESR_v10_0_oxygenless,56.301370715596846,23.427435040130625,30.0,0.6500000000000001,50.0,2714.6294525202125,raw_data/run_4498.csv,raw_data/run_4498.json
4499,optimum,2026-09-24 16:31,KAUST2023_N2_C0_CKMC_ESR_v10_0_oxygenless,107.35762386582557,15.87753569793152,30.0,0.6500000000000001,100.0,3016.293098315167,raw_data/run_4499.csv,raw_data/run_4499.json
4500,optimum,2026-09-24 16:31,KAUST2023_N2_C0_CKMC_ESR_v10_0_oxygenless,19.61274821585369,130.87214438154174,50.0,0.6500000000000001,1.0,2427.234802412699,raw_data/run_4500.csv,raw_data/run_4500.json
4501,optimum,2026-09-24 16:31,KAUST2023_N2_C0_CKMC_ESR_v10_0_oxygenless,26.97293385213174,147.43199737904933,50.0,0.6500000000000001,2.0,2176.0263492394047,raw_data/run_4501.csv,raw_data/run_4501.json
4502,optimum,2026-09-24 16:31,KAUST2023_N2_C0_CKMC_ESR_v10_0_oxygenless,27.329802348568297,136.48208905632856,50.0,0.6500000000000001,3.0,2080.435673916423,raw_data/run_4502.csv,raw_data/run_4502.json
4503,optimum,2026-09-24 16:31,KAUST2023_N2_C0_CKMC_ESR_v10_0_oxygenless,25.801165952075653,122.78065049940986,50.0,0.6500000000000001,4.0,2087.4716069546453,raw_data/run_4503.csv,raw_data/run_4503.json
4504,optimum,2026-09-24 16:31,KAUST2023_N2_C0_CKMC_ESR_v10_0_oxygenless,9.12878328098582,233.00792369340252,10.0,0.6500000000000001,5.0,1635.8970958829743,raw_data/run_4504.csv,raw_data/run_4504.json
4505,optimum,2026-09-24 16:31,KAUST2023_N2_C0_CKMC_ESR_v10_0_oxygenless,24.51413759919172,111.59217901718722,50.0,0.6500000000000001,5.0,2150.3436450925046,raw_data/run_4505.csv,raw_data/run_4505.json
4506,optimum,2026-09-24 16:31,KAUST2023_N2_C0_CKMC_ESR_v10_0_oxygenless,17.49216858355382,49.96337875406417,50.0,0.6500000000000001,10.0,2353.69079577618,raw_data/run_4506.csv,raw_data/run_4506.json
4507,optimum,2026-09-24 16:31,KAUST2023_N2_C0_CKMC_ESR_v10_0_oxygenless,27.571594845015298,32.66025805201722,50.0,0.6500000000000001,20.0,2659.0462174531604,raw_data/run_4507.csv,raw_data/run_4507.json
4508,optimum,2026-09-24 16:31,KAUST2023_N2_C0_CKMC_ESR_v10_0_oxygenless,58.52574450931984,18.771759618997482,50.0,0.6500000000000001,50.0,3094.6118106966082,raw_data/run_4508.csv,raw_data/run_4508.json
4509,optimum,2026-09-24 16:31,KAUST2023_N2_C0_CKMC_ESR_v10_0_oxygenless,109.90204292189486,12.763569592350656,50.0,0.6500000000000001,100.0,3471.658272077419,raw_data/run_4509.csv,raw_data/run_4509.json
4510,optimum,2026-09-24 16:31,KAUST2023_N2_C0_CKMC_ESR_v10_0_oxygenless,40.246941872411966,100.64248711753304,100.0,0.6500000000000001,1.0,2796.5073511249648,raw_data/run_4510.csv,raw_data/run_4510.json
4511,optimum,2026-09-24 16:31,KAUST2023_N2_C0_CKMC_ESR_v10_0_oxygenless,39.658266085821,88.67773895505852,100.0,0.6500000000000001,2.0,2526.7340589181367,raw_data/run_4511.csv,raw_data/run_4511.json
4512,optimum,2026-09-24 16:31,KAUST2023_N2_C0_CKMC_ESR_v10_0_oxygenless,38.52695956766923,80.70975981981839,100.0,0.6500000000000001,3.0,2414.58468755754,raw_data/run_4512.csv,raw_data/run_4512.json
4513,optimum,2026-09-24 16:31,KAUST2023_N2_C0_CKMC_ESR_v10_0_oxygenless,37.0325822870526,74.15171648386304,100.0,0.6500000000000001,4.0,2388.774142916891,raw_data/run_4513.csv,raw_data/run_4513.json
4514,optimum,2026-09-24 16:31,KAUST2023_N2_C0_CKMC_ESR_v10_0_oxygenless,35.84246219111117,68.93414135577854,100.0,0.6500000000000001,5.0,2416.7561935902177,raw_data/run_4514.csv,raw_data/run_4514.json
4515,optimum,2026-09-24 16:31,KAUST2023_N2_C0_CKMC_ESR_v10_0_oxygenless,13.095950568768956,121.07144344061707,10.0,0.6500000000000001,10.0,1792.519919200653,raw_data/run_4515.csv,raw_data/run_4515.json
4516,optimum,2026-09-24 16:31,KAUST2023_N2_C0_CKMC_ESR_v10_0_oxygenless,23.749873336586997,37.47192380997673,100.0,0.6500000000000001,10.0,2733.230479877917,raw_data/run_4516.csv,raw_data/run_4516.json
4517,optimum,2026-09-24 16:31,KAUST2023_N2_C0_CKMC_ESR_v10_0_oxygenless,32.07797235346262,24.36753300762854,100.0,0.6500000000000001,20.0,3157.055748439582,raw_data/run_4517.csv,raw_data/run_4517.json
4518,optimum,2026-09-24 16:31,KAUST2023_N2_C0_CKMC_ESR_v10_0_oxygenless,63.10452651966483,14.013693147960083,100.0,0.6500000000000001,50.0,3765.5741466629656,raw_data/run_4518.csv,raw_data/run_4518.json
4519,optimum,2026-09-24 16:31,KAUST2023_N2_C0_CKMC_ESR_v10_0_oxygenless,114.94722913674896,9.511856515156484,100.0,0.6500000000000001,100.0,4273.016720970182,raw_data/run_4519.csv,raw_data/run_4519.json
4520,optimum,2026-09-24 16:31,KAUST2023_N2_C0_CKMC_ESR_v10_0_oxygenless,73.61647141938637,71.71906152319964,200.0,0.6500000000000001,1.0,3521.2429718483477,raw_data/run_4520.csv,raw_data/run_4520.json
4521,optimum,2026-09-24 16:31,KAUST2023_N2_C0_CKMC_ESR_v10_0_oxygenless,68.21810729304133,59.227303790506454,200.0,0.6500000000000001,2.0,3152.1317076229484,raw_data/run_4521.csv,raw_data/run_4521.json
4522,optimum,2026-09-24 16:31,KAUST2023_N2_C0_CKMC_ESR_v10_0_oxygenless,64.00986878096394,52.43931623727139,200.0,0.6500000000000001,3.0,2983.2966677197455,raw_data/run_4522.csv,raw_data/run_4522.json
4523,optimum,2026-09-24 16:31,KAUST2023_N2_C0_CKMC_ESR_v10_0_oxygenless,60.28469514510816,47.64051993975839,200.0,0.6500000000000001,4.0,2907.3945899358628,raw_data/run_4523.csv,raw_data/run_4523.json
4524,optimum,2026-09-24 16:31,KAUST2023_N2_C0_CKMC_ESR_v10_0_oxygenless,57.601362104572075,44.16340011194655,200.0,0.6500000000000001,5.0,2888.026893334609,raw_data/run_4524.csv,raw_data/run_4524.json
4525,optimum,2026-09-24 16:31,KAUST2023_N2_C0_CKMC_ESR_v10_0_oxygenless,52.28764891792158,34.80295572363936,200.0,0.6500000000000001,10.0,3196.003482623898,raw_data/run_4525.csv,raw_data/run_4525.json
4526,optimum,2026-09-24 16:31,KAUST2023_N2_C0_CKMC_ESR_v10_0_oxygenless,23.123550912083047,73.1346930122209,10.0,0.6500000000000001,20.0,1942.9252004868542,raw_data/run_4526.csv,raw_data/run_4526.json
4527,optimum,2026-09-24 16:31,KAUST2023_N2_C0_CKMC_ESR_v10_0_oxygenless,41.70246897718675,18.81216144504007,200.0,0.6500000000000001,20.0,3805.549649584968,raw_data/run_4527.csv,raw_data/run_4527.json
4528,optimum,2026-09-24 16:31,KAUST2023_N2_C0_CKMC_ESR_v10_0_oxygenless,70.7285693126819,10.531019329873072,200.0,0.6500000000000001,50.0,4648.631063006726,raw_data/run_4528.csv,raw_data/run_4528.json
4529,optimum,2026-09-24 16:31,KAUST2023_N2_C0_CKMC_ESR_v10_0_oxygenless,122.77857974176342,7.110981131237782,200.0,0.6500000000000001,100.0,5322.413445531561,raw_data/run_4529.csv,raw_data/run_4529.json
4530,optimum,2026-09-24 16:31,KAUST2023_N2_C0_CKMC_ESR_v10_0_oxygenless,2.056145655027424,130.95121512645528,10.0,1.0,1.0,1900.2684227985392,raw_data/run_4530.csv,raw_data/run_4530.json
4531,optimum,2026-09-24 16:31,KAUST2023_N2_C0_CKMC_ESR_v10_0_oxygenless,3.8828015301073977,183.06005306065177,10.0,1.0,2.0,1615.9895760566844,raw_data/run_4531.csv,raw_data/run_4531.json
4532,optimum,2026-09-24 16:31,KAUST2023_N2_C0_CKMC_ESR_v10_0_oxygenless,5.96762041142534,224.33285986694486,10.0,1.0,3.0,1478.300028315156,raw_data/run_4532.csv,raw_data/run_4532.json
4533,optimum,2026-09-24 16:31,KAUST2023_N2_C0_CKMC_ESR_v10_0_oxygenless,7.6391709075289596,231.5522146496615,10.0,1.0,4.0,1467.1715308513205,raw_data/run_4533.csv,raw_data/run_4533.json
4534,optimum,2026-09-24 16:31,KAUST2023_N2_C0_CKMC_ESR_v10_0_oxygenless,9.1301716576106,229.79287453799617,10.0,1.0,5.0,1513.8332631193748,raw_data/run_4534.csv,raw_data/run_4534.json
4535,optimum,2026-09-24 16:31,KAUST2023_N2_C0_CKMC_ESR_v10_0_oxygenless,13.123833161138801,120.80524455177004,10.0,1.0,10.0,1667.3418894611052,raw_data/run_4535.csv,raw_data/run_4535.json
4536,optimum,2026-09-24 16:31,KAUST2023_N2_C0_CKMC_ESR_v10_0_oxygenless,23.147641191339634,72.79981849364334,10.0,1.0,20.0,1812.0510186411461,raw_data/run_4536.csv,raw_data/run_4536.json
4537,optimum,2026-09-24 16:31,KAUST2023_N2_C0_CKMC_ESR_v10_0_oxygenless,53.54232192439221,40.161724466611105,10.0,0.6500000000000001,50.0,2154.2761056646223,raw_data/run_4537.csv,raw_data/run_4537.json
4538,optimum,2026-09-24 16:31,KAUST2023_N2_C0_CKMC_ESR_v10_0_oxygenless,53.558124995053696,39.875389102696644,10.0,1.0,50.0,2013.5465468571774,raw_data/run_4538.csv,raw_data/run_4538.json
4539,optimum,2026-09-24 16:31,KAUST2023_N2_C0_CKMC_ESR_v10_0_oxygenless,104.08926798132796,26.26284590299907,10.0,1.0,100.0,2191.7064633683353,raw_data/run_4539.csv,raw_data/run_4539.json
4540,optimum,2026-09-24 16:31,KAUST2023_N2_C0_CKMC_ESR_v10_0_oxygenless,6.1498876063913235,160.4714803040286,20.0,1.0,1.0,2086.490634473113,raw_data/run_4540.csv,raw_data/run_4540.json
4541,optimum,2026-09-24 16:31,KAUST2023_N2_C0_CKMC_ESR_v10_0_oxygenless,11.999797261237742,229.63301629082443,20.0,1.0,2.0,1781.8180713043773,raw_data/run_4541.csv,raw_data/run_4541.json
4542,optimum,2026-09-24 16:31,KAUST2023_N2_C0_CKMC_ESR_v10_0_oxygenless,12.999375961177616,217.94382340271272,20.0,1.0,3.0,1685.887585048167,raw_data/run_4542.csv,raw_data/run_4542.json
4543,optimum,2026-09-24 16:31,KAUST2023_N2_C0_CKMC_ESR_v10_0_oxygenless,8.334358884042718,126.98375730053334,20.0,1.0,4.0,1652.6704755178694,raw_data/run_4543.csv,raw_data/run_4543.json
4544,optimum,2026-09-24 16:31,KAUST2023_N2_C0_CKMC_ESR_v10_0_oxygenless,9.881648038668914,127.27386208028692,20.0,1.0,5.0,1662.3259083750233,raw_data/run_4544.csv,raw_data/run_4544.json
4545,optimum,2026-09-24 16:31,KAUST2023_N2_C0_CKMC_ESR_v10_0_oxygenless,14.38288616523054,81.79772805114388,20.0,1.0,10.0,1848.3036426446429,raw_data/run_4545.csv,raw_data/run_4545.json
4546,optimum,2026-09-24 16:31,KAUST2023_N2_C0_CKMC_ESR_v10_0_oxygenless,24.378521254727758,49.58579292665232,20.0,1.0,20.0,2042.8481816055146,raw_data/run_4546.csv,raw_data/run_4546.json
4547,optimum,2026-09-24 16:31,KAUST2023_N2_C0_CKMC_ESR_v10_0_oxygenless,55.07276342827837,28.15025634538094,20.0,1.0,50.0,2315.7074409526294,raw_data/run_4547.csv,raw_data/run_4547.json
4548,optimum,2026-09-24 16:31,KAUST2023_N2_C0_CKMC_ESR_v10_0_oxygenless,104.04494527655099,26.292664832273704,10.0,0.6500000000000001,100.0,2341.071624580367,raw_data/run_4548.csv,raw_data/run_4548.json
4549,optimum,2026-09-24 16:31,KAUST2023_N2_C0_CKMC_ESR_v10_0_oxygenless,105.89692125355865,18.889427497728676,20.0,1.0,100.0,2557.2062769601744,raw_data/run_4549.csv,raw_data/run_4549.json
4550,optimum,2026-09-24 16:31,KAUST2023_N2_C0_CKMC_ESR_v10_0_oxygenless,8.404506553193636,154.50630397919716,25.0,1.0,1.0,2115.999703904605,raw_data/run_4550.csv,raw_data/run_4550.json
4551,optimum,2026-09-24 16:31,KAUST2023_N2_C0_CKMC_ESR_v10_0_oxygenless,14.498992834723012,204.26872676923531,25.0,1.0,2.0,1835.3448745829648,raw_data/run_4551.csv,raw_data/run_4551.json
4552,optimum,2026-09-24 16:31,KAUST2023_N2_C0_CKMC_ESR_v10_0_oxygenless,15.49973991435623,193.7517261029273,25.0,1.0,3.0,1737.583022259193,raw_data/run_4552.csv,raw_data/run_4552.json
4553,optimum,2026-09-24 16:31,KAUST2023_N2_C0_CKMC_ESR_v10_0_oxygenless,8.833922845996799,107.68460854700902,25.0,1.0,4.0,1734.4362645854385,raw_data/run_4553.csv,raw_data/run_4553.json
4554,optimum,2026-09-24 16:31,KAUST2023_N2_C0_CKMC_ESR_v10_0_oxygenless,10.263312948238676,106.08475226510943,25.0,1.0,5.0,1730.2309658095728,raw_data/run_4554.csv,raw_data/run_4554.json
4555,optimum,2026-09-24 16:31,KAUST2023_N2_C0_CKMC_ESR_v10_0_oxygenless,14.775351686759011,70.0106636468989,25.0,1.0,10.0,1921.0610831886413,raw_data/run_4555.csv,raw_data/run_4555.json
4556,optimum,2026-09-24 16:31,KAUST2023_N2_C0_CKMC_ESR_v10_0_oxygenless,24.98918083966724,44.55458313492787,25.0,1.0,20.0,2136.001110821597,raw_data/run_4556.csv,raw_data/run_4556.json
4557,optimum,2026-09-24 16:31,KAUST2023_N2_C0_CKMC_ESR_v10_0_oxygenless,55.7554762338147,25.445713859512264,25.0,1.0,50.0,2437.826652187342,raw_data/run_4557.csv,raw_data/run_4557.json
4558,optimum,2026-09-24 16:31,KAUST2023_N2_C0_CKMC_ESR_v10_0_oxygenless,106.70586648930332,17.173253715132276,25.0,1.0,100.0,2704.45993132328,raw_data/run_4558.csv,raw_data/run_4558.json
4559,optimum,2026-09-24 16:31,KAUST2023_N2_C0_CKMC_ESR_v10_0_oxygenless,6.056687962648178,163.08029966336014,20.0,0.6500000000000001,1.0,2221.3045851956426,raw_data/run_4559.csv,raw_data/run_4559.json
4560,optimum,2026-09-24 16:31,KAUST2023_N2_C0_CKMC_ESR_v10_0_oxygenless,10.7958393010768,149.515634061037,30.0,1.0,1.0,2145.9143827431626,raw_data/run_4560.csv,raw_data/run_4560.json
4561,optimum,2026-09-24 16:31,KAUST2023_N2_C0_CKMC_ESR_v10_0_oxygenless,16.995610248179933,185.97559260360464,30.0,1.0,2.0,1881.6881862962039,raw_data/run_4561.csv,raw_data/run_4561.json
4562,optimum,2026-09-24 16:31,KAUST2023_N2_C0_CKMC_ESR_v10_0_oxygenless,17.998027748744605,176.10067562714653,30.0,1.0,3.0,1783.6286816083646,raw_data/run_4562.csv,raw_data/run_4562.json
4563,optimum,2026-09-24 16:31,KAUST2023_N2_C0_CKMC_ESR_v10_0_oxygenless,18.998413381363527,168.2197652998291,30.0,1.0,4.0,1801.707589701213,raw_data/run_4563.csv,raw_data/run_4563.json
4564,optimum,2026-09-24 16:31,KAUST2023_N2_C0_CKMC_ESR_v10_0_oxygenless,10.73504383542219,92.7643780378805,30.0,1.0,5.0,1795.843480537146,raw_data/run_4564.csv,raw_data/run_4564.json
4565,optimum,2026-09-24 16:31,KAUST2023_N2_C0_CKMC_ESR_v10_0_oxygenless,15.747397966447636,68.02419921156779,30.0,1.0,10.0,1984.9073819163116,raw_data/run_4565.csv,raw_data/run_4565.json
4566,optimum,2026-09-24 16:31,KAUST2023_N2_C0_CKMC_ESR_v10_0_oxygenless,25.550445193388782,40.72367331620808,30.0,1.0,20.0,2219.6464459319245,raw_data/run_4566.csv,raw_data/run_4566.json
4567,optimum,2026-09-24 16:31,KAUST2023_N2_C0_CKMC_ESR_v10_0_oxygenless,56.380289856851235,23.424002023811035,30.0,1.0,50.0,2547.915742914843,raw_data/run_4567.csv,raw_data/run_4567.json
4568,optimum,2026-09-24 16:31,KAUST2023_N2_C0_CKMC_ESR_v10_0_oxygenless,107.42516858107112,15.818473846780392,30.0,1.0,100.0,2836.9315555129315,raw_data/run_4568.csv,raw_data/run_4568.json
4569,optimum,2026-09-24 16:31,KAUST2023_N2_C0_CKMC_ESR_v10_0_oxygenless,20.1932880371669,130.22948574639085,50.0,1.0,1.0,2274.37236900573,raw_data/run_4569.csv,raw_data/run_4569.json
4570,optimum,2026-09-26 22:09,KAUST2023_N2_C0_CKMC_ESR_v10_0_oxygenless,2.06211380778013,134.91086395907402,10.0,0.6500000000000001,1.0,2024.5930216334054,raw_data/run_4570.csv,raw_data/run_4570.json
4571,optimum,2026-09-26 22:09,KAUST2023_N2_C0_CKMC_ESR_v10_0_oxygenless,3.9673464411265638,193.17716823749808,10.0,0.6500000000000001,2.0,1725.1450082432118,raw_data/run_4571.csv,raw_data/run_4571.json
4572,optimum,2026-09-26 22:09,KAUST2023_N2_C0_CKMC_ESR_v10_0_oxygenless,11.999567917526996,234.56606433364718,20.0,0.6500000000000001,2.0,1895.8332042177117,raw_data/run_4572.csv,raw_data/run_4572.json
4573,optimum,2026-09-26 22:09,KAUST2023_N2_C0_CKMC_ESR_v10_0_oxygenless,26.996115534147187,144.18997406347688,50.0,1.0,2.0,2037.277579546049,raw_data/run_4573.csv,raw_data/run_4573.json
4574,optimum,2026-09-26 22:09,KAUST2023_N2_C0_CKMC_ESR_v10_0_oxygenless,27.994438062027697,135.6755603547829,50.0,1.0,3.0,1941.6668170168568,raw_data/run_4574.csv,raw_data/run_4574.json
4575,optimum,2026-09-26 22:09,KAUST2023_N2_C0_CKMC_ESR_v10_0_oxygenless,26.97233299102739,123.7082611401734,50.0,1.0,4.0,1944.2837169461209,raw_data/run_4575.csv,raw_data/run_4575.json
4576,optimum,2026-09-26 22:10,KAUST2023_N2_C0_CKMC_ESR_v10_0_oxygenless,25.647532915211073,112.68340126620546,50.0,1.0,5.0,2000.3377851984628,raw_data/run_4576.csv,raw_data/run_4576.json
4577,optimum,2026-09-26 22:10,KAUST2023_N2_C0_CKMC_ESR_v10_0_oxygenless,17.698292683240403,50.291075806435074,50.0,1.0,10.0,2199.614603018753,raw_data/run_4577.csv,raw_data/run_4577.json
4578,optimum,2026-09-26 22:10,KAUST2023_N2_C0_CKMC_ESR_v10_0_oxygenless,27.66223931212616,32.60451433059585,50.0,1.0,20.0,2491.8760552634303,raw_data/run_4578.csv,raw_data/run_4578.json
4579,optimum,2026-09-26 22:10,KAUST2023_N2_C0_CKMC_ESR_v10_0_oxygenless,58.605981999913965,18.683085428808422,50.0,1.0,50.0,2911.060774030593,raw_data/run_4579.csv,raw_data/run_4579.json
4580,optimum,2026-09-26 22:10,KAUST2023_N2_C0_CKMC_ESR_v10_0_oxygenless,109.98369691352417,12.688107917666187,50.0,1.0,100.0,3272.8593935079243,raw_data/run_4580.csv,raw_data/run_4580.json
4581,optimum,2026-09-26 22:10,KAUST2023_N2_C0_CKMC_ESR_v10_0_oxygenless,41.51474246662996,100.51881094539294,100.0,1.0,1.0,2611.541507159856,raw_data/run_4581.csv,raw_data/run_4581.json
4582,optimum,2026-09-26 22:10,KAUST2023_N2_C0_CKMC_ESR_v10_0_oxygenless,41.73625169078463,89.75629543739674,100.0,1.0,2.0,2362.013000642745,raw_data/run_4582.csv,raw_data/run_4582.json
4583,optimum,2026-09-26 22:10,KAUST2023_N2_C0_CKMC_ESR_v10_0_oxygenless,12.99948473316511,222.18542210679328,20.0,0.6500000000000001,3.0,1806.0982645097206,raw_data/run_4583.csv,raw_data/run_4583.json
4584,optimum,2026-09-26 22:10,KAUST2023_N2_C0_CKMC_ESR_v10_0_oxygenless,40.482475775463286,81.55413920609955,100.0,1.0,3.0,2256.39663317711,raw_data/run_4584.csv,raw_data/run_4584.json
4585,optimum,2026-09-26 22:10,KAUST2023_N2_C0_CKMC_ESR_v10_0_oxygenless,38.695660872634576,74.64207960343633,100.0,1.0,4.0,2230.3630573271926,raw_data/run_4585.csv,raw_data/run_4585.json
4586,optimum,2026-09-26 22:10,KAUST2023_N2_C0_CKMC_ESR_v10_0_oxygenless,37.22868014920846,69.18047109163093,100.0,1.0,5.0,2254.391481815056,raw_data/run_4586.csv,raw_data/run_4586.json
4587,optimum,2026-09-26 22:10,KAUST2023_N2_C0_CKMC_ESR_v10_0_oxygenless,23.93862488204974,37.15018431585709,100.0,1.0,10.0,2559.340052092911,raw_data/run_4587.csv,raw_data/run_4587.json
4588,optimum,2026-09-26 22:10,KAUST2023_N2_C0_CKMC_ESR_v10_0_oxygenless,32.25158408364167,24.316343796014763,100.0,1.0,20.0,2966.009646929375,raw_data/run_4588.csv,raw_data/run_4588.json
4589,optimum,2026-09-26 22:10,KAUST2023_N2_C0_CKMC_ESR_v10_0_oxygenless,63.22196573344382,13.93742692907794,100.0,1.0,50.0,3552.7581293261883,raw_data/run_4589.csv,raw_data/run_4589.json
4590,optimum,2026-09-26 22:10,KAUST2023_N2_C0_CKMC_ESR_v10_0_oxygenless,115.07613403053375,9.46107070205695,100.0,1.0,100.0,4040.646748349891,raw_data/run_4590.csv,raw_data/run_4590.json
4591,optimum,2026-09-26 22:10,KAUST2023_N2_C0_CKMC_ESR_v10_0_oxygenless,76.93773679183016,72.43997626251536,200.0,1.0,1.0,3273.391947468784,raw_data/run_4591.csv,raw_data/run_4591.json
4592,optimum,2026-09-26 22:10,KAUST2023_N2_C0_CKMC_ESR_v10_0_oxygenless,71.95490492894784,60.18126235202757,200.0,1.0,2.0,2940.047230140443,raw_data/run_4592.csv,raw_data/run_4592.json
4593,optimum,2026-09-26 22:10,KAUST2023_N2_C0_CKMC_ESR_v10_0_oxygenless,67.11255357985875,52.97998405153327,200.0,1.0,3.0,2787.5120437738656,raw_data/run_4593.csv,raw_data/run_4593.json
4594,optimum,2026-09-26 22:10,KAUST2023_N2_C0_CKMC_ESR_v10_0_oxygenless,8.396418722738145,130.45502820384414,20.0,0.6500000000000001,4.0,1773.7724231852717,raw_data/run_4594.csv,raw_data/run_4594.json
4595,optimum,2026-09-26 22:10,KAUST2023_N2_C0_CKMC_ESR_v10_0_oxygenless,62.85823641088169,47.923015921955674,200.0,1.0,4.0,2718.5785748185294,raw_data/run_4595.csv,raw_data/run_4595.json
4596,optimum,2026-09-26 22:10,KAUST2023_N2_C0_CKMC_ESR_v10_0_oxygenless,59.90073415987029,44.351539091469455,200.0,1.0,5.0,2700.850092121921,raw_data/run_4596.csv,raw_data/run_4596.json
4597,optimum,2026-09-26 22:10,KAUST2023_N2_C0_CKMC_ESR_v10_0_oxygenless,54.137481917097254,34.91663123837506,200.0,1.0,10.0,2985.9550296155876,raw_data/run_4597.csv,raw_data/run_4597.json
4598,optimum,2026-09-26 22:10,KAUST2023_N2_C0_CKMC_ESR_v10_0_oxygenless,42.31739127659931,18.89261343248293,200.0,1.0,20.0,3581.1663873461853,raw_data/run_4598.csv,raw_data/run_4598.json
4599,optimum,2026-09-26 22:10,KAUST2023_N2_C0_CKMC_ESR_v10_0_oxygenless,71.03591809174662,10.512703788914088,200.0,1.0,50.0,4397.376655809669,raw_data/run_4599.csv,raw_data/run_4599.json
4600,optimum,2026-09-26 22:10,KAUST2023_N2_C0_CKMC_ESR_v10_0_oxygenless,123.07402025743147,7.087364457293596,200.0,1.0,100.0,5046.634247749766,raw_data/run_4600.csv,raw_data/run_4600.json
4601,optimum,2026-09-26 22:10,KAUST2023_N2_C0_CKMC_ESR_v10_0_oxygenless,2.0596718585019977,124.82060750659372,10.0,4.999999999999999,1.0,1732.1359887163128,raw_data/run_4601.csv,raw_data/run_4601.json
4602,optimum,2026-09-26 22:10,KAUST2023_N2_C0_CKMC_ESR_v10_0_oxygenless,3.807229349240138,170.36481273421617,10.0,4.999999999999999,2.0,1455.0805921759716,raw_data/run_4602.csv,raw_data/run_4602.json
4603,optimum,2026-09-26 22:10,KAUST2023_N2_C0_CKMC_ESR_v10_0_oxygenless,5.884705378745041,213.39313214134478,10.0,4.999999999999999,3.0,1312.8029001353486,raw_data/run_4603.csv,raw_data/run_4603.json
4604,optimum,2026-09-26 22:10,KAUST2023_N2_C0_CKMC_ESR_v10_0_oxygenless,7.599036303877641,223.50780274710954,10.0,4.999999999999999,4.0,1285.9466818147841,raw_data/run_4604.csv,raw_data/run_4604.json
4605,optimum,2026-09-26 22:10,KAUST2023_N2_C0_CKMC_ESR_v10_0_oxygenless,9.892873819237312,129.47486754159283,20.0,0.6500000000000001,5.0,1789.827403375485,raw_data/run_4605.csv,raw_data/run_4605.json
4606,optimum,2026-09-26 22:10,KAUST2023_N2_C0_CKMC_ESR_v10_0_oxygenless,9.170275116014457,225.389927348649,10.0,4.999999999999999,5.0,1319.3909404019394,raw_data/run_4606.csv,raw_data/run_4606.json
4607,optimum,2026-09-26 22:10,KAUST2023_N2_C0_CKMC_ESR_v10_0_oxygenless,13.332687322790449,125.94084908176416,10.0,4.999999999999999,10.0,1468.6863537866714,raw_data/run_4607.csv,raw_data/run_4607.json
4608,optimum,2026-09-26 22:10,KAUST2023_N2_C0_CKMC_ESR_v10_0_oxygenless,23.264545327964264,73.80641349568509,10.0,4.999999999999999,20.0,1607.0380874305185,raw_data/run_4608.csv,raw_data/run_4608.json
4609,optimum,2026-09-26 22:10,KAUST2023_N2_C0_CKMC_ESR_v10_0_oxygenless,53.67870966102907,40.2821128444833,10.0,4.999999999999999,50.0,1795.3454083993647,raw_data/run_4609.csv,raw_data/run_4609.json
4610,optimum,2026-09-26 22:10,KAUST2023_N2_C0_CKMC_ESR_v10_0_oxygenless,104.2166804817163,26.45004051449965,10.0,4.999999999999999,100.0,1961.476156596084,raw_data/run_4610.csv,raw_data/run_4610.json
4611,optimum,2026-09-26 22:10,KAUST2023_N2_C0_CKMC_ESR_v10_0_oxygenless,6.501326026105971,158.71640815580096,20.0,4.999999999999999,1.0,1907.0002267087318,raw_data/run_4611.csv,raw_data/run_4611.json
4612,optimum,2026-09-26 22:10,KAUST2023_N2_C0_CKMC_ESR_v10_0_oxygenless,11.99994980929899,220.60738176054713,20.0,4.999999999999999,2.0,1617.7804912734694,raw_data/run_4612.csv,raw_data/run_4612.json
4613,optimum,2026-09-26 22:10,KAUST2023_N2_C0_CKMC_ESR_v10_0_oxygenless,12.999942021257104,210.31145500991602,20.0,4.999999999999999,3.0,1505.3187013308916,raw_data/run_4613.csv,raw_data/run_4613.json
4614,optimum,2026-09-26 22:10,KAUST2023_N2_C0_CKMC_ESR_v10_0_oxygenless,8.304990844256155,122.2458684060928,20.0,4.999999999999999,4.0,1470.942860289356,raw_data/run_4614.csv,raw_data/run_4614.json
4615,optimum,2026-09-26 22:10,KAUST2023_N2_C0_CKMC_ESR_v10_0_oxygenless,9.891372404867296,123.62476138863117,20.0,4.999999999999999,5.0,1466.159048136821,raw_data/run_4615.csv,raw_data/run_4615.json
4616,optimum,2026-09-26 22:10,KAUST2023_N2_C0_CKMC_ESR_v10_0_oxygenless,14.360610087500389,82.41669616425351,20.0,0.6500000000000001,10.0,1985.2918592168069,raw_data/run_4616.csv,raw_data/run_4616.json
4617,optimum,2026-09-26 22:10,KAUST2023_N2_C0_CKMC_ESR_v10_0_oxygenless,14.435756941667046,80.71400011299669,20.0,4.999999999999999,10.0,1635.686742697777,raw_data/run_4617.csv,raw_data/run_4617.json
4618,optimum,2026-09-26 22:10,KAUST2023_N2_C0_CKMC_ESR_v10_0_oxygenless,24.560407438835263,50.23282028433643,20.0,4.999999999999999,20.0,1820.9125494398434,raw_data/run_4618.csv,raw_data/run_4618.json
4619,optimum,2026-09-26 22:10,KAUST2023_N2_C0_CKMC_ESR_v10_0_oxygenless,55.251613160242464,28.40089135847153,20.0,4.999999999999999,50.0,2076.571625582979,raw_data/run_4619.csv,raw_data/run_4619.json
4620,optimum,2026-09-26 22:10,KAUST2023_N2_C0_CKMC_ESR_v10_0_oxygenless,106.1110325231976,19.066647056446254,20.0,4.999999999999999,100.0,2302.4171717180443,raw_data/run_4620.csv,raw_data/run_4620.json
4621,optimum,2026-09-26 22:10,KAUST2023_N2_C0_CKMC_ESR_v10_0_oxygenless,9.07177210334835,155.22289013571586,25.0,4.999999999999999,1.0,1934.3397710895163,raw_data/run_4621.csv,raw_data/run_4621.json
4622,optimum,2026-09-26 22:10,KAUST2023_N2_C0_CKMC_ESR_v10_0_oxygenless,14.499748246409395,196.15038618597504,25.0,4.999999999999999,2.0,1666.5187322895224,raw_data/run_4622.csv,raw_data/run_4622.json
4623,optimum,2026-09-26 22:10,KAUST2023_N2_C0_CKMC_ESR_v10_0_oxygenless,15.499739232261494,186.8169283285522,25.0,4.999999999999999,3.0,1554.2434666486786,raw_data/run_4623.csv,raw_data/run_4623.json
4624,optimum,2026-09-26 22:10,KAUST2023_N2_C0_CKMC_ESR_v10_0_oxygenless,16.499682636421326,178.75953243571485,25.0,4.999999999999999,4.0,1558.4115364357376,raw_data/run_4624.csv,raw_data/run_4624.json
4625,optimum,2026-09-26 22:10,KAUST2023_N2_C0_CKMC_ESR_v10_0_oxygenless,10.289382199419567,103.08891659533363,25.0,4.999999999999999,5.0,1534.2063452727193,raw_data/run_4625.csv,raw_data/run_4625.json
4626,optimum,2026-09-26 22:10,KAUST2023_N2_C0_CKMC_ESR_v10_0_oxygenless,15.471221835414466,76.83816428907616,25.0,4.999999999999999,10.0,1703.417703091647,raw_data/run_4626.csv,raw_data/run_4626.json
4627,optimum,2026-09-26 22:10,KAUST2023_N2_C0_CKMC_ESR_v10_0_oxygenless,24.347602194105477,49.86944076612982,20.0,0.6500000000000001,20.0,2186.2750817768692,raw_data/run_4627.csv,raw_data/run_4627.json
4628,optimum,2026-09-26 22:10,KAUST2023_N2_C0_CKMC_ESR_v10_0_oxygenless,25.190677973988418,44.9811155721781,25.0,4.999999999999999,20.0,1907.1232642315385,raw_data/run_4628.csv,raw_data/run_4628.json
4629,optimum,2026-09-26 22:10,KAUST2023_N2_C0_CKMC_ESR_v10_0_oxygenless,55.94190651651274,25.595924763972707,25.0,4.999999999999999,50.0,2190.3129800638135,raw_data/run_4629.csv,raw_data/run_4629.json
4630,optimum,2026-09-26 22:10,KAUST2023_N2_C0_CKMC_ESR_v10_0_oxygenless,106.9231900068851,17.246350469882334,25.0,4.999999999999999,100.0,2439.9747593523057,raw_data/run_4630.csv,raw_data/run_4630.json
4631,optimum,2026-09-26 22:10,KAUST2023_N2_C0_CKMC_ESR_v10_0_oxygenless,11.789881711326165,151.55488226600593,30.0,4.999999999999999,1.0,1961.562591531984,raw_data/run_4631.csv,raw_data/run_4631.json
4632,optimum,2026-09-26 22:10,KAUST2023_N2_C0_CKMC_ESR_v10_0_oxygenless,16.99967070905547,178.5246290452285,30.0,4.999999999999999,2.0,1708.0964782766523,raw_data/run_4632.csv,raw_data/run_4632.json
4633,optimum,2026-09-26 22:10,KAUST2023_N2_C0_CKMC_ESR_v10_0_oxygenless,17.999990219385392,169.75949391105237,30.0,4.999999999999999,3.0,1597.3747597038298,raw_data/run_4633.csv,raw_data/run_4633.json
4634,optimum,2026-09-26 22:10,KAUST2023_N2_C0_CKMC_ESR_v10_0_oxygenless,18.999972827493394,162.49175662039374,30.0,4.999999999999999,4.0,1596.7481834053722,raw_data/run_4634.csv,raw_data/run_4634.json
4635,optimum,2026-09-26 22:10,KAUST2023_N2_C0_CKMC_ESR_v10_0_oxygenless,10.779780775521917,90.15264624844497,30.0,4.999999999999999,5.0,1600.069193879873,raw_data/run_4635.csv,raw_data/run_4635.json
4636,optimum,2026-09-26 22:10,KAUST2023_N2_C0_CKMC_ESR_v10_0_oxygenless,15.876600892534242,67.40442513592743,30.0,4.999999999999999,10.0,1758.788596716646,raw_data/run_4636.csv,raw_data/run_4636.json
4637,optimum,2026-09-26 22:10,KAUST2023_N2_C0_CKMC_ESR_v10_0_oxygenless,25.79540816447187,41.287598874002484,30.0,4.999999999999999,20.0,1984.3777936991196,raw_data/run_4637.csv,raw_data/run_4637.json
4638,optimum,2026-09-26 22:10,KAUST2023_N2_C0_CKMC_ESR_v10_0_oxygenless,55.03964819090166,28.331699264031485,20.0,0.6500000000000001,50.0,2471.374174903035,raw_data/run_4638.csv,raw_data/run_4638.json
4639,optimum,2026-09-26 22:10,KAUST2023_N2_C0_CKMC_ESR_v10_0_oxygenless,56.60407154959687,23.574087615184155,30.0,4.999999999999999,50.0,2293.0719054843275,raw_data/run_4639.csv,raw_data/run_4639.json
4640,optimum,2026-09-26 22:10,KAUST2023_N2_C0_CKMC_ESR_v10_0_oxygenless,107.68401646988204,15.916332995226142,30.0,4.999999999999999,100.0,2563.847920429565,raw_data/run_4640.csv,raw_data/run_4640.json
4641,optimum,2026-09-26 22:10,KAUST2023_N2_C0_CKMC_ESR_v10_0_oxygenless,22.834649083029362,136.00665720436487,50.0,4.999999999999999,1.0,2075.403080532965,raw_data/run_4641.csv,raw_data/run_4641.json
4642,optimum,2026-09-26 22:10,KAUST2023_N2_C0_CKMC_ESR_v10_0_oxygenless,26.99098314069469,138.26329320014628,50.0,4.999999999999999,2.0,1845.174015688796,raw_data/run_4642.csv,raw_data/run_4642.json
4643,optimum,2026-09-26 22:10,KAUST2023_N2_C0_CKMC_ESR_v10_0_oxygenless,27.9999223359398,130.64340637067198,50.0,4.999999999999999,3.0,1741.9606660679015,raw_data/run_4643.csv,raw_data/run_4643.json
4644,optimum,2026-09-26 22:10,KAUST2023_N2_C0_CKMC_ESR_v10_0_oxygenless,28.9980946959936,124.73094070025525,50.0,4.999999999999999,4.0,1730.2036903216613,raw_data/run_4644.csv,raw_data/run_4644.json
4645,optimum,2026-09-26 22:10,KAUST2023_N2_C0_CKMC_ESR_v10_0_oxygenless,28.79820844440355,116.94751855836358,50.0,4.999999999999999,5.0,1771.8727342090033,raw_data/run_4645.csv,raw_data/run_4645.json
4646,optimum,2026-09-26 22:10,KAUST2023_N2_C0_CKMC_ESR_v10_0_oxygenless,19.218272071945606,55.96232594230534,50.0,4.999999999999999,10.0,1956.6213179062804,raw_data/run_4646.csv,raw_data/run_4646.json
4647,optimum,2026-09-26 22:10,KAUST2023_N2_C0_CKMC_ESR_v10_0_oxygenless,27.994596725874807,33.06788870169173,50.0,4.999999999999999,20.0,2236.0860467668617,raw_data/run_4647.csv,raw_data/run_4647.json
4648,optimum,2026-09-26 22:10,KAUST2023_N2_C0_CKMC_ESR_v10_0_oxygenless,58.929348345618344,18.81112765626697,50.0,4.999999999999999,50.0,2632.195789093963,raw_data/run_4648.csv,raw_data/run_4648.json
4649,optimum,2026-09-26 22:10,KAUST2023_N2_C0_CKMC_ESR_v10_0_oxygenless,105.86675167957162,19.035173273243945,20.0,0.6500000000000001,100.0,2723.830115774885,raw_data/run_4649.csv,raw_data/run_4649.json
4650,optimum,2026-09-26 22:10,KAUST2023_N2_C0_CKMC_ESR_v10_0_oxygenless,110.33588691332868,12.74762459410802,50.0,4.999999999999999,100.0,2972.0197193221634,raw_data/run_4650.csv,raw_data/run_4650.json
4651,optimum,2026-09-26 22:10,KAUST2023_N2_C0_CKMC_ESR_v10_0_oxygenless,48.031312140358594,107.44460063637283,100.0,4.999999999999999,1.0,2371.072570632647,raw_data/run_4651.csv,raw_data/run_4651.json
4652,optimum,2026-09-26 22:10,KAUST2023_N2_C0_CKMC_ESR_v10_0_oxygenless,48.36021070803313,95.23767305782894,100.0,4.999999999999999,2.0,2138.10816904047,raw_data/run_4652.csv,raw_data/run_4652.json
4653,optimum,2026-09-26 22:10,KAUST2023_N2_C0_CKMC_ESR_v10_0_oxygenless,46.159727190175445,85.2735009193809,100.0,4.999999999999999,3.0,2036.128719497185,raw_data/run_4653.csv,raw_data/run_4653.json
4654,optimum,2026-09-26 22:10,KAUST2023_N2_C0_CKMC_ESR_v10_0_oxygenless,43.264187735047805,77.02607896207758,100.0,4.999999999999999,4.0,2005.567786934422,raw_data/run_4654.csv,raw_data/run_4654.json
4655,optimum,2026-09-26 22:10,KAUST2023_N2_C0_CKMC_ESR_v10_0_oxygenless,41.40938235485046,71.19581279921402,100.0,4.999999999999999,5.0,2019.817164573863,raw_data/run_4655.csv,raw_data/run_4655.json
4656,optimum,2026-09-26 22:10,KAUST2023_N2_C0_CKMC_ESR_v10_0_oxygenless,24.66924532727694,37.14574461319114,100.0,4.999999999999999,10.0,2301.738382612274,raw_data/run_4656.csv,raw_data/run_4656.json
4657,optimum,2026-09-26 22:10,KAUST2023_N2_C0_CKMC_ESR_v10_0_oxygenless,33.0136987957753,24.832358847106097,100.0,4.999999999999999,20.0,2677.0161176923034,raw_data/run_4657.csv,raw_data/run_4657.json
4658,optimum,2026-09-26 22:10,KAUST2023_N2_C0_CKMC_ESR_v10_0_oxygenless,63.75619736800813,14.022585385313313,100.0,4.999999999999999,50.0,3232.530790602681,raw_data/run_4658.csv,raw_data/run_4658.json
4659,optimum,2026-09-26 22:10,KAUST2023_N2_C0_CKMC_ESR_v10_0_oxygenless,115.68597531836976,9.524550848848504,100.0,4.999999999999999,100.0,3692.60263962951,raw_data/run_4659.csv,raw_data/run_4659.json
4660,optimum,2026-09-26 22:10,KAUST2023_N2_C0_CKMC_ESR_v10_0_oxygenless,8.266920547580344,156.94659652249513,25.0,0.6500000000000001,1.0,2253.616936140912,raw_data/run_4660.csv,raw_data/run_4660.json
4661,optimum,2026-09-26 22:10,KAUST2023_N2_C0_CKMC_ESR_v10_0_oxygenless,87.95696758866839,77.20870069794533,200.0,4.999999999999999,1.0,2952.055159974893,raw_data/run_4661.csv,raw_data/run_4661.json
4662,optimum,2026-09-26 22:10,KAUST2023_N2_C0_CKMC_ESR_v10_0_oxygenless,80.9819218120527,62.86239997432443,200.0,4.999999999999999,2.0,2661.2915949103867,raw_data/run_4662.csv,raw_data/run_4662.json
4663,optimum,2026-09-26 22:10,KAUST2023_N2_C0_CKMC_ESR_v10_0_oxygenless,75.21993641261504,54.9725302393317,200.0,4.999999999999999,3.0,2527.5003577262923,raw_data/run_4663.csv,raw_data/run_4663.json
4664,optimum,2026-09-26 22:10,KAUST2023_N2_C0_CKMC_ESR_v10_0_oxygenless,70.4136629262071,49.586774746609166,200.0,4.999999999999999,4.0,2464.949300746929,raw_data/run_4664.csv,raw_data/run_4664.json
4665,optimum,2026-09-26 22:10,KAUST2023_N2_C0_CKMC_ESR_v10_0_oxygenless,66.66063699909093,45.65298840332852,200.0,4.999999999999999,5.0,2446.0701234215962,raw_data/run_4665.csv,raw_data/run_4665.json
4666,optimum,2026-09-26 22:10,KAUST2023_N2_C0_CKMC_ESR_v10_0_oxygenless,58.81368954938206,35.50758509830863,200.0,4.999999999999999,10.0,2679.761006669279,raw_data/run_4666.csv,raw_data/run_4666.json
4667,optimum,2026-09-26 22:10,KAUST2023_N2_C0_CKMC_ESR_v10_0_oxygenless,43.88997040784116,19.177993996080545,200.0,4.999999999999999,20.0,3243.997568231525,raw_data/run_4667.csv,raw_data/run_4667.json
4668,optimum,2026-09-26 22:10,KAUST2023_N2_C0_CKMC_ESR_v10_0_oxygenless,72.05265228952503,10.62493412881004,200.0,4.999999999999999,50.0,4023.32620241481,raw_data/run_4668.csv,raw_data/run_4668.json
4669,optimum,2026-09-26 22:10,KAUST2023_N2_C0_CKMC_ESR_v10_0_oxygenless,124.14509816229426,7.147691812165999,200.0,4.999999999999999,100.0,4639.121381082671,raw_data/run_4669.csv,raw_data/run_4669.json
4670,optimum,2026-09-26 22:10,KAUST2023_N2_C0_CKMC_ESR_v10_0_oxygenless,2.085120518607839,125.16036593754944,10.0,10.0,1.0,1751.5016771767466,raw_data/run_4670.csv,raw_data/run_4670.json
4671,optimum,2026-09-26 22:10,KAUST2023_N2_C0_CKMC_ESR_v10_0_oxygenless,14.499772100087046,208.80764309451666,25.0,0.6500000000000001,2.0,1953.8367140103376,raw_data/run_4671.csv,raw_data/run_4671.json
4672,optimum,2026-09-26 22:10,KAUST2023_N2_C0_CKMC_ESR_v10_0_oxygenless,3.8230177611791265,169.5950800909901,10.0,10.0,2.0,1453.6895246753538,raw_data/run_4672.csv,raw_data/run_4672.json
4673,optimum,2026-09-26 22:10,KAUST2023_N2_C0_CKMC_ESR_v10_0_oxygenless,5.908324874664123,212.8497472201035,10.0,10.0,3.0,1301.0147609456008,raw_data/run_4673.csv,raw_data/run_4673.json
4674,optimum,2026-09-26 22:10,KAUST2023_N2_C0_CKMC_ESR_v10_0_oxygenless,7.643683370790149,223.87127565983698,10.0,10.0,4.0,1267.2392769717023,raw_data/run_4674.csv,raw_data/run_4674.json
4675,optimum,2026-09-26 22:10,KAUST2023_N2_C0_CKMC_ESR_v10_0_oxygenless,9.226370070450539,226.03351535581953,10.0,10.0,5.0,1296.3266028353796,raw_data/run_4675.csv,raw_data/run_4675.json
4676,optimum,2026-09-26 22:10,KAUST2023_N2_C0_CKMC_ESR_v10_0_oxygenless,13.389435796395187,127.1746970543493,10.0,10.0,10.0,1447.8637727097585,raw_data/run_4676.csv,raw_data/run_4676.json
4677,optimum,2026-09-26 22:10,KAUST2023_N2_C0_CKMC_ESR_v10_0_oxygenless,23.371873561827385,75.68472448506493,10.0,10.0,20.0,1589.0855588095965,raw_data/run_4677.csv,raw_data/run_4677.json
4678,optimum,2026-09-26 22:10,KAUST2023_N2_C0_CKMC_ESR_v10_0_oxygenless,53.79406971387504,41.22191162466255,10.0,10.0,50.0,1780.2204718362327,raw_data/run_4678.csv,raw_data/run_4678.json
4679,optimum,2026-09-26 22:10,KAUST2023_N2_C0_CKMC_ESR_v10_0_oxygenless,104.35379312918421,27.084661611040097,10.0,10.0,100.0,1948.4739021409982,raw_data/run_4679.csv,raw_data/run_4679.json
4680,optimum,2026-09-26 22:10,KAUST2023_N2_C0_CKMC_ESR_v10_0_oxygenless,6.952464551243512,164.81063938282045,20.0,10.0,1.0,1929.7403422082643,raw_data/run_4680.csv,raw_data/run_4680.json
4681,optimum,2026-09-26 22:10,KAUST2023_N2_C0_CKMC_ESR_v10_0_oxygenless,11.999820324162537,218.8157969163029,20.0,10.0,2.0,1618.1031462249314,raw_data/run_4681.csv,raw_data/run_4681.json
4682,optimum,2026-09-26 22:10,KAUST2023_N2_C0_CKMC_ESR_v10_0_oxygenless,6.033840015587922,231.53079613538952,10.0,0.6500000000000001,3.0,1586.998859691231,raw_data/run_4682.csv,raw_data/run_4682.json
4683,optimum,2026-09-26 22:10,KAUST2023_N2_C0_CKMC_ESR_v10_0_oxygenless,15.499977865059918,197.59426440612046,25.0,0.6500000000000001,3.0,1860.9793439914451,raw_data/run_4683.csv,raw_data/run_4683.json
4684,optimum,2026-09-26 22:10,KAUST2023_N2_C0_CKMC_ESR_v10_0_oxygenless,12.999999965002361,208.7214442557852,20.0,10.0,3.0,1495.3145305548614,raw_data/run_4684.csv,raw_data/run_4684.json
4685,optimum,2026-09-26 22:10,KAUST2023_N2_C0_CKMC_ESR_v10_0_oxygenless,8.379127904613382,122.59539374966455,20.0,10.0,4.0,1462.8243146807704,raw_data/run_4685.csv,raw_data/run_4685.json
4686,optimum,2026-09-26 22:10,KAUST2023_N2_C0_CKMC_ESR_v10_0_oxygenless,9.96968311293349,123.98532011996839,20.0,10.0,5.0,1451.5780684665542,raw_data/run_4686.csv,raw_data/run_4686.json
4687,optimum,2026-09-26 22:10,KAUST2023_N2_C0_CKMC_ESR_v10_0_oxygenless,14.529435984366701,81.54042407650589,20.0,10.0,10.0,1619.7898915806738,raw_data/run_4687.csv,raw_data/run_4687.json
4688,optimum,2026-09-26 22:10,KAUST2023_N2_C0_CKMC_ESR_v10_0_oxygenless,24.72203528011505,51.46233050636509,20.0,10.0,20.0,1806.7254635910851,raw_data/run_4688.csv,raw_data/run_4688.json
4689,optimum,2026-09-26 22:10,KAUST2023_N2_C0_CKMC_ESR_v10_0_oxygenless,55.4300231699797,29.103676789920865,20.0,10.0,50.0,2065.186069651316,raw_data/run_4689.csv,raw_data/run_4689.json
4690,optimum,2026-09-26 22:10,KAUST2023_N2_C0_CKMC_ESR_v10_0_oxygenless,106.28592037358544,19.421767804342917,20.0,10.0,100.0,2293.325262561657,raw_data/run_4690.csv,raw_data/run_4690.json
4691,optimum,2026-09-26 22:10,KAUST2023_N2_C0_CKMC_ESR_v10_0_oxygenless,9.739274051473021,161.66792384108544,25.0,10.0,1.0,1959.3242412058705,raw_data/run_4691.csv,raw_data/run_4691.json
4692,optimum,2026-09-26 22:10,KAUST2023_N2_C0_CKMC_ESR_v10_0_oxygenless,14.499659946406236,194.51519015940588,25.0,10.0,2.0,1669.5729132903937,raw_data/run_4692.csv,raw_data/run_4692.json
4693,optimum,2026-09-26 22:10,KAUST2023_N2_C0_CKMC_ESR_v10_0_oxygenless,15.49977941194659,185.3859467791836,25.0,10.0,3.0,1546.8491371701175,raw_data/run_4693.csv,raw_data/run_4693.json
4694,optimum,2026-09-26 22:10,KAUST2023_N2_C0_CKMC_ESR_v10_0_oxygenless,8.882687183412472,110.39624483018036,25.0,0.6500000000000001,4.0,1857.4881256216916,raw_data/run_4694.csv,raw_data/run_4694.json
4695,optimum,2026-09-26 22:10,KAUST2023_N2_C0_CKMC_ESR_v10_0_oxygenless,8.994189127828713,105.27476574408462,25.0,10.0,4.0,1549.1923844379783,raw_data/run_4695.csv,raw_data/run_4695.json
4696,optimum,2026-09-26 22:10,KAUST2023_N2_C0_CKMC_ESR_v10_0_oxygenless,10.391497278919383,103.55819568921108,25.0,10.0,5.0,1523.673319860989,raw_data/run_4696.csv,raw_data/run_4696.json
4697,optimum,2026-09-26 22:10,KAUST2023_N2_C0_CKMC_ESR_v10_0_oxygenless,15.626988582290174,78.00214044643317,25.0,10.0,10.0,1685.5795158403932,raw_data/run_4697.csv,raw_data/run_4697.json
4698,optimum,2026-09-26 22:10,KAUST2023_N2_C0_CKMC_ESR_v10_0_oxygenless,25.378533437102487,46.088617018151375,25.0,10.0,20.0,1893.9694688675158,raw_data/run_4698.csv,raw_data/run_4698.json
4699,optimum,2026-09-26 22:10,KAUST2023_N2_C0_CKMC_ESR_v10_0_oxygenless,56.136448117023626,26.167771245070174,25.0,10.0,50.0,2180.252086225101,raw_data/run_4699.csv,raw_data/run_4699.json
4700,optimum,2026-09-26 22:10,KAUST2023_N2_C0_CKMC_ESR_v10_0_oxygenless,107.1359531519812,17.59660920642791,25.0,10.0,100.0,2432.3110681074054,raw_data/run_4700.csv,raw_data/run_4700.json
4701,optimum,2026-09-26 22:10,KAUST2023_N2_C0_CKMC_ESR_v10_0_oxygenless,12.855776644187562,159.76304243833846,30.0,10.0,1.0,1988.161833481328,raw_data/run_4701.csv,raw_data/run_4701.json
4702,optimum,2026-09-26 22:10,KAUST2023_N2_C0_CKMC_ESR_v10_0_oxygenless,16.998070830171766,176.92718132652192,30.0,10.0,2.0,1713.4669493044598,raw_data/run_4702.csv,raw_data/run_4702.json
4703,optimum,2026-09-26 22:10,KAUST2023_N2_C0_CKMC_ESR_v10_0_oxygenless,17.999996691395317,168.4644496874448,30.0,10.0,3.0,1592.217549900445,raw_data/run_4703.csv,raw_data/run_4703.json
4704,optimum,2026-09-26 22:10,KAUST2023_N2_C0_CKMC_ESR_v10_0_oxygenless,18.999884445255855,161.30383822751435,30.0,10.0,4.0,1583.5388167565716,raw_data/run_4704.csv,raw_data/run_4704.json
4705,optimum,2026-09-26 22:10,KAUST2023_N2_C0_CKMC_ESR_v10_0_oxygenless,10.301422573847477,108.40878510114281,25.0,0.6500000000000001,5.0,1859.557230126051,raw_data/run_4705.csv,raw_data/run_4705.json
4706,optimum,2026-09-26 22:10,KAUST2023_N2_C0_CKMC_ESR_v10_0_oxygenless,10.934019125213192,90.94651499490455,30.0,10.0,5.0,1593.261966858527,raw_data/run_4706.csv,raw_data/run_4706.json
4707,optimum,2026-09-26 22:10,KAUST2023_N2_C0_CKMC_ESR_v10_0_oxygenless,16.00367986780264,67.9938726315696,30.0,10.0,10.0,1743.6177366464758,raw_data/run_4707.csv,raw_data/run_4707.json
4708,optimum,2026-09-26 22:10,KAUST2023_N2_C0_CKMC_ESR_v10_0_oxygenless,26.0271193820836,42.479268180884674,30.0,10.0,20.0,1972.051825158329,raw_data/run_4708.csv,raw_data/run_4708.json
4709,optimum,2026-09-26 22:10,KAUST2023_N2_C0_CKMC_ESR_v10_0_oxygenless,56.813399798863465,24.072110300064374,30.0,10.0,50.0,2284.111375054283,raw_data/run_4709.csv,raw_data/run_4709.json
4710,optimum,2026-09-26 22:10,KAUST2023_N2_C0_CKMC_ESR_v10_0_oxygenless,107.91353426511655,16.218069891886817,30.0,10.0,100.0,2557.457627449764,raw_data/run_4710.csv,raw_data/run_4710.json
4711,optimum,2026-09-26 22:10,KAUST2023_N2_C0_CKMC_ESR_v10_0_oxygenless,25.788215687483024,147.62035023303196,50.0,10.0,1.0,2105.5294885464195,raw_data/run_4711.csv,raw_data/run_4711.json
4712,optimum,2026-09-26 22:10,KAUST2023_N2_C0_CKMC_ESR_v10_0_oxygenless,26.997875576079423,137.00505876484968,50.0,10.0,2.0,1857.0365070258729,raw_data/run_4712.csv,raw_data/run_4712.json
4713,optimum,2026-09-26 22:10,KAUST2023_N2_C0_CKMC_ESR_v10_0_oxygenless,27.999985667575253,129.5346854304034,50.0,10.0,3.0,1743.2925292870705,raw_data/run_4713.csv,raw_data/run_4713.json
4714,optimum,2026-09-26 22:10,KAUST2023_N2_C0_CKMC_ESR_v10_0_oxygenless,28.996318616358003,123.76350846203226,50.0,10.0,4.0,1723.2613514635823,raw_data/run_4714.csv,raw_data/run_4714.json
4715,optimum,2026-09-26 22:10,KAUST2023_N2_C0_CKMC_ESR_v10_0_oxygenless,29.995931706392433,119.0034126963223,50.0,10.0,5.0,1758.5413558491941,raw_data/run_4715.csv,raw_data/run_4715.json
4716,optimum,2026-09-26 22:10,KAUST2023_N2_C0_CKMC_ESR_v10_0_oxygenless,14.777213408333328,70.94778579100021,25.0,0.6500000000000001,10.0,2060.8219307507406,raw_data/run_4716.csv,raw_data/run_4716.json
4717,optimum,2026-09-26 22:10,KAUST2023_N2_C0_CKMC_ESR_v10_0_oxygenless,19.556435507766075,56.918776832568476,50.0,10.0,10.0,1941.6134789203115,raw_data/run_4717.csv,raw_data/run_4717.json
4718,optimum,2026-09-26 22:10,KAUST2023_N2_C0_CKMC_ESR_v10_0_oxygenless,28.304015310301917,33.94867520510604,50.0,10.0,20.0,2226.270886592836,raw_data/run_4718.csv,raw_data/run_4718.json
4719,optimum,2026-09-26 22:10,KAUST2023_N2_C0_CKMC_ESR_v10_0_oxygenless,59.216326202726655,19.17136458400529,50.0,10.0,50.0,2626.915343327213,raw_data/run_4719.csv,raw_data/run_4719.json
4720,optimum,2026-09-26 22:10,KAUST2023_N2_C0_CKMC_ESR_v10_0_oxygenless,110.67190201999097,13.002908577347036,50.0,10.0,100.0,2969.900404368931,raw_data/run_4720.csv,raw_data/run_4720.json
4721,optimum,2026-09-26 22:10,KAUST2023_N2_C0_CKMC_ESR_v10_0_oxygenless,50.98077935219873,111.43491922533765,100.0,10.0,1.0,2408.84891978126,raw_data/run_4721.csv,raw_data/run_4721.json
4722,optimum,2026-09-26 22:10,KAUST2023_N2_C0_CKMC_ESR_v10_0_oxygenless,51.95022042264933,99.14465844042398,100.0,10.0,2.0,2159.267229076818,raw_data/run_4722.csv,raw_data/run_4722.json
4723,optimum,2026-09-26 22:10,KAUST2023_N2_C0_CKMC_ESR_v10_0_oxygenless,49.943424347934865,88.96876336872309,100.0,10.0,3.0,2050.2344254182535,raw_data/run_4723.csv,raw_data/run_4723.json
4724,optimum,2026-09-26 22:10,KAUST2023_N2_C0_CKMC_ESR_v10_0_oxygenless,46.37615135097934,79.75780210012647,100.0,10.0,4.0,2014.5598979325637,raw_data/run_4724.csv,raw_data/run_4724.json
4725,optimum,2026-09-26 22:10,KAUST2023_N2_C0_CKMC_ESR_v10_0_oxygenless,43.876404305953294,73.16976652517042,100.0,10.0,5.0,2023.8955328517711,raw_data/run_4725.csv,raw_data/run_4725.json
4726,optimum,2026-09-26 22:10,KAUST2023_N2_C0_CKMC_ESR_v10_0_oxygenless,25.25027214570327,37.71622877085324,100.0,10.0,10.0,2302.1535867237526,raw_data/run_4726.csv,raw_data/run_4726.json
4727,optimum,2026-09-26 22:10,KAUST2023_N2_C0_CKMC_ESR_v10_0_oxygenless,24.909512890866157,44.43339721041899,25.0,0.6500000000000001,20.0,2284.291820326256,raw_data/run_4727.csv,raw_data/run_4727.json
4728,optimum,2026-09-26 22:10,KAUST2023_N2_C0_CKMC_ESR_v10_0_oxygenless,33.656036403093296,25.567120070375697,100.0,10.0,20.0,2672.337820959652,raw_data/run_4728.csv,raw_data/run_4728.json
4729,optimum,2026-09-26 22:10,KAUST2023_N2_C0_CKMC_ESR_v10_0_oxygenless,64.24399231264186,14.303483874485414,100.0,10.0,50.0,3234.1145039041794,raw_data/run_4729.csv,raw_data/run_4729.json
4730,optimum,2026-09-26 22:10,KAUST2023_N2_C0_CKMC_ESR_v10_0_oxygenless,116.22381035479222,9.705801191039221,100.0,10.0,100.0,3698.8737102132072,raw_data/run_4730.csv,raw_data/run_4730.json
4731,optimum,2026-09-26 22:10,KAUST2023_N2_C0_CKMC_ESR_v10_0_oxygenless,94.0389155664641,80.51303835892877,200.0,10.0,1.0,3003.6073004540053,raw_data/run_4731.csv,raw_data/run_4731.json
4732,optimum,2026-09-26 22:10,KAUST2023_N2_C0_CKMC_ESR_v10_0_oxygenless,86.44550606615758,65.29877357578104,200.0,10.0,2.0,2703.430674516876,raw_data/run_4732.csv,raw_data/run_4732.json
4733,optimum,2026-09-26 22:10,KAUST2023_N2_C0_CKMC_ESR_v10_0_oxygenless,80.24250345469028,56.93456893429877,200.0,10.0,3.0,2564.7565560516873,raw_data/run_4733.csv,raw_data/run_4733.json
4734,optimum,2026-09-26 22:10,KAUST2023_N2_C0_CKMC_ESR_v10_0_oxygenless,74.88881939223664,51.16678710990369,200.0,10.0,4.0,2498.0255179969727,raw_data/run_4734.csv,raw_data/run_4734.json
4735,optimum,2026-09-26 22:10,KAUST2023_N2_C0_CKMC_ESR_v10_0_oxygenless,70.44848204289093,46.87065057433849,200.0,10.0,5.0,2474.9607368431357,raw_data/run_4735.csv,raw_data/run_4735.json
4736,optimum,2026-09-26 22:10,KAUST2023_N2_C0_CKMC_ESR_v10_0_oxygenless,61.36040920017686,36.15255820974846,200.0,10.0,10.0,2686.8607458075644,raw_data/run_4736.csv,raw_data/run_4736.json
4737,optimum,2026-09-26 22:10,KAUST2023_N2_C0_CKMC_ESR_v10_0_oxygenless,44.89612132124532,19.50897407286314,200.0,10.0,20.0,3247.0607060772168,raw_data/run_4737.csv,raw_data/run_4737.json
4738,optimum,2026-09-26 22:10,KAUST2023_N2_C0_CKMC_ESR_v10_0_oxygenless,55.70139726681386,25.534323162096562,25.0,0.6500000000000001,50.0,2599.37714720267,raw_data/run_4738.csv,raw_data/run_4738.json
4739,optimum,2026-09-26 22:10,KAUST2023_N2_C0_CKMC_ESR_v10_0_oxygenless,72.90457751461443,10.843279593512253,200.0,10.0,50.0,4034.879733758982,raw_data/run_4739.csv,raw_data/run_4739.json
4740,optimum,2026-09-26 22:10,KAUST2023_N2_C0_CKMC_ESR_v10_0_oxygenless,125.03357863826635,7.282262995675512,200.0,10.0,100.0,4658.624936227786,raw_data/run_4740.csv,raw_data/run_4740.json
4741,optimum,2026-09-26 22:10,KAUST2023_N2_C0_CKMC_ESR_v10_0_oxygenless,2.389630150843834,143.14502378868286,10.0,50.0,1.0,2130.8986822909446,raw_data/run_4741.csv,raw_data/run_4741.json
4742,optimum,2026-09-26 22:10,KAUST2023_N2_C0_CKMC_ESR_v10_0_oxygenless,6.999969325440593,313.60950875819964,10.0,50.0,2.0,1592.2199109519854,raw_data/run_4742.csv,raw_data/run_4742.json
4743,optimum,2026-09-26 22:10,KAUST2023_N2_C0_CKMC_ESR_v10_0_oxygenless,6.439553951305938,232.39829649109603,10.0,50.0,3.0,1407.4512725457027,raw_data/run_4743.csv,raw_data/run_4743.json
4744,optimum,2026-09-26 22:10,KAUST2023_N2_C0_CKMC_ESR_v10_0_oxygenless,8.020950789875034,234.06898964632143,10.0,50.0,4.0,1336.3881111639835,raw_data/run_4744.csv,raw_data/run_4744.json
4745,optimum,2026-09-26 22:10,KAUST2023_N2_C0_CKMC_ESR_v10_0_oxygenless,9.635791957260157,236.02931857310188,10.0,50.0,5.0,1345.4340672802261,raw_data/run_4745.csv,raw_data/run_4745.json
4746,optimum,2026-09-26 22:10,KAUST2023_N2_C0_CKMC_ESR_v10_0_oxygenless,14.171367812687812,149.82040190993325,10.0,50.0,10.0,1519.2745952245857,raw_data/run_4746.csv,raw_data/run_4746.json
4747,optimum,2026-09-26 22:10,KAUST2023_N2_C0_CKMC_ESR_v10_0_oxygenless,24.019935558174033,87.03177614168241,10.0,50.0,20.0,1688.1117977565734,raw_data/run_4747.csv,raw_data/run_4747.json
4748,optimum,2026-09-26 22:10,KAUST2023_N2_C0_CKMC_ESR_v10_0_oxygenless,54.58188572986337,47.9476937282936,10.0,50.0,50.0,1917.7786094288397,raw_data/run_4748.csv,raw_data/run_4748.json
4749,optimum,2026-09-26 22:10,KAUST2023_N2_C0_CKMC_ESR_v10_0_oxygenless,106.64139609326074,17.21985124417102,25.0,0.6500000000000001,100.0,2877.8122444850687,raw_data/run_4749.csv,raw_data/run_4749.json
4750,optimum,2026-09-26 22:10,KAUST2023_N2_C0_CKMC_ESR_v10_0_oxygenless,104.99977421380389,29.78041802328104,10.0,50.0,100.0,2122.1640192962427,raw_data/run_4750.csv,raw_data/run_4750.json
4751,optimum,2026-09-26 22:10,KAUST2023_N2_C0_CKMC_ESR_v10_0_oxygenless,10.999119700803934,223.73474927506447,20.0,50.0,1.0,2304.759375497552,raw_data/run_4751.csv,raw_data/run_4751.json
4752,optimum,2026-09-26 22:10,KAUST2023_N2_C0_CKMC_ESR_v10_0_oxygenless,11.99974504667867,214.7144040426741,20.0,50.0,2.0,1833.8205846447904,raw_data/run_4752.csv,raw_data/run_4752.json
4753,optimum,2026-09-26 22:10,KAUST2023_N2_C0_CKMC_ESR_v10_0_oxygenless,12.999942250723654,205.33809868112866,20.0,50.0,3.0,1641.6616033191203,raw_data/run_4753.csv,raw_data/run_4753.json
4754,optimum,2026-09-26 22:10,KAUST2023_N2_C0_CKMC_ESR_v10_0_oxygenless,13.999925650216314,196.4256112165272,20.0,50.0,4.0,1602.3304479399035,raw_data/run_4754.csv,raw_data/run_4754.json
4755,optimum,2026-09-26 22:10,KAUST2023_N2_C0_CKMC_ESR_v10_0_oxygenless,10.73234346375807,132.77459991657875,20.0,50.0,5.0,1575.037273485522,raw_data/run_4755.csv,raw_data/run_4755.json
4756,optimum,2026-09-26 22:10,KAUST2023_N2_C0_CKMC_ESR_v10_0_oxygenless,15.971254724233905,99.73194776812217,20.0,50.0,10.0,1731.376219702311,raw_data/run_4756.csv,raw_data/run_4756.json
4757,optimum,2026-09-26 22:10,KAUST2023_N2_C0_CKMC_ESR_v10_0_oxygenless,25.79484755245626,59.91002349253886,20.0,50.0,20.0,1957.2726662526316,raw_data/run_4757.csv,raw_data/run_4757.json
4758,optimum,2026-09-26 22:10,KAUST2023_N2_C0_CKMC_ESR_v10_0_oxygenless,56.54215667654157,33.52150595141262,20.0,50.0,50.0,2262.558918677256,raw_data/run_4758.csv,raw_data/run_4758.json
4759,optimum,2026-09-26 22:10,KAUST2023_N2_C0_CKMC_ESR_v10_0_oxygenless,107.59881325840607,22.40668239418496,20.0,50.0,100.0,2530.7474588186024,raw_data/run_4759.csv,raw_data/run_4759.json
4760,optimum,2026-09-26 22:10,KAUST2023_N2_C0_CKMC_ESR_v10_0_oxygenless,10.550511910259225,151.11443407521645,30.0,0.6500000000000001,1.0,2286.402805059157,raw_data/run_4760.csv,raw_data/run_4760.json
4761,optimum,2026-09-26 22:10,KAUST2023_N2_C0_CKMC_ESR_v10_0_oxygenless,13.499667072855758,199.920967064925,25.0,50.0,1.0,2360.5818713249187,raw_data/run_4761.csv,raw_data/run_4761.json
4762,optimum,2026-09-26 22:10,KAUST2023_N2_C0_CKMC_ESR_v10_0_oxygenless,14.499537205567213,190.69915720741406,25.0,50.0,2.0,1916.4741573854428,raw_data/run_4762.csv,raw_data/run_4762.json
4763,optimum,2026-09-26 22:10,KAUST2023_N2_C0_CKMC_ESR_v10_0_oxygenless,15.499876181770984,182.23986734110522,25.0,50.0,3.0,1720.020264949954,raw_data/run_4763.csv,raw_data/run_4763.json
4764,optimum,2026-09-26 22:10,KAUST2023_N2_C0_CKMC_ESR_v10_0_oxygenless,16.499521377428493,174.65075832539495,25.0,50.0,4.0,1673.4671216457834,raw_data/run_4764.csv,raw_data/run_4764.json
4765,optimum,2026-09-26 22:10,KAUST2023_N2_C0_CKMC_ESR_v10_0_oxygenless,11.508546429568806,113.98299572582388,25.0,50.0,5.0,1680.2275970433448,raw_data/run_4765.csv,raw_data/run_4765.json
4766,optimum,2026-09-26 22:10,KAUST2023_N2_C0_CKMC_ESR_v10_0_oxygenless,16.444624742942644,83.97122010265615,25.0,50.0,10.0,1817.559634692682,raw_data/run_4766.csv,raw_data/run_4766.json
4767,optimum,2026-09-26 22:10,KAUST2023_N2_C0_CKMC_ESR_v10_0_oxygenless,26.590217227025096,53.64735427305521,25.0,50.0,20.0,2062.4916011900527,raw_data/run_4767.csv,raw_data/run_4767.json
4768,optimum,2026-09-26 22:10,KAUST2023_N2_C0_CKMC_ESR_v10_0_oxygenless,57.41841491542059,30.134824416389034,25.0,50.0,50.0,2399.981721265542,raw_data/run_4768.csv,raw_data/run_4768.json
4769,optimum,2026-09-26 22:10,KAUST2023_N2_C0_CKMC_ESR_v10_0_oxygenless,108.61608575779772,20.207401277085552,25.0,50.0,100.0,2695.371117882909,raw_data/run_4769.csv,raw_data/run_4769.json
4770,optimum,2026-09-26 22:10,KAUST2023_N2_C0_CKMC_ESR_v10_0_oxygenless,15.998526802051554,182.98339308491666,30.0,50.0,1.0,2414.997455448585,raw_data/run_4770.csv,raw_data/run_4770.json
4771,optimum,2026-09-26 22:10,KAUST2023_N2_C0_CKMC_ESR_v10_0_oxygenless,16.99819810989296,190.12946491517704,30.0,0.6500000000000001,2.0,2004.4495976281212,raw_data/run_4771.csv,raw_data/run_4771.json
4772,optimum,2026-09-26 22:10,KAUST2023_N2_C0_CKMC_ESR_v10_0_oxygenless,16.99991161631454,173.38449887332658,30.0,50.0,2.0,1987.4193543949812,raw_data/run_4772.csv,raw_data/run_4772.json
4773,optimum,2026-09-26 22:10,KAUST2023_N2_C0_CKMC_ESR_v10_0_oxygenless,17.9998537203402,165.4640579903069,30.0,50.0,3.0,1789.2627538515505,raw_data/run_4773.csv,raw_data/run_4773.json
4774,optimum,2026-09-26 22:10,KAUST2023_N2_C0_CKMC_ESR_v10_0_oxygenless,18.999896939408536,158.6623431731359,30.0,50.0,4.0,1734.984753196314,raw_data/run_4774.csv,raw_data/run_4774.json
4775,optimum,2026-09-26 22:10,KAUST2023_N2_C0_CKMC_ESR_v10_0_oxygenless,19.999890632250953,152.64808862296542,30.0,50.0,5.0,1755.0405999243003,raw_data/run_4775.csv,raw_data/run_4775.json
4776,optimum,2026-09-26 22:10,KAUST2023_N2_C0_CKMC_ESR_v10_0_oxygenless,17.06772510340782,74.52716806993642,30.0,50.0,10.0,1901.4310338737323,raw_data/run_4776.csv,raw_data/run_4776.json
4777,optimum,2026-09-26 22:10,KAUST2023_N2_C0_CKMC_ESR_v10_0_oxygenless,27.366138514122973,49.33002087233801,30.0,50.0,20.0,2155.8796386874537,raw_data/run_4777.csv,raw_data/run_4777.json
4778,optimum,2026-09-26 22:10,KAUST2023_N2_C0_CKMC_ESR_v10_0_oxygenless,58.23546027462118,27.67184423953362,30.0,50.0,50.0,2523.375548557184,raw_data/run_4778.csv,raw_data/run_4778.json
4779,optimum,2026-09-26 22:10,KAUST2023_N2_C0_CKMC_ESR_v10_0_oxygenless,109.55564738302017,18.576736050087874,30.0,50.0,100.0,2843.305483026576,raw_data/run_4779.csv,raw_data/run_4779.json
4780,optimum,2026-09-26 22:10,KAUST2023_N2_C0_CKMC_ESR_v10_0_oxygenless,25.998805642990057,144.59186745552336,50.0,50.0,1.0,2621.569897772463,raw_data/run_4780.csv,raw_data/run_4780.json
4781,optimum,2026-09-26 22:10,KAUST2023_N2_C0_CKMC_ESR_v10_0_oxygenless,26.99895200700538,133.96547789740842,50.0,50.0,2.0,2214.9051436105065,raw_data/run_4781.csv,raw_data/run_4781.json
4782,optimum,2026-09-26 22:10,KAUST2023_N2_C0_CKMC_ESR_v10_0_oxygenless,17.999848511518884,179.7145068762333,30.0,0.6500000000000001,3.0,1910.1000239930393,raw_data/run_4782.csv,raw_data/run_4782.json
4783,optimum,2026-09-26 22:10,KAUST2023_N2_C0_CKMC_ESR_v10_0_oxygenless,27.999648734238747,126.97180233653293,50.0,50.0,3.0,2016.5862070015983,raw_data/run_4783.csv,raw_data/run_4783.json
4784,optimum,2026-09-26 22:10,KAUST2023_N2_C0_CKMC_ESR_v10_0_oxygenless,28.99988946503855,121.50692004407901,50.0,50.0,4.0,1944.1069120812663,raw_data/run_4784.csv,raw_data/run_4784.json
4785,optimum,2026-09-26 22:10,KAUST2023_N2_C0_CKMC_ESR_v10_0_oxygenless,29.99817015595915,116.96632204497931,50.0,50.0,5.0,1943.81971782594,raw_data/run_4785.csv,raw_data/run_4785.json
4786,optimum,2026-09-26 22:10,KAUST2023_N2_C0_CKMC_ESR_v10_0_oxygenless,21.403404512567114,62.1489818771288,50.0,50.0,10.0,2125.9467050467124,raw_data/run_4786.csv,raw_data/run_4786.json
4787,optimum,2026-09-26 22:10,KAUST2023_N2_C0_CKMC_ESR_v10_0_oxygenless,30.284702800037913,39.454519930059426,50.0,50.0,20.0,2462.8401041485818,raw_data/run_4787.csv,raw_data/run_4787.json
4788,optimum,2026-09-26 22:10,KAUST2023_N2_C0_CKMC_ESR_v10_0_oxygenless,61.21587561973819,21.98299935508083,50.0,50.0,50.0,2930.135064243443,raw_data/run_4788.csv,raw_data/run_4788.json
4789,optimum,2026-09-26 22:10,KAUST2023_N2_C0_CKMC_ESR_v10_0_oxygenless,112.93289219059582,14.825450323711717,50.0,50.0,100.0,3330.435466403419,raw_data/run_4789.csv,raw_data/run_4789.json
4790,optimum,2026-09-26 22:10,KAUST2023_N2_C0_CKMC_ESR_v10_0_oxygenless,50.99879553032655,108.26254919550092,100.0,50.0,1.0,3072.172672975125,raw_data/run_4790.csv,raw_data/run_4790.json
4791,optimum,2026-09-26 22:10,KAUST2023_N2_C0_CKMC_ESR_v10_0_oxygenless,51.999526399138496,96.80445559221268,100.0,50.0,2.0,2651.621470336557,raw_data/run_4791.csv,raw_data/run_4791.json
4792,optimum,2026-09-26 22:10,KAUST2023_N2_C0_CKMC_ESR_v10_0_oxygenless,52.99972882763282,90.41599831684941,100.0,50.0,3.0,2451.8073655715257,raw_data/run_4792.csv,raw_data/run_4792.json
4793,optimum,2026-09-26 22:10,KAUST2023_N2_C0_CKMC_ESR_v10_0_oxygenless,7.670527372694335,236.3603905151002,10.0,0.6500000000000001,4.0,1582.9476402819032,raw_data/run_4793.csv,raw_data/run_4793.json
4794,optimum,2026-09-26 22:11,KAUST2023_N2_C0_CKMC_ESR_v10_0_oxygenless,9.647905104691407,100.02891736265462,30.0,0.6500000000000001,4.0,1935.0586848418225,raw_data/run_4794.csv,raw_data/run_4794.json
4795,optimum,2026-09-26 22:11,KAUST2023_N2_C0_CKMC_ESR_v10_0_oxygenless,53.99955021088597,85.83575143843262,100.0,50.0,4.0,2363.129808052019,raw_data/run_4795.csv,raw_data/run_4795.json
4796,optimum,2026-09-26 22:11,KAUST2023_N2_C0_CKMC_ESR_v10_0_oxygenless,54.99999200367076,82.30893834980509,100.0,50.0,5.0,2339.5100059535876,raw_data/run_4796.csv,raw_data/run_4796.json
4797,optimum,2026-09-26 22:11,KAUST2023_N2_C0_CKMC_ESR_v10_0_oxygenless,49.682839297370265,63.260114670721244,100.0,50.0,10.0,2619.1012139619106,raw_data/run_4797.csv,raw_data/run_4797.json
4798,optimum,2026-09-26 22:11,KAUST2023_N2_C0_CKMC_ESR_v10_0_oxygenless,36.73005379021298,28.5300759630842,100.0,50.0,20.0,3001.474130809457,raw_data/run_4798.csv,raw_data/run_4798.json
4799,optimum,2026-09-26 22:11,KAUST2023_N2_C0_CKMC_ESR_v10_0_oxygenless,67.55160806524047,16.30711385083128,100.0,50.0,50.0,3653.090178340617,raw_data/run_4799.csv,raw_data/run_4799.json
4800,optimum,2026-09-26 22:11,KAUST2023_N2_C0_CKMC_ESR_v10_0_oxygenless,119.87410939389378,11.039345504474339,100.0,50.0,100.0,4194.822664292377,raw_data/run_4800.csv,raw_data/run_4800.json
4801,optimum,2026-09-26 22:11,KAUST2023_N2_C0_CKMC_ESR_v10_0_oxygenless,100.99433831889623,82.83025102422496,200.0,50.0,1.0,3849.9679557486093,raw_data/run_4801.csv,raw_data/run_4801.json
4802,optimum,2026-09-26 22:11,KAUST2023_N2_C0_CKMC_ESR_v10_0_oxygenless,101.99844761409676,71.7551096090501,200.0,50.0,2.0,3381.717108299441,raw_data/run_4802.csv,raw_data/run_4802.json
4803,optimum,2026-09-26 22:11,KAUST2023_N2_C0_CKMC_ESR_v10_0_oxygenless,102.97071335177569,65.81346835281697,200.0,50.0,3.0,3169.9722531555076,raw_data/run_4803.csv,raw_data/run_4803.json
4804,optimum,2026-09-26 22:11,KAUST2023_N2_C0_CKMC_ESR_v10_0_oxygenless,101.63480246692836,60.956408775260066,200.0,50.0,4.0,3066.8259221079898,raw_data/run_4804.csv,raw_data/run_4804.json
4805,optimum,2026-09-26 22:11,KAUST2023_N2_C0_CKMC_ESR_v10_0_oxygenless,10.750604895264132,94.53414842861537,30.0,0.6500000000000001,5.0,1926.7469209529477,raw_data/run_4805.csv,raw_data/run_4805.json
4806,optimum,2026-09-26 22:11,KAUST2023_N2_C0_CKMC_ESR_v10_0_oxygenless,95.06526877920624,55.32175582071394,200.0,50.0,5.0,3017.633724444917,raw_data/run_4806.csv,raw_data/run_4806.json
4807,optimum,2026-09-26 22:11,KAUST2023_N2_C0_CKMC_ESR_v10_0_oxygenless,78.95271647142314,41.212560852129755,200.0,50.0,10.0,3132.1026087528903,raw_data/run_4807.csv,raw_data/run_4807.json
4808,optimum,2026-09-26 22:11,KAUST2023_N2_C0_CKMC_ESR_v10_0_oxygenless,51.473241260066644,21.78460395536502,200.0,50.0,20.0,3712.5987296530866,raw_data/run_4808.csv,raw_data/run_4808.json
4809,optimum,2026-09-26 22:11,KAUST2023_N2_C0_CKMC_ESR_v10_0_oxygenless,78.70655978433018,12.406936555500987,200.0,50.0,50.0,4612.711405928736,raw_data/run_4809.csv,raw_data/run_4809.json
4810,optimum,2026-09-26 22:11,KAUST2023_N2_C0_CKMC_ESR_v10_0_oxygenless,131.2837265163589,8.316527963526653,200.0,50.0,100.0,5347.03047257442,raw_data/run_4810.csv,raw_data/run_4810.json
4811,optimum,2026-09-26 22:11,KAUST2023_N2_C0_CKMC_ESR_v10_0_oxygenless,15.578945424664285,67.20182362822013,30.0,0.6500000000000001,10.0,2130.458407087881,raw_data/run_4811.csv,raw_data/run_4811.json
4812,optimum,2026-09-26 22:11,KAUST2023_N2_C0_CKMC_ESR_v10_0_oxygenless,25.495743794614775,40.88159530327967,30.0,0.6500000000000001,20.0,2372.3948436014753,raw_data/run_4812.csv,raw_data/run_4812.json
4813,optimum,2026-09-26 22:11,KAUST2023_N2_C0_CKMC_ESR_v10_0_oxygenless,56.32107088170139,23.503420701032468,30.0,0.6500000000000001,50.0,2714.616369345589,raw_data/run_4813.csv,raw_data/run_4813.json
4814,optimum,2026-09-26 22:11,KAUST2023_N2_C0_CKMC_ESR_v10_0_oxygenless,107.35689075643506,15.879257007401755,30.0,0.6500000000000001,100.0,3016.2922383406044,raw_data/run_4814.csv,raw_data/run_4814.json
4815,optimum,2026-09-26 22:11,KAUST2023_N2_C0_CKMC_ESR_v10_0_oxygenless,19.569441175515916,130.68573347693,50.0,0.6500000000000001,1.0,2427.2218833746706,raw_data/run_4815.csv,raw_data/run_4815.json
4816,optimum,2026-09-26 22:11,KAUST2023_N2_C0_CKMC_ESR_v10_0_oxygenless,26.990827596234016,147.52902605208297,50.0,0.6500000000000001,2.0,2176.025143113997,raw_data/run_4816.csv,raw_data/run_4816.json
4817,optimum,2026-09-26 22:11,KAUST2023_N2_C0_CKMC_ESR_v10_0_oxygenless,27.3503333598531,136.5507798382241,50.0,0.6500000000000001,3.0,2080.441397998986,raw_data/run_4817.csv,raw_data/run_4817.json
4818,optimum,2026-09-26 22:11,KAUST2023_N2_C0_CKMC_ESR_v10_0_oxygenless,25.716168970935634,122.52533620699877,50.0,0.6500000000000001,4.0,2087.4721606878475,raw_data/run_4818.csv,raw_data/run_4818.json
4819,optimum,2026-09-26 22:11,KAUST2023_N2_C0_CKMC_ESR_v10_0_oxygenless,9.122702700892354,232.7477821287493,10.0,0.6500000000000001,5.0,1635.8961603598725,raw_data/run_4819.csv,raw_data/run_4819.json
4820,optimum,2026-09-26 22:11,KAUST2023_N2_C0_CKMC_ESR_v10_0_oxygenless,24.62962114710365,111.9343023202975,50.0,0.6500000000000001,5.0,2150.3419105573576,raw_data/run_4820.csv,raw_data/run_4820.json
4821,optimum,2026-09-26 22:11,KAUST2023_N2_C0_CKMC_ESR_v10_0_oxygenless,17.507168142279212,50.051449159405465,50.0,0.6500000000000001,10.0,2353.684726594883,raw_data/run_4821.csv,raw_data/run_4821.json
4822,optimum,2026-09-26 22:11,KAUST2023_N2_C0_CKMC_ESR_v10_0_oxygenless,27.559639363516425,32.60661966662185,50.0,0.6500000000000001,20.0,2659.0536999716023,raw_data/run_4822.csv,raw_data/run_4822.json
4823,optimum,2026-09-26 22:11,KAUST2023_N2_C0_CKMC_ESR_v10_0_oxygenless,58.51715979686034,18.746242079912825,50.0,0.6500000000000001,50.0,3094.607862433426,raw_data/run_4823.csv,raw_data/run_4823.json
4824,optimum,2026-09-26 22:11,KAUST2023_N2_C0_CKMC_ESR_v10_0_oxygenless,109.8869583055307,12.740934974446278,50.0,0.6500000000000001,100.0,3471.647360393751,raw_data/run_4824.csv,raw_data/run_4824.json
4825,optimum,2026-09-26 22:11,KAUST2023_N2_C0_CKMC_ESR_v10_0_oxygenless,40.00817220397141,100.19750246958465,100.0,0.6500000000000001,1.0,2796.523859332098,raw_data/run_4825.csv,raw_data/run_4825.json
4826,optimum,2026-09-26 22:11,KAUST2023_N2_C0_CKMC_ESR_v10_0_oxygenless,39.71455696928902,88.78935083674894,100.0,0.6500000000000001,2.0,2526.7326949360454,raw_data/run_4826.csv,raw_data/run_4826.json
4827,optimum,2026-09-26 22:11,KAUST2023_N2_C0_CKMC_ESR_v10_0_oxygenless,38.60881201803184,80.84404753967935,100.0,0.6500000000000001,3.0,2414.5711477728873,raw_data/run_4827.csv,raw_data/run_4827.json
4828,optimum,2026-09-26 22:11,KAUST2023_N2_C0_CKMC_ESR_v10_0_oxygenless,37.000569185780286,74.09752557762485,100.0,0.6500000000000001,4.0,2388.772059706829,raw_data/run_4828.csv,raw_data/run_4828.json
4829,optimum,2026-09-26 22:11,KAUST2023_N2_C0_CKMC_ESR_v10_0_oxygenless,35.79827387299798,68.86513017042438,100.0,0.6500000000000001,5.0,2416.7570009009637,raw_data/run_4829.csv,raw_data/run_4829.json
4830,optimum,2026-09-26 22:11,KAUST2023_N2_C0_CKMC_ESR_v10_0_oxygenless,13.099664038975275,121.2228933499455,10.0,0.6500000000000001,10.0,1792.5171738229667,raw_data/run_4830.csv,raw_data/run_4830.json
4831,optimum,2026-09-26 22:11,KAUST2023_N2_C0_CKMC_ESR_v10_0_oxygenless,23.757587930753704,37.48494095549021,100.0,0.6500000000000001,10.0,2733.2281527125606,raw_data/run_4831.csv,raw_data/run_4831.json
4832,optimum,2026-09-26 22:11,KAUST2023_N2_C0_CKMC_ESR_v10_0_oxygenless,32.074122146446804,24.3576518051784,100.0,0.6500000000000001,20.0,3157.0564007937,raw_data/run_4832.csv,raw_data/run_4832.json
4833,optimum,2026-09-26 22:11,KAUST2023_N2_C0_CKMC_ESR_v10_0_oxygenless,63.071259443383376,13.98219747130411,100.0,0.6500000000000001,50.0,3765.569149068136,raw_data/run_4833.csv,raw_data/run_4833.json
4834,optimum,2026-09-26 22:11,KAUST2023_N2_C0_CKMC_ESR_v10_0_oxygenless,114.92237250509588,9.503896912271944,100.0,0.6500000000000001,100.0,4272.987353745098,raw_data/run_4834.csv,raw_data/run_4834.json
4835,optimum,2026-09-26 22:11,KAUST2023_N2_C0_CKMC_ESR_v10_0_oxygenless,73.44962411841836,71.60736785978033,200.0,0.6500000000000001,1.0,3521.1749789152877,raw_data/run_4835.csv,raw_data/run_4835.json
4836,optimum,2026-09-26 22:11,KAUST2023_N2_C0_CKMC_ESR_v10_0_oxygenless,68.37108682403155,59.31954058484619,200.0,0.6500000000000001,2.0,3152.12587297286,raw_data/run_4836.csv,raw_data/run_4836.json
4837,optimum,2026-09-26 22:11,KAUST2023_N2_C0_CKMC_ESR_v10_0_oxygenless,63.84731809525512,52.35638938854383,200.0,0.6500000000000001,3.0,2983.2954284006805,raw_data/run_4837.csv,raw_data/run_4837.json
4838,optimum,2026-09-26 22:11,KAUST2023_N2_C0_CKMC_ESR_v10_0_oxygenless,60.240303815812815,47.610545680277106,200.0,0.6500000000000001,4.0,2907.3855859665136,raw_data/run_4838.csv,raw_data/run_4838.json
4839,optimum,2026-09-26 22:11,KAUST2023_N2_C0_CKMC_ESR_v10_0_oxygenless,57.54703955545154,44.148979161840614,200.0,0.6500000000000001,5.0,2888.0237369568963,raw_data/run_4839.csv,raw_data/run_4839.json
4840,optimum,2026-09-26 22:11,KAUST2023_N2_C0_CKMC_ESR_v10_0_oxygenless,52.402619704931475,34.85351352814557,200.0,0.6500000000000001,10.0,3195.9999719446823,raw_data/run_4840.csv,raw_data/run_4840.json
4841,optimum,2026-09-26 22:11,KAUST2023_N2_C0_CKMC_ESR_v10_0_oxygenless,23.11882117310966,73.01153378451079,10.0,0.6500000000000001,20.0,1942.915475547,raw_data/run_4841.csv,raw_data/run_4841.json
4842,optimum,2026-09-26 22:11,KAUST2023_N2_C0_CKMC_ESR_v10_0_oxygenless,41.685338282866056,18.799693738502075,200.0,0.6500000000000001,20.0,3805.5507766915584,raw_data/run_4842.csv,raw_data/run_4842.json
4843,optimum,2026-09-26 22:11,KAUST2023_N2_C0_CKMC_ESR_v10_0_oxygenless,70.76746586084334,10.547553757749398,200.0,0.6500000000000001,50.0,4648.629451305619,raw_data/run_4843.csv,raw_data/run_4843.json
4844,optimum,2026-09-26 22:11,KAUST2023_N2_C0_CKMC_ESR_v10_0_oxygenless,122.78413003372546,7.112107169243706,200.0,0.6500000000000001,100.0,5322.4146810173825,raw_data/run_4844.csv,raw_data/run_4844.json
4845,optimum,2026-09-26 22:11,KAUST2023_N2_C0_CKMC_ESR_v10_0_oxygenless,2.0558727384838846,130.89675787675887,10.0,1.0,1.0,1900.2646312504478,raw_data/run_4845.csv,raw_data/run_4845.json
4846,optimum,2026-09-26 22:11,KAUST2023_N2_C0_CKMC_ESR_v10_0_oxygenless,3.895223614980087,183.95185686207404,10.0,1.0,2.0,1615.9780878006075,raw_data/run_4846.csv,raw_data/run_4846.json
4847,optimum,2026-09-26 22:11,KAUST2023_N2_C0_CKMC_ESR_v10_0_oxygenless,5.975820074758683,224.80848946268208,10.0,1.0,3.0,1478.2959292971507,raw_data/run_4847.csv,raw_data/run_4847.json
4848,optimum,2026-09-26 22:11,KAUST2023_N2_C0_CKMC_ESR_v10_0_oxygenless,7.635528807580304,231.397866046501,10.0,1.0,4.0,1467.1716340000607,raw_data/run_4848.csv,raw_data/run_4848.json
4849,optimum,2026-09-26 22:11,KAUST2023_N2_C0_CKMC_ESR_v10_0_oxygenless,9.133901659890684,229.93961403989,10.0,1.0,5.0,1513.83350575579,raw_data/run_4849.csv,raw_data/run_4849.json
4850,optimum,2026-09-26 22:11,KAUST2023_N2_C0_CKMC_ESR_v10_0_oxygenless,13.11292547388279,120.42404875688901,10.0,1.0,10.0,1667.3370398677646,raw_data/run_4850.csv,raw_data/run_4850.json
4851,optimum,2026-09-26 22:11,KAUST2023_N2_C0_CKMC_ESR_v10_0_oxygenless,23.142619431623352,72.68428300944858,10.0,1.0,20.0,1812.0509755673438,raw_data/run_4851.csv,raw_data/run_4851.json
4852,optimum,2026-09-26 22:11,KAUST2023_N2_C0_CKMC_ESR_v10_0_oxygenless,53.53560086567829,40.09464802126114,10.0,0.6500000000000001,50.0,2154.272592973968,raw_data/run_4852.csv,raw_data/run_4852.json
4853,optimum,2026-09-26 22:11,KAUST2023_N2_C0_CKMC_ESR_v10_0_oxygenless,53.55527836092937,39.83441029145271,10.0,1.0,50.0,2013.547107118271,raw_data/run_4853.csv,raw_data/run_4853.json
4854,optimum,2026-09-26 22:11,KAUST2023_N2_C0_CKMC_ESR_v10_0_oxygenless,104.08243266401539,26.221603484148112,10.0,1.0,100.0,2191.693876096921,raw_data/run_4854.csv,raw_data/run_4854.json
4855,optimum,2026-09-26 22:11,KAUST2023_N2_C0_CKMC_ESR_v10_0_oxygenless,6.084423748823572,159.18156527717886,20.0,1.0,1.0,2086.4781385101032,raw_data/run_4855.csv,raw_data/run_4855.json
4856,optimum,2026-09-26 22:11,KAUST2023_N2_C0_CKMC_ESR_v10_0_oxygenless,11.999995894974331,229.63524397795953,20.0,1.0,2.0,1781.8056662173296,raw_data/run_4856.csv,raw_data/run_4856.json
4857,optimum,2026-09-26 22:11,KAUST2023_N2_C0_CKMC_ESR_v10_0_oxygenless,12.999902903497318,217.94106722607546,20.0,1.0,3.0,1685.8832791262244,raw_data/run_4857.csv,raw_data/run_4857.json
4858,optimum,2026-09-26 22:11,KAUST2023_N2_C0_CKMC_ESR_v10_0_oxygenless,8.32985781230565,126.88786177695847,20.0,1.0,4.0,1652.6695680650498,raw_data/run_4858.csv,raw_data/run_4858.json
4859,optimum,2026-09-26 22:11,KAUST2023_N2_C0_CKMC_ESR_v10_0_oxygenless,9.873481609133618,127.10986871121844,20.0,1.0,5.0,1662.3211796973856,raw_data/run_4859.csv,raw_data/run_4859.json
4860,optimum,2026-09-26 22:11,KAUST2023_N2_C0_CKMC_ESR_v10_0_oxygenless,14.375238607522782,81.68212311533239,20.0,1.0,10.0,1848.3065047121959,raw_data/run_4860.csv,raw_data/run_4860.json
4861,optimum,2026-09-26 22:11,KAUST2023_N2_C0_CKMC_ESR_v10_0_oxygenless,24.38550230606141,49.665118904571194,20.0,1.0,20.0,2042.846069147269,raw_data/run_4861.csv,raw_data/run_4861.json
4862,optimum,2026-09-26 22:11,KAUST2023_N2_C0_CKMC_ESR_v10_0_oxygenless,55.078326155680486,28.186492982622678,20.0,1.0,50.0,2315.703593599378,raw_data/run_4862.csv,raw_data/run_4862.json
4863,optimum,2026-09-26 22:11,KAUST2023_N2_C0_CKMC_ESR_v10_0_oxygenless,104.05324040077164,26.355215831525523,10.0,0.6500000000000001,100.0,2341.070642876499,raw_data/run_4863.csv,raw_data/run_4863.json
4864,optimum,2026-09-26 22:11,KAUST2023_N2_C0_CKMC_ESR_v10_0_oxygenless,105.90531208882658,18.923102645294186,20.0,1.0,100.0,2557.2055754555568,raw_data/run_4864.csv,raw_data/run_4864.json
4865,optimum,2026-09-26 22:11,KAUST2023_N2_C0_CKMC_ESR_v10_0_oxygenless,8.46316559888628,155.31108445631298,25.0,1.0,1.0,2115.9935158283306,raw_data/run_4865.csv,raw_data/run_4865.json
4866,optimum,2026-09-26 22:11,KAUST2023_N2_C0_CKMC_ESR_v10_0_oxygenless,14.499950341435818,204.3090424280931,25.0,1.0,2.0,1835.3403898768433,raw_data/run_4866.csv,raw_data/run_4866.json
4867,optimum,2026-09-26 22:11,KAUST2023_N2_C0_CKMC_ESR_v10_0_oxygenless,15.499991032538192,193.73765642050878,25.0,1.0,3.0,1737.5802800605604,raw_data/run_4867.csv,raw_data/run_4867.json
4868,optimum,2026-09-26 22:11,KAUST2023_N2_C0_CKMC_ESR_v10_0_oxygenless,8.840370205946783,107.7849591389568,25.0,1.0,4.0,1734.4358123786626,raw_data/run_4868.csv,raw_data/run_4868.json
4869,optimum,2026-09-26 22:11,KAUST2023_N2_C0_CKMC_ESR_v10_0_oxygenless,10.272170557668147,106.20739275565481,25.0,1.0,5.0,1730.23016672497,raw_data/run_4869.csv,raw_data/run_4869.json
4870,optimum,2026-09-26 22:11,KAUST2023_N2_C0_CKMC_ESR_v10_0_oxygenless,14.784016121965363,70.13356187298483,25.0,1.0,10.0,1921.0495760485735,raw_data/run_4870.csv,raw_data/run_4870.json
4871,optimum,2026-09-26 22:11,KAUST2023_N2_C0_CKMC_ESR_v10_0_oxygenless,24.976352596081924,44.41464396844105,25.0,1.0,20.0,2135.9775938937023,raw_data/run_4871.csv,raw_data/run_4871.json
4872,optimum,2026-09-26 22:11,KAUST2023_N2_C0_CKMC_ESR_v10_0_oxygenless,55.74597384821332,25.40294004441268,25.0,1.0,50.0,2437.827010747686,raw_data/run_4872.csv,raw_data/run_4872.json
4873,optimum,2026-09-26 22:11,KAUST2023_N2_C0_CKMC_ESR_v10_0_oxygenless,106.69510548234427,17.137696214830083,25.0,1.0,100.0,2704.44622821435,raw_data/run_4873.csv,raw_data/run_4873.json
4874,optimum,2026-09-26 22:11,KAUST2023_N2_C0_CKMC_ESR_v10_0_oxygenless,6.036961517680774,162.71182693686643,20.0,0.6500000000000001,1.0,2221.305094325556,raw_data/run_4874.csv,raw_data/run_4874.json
4875,optimum,2026-09-26 22:11,KAUST2023_N2_C0_CKMC_ESR_v10_0_oxygenless,10.779227015374426,149.3195853764848,30.0,1.0,1.0,2145.911082617296,raw_data/run_4875.csv,raw_data/run_4875.json
4876,optimum,2026-09-26 22:11,KAUST2023_N2_C0_CKMC_ESR_v10_0_oxygenless,16.998504157358546,186.0270857892611,30.0,1.0,2.0,1881.6547380732807,raw_data/run_4876.csv,raw_data/run_4876.json
4877,optimum,2026-09-26 22:11,KAUST2023_N2_C0_CKMC_ESR_v10_0_oxygenless,17.999065431771903,176.12961149128242,30.0,1.0,3.0,1783.620714709417,raw_data/run_4877.csv,raw_data/run_4877.json
4878,optimum,2026-09-26 22:11,KAUST2023_N2_C0_CKMC_ESR_v10_0_oxygenless,18.99753858968189,168.15338986032012,30.0,1.0,4.0,1801.7063338916466,raw_data/run_4878.csv,raw_data/run_4878.json
4879,optimum,2026-09-26 22:11,KAUST2023_N2_C0_CKMC_ESR_v10_0_oxygenless,10.73130455253796,92.69739046716295,30.0,1.0,5.0,1795.84352677986,raw_data/run_4879.csv,raw_data/run_4879.json
4880,optimum,2026-09-26 22:11,KAUST2023_N2_C0_CKMC_ESR_v10_0_oxygenless,15.73960293336637,67.92953169823767,30.0,1.0,10.0,1984.8993916501572,raw_data/run_4880.csv,raw_data/run_4880.json
4881,optimum,2026-09-26 22:11,KAUST2023_N2_C0_CKMC_ESR_v10_0_oxygenless,25.55671361470043,40.75645147120529,30.0,1.0,20.0,2219.6417353050088,raw_data/run_4881.csv,raw_data/run_4881.json
4882,optimum,2026-09-26 22:11,KAUST2023_N2_C0_CKMC_ESR_v10_0_oxygenless,56.36468545578455,23.359756406732473,30.0,1.0,50.0,2547.910386164443,raw_data/run_4882.csv,raw_data/run_4882.json
4883,optimum,2026-09-26 22:11,KAUST2023_N2_C0_CKMC_ESR_v10_0_oxygenless,107.4280450270124,15.825214054180426,30.0,1.0,100.0,2836.9321264920623,raw_data/run_4883.csv,raw_data/run_4883.json
4884,optimum,2026-09-26 22:11,KAUST2023_N2_C0_CKMC_ESR_v10_0_oxygenless,20.380666939866508,131.16006980035797,50.0,1.0,1.0,2274.3692897489314,raw_data/run_4884.csv,raw_data/run_4884.json
4885,sweep,2026-09-29 12:29,KAUST2023_N2_C0_CKMC_ESR_v10_0_oxygenless,4.0:14.0:100:lin,10.0:1000.0:100:log,10.0,10.0,4.0,1268.9201520311158,raw_data/run_4885.csv,raw_data/run_4885.json
4886,single,2026-09-30 12:58,chemkin_kaust2023_ammonia_oxygenless,7.643683370790149,223.87127565983698,10.0,10.0,4.0,1179.6676468058442,raw_data/run_4886.csv,raw_data/run_4886.json
