t,R,R_dot,T,AR,H,H2,H2NN,HE,N,N2,N2H2,N2H3,N2H4,NH,NH2,NH3,NNH,dissipated_energy,p_excitation,p_internal
0.0,0.00021050492462333696,0.0,298.15,0.0,0.0,599.1376905781111,0.0,0.0,0.0,199.71256352603703,0.0,0.0,0.0,0.0,0.0,0.0,0.0,0.0,2000000.0,2000187.2366952484
1e-20,0.00021050492462333696,3.5058327847320953e-14,298.15,0.0,3.67866013325587e-89,599.1376905781111,3.335873422074417e-147,0.0,3.282448196662843e-181,199.71256352603703,8.244255171596231e-131,2.868930080315947e-177,2.6788305742173234e-166,6.375526256777944e-205,2.345331900554818e-177,4.7763348542707425e-189,3.6786601332315915e-89,-3.904647533684226e-34,1999999.9999999683,2000187.2366952484
1.0001e-16,0.00021050492462333696,3.5061833696274197e-10,298.15,0.0,3.679028120664976e-85,599.1376905781111,3.3362069326915394e-139,0.0,3.2824672520939765e-169,199.71256352603703,8.245079407491308e-123,2.86892993829915e-165,2.679098395662952e-154,2.663086429371392e-193,2.3455663966510055e-165,4.7763346190909366e-173,3.679027877849135e-85,-3.9050380392852087e-26,1999999.9996837857,2000187.2366952484
1.10001e-15,0.00021050492462333696,3.8564511394796405e-09,298.15,0.0,4.046564280675552e-84,599.1376905781111,3.702854970412964e-137,0.0,3.285748623627871e-166,199.71256352603703,9.151210905470569e-121,2.871797947143839e-162,2.9762095210280227e-151,2.6653837211762574e-189,2.605653284502479e-162,4.781588434275289e-169,4.0465615856633206e-84,-4.3342017339132074e-24,1999999.9965219595,2000187.2366952484
1.110001e-14,0.00021050492462333696,3.89147807814446e-08,298.15,0.0,4.0833300362105764e-83,599.1376905781111,3.739839042623535e-135,0.0,3.285741071400511e-163,199.71256352603703,9.242613092766248e-119,2.8717870906302123e-159,3.006206219172671e-148,2.665370883116369e-185,2.63191619701125e-159,4.781571025926688e-165,4.08330281691077e-83,-4.377504886298918e-22,1999999.9649036974,2000187.2366952484
1.1110001e-13,0.00021050492462333702,3.89498184987533e-07,298.1499999999999,0.0,4.087087540210051e-82,599.1376905781108,2.631537983370722e-133,0.0,1.4730641958888493e-160,199.7125635260369,6.503565296803357e-117,1.2874682001608358e-156,1.4218322991360458e-145,7.977016813745676e-182,1.244809924000237e-156,1.4310324826415426e-161,4.0868960115894114e-82,-3.080290625413189e-20,1999999.6487210747,2000187.2366952472
1.11110001e-12,0.00021050492462333935,3.895341748181789e-06,298.1499999999959,0.0,4.088178001307197e-81,599.1376905780908,2.249705644561084e-131,0.0,4.708135475541534e-158,199.7125635260302,5.559907414893019e-115,4.1145447177221256e-154,1.1897176135868889e-142,2.537417973215856e-178,1.0415515753560793e-153,4.551568071582774e-158,4.0865406203471926e-81,-2.633865908553116e-18,1999996.486894848,2000187.2366951518
1.111110001e-11,0.00021050492462356012,3.895468757555167e-05,298.1499999996131,0.0,4.095104616895589e-80,599.1376905762057,2.1182578806377025e-129,0.0,1.5354041391061902e-155,199.71256352540186,5.235048280486393e-113,1.3405016700384222e-151,1.1206282870935864e-139,8.275092290920235e-175,9.811429746444696e-151,1.4829247529209558e-154,4.079687510524262e-80,-2.484891548569631e-16,1999964.8686325816,2000187.236686167
1.1111110001000001e-10,0.00021050492464520768,0.0003896377671605473,298.1499999620796,0.0,4.161496569906334e-79,599.1376903913663,2.0361320264834973e-127,0.0,0.0,199.71256346378874,5.0320830457234184e-111,0.0,1.0774639367958062e-136,0.0,9.4317383411405e-148,0.0,4.013302788387711e-79,-2.435864456393793e-14,1999648.686010201,2000187.235805131
5.555720596600688e-10,0.0002105049251667813,0.0019502454209091502,298.149999057753,0.0,2.2149670110834393e-78,599.1376859378685,4.7046472069818725e-126,0.0,0.0,199.71256197928946,1.162703493989129e-109,0.0,1.1176574165568416e-134,2.2636773794626242e-187,9.783719690668916e-146,-2.672478546201122e-167,1.8725532094167424e-78,-6.052655068412678e-13,1998243.3777266445,2000187.2145775703
1.582481069882929e-09,0.00021050492903204972,0.005568175083498046,298.1499923559926,0.0,7.045493923102191e-78,599.1376529339675,3.3637282265282116e-125,0.0,0.0,199.71255097798914,8.313102096319442e-109,0.0,1.988509152376707e-133,-7.243767215252604e-187,1.7407035461038414e-144,5.344956797971701e-167,4.597298930072853e-78,-4.9102432891492166e-12,1994996.4706745022,2000187.0572647962
3.2240783918640424e-09,0.00021050494296279178,0.01138712033841359,298.1499682023414,0.0,1.6200168907372709e-77,599.1375339852422,1.1925881004581859e-124,0.0,0.0,199.71251132841405,2.9473622891334362e-108,0.0,1.3183326061695031e-132,0.0,1.1540434229650093e-143,5.63985737768589e-150,7.520201178828527e-78,-2.0425753433504213e-11,1989806.0313559007,2000186.4902971336
4.865675713845155e-09,0.00021050496648430874,0.017249604376778856,298.14992741990795,0.0,2.6599415035367053e-77,599.1373331450103,2.390821729858894e-124,0.0,5.280569178577995e-159,199.71244438167008,5.90869124219223e-108,9.191172191891532e-150,3.7926258956780286e-132,1.9604631525961248e-170,3.3199896811574618e-143,2.9122213713235526e-149,9.198262336791439e-78,-4.662312146651276e-11,1984615.6028824663,2000185.532995122
6.507273035826269e-09,0.00021050499966628335,0.023155619774287706,298.1498698879388,0.0,3.774845957621984e-77,599.1370498183909,3.795119872278515e-124,0.0,1.6993076127036024e-158,199.71234993946362,9.379311069676242e-108,3.4674842994937775e-149,7.952633592048698e-132,5.2039400669713894e-170,6.961568575271e-143,8.469179011344893e-149,1.0126125116948727e-77,-8.357998372628935e-11,1979425.1907761968,2000184.1825238063
1.011480542697172e-08,0.00021050510692033174,0.036287411636971155,298.1496839281143,0.0,6.345041025776674e-77,599.136134023392,7.211350047855637e-124,0.0,5.093004496919759e-157,199.71204467446395,1.7822399091800832e-107,0.0,2.3974518077725604e-131,6.77245823406851e-169,2.098668603239295e-142,3.381127512419968e-148,1.0961927734123371e-77,-2.030358452773283e-10,1968018.9582106709,2000179.8174087934
1.3722337818117172e-08,0.00021050526190266017,0.0496292529253756,298.1494152170386,0.0,8.988206811464365e-77,599.1348107009644,1.082834129439514e-123,0.0,1.6085950471963406e-156,199.7116035669881,2.6761896582794976e-107,8.872100189319393e-149,5.006645800559939e-131,1.2530626523095902e-168,4.382667038740379e-142,9.801880722092278e-148,1.106402842105982e-77,-3.7565021617186974e-10,1956612.8899584138,2000173.5098354062
1.7329870209262625e-08,0.00021050546535116132,0.06318101324145843,298.1490624763073,0.0,1.1643298228442273e-76,599.1330735542178,1.4478440692876842e-123,0.0,2.7935519857065525e-156,199.7110245180726,3.57835515998004e-107,6.514057473430558e-148,8.663198880858199e-131,9.356969675475004e-169,7.583456114844323e-142,2.3433005241192906e-147,1.104143510543822e-77,-6.022451327050611e-10,1945207.044621906,2000165.2297993344
2.0937402600408075e-08,0.0002105057180431025,0.0769425524638886,298.1486243594365,0.0,1.4293651094312968e-76,599.130915951293,1.811595245614377e-123,0.0,3.555050417460799e-156,199.7103053170976,4.4774525872403175e-107,1.45327344018352e-147,1.3377625377220286e-130,0.0,1.1710211594038743e-141,4.7874480819160786e-147,1.1059250087968513e-77,-8.836864544495693e-10,1933801.4808024818,2000154.9457019563
2.4544934991553528e-08,0.00021050602075145856,0.09091372888182099,298.14809952753717,0.0,1.694106884626356e-76,599.1283312982766,2.1745901668985383e-123,0.0,9.825931191774664e-149,199.7094437660922,5.374735484852571e-107,6.484569970507941e-145,1.914794115981198e-130,1.5677414984046566e-165,1.6763277774977626e-141,2.202954242321843e-145,1.1097882897276597e-77,-1.220835211042007e-09,1922396.2571000296,2000142.626127628
3.311063193782868e-08,0.00021050694428913805,0.12492576779920962,298.14649833009236,0.0,2.3227567676721362e-76,599.12044583165,3.036889069051021e-123,0.0,1.028161750996595e-148,199.70681527721666,7.506506285027501e-107,3.834226690926882e-145,3.7064488080666814e-130,5.532537606815437e-165,3.244872416951783e-141,5.405687091413969e-145,1.114134785128679e-77,-2.2494494661825394e-09,1895317.4871667842,2000105.0407982392
4.674441299671157e-08,0.00021050902951628061,0.18149297776622506,298.1428831364926,0.0,3.322681953496166e-76,599.1026419895571,4.4086248724335664e-123,0.0,0.0,199.70088066318567,1.0898715848937936e-106,0.0,7.77844885580337e-130,-1.2152314553592873e-179,6.797773027303501e-141,0.0,1.1107952679272161e-77,-4.571926461001391e-09,1852223.536979884,2000020.1815794741
5.5764382608638004e-08,0.00021051084169547893,0.22055526452719754,298.13974142403174,0.0,3.982791200737156e-76,599.0871700263459,5.313152266770037e-123,0.0,5.763673314849788e-148,199.6957233421153,1.3136496382801207e-106,2.577231335105392e-144,1.1293635589937953e-129,2.0951371119371823e-164,9.869017782885851e-141,2.4521415195424646e-144,1.1076872465072184e-77,-6.59028610576517e-09,1823718.7862406988,1999946.4380055324
6.478435222056445e-08,0.00021051301215601045,0.26091909849679656,298.1359786783106,0.0,4.6412931219331743e-76,599.0686398418543,6.214196127429006e-123,0.0,9.690041364319853e-148,199.6895466139514,1.5366609662792529e-106,2.209258648376712e-144,1.545925307674271e-129,7.530755161336333e-164,1.3515440632754053e-140,6.297856463014677e-144,1.1054268115113797e-77,-9.007681382875776e-09,1795219.6975652683,1999858.1194267473
7.380432183249088e-08,0.00021051555257874455,0.30258194196094634,298.13157470351746,0.0,5.298041679647834e-76,599.0469520965861,7.111543391249172e-123,0.0,1.0449055748667508e-147,199.68231736552866,1.7588683902005813e-106,3.858234177206534e-145,2.027120774867134e-129,1.507082482286284e-163,1.7728696363299005e-140,8.871906248973257e-144,1.1027158575511776e-77,-1.183711186973586e-08,1766727.1863299601,1999754.7530599732
8.28242914444173e-08,0.0002105184746397405,0.34554118008113793,298.12650932998105,0.0,5.952799249836313e-76,599.022007576542,8.004733664992885e-123,0.0,9.797128246263256e-148,199.67400252551397,1.9801739006524436e-106,0.0,2.5724843744547987e-129,2.2860693192287468e-163,2.250086625868013e-140,9.255972142975885e-144,1.0991079404245404e-77,-1.509156865910338e-08,1738242.1676998772,1999635.8669114506
9.941497178807479e-08,0.00021052488482148512,0.4279333488269955,298.1153980858815,0.0,7.15082386836727e-76,598.9672911515778,9.634400956340377e-123,0.0,6.700884955879006e-148,199.65576371719257,2.384347013449356e-106,0.0,3.741288804054105e-129,3.5571029015918105e-163,3.2724236434150227e-140,7.717570644840781e-144,1.0913146344834746e-77,-2.223080686891483e-08,1685871.5048749219,1999375.0964081194
1.162792776577598e-07,0.0002105328391199717,0.5161518632619201,298.1016117389485,0.0,8.358638950047502e-76,598.8994036243823,1.1270078829633596e-122,0.0,4.274178061635358e-148,199.63313454146072,2.79062557396008e-106,0.0,5.1459293812252035e-129,4.455777204487425e-163,4.50051937814017e-140,6.42834042430817e-144,1.081875096460881e-77,-3.108951465791238e-08,1632672.1226025585,1999051.5717562851
1.331435835274448e-07,0.00021054231898463296,0.608855203824671,298.0851832903726,0.0,9.554448503091207e-76,598.8185092509015,1.288074252967561e-122,0.0,3.296865244346895e-148,199.60616975030044,3.191427622999376e-106,7.360532304883912e-147,6.764046446462021e-129,5.035683426038502e-163,5.914630530893908e-140,6.189936637571049e-144,1.0707058099253244e-77,-4.164683392844392e-08,1579513.9829745688,1998666.0864221866
1.5000788939712983e-07,0.0002105533998923444,0.7060230220585015,298.06598295096995,0.0,1.0736227757700361e-75,598.723971189219,1.4462334875633017e-122,0.0,3.1157967880281077e-148,199.57465706307298,3.5858507481962165e-106,1.064111205271287e-146,8.589859391060202e-129,5.4704580423841595e-163,7.509461086669155e-140,6.656636034612777e-144,1.0577163656376673e-77,-5.3986565176513655e-08,1526403.054452328,1998215.618519046
1.6687219526681483e-07,0.00021056615695914677,0.8076338945331589,298.04388178501847,0.0,1.1901910056810753e-75,598.6151574215166,1.6010790845629852e-122,0.0,3.1778322308207095e-148,199.53838580717218,3.9729839612197108e-106,1.0999276525633788e-146,1.0616680797593265e-128,5.874482414707101e-163,9.278875317690416e-140,7.467526860148612e-144,1.0429102985419377e-77,-6.819203436573914e-08,1473345.3001964674,1997697.1721344562
1.8373650113649985e-07,0.00021058066492651135,0.9136653229905597,298.01875175593113,0.0,1.3049412976216095e-75,598.4914410653297,1.75221112516349e-122,0.0,3.2497503929975886e-148,199.49714702177653,4.351923651190339e-106,1.1962106936290866e-146,1.2836934818314172e-128,6.289486046584055e-163,1.121592932193398e-139,8.464544227413465e-144,1.0262957366038446e-77,-8.434606950606941e-08,1420346.677397347,1997107.7791178066
2.0060080700618487e-07,0.0002105969981462671,1.0240937295468362,297.9904657746747,0.0,1.417665648276973e-75,598.352200703009,1.8992414131290646e-122,0.0,3.283703627715089e-148,199.45073356766963,4.72178405169614e-106,1.339154896354569e-146,1.5242183076550897e-128,6.718292164214166e-163,1.3312904241974475e-139,9.620809983989645e-144,1.0078799124373103e-77,-1.0253097516696745e-07,1367413.1366061964,1996444.5009615724
2.1746511287586987e-07,0.00021061523056347837,1.1388944461905117,297.95889775320234,0.0,1.5281579258678723e-75,598.1968207350739,2.0417980737464947e-122,0.0,3.337824856823739e-148,199.3989402450246,5.081706420127558e-106,4.7892890351371e-146,1.782315762666753e-128,7.156726802754403e-163,1.5561347837224669e-139,1.1005671196001428e-143,9.876849069530293e-78,-1.2282850406125151e-07,1314550.621067001,1995704.4308101153
2.343294187455549e-07,0.0002106354356981659,1.25804170436547,297.92392266059215,0.0,1.6362156390571183e-75,598.0246917494363,2.17953022006887e-122,0.0,3.453668289327438e-148,199.34156391647875,5.430868681001169e-106,8.256925939851279e-146,2.0569803197151065e-128,7.605379140161955e-163,1.795211142139377e-139,1.267346690413651e-143,9.657511519821757e-78,-1.453198270791243e-07,1261765.0660492117,1994884.6955520068
2.511937246152399e-07,0.00021065768662654978,1.381508622536798,297.8854165812571,0.0,1.7416417958137825e-75,597.8352109002861,2.3121126851302137e-122,0.0,3.649291256331827e-148,199.27840363342867,5.768495412310826e-106,1.0650802203089482e-145,2.3471329668675003e-128,8.07109909433296e-163,2.047540187043835e-139,1.4636929777876147e-143,9.421358434477402e-78,-1.7008550222659426e-07,1209062.3981813467,1993982.4579693764
2.6805803048492497e-07,0.00021068205596209817,1.5092671952671324,297.84325677398886,0.0,1.8442467554912008e-75,597.6277822937799,2.439250531682809e-122,0.0,3.928434107117563e-148,199.20926076459327,6.09386753640273e-106,1.2574689810829812e-145,2.6516275342474037e-128,8.56379619930238e-163,2.3120847650072244e-139,1.6891325116128933e-143,9.169120145779486e-78,-1.9720544307640922e-07,1156448.5347855645,1992994.9189249508
2.8492233635460996e-07,0.00021070861583645016,1.6412882835100833,297.797321731701,0.0,1.943850048503754e-75,597.4018173794938,2.5606831146527776e-122,0.0,4.289387783553066e-148,199.1339391264979,6.406331316441586e-106,1.4463821578602994e-145,2.9692580237709685e-128,9.093872663333886e-163,2.5877573526042187e-139,1.9434911744798642e-143,8.901684279324924e-78,-2.2675888679001218e-07,1103929.3832132828,1991919.3195810465
3.01786642224295e-07,0.0002107374378802133,1.7775416058958287,297.74749124185183,0.0,2.0402821465779113e-75,597.1567353471578,2.676187645462046e-122,0.0,4.729181843742014e-148,199.05224511571924,6.70530657017561e-106,1.6301683330024547e-145,3.298766830783714e-128,9.671089397527316e-163,2.8734281436553934e-139,2.227043227544951e-143,8.620091946121165e-78,-2.588243617064695e-07,1051510.8401819146,1990752.9436474096
3.1865094809398006e-07,0.00021076859320363306,1.9179957309319915,297.69364644751613,0.0,2.1333861559082973e-75,596.8919635282012,2.785582205759446e-122,0.0,5.244373566288032e-148,198.9639878427337,6.990293984548189e-106,1.7968630279447265e-145,3.638853728283642e-128,1.030428368053551e-162,3.1679337372568126e-139,2.5400332265860404e-143,8.32552952634973e-78,-2.934796545025996e-07,999198.7911128012,1989493.1196546871
3.355152539636651e-07,0.00021080215237713975,2.062618070126023,297.6356699090446,0.0,2.2230194022706764e-75,596.6069378015388,2.888728121540744e-122,0.0,5.8307076989105825e-148,198.86897926717958,7.260881341265484e-106,1.940457716576872e-145,3.988185470026443e-128,1.1001336693310835e-162,3.470086354502022e-139,2.882430469259986e-143,8.019317674088445e-78,-3.308017769457776e-07,946999.1094704112,1988137.2232497274
3.5237955983335016e-07,0.00021083818541178676,2.2113748720608952,297.57344566623294,0.0,2.309054879074206e-75,596.3011030029522,2.9855316181500193e-122,0.0,6.482804275316347e-148,198.76703433431737,7.516748477248825e-106,2.0586448325214286e-145,4.345405854510256e-128,1.1769118618791426e-162,3.778683417566434e-139,3.253925940230711e-143,7.7028981274202875e-78,-3.708669322712132e-07,894917.6561028832,1986682.6795084686
3.692438657030352e-07,0.00021087676173959607,2.3642312174564317,297.5068593009122,0.0,2.3913825315334135e-75,595.9739133373719,3.0759447046873174e-122,0.0,7.194075490175978e-148,198.65797111245726,7.757670848839637e-106,2.1492375174730464e-145,4.709146079381682e-128,1.2613372537544243e-162,4.0925172972393066e-139,3.653980988803943e-143,7.377818279000142e-78,-4.1375048121978764e-07,842960.2785839834,1985126.9652619085
3.8610817157272026e-07,0.00021091795019382876,2.521151015243725,297.4357979998728,0.0,2.4699103522297406e-75,595.6248327933384,3.15996525979734e-122,0.0,7.956779790865966e-148,198.54161093111279,7.983521605220726e-106,2.2098587650474485e-145,5.078035207662319e-128,1.353857627550606e-162,4.4103850426732544e-139,4.0818552923105477e-143,7.045713615908894e-78,-4.595269077741823e-07,791132.8105565573,1983467.6114304957
3.968399257096968e-07,0.0002109455521559116,2.6231071219070423,297.38819651128887,0.0,2.517867870069714e-75,595.3910530890232,3.2101178344783697e-122,0.0,8.181571691376888e-148,198.4636843630077,8.119370379514091e-106,1.2406493189164394e-145,5.314836624771855e-128,1.415863955459038e-162,4.614215876308615e-139,4.358678940580775e-143,6.831490213953284e-78,-4.90197134223206e-07,758222.2320417413,1982356.596934984
4.075716798466734e-07,0.00021097425700612553,2.7266838479913487,297.3387095124747,0.0,2.5642413918299516e-75,595.1480620337835,3.2577175006561265e-122,0.0,8.234744666789074e-148,198.38268734459444,8.249112889604239e-106,4.221662162515082e-146,5.55282204531979e-128,1.4786018570837422e-162,4.8188939570103245e-139,4.632234671775989e-143,6.615564142654524e-78,-5.220874409377006e-07,725368.1138553924,1981202.024804106
4.1830343398365e-07,0.00021100408206932105,2.8318711227069837,297.2873090508166,0.0,2.6090198735243025e-75,594.895728246778,3.3027926592259626e-122,0.0,8.225756352198131e-148,198.2985760822593,8.372780343477582e-106,1.4444663448548403e-146,5.791647921230625e-128,1.541071626527724e-162,5.024122924724804e-139,4.906387130319369e-143,6.398390409656003e-78,-5.552164108773091e-07,692571.9497867799,1980003.2961093863
4.372420902243557e-07,0.00021105950065645142,3.0213957164333376,297.1918487490893,0.0,2.684129468240944e-75,594.4272400979679,3.376291105489524e-122,0.0,8.177677003155664e-148,198.14241336598926,8.576352729383999e-106,1.9927071807923379e-146,6.214131676943676e-128,1.6493911311930754e-162,5.3867575734472574e-139,5.407523957739304e-143,6.013494712406301e-78,-6.167581082367796e-07,634841.4940451805,1977778.3471621124
4.561807464650615e-07,0.00021111855529176666,3.2158462199480273,297.0901935719233,0.0,2.7542294992823208e-75,593.9285553832386,3.442273226028867e-122,0.0,8.152540643035369e-148,197.9761851277462,8.76151224572952e-106,2.6129305113598213e-146,6.636372186769815e-128,1.7547118479831916e-162,5.7486605550623255e-139,5.94162235217852e-143,5.628657148364055e-78,-6.82314692677578e-07,577304.3401550674,1975410.8944642127
4.7511940270576726e-07,0.00021118133878305934,3.415163170666783,296.9821965044791,0.0,2.819329924729295e-75,593.398994053621,3.501023940394e-122,0.0,8.151800117227976e-148,197.7996646845403,8.92873858664371e-106,2.1638216994048586e-146,7.056626294093415e-128,1.8575511205628477e-162,6.108353444442327e-139,6.509144104817464e-143,5.2463680825907e-78,-7.519846785731878e-07,519968.6351838524,1972897.8790306104
4.940580589464731e-07,0.0002112479427255697,3.6192851201655545,296.8677138852155,0.0,2.8794739067627513e-75,592.8378962424665,3.5528801650696895e-122,0.0,8.15431570563093e-148,197.61263208082212,9.078643340282678e-106,1.909602361442555e-146,7.473239893530137e-128,1.9587113630826366e-162,6.464446788767762e-139,7.106339674981547e-143,4.869044980126539e-78,-8.258647445133905e-07,462842.4976744591,1970236.353708079
5.129967151871788e-07,0.00021131845748961992,3.8281486875231345,296.7466054544098,0.0,2.934735887193484e-75,592.2446227974253,3.598220714190622e-122,0.0,8.105127167138013e-148,197.4148742658084,9.211951352102843e-106,0.0,7.884659151196681e-128,2.0580634419431583e-162,6.81564887604228e-139,7.72753135842416e-143,4.498993402253008e-78,-9.040497046362639e-07,405934.01649576216,1967423.4860963637
5.420524549741441e-07,0.00021143444785390615,4.157655566057429,296.54760761892413,0.0,3.010269515007987e-75,591.2704628333312,3.656053378199045e-122,0.0,8.046137706624376e-148,197.09015427777703,9.386085977407944e-106,8.883622275055123e-147,8.502489440217379e-128,2.207111259871047e-162,7.34226975984893e-139,8.732053747109807e-143,3.9502806466669284e-78,-1.0325822762165405e-06,319066.430531865,1962807.5850785947
5.711081947611095e-07,0.00021156016921423175,4.497925454710447,296.33221453611543,0.0,3.0750438038819804e-75,590.2169871971817,3.7010748585384185e-122,0.0,8.032559971950768e-148,196.73899573239387,9.526331255923845e-106,2.3924316412279065e-146,9.100031479835034e-128,2.3522333792826755e-162,7.850812995580633e-139,9.801825893218998e-143,3.4306602908880734e-78,-1.1717928052009067e-06,232759.06907079858,1957819.8424214704
6.001639345480748e-07,0.00021169593064520022,4.848704565016116,296.0999680953007,0.0,3.1296683973049136e-75,589.0821898491207,3.7349022466233396e-122,0.0,8.034091697166155e-148,196.3607299497069,9.636205436583106e-106,1.8514194016887692e-146,9.673257690597474e-128,2.4933219534959384e-162,8.33808633427795e-139,1.092949694686886e-142,2.9458637842646985e-78,-1.321997071466214e-06,147040.69678211724,1952451.7009743555
6.292196743350401e-07,0.00021184203371603505,5.209729251683816,295.8504313703743,0.0,3.174850838636583e-75,587.8641968387645,3.7591313942598493e-122,0.0,8.025458636806657e-148,195.95473227958814,9.719330119024378e-106,8.709177601761581e-147,1.0218829551994764e-127,2.629777079748613e-162,8.801509978323818e-139,1.210251527505608e-142,2.500250133434437e-78,-1.4834991576475625e-06,61939.88203602261,1946695.3329975116
6.582754141220054e-07,0.00021199877218154315,5.580726173159125,295.58318955514096,0.0,3.211369115012826e-75,586.5612719471071,3.775277926768822e-122,0.0,8.004621633019298e-148,195.52042398236904,9.779288710424784e-106,6.396015540497828e-147,1.0734090367151012e-127,2.76085044119032e-162,9.23909621542441e-139,1.3311716921419072e-142,2.0967410121079666e-78,-1.6565908970688306e-06,-22515.012617947767,1940543.6700581997
6.873311539089708e-07,0.0002121664317047999,5.961412495197985,295.29785078828786,0.0,3.240044131737643e-75,585.171821834941,3.784734763212802e-122,0.0,6.997662518910916e-148,195.05727394498032,9.819510712785424e-106,-1.3684877447645622e-161,1.1217031713458916e-127,2.8709401448457694e-162,9.649402978317593e-139,1.4512850872411277e-142,1.7368269103610187e-78,-1.8415513763116333e-06,-106295.83990364522,1933990.429764195
7.163868936959361e-07,0.00021234528959381487,6.351496141000712,294.9940469204642,0.0,3.2617126539771576e-75,583.6944008191841,3.7887433858175367e-122,0.0,5.1063511685559994e-148,194.56480027306134,9.84317976871542e-106,0.0,1.1666253861965963e-127,2.9610930591156985e-162,1.0031496040101832e-138,1.5711057063126702e-142,1.4206267916943313e-78,-2.0386464627339465e-06,-189374.6771992799,1927030.140029647
7.454426334829014e-07,0.00021253561454145147,6.750676075943312,294.671434256345,0.0,3.2772022472624904e-75,582.1277153386857,3.788377323581662e-122,0.0,2.9832397258618597e-148,194.04257177956188,9.85316591652215e-106,-6.806843858533325e-162,1.2080911257094168e-127,3.015760776067747e-162,1.0384888833703494e-138,1.6930499856980116e-142,1.147048506002671e-78,-2.248128338194242e-06,-271723.83584352396,1919658.1612338726
7.903101507767574e-07,0.0002128526373339874,7.384231959217436,294.1355818055491,0.0,3.290810509165337e-75,579.5305237716526,3.7812515581858816e-122,0.0,-3.981178938130682e-160,193.1768412572175,9.84475830054277e-106,-5.867110560649217e-146,1.2391676163128382e-127,2.951336476014999e-162,1.08742569494781e-138,1.896067111125143e-142,8.031420264457981e-79,-2.5964873650196082e-06,-397389.4391887337,1907457.2285900558
8.220708498172078e-07,0.00021309445291405496,7.844734028934189,293.72811847744794,0.0,3.294161500616852e-75,577.5598407201151,3.772592851991558e-122,0.0,-8.044144628593813e-154,192.51994690670497,8.824602848839207e-121,-2.2050258656514076e-145,1.7129588115293888e-141,2.704480340830567e-162,1.1180249759722956e-138,2.062226315094629e-142,6.118862846246724e-79,-2.8617220363994425e-06,-485199.4472988546,1898216.1612963574
8.538315488576582e-07,0.00021335104608262694,8.314712261439059,293.296947178088,0.0,3.293276598371977e-75,575.4784858499978,3.7617048531874167e-122,0.0,-7.377522571615863e-155,191.82616194999923,0.0,5.450667890716893e-120,1.984508365624973e-125,1.743633616528856e-134,1.1688171235152633e-119,1.168831691044457e-119,4.584635630962649e-79,-3.14270668963322e-06,-572019.793904786,1888471.7639311163
8.855922478981086e-07,0.00021362271075806564,8.79372472952933,292.8417800279377,0.0,3.288888123605803e-75,573.2857632880035,3.749071788566592e-122,0.0,1.1238388018807624e-137,191.09525442933446,4.141620696753877e-104,6.319047162605984e-120,5.640905132127286e-125,4.613943895285695e-134,3.858452200189308e-119,3.858527562611746e-119,3.377109001218243e-79,-3.4396793853577524e-06,-657815.905220143,1878223.3565160658
9.17352946938559e-07,0.00021390972668024704,9.281319753420057,292.36236876400807,0.0,3.281621859883887e-75,570.9812192131867,3.735040225788644e-122,0.0,3.2524239429214564e-137,190.3270730710622,1.1875073199862366e-103,0.0,6.476237162655404e-125,5.49190093254096e-134,5.544482349049426e-119,5.54467362844393e-119,2.4447608178604517e-79,-3.752855388334376e-06,-742553.6153317341,1867471.552042662
9.491136459790094e-07,0.0002142123591502239,9.777036563028137,291.858505216808,0.0,3.272002767296725e-75,568.5646436776652,3.7198502311950516e-122,0.0,7.203317071116951e-135,189.52154789255505,-1.000761316375687e-117,0.0,1.0321157194419226e-125,8.807555664788186e-134,4.5775724040951495e-119,4.577903139330968e-119,1.7388137544358782e-79,-4.082426750483839e-06,-826199.1798051884,1856218.2578754076
9.808743450194597e-07,0.0002145308587182951,10.280406089109816,291.3300218713248,0.0,3.260459794967594e-75,566.0360720917954,3.703663719066386e-122,0.0,7.846649592242067e-135,188.67869069726513,1.62361734097567e-117,1.4321669996087484e-120,0.0,1.2022645990051279e-133,2.5514958329981343e-119,2.551926046269875e-119,1.2147183308246607e-79,-4.428561816285869e-06,-908719.2891227333,1844466.6745782692
1.0126350440599101e-06,0.00021486546089733173,10.790951788613736,290.77679230346473,0.0,3.2473337531838495e-75,563.3957857303652,3.6865878842006807e-122,0.0,2.322571598128367e-134,187.79859524345503,5.876523440146911e-118,0.0,2.3319452817281246e-125,9.026679462582726e-134,1.7321509565917807e-119,1.7326141564685055e-119,8.332465624129465e-80,-4.791404786055213e-06,-990081.0819477863,1832221.2886633878
1.0443957431003605e-06,0.00021521638594052025,11.30819045145063,290.198731386527,0.0,3.2328895445196464e-75,560.6443109443838,3.6686924641658027e-122,0.0,7.609795579881602e-134,186.88143698146126,1.1695648133322965e-117,0.0,1.4253597301410986e-125,3.1069055306549043e-134,1.7370309991342543e-119,1.7375015712550103e-119,5.610916263760756e-80,-5.171075406440072e-06,-1070252.1582110669,1819487.8575953029
1.076156442140811e-06,0.00021558383866148416,11.83163301017195,289.59579532686365,0.0,3.2173299736927856e-75,557.7824172612062,3.650022559288022e-122,0.0,1.3538093374301164e-133,185.92747242040204,0.0,7.121224432891748e-121,0.0,4.0181901497031064e-134,1.3702039448259904e-119,1.3707089333088703e-119,3.708188602402327e-80,-5.567668750620004e-06,-1149200.5920130196,1806273.3881291756
1.1079171411812613e-06,0.00021596800826828677,12.360785384066006,288.9679816053283,0.0,3.2008082054209337e-75,554.8111146045707,3.6306082555510655e-122,0.0,1.510965723787498e-133,184.93703820152354,4.521078646006244e-118,0.0,0.0,9.55781748783055e-134,7.557204815144595e-120,7.562717562033542e-120,2.4046720394231762e-80,-5.981255039082436e-06,-1226894.9443374183,1792586.1093317848
1.1396778402217117e-06,0.00021636906821117556,12.895149355948174,288.3153288258314,0.0,3.183438216423351e-75,551.7316496437134,3.6104711165366804e-122,0.0,1.1987948820500683e-133,183.91054988123778,-2.4306416279521524e-119,0.0,0.0,1.0437933373166394e-133,2.9938426635382425e-120,2.9994741987207977e-120,1.5297423879159931e-80,-6.411879500766042e-06,-1303304.2755710776,1778435.4404240865
1.171438539262162e-06,0.00021678717605900046,13.43422346069161,287.637916432671,0.0,3.1653038726603496e-75,548.5455011721673,3.589628200883695e-122,0.0,8.060182050848963e-134,182.8485003907224,-4.470021033164124e-120,1.2405679596120084e-120,0.0,7.1918232387913e-134,6.33208943689226e-121,6.386780653767123e-121,9.54498308694156e-81,-6.859562300426333e-06,-1378398.1578246923,1763831.9530022133
1.2031992383026124e-06,0.00021722247341102508,13.97750387292593,286.93586428061445,0.0,3.146466904595352e-75,545.2543744917855,3.56809457058259e-122,0.0,6.000666160336951e-134,181.75145816392848,9.455689467683187e-119,2.789908253042871e-121,0.0,5.634209436910504e-134,1.5298576866759673e-120,1.5352347065088041e-120,5.840587893787245e-81,-7.324298543911075e-06,-1452146.6870498979,1748787.3276125435
1.2349599373430628e-06,0.00021767508583962083,14.524485294440284,286.20933207203166,0.0,3.1269734804655187e-75,541.8601948711491,3.5458848089541125e-122,0.0,4.9786197917214435e-134,180.6200649570497,1.1500995206500086e-102,0.0,2.1343236658018372e-126,6.366200301630556e-134,3.7611767228662025e-120,3.76660110279662e-120,3.504198944523288e-81,-7.806058353462686e-06,-1524520.4949477268,1733314.3051730797
1.2667206363835134e-06,0.00021814512285865963,15.074661843187862,285.4585186777472,0.0,3.1068591717654136e-75,538.365100156666,3.5230138664077225e-122,0.0,3.2147052039970635e-134,179.4550333855553,4.298249450215283e-102,2.747310772282228e-120,1.5938664960020647e-126,7.46438033988584e-134,2.55135958050471e-120,2.5568660865182477e-120,2.0611981782417822e-81,-8.304787003633444e-06,-1595490.7606637133,1717426.6337876418
1.2984813354239638e-06,0.00021863267791769617,15.627527939856527,284.6836613448258,0.0,3.08615252569824e-75,534.7714325791026,3.4994975164605115e-122,0.0,6.055591413304058e-135,178.25714419303415,9.045779282812914e-102,2.4148369027422558e-120,1.4621061266561842e-126,8.531966666595754e-134,2.9507322449990646e-120,2.956328432176792e-120,1.1885425899533354e-81,-8.820405117183669e-06,-1665029.2222649981,1701139.011309603
1.3302420344644142e-06,0.00021913782842443468,16.18257918485545,283.8850347885153,0.0,3.0648776425286993e-75,531.081729786093,3.475352571503149e-122,0.0,-1.7069810825928145e-150,177.02724326203096,1.4613232930977076e-101,0.0,8.250948816366936e-126,7.418543451675003e-134,8.937853415736286e-120,8.943421534503841e-120,6.717898928105955e-82,-9.352808924353965e-06,-1733108.1879948564,1684467.0239477095
1.3620027335048646e-06,0.00021966063579616284,16.739313220327254,283.06295017066515,0.0,3.0430560412256804e-75,527.2987151503662,3.4505969431713355e-122,0.0,6.764318341142292e-135,175.7662383834554,2.0186759807282885e-101,2.6196751199452184e-120,1.7886470946369743e-125,5.30665111436121e-134,1.0819759589256811e-119,1.0825277194992469e-119,3.721858983324442e-82,-9.901870585721168e-06,-1799700.5473001688,1667427.0813106801
1.393763432545315e-06,0.00022020114553871373,17.297230574255263,282.2177539728706,0.0,3.0207079484465085e-75,523.4252874233327,3.4252496326884114e-122,0.0,6.645733990111883e-135,174.47509580777756,2.5090626095388473e-101,6.451116730590288e-120,2.5044099033179334e-125,6.930329590161242e-134,8.593050835290644e-120,8.598814385635186e-120,2.0213062775224786e-82,-1.0467438575056722e-05,-1864779.7816274446,1650036.348393225
1.4255241315857653e-06,0.00022075938735141953,17.855835484092662,281.34982677320846,0.0,2.9978531165402456e-75,519.4645098073762,3.399330695039905e-122,0.0,0.0,173.15483660245872,2.9088378820666364e-101,0.0,2.987089309022245e-125,8.886518956191023e-134,1.541006838620188e-119,1.5416099234300033e-119,1.0762529692052567e-82,-1.1049338118220007e-05,-1928319.974983099,1632312.6750228426
1.4572848306262157e-06,0.0002213353752574273,18.414636696539006,280.4595819333651,0.0,2.974511306560076e-75,515.4195985161601,3.372861167908468e-122,0.0,0.0,171.80653283872002,3.091326629649546e-101,0.0,3.2062357750764337e-125,8.360189571431315e-134,2.0847182192596177e-119,2.0853325104179795e-119,5.6232813352708744e-83,-1.1647371685453674e-05,-1990295.8242537724,1614274.5232602668
1.4890455296666661e-06,0.00022192910775906003,18.97314823953535,279.5474642020439,0.0,2.9507025643806553e-75,511.2939108922555,3.3458630260887086e-122,0.0,5.888628888648366e-135,170.4313036307518,3.076100738775561e-101,6.874673919335683e-120,3.2344120017117875e-125,7.639726917290594e-134,2.0021650164136313e-119,2.0027942562925316e-119,2.8844769855276082e-83,-1.2261319535146803e-05,-2050682.649282596,1595940.8932380439
1.5208062287071165e-06,0.00022254056801746512,19.530890163538352,278.61394824230143,0.0,2.9264473725345473e-75,507.0909331560973,3.318359099285448e-122,0.0,9.836103619858868e-135,169.0303110520324,3.006105823260432e-101,2.6530872612857294e-120,3.1999608718381566e-125,7.48278763595267e-134,2.575647023835595e-119,2.5762975612982947e-119,1.453931345680474e-83,-1.2890940305875696e-05,-2109456.4026973736,1577331.2479416516
1.5525669277475669e-06,0.00022316972405534902,20.087389249509,277.65953709139507,0.0,2.901766716382899e-75,502.814267864068,3.290372976375837e-122,0.0,8.675569835006547e-135,167.6047559546893,3.017964793966432e-101,0.0,3.090974135265785e-125,4.651325159605791e-134,4.1024885295420547e-119,4.1031391029019684e-119,7.206276995363415e-84,-1.3535971653008126e-05,-2166593.679486777,1558465.4374463307
1.5843276267880173e-06,0.00022381652898154498,20.642179681668832,276.6847605619166,0.0,2.876682088950144e-75,498.4676211536971,3.2619289083315696e-122,0.0,5.636503446668725e-135,166.155873717899,3.10025363363285e-101,2.3110039890519932e-119,3.032673967766521e-125,1.2241233692884987e-134,3.3283664732447975e-119,3.3290139191791346e-119,3.541426118218748e-84,-1.4196130925892131e-05,-2222071.7263207473,1539363.6231130995
1.6160883258284677e-06,0.00022448092123628105,21.194803682600263,275.6901735926089,0.0,2.8512154568724937e-75,494.054789852345,3.233051731588116e-122,0.0,4.1830113933548806e-135,164.68492995078165,3.160280817867732e-101,3.9415756112336457e-119,3.478318809016423e-125,8.407080274283784e-134,2.3190880245962776e-119,2.319836501948921e-119,1.7501323630141235e-84,-1.4871115882059633e-05,-2275868.450611367,1520046.202226602
1.647849024868918e-06,0.00022516282485601766,21.74481210891928,274.6763545573634,0.0,2.825389207242945e-75,489.57964852434054,3.2037667977036816e-122,0.0,4.4545178092231454e-135,163.19321617478016,3.1644814856285536e-101,0.0,4.1933807921414733e-125,1.206397570033403e-133,7.720370553146871e-119,7.721189557689641e-119,8.826000165878347e-85,-1.5560605434619952e-05,-2327962.4293106236,1500533.7335382835
1.6796097239093684e-06,0.0002258621497566055,22.291765006217332,273.6439035410806,0.0,2.7992260864152086e-75,485.0461365303329,3.1740998885309585e-122,0.0,4.867461399209322e-135,161.68204551011095,3.140744614740639e-101,0.0,4.36356439558111e-125,0.0,1.4433420561952204e-118,1.4434137426354766e-118,4.6964925754229075e-85,-1.626426042881189e-05,-2378332.9174415395,1480846.86415851
1.7286464619627372e-06,0.0002269758357137355,23.129234004501996,272.01471083939447,0.0,2.758223649052287e-75,477.9412890376412,3.127606381151645e-122,0.0,4.403912760805986e-135,159.31376301254704,3.082781480727543e-101,1.1120769505566902e-118,4.0135287301199144e-125,0.0,1.2760339237981086e-118,1.2761132944231716e-118,2.3720937794534028e-85,-1.7377651060536957e-05,-2452671.1275786655,1450156.8690474578
1.7776832000161059e-06,0.0002281303532875439,23.956861123321865,270.34495189506333,0.0,2.716558919681056e-75,470.7216820343034,3.0803618973705045e-122,0.0,3.1273768595216234e-135,156.90722734476776,3.021016173455012e-101,2.300722692846621e-118,3.81284534632099e-125,5.496677195975453e-133,3.913268424951757e-120,3.9286491231233825e-120,1.607327040031105e-85,-1.8522566954336963e-05,-2522782.7572092954,1419176.1106870424
1.8267199380694746e-06,0.00022932518345367007,24.773172453722847,268.6370795608159,0.0,2.6743183106904626e-75,463.40228744512444,3.032464413056416e-122,0.0,2.3747659945036275e-135,154.4674291483748,2.967745184397781e-101,2.379552579997643e-118,3.861998066484461e-125,1.3620605710559048e-132,0.0,0.0,1.1440229230695639e-85,-1.969753438417873e-05,-2588601.254720119,1387979.4419904195
1.8757566761228434e-06,0.00023055973647382702,25.576758561229813,266.89361908011887,0.0,2.6315882884185995e-75,455.99808708139454,2.984011967635622e-122,0.0,2.4454598955073738e-135,151.99936236046483,2.9216274280610746e-101,1.4891969339948556e-118,3.850060519327884e-125,1.920031327596618e-132,1.3017714829887938e-118,1.301547580702187e-118,8.976667185344049e-86,-2.0901001146090762e-05,-2650064.143640143,1356640.3078304206
1.924793414176212e-06,0.00023183335514544647,26.36627689793081,265.11715279782857,0.0,2.588454795479026e-75,448.5239731765679,2.9351020136911035e-122,0.0,2.7023716348035084e-135,149.50799105885594,2.8724001785950026e-101,6.786257692563337e-119,3.6793030500877255e-125,2.0725341785999518e-132,2.433763012153879e-118,2.4334750370719883e-118,7.714908341357893e-86,-2.2131344221300784e-05,-2707113.08194483,1325230.2527212119
1.973830152229581e-06,0.00023314531812697233,27.140453717721844,263.3103052820766,0.0,2.5450027180977446e-75,440.9946553550328,2.8858308092261645e-122,0.0,2.6655961390950392e-135,146.9982184516776,2.813810141208241e-101,4.5731628629357326e-119,3.4579016681749045e-125,2.043080237497654e-132,2.631274771061349e-118,2.631068537939148e-118,6.532780166357845e-86,-2.338687739863444e-05,-2759693.9174357243,1293818.4790850708
2.0228668902829493e-06,0.00023449484333024117,27.898085480752293,261.4757289488563,0.0,2.5013153948739665e-75,433.42457467781713,2.836292855556978e-122,0.0,2.4180299207579205e-135,144.47485822593902,2.7485083740961607e-101,9.542310269535055e-120,3.2876569040225385e-125,2.0007702628105558e-132,2.8081822287137083e-118,2.8080531278607094e-118,5.5006245231776524e-86,-2.4665858822088192e-05,-2807756.739143,1262471.4583089647
2.0719036283363183e-06,0.0002358810913801366,28.63803971152146,259.6160902651824,0.0,2.457474164313406e-75,425.827825215812,2.786580383513165e-122,0.0,2.2182848956287837e-135,141.94260840527065,2.681584504642057e-101,0.0,3.1610978252306025e-125,1.903702256905082e-132,3.578270654837512e-118,3.5781403231674486e-118,4.686004902661001e-86,-2.5966498444993374e-05,-2851255.9247021247,1231252.5955913856
2.1209403663896864e-06,0.00023730316911638457,29.359255337003074,257.7340566333185,0.0,2.413557955911318e-75,418.21808360006816,2.7367828918778994e-122,0.0,2.1297561165214865e-135,139.40602786668936,2.614267758250843e-101,9.656057029285087e-119,3.0147289597313464e-125,1.899699318411139e-132,3.505475360736114e-118,3.5053332615944587e-118,3.952649977976177e-86,-2.72869653402844e-05,-2890150.1836596923,1200221.9492043667
2.169977104443055e-06,0.00023876013309994114,30.060742570401935,255.83228405859896,0.0,2.369642930571307e-75,410.6085469067692,2.6869867410147634e-122,0.0,2.0527543369881014e-135,136.86951563558972,2.544869527853975e-101,1.5833887289025093e-118,2.823984918885854e-125,2.0296490956482656e-132,3.1635985083899893e-118,3.1634873840577586e-118,3.309293331442701e-86,-2.862539480519031e-05,-2924402.5966672907,1169436.0040473107
2.2190138424964234e-06,0.00024025099309665999,30.74158239417606,253.91340567086473,0.0,2.3258021717098606e-75,403.0118790224731,2.637274802249865e-122,0.0,1.91786356948537e-135,134.33729300749104,2.4727793314459685e-101,0.0,2.6149112557128665e-125,1.9924153006345116e-132,5.06932371698472e-118,5.06924080943108e-118,2.7723394566214828e-86,-2.9979895219892447e-05,-2953980.650526217,1138947.4981879678
2.268050580549792e-06,0.00024177471552378404,31.40092567353456,251.98002113781646,0.0,2.2821054251146915e-75,395.440165433147,2.58772616210303e-122,0.0,1.7485833141225218e-135,131.81338847771565,2.399528238005991e-101,0.0,2.413717292091856e-125,1.7139851185190428e-132,7.440944634257731e-118,7.440854553171508e-118,2.3059400585854388e-86,-3.134855464336031e-05,-2978856.2690497823,1108805.3000479958
2.3170873186031605e-06,0.00024333022684700357,32.037991929870074,250.03468699486282,0.0,2.238618885606176e-75,387.90487625687086,2.538415880196331e-122,0.0,1.591510672457844e-135,129.30162541895695,2.3268882993720493e-101,5.441109512124912e-118,2.2185608713020382e-125,1.9137889088719273e-132,4.418792952219176e-118,4.4187541420582925e-118,1.902877483776012e-86,-3.272944713718043e-05,-2999005.839713877,1079054.333263281
2.366124056656529e-06,0.0002449164169122581,32.652067814921445,248.07990791040956,0.0,2.1954050293917244e-75,380.4168372595036,2.48941479945258e-122,0.0,1.4567061933376555e-135,126.80561241983452,2.255440275433831e-101,8.74378530322026e-118,2.021465404453032e-125,2.636481695783798e-132,1.6885847285175704e-118,1.6886643142177227e-118,1.5672710543703424e-86,-3.412063880733347e-05,-3014410.2360705473,1049735.5458590253
2.4151607947098975e-06,0.00024653214219602366,33.242505332037496,246.11812889512197,0.0,2.1525224907182357e-75,372.98620850829633,2.4407894064536525e-122,0.0,1.3275153196489501e-135,124.32873616943209,2.1850359581105382e-101,0.0,1.8299480293618004e-125,2.481521590770653e-132,1.3180266455653956e-117,1.3180337402437755e-117,1.2876120172430263e-86,-3.55201935571141e-05,-3025054.8359032646,1020885.9200256382
2.464197532763266e-06,0.0002481762289616726,33.80871984673202,244.15172844841535,0.0,2.1100259803722073e-75,365.6224702295142,2.3926017389884234e-122,0.0,1.193936561724463e-135,121.87415674317138,2.1157974377187814e-101,0.0,1.6509780049221877e-125,1.1745779629308942e-132,2.9020508813956987e-117,2.9020417413712787e-117,1.0527728651547538e-86,-3.692617855293119e-05,-3030929.5351066813,992538.5184631422
2.5132342708166346e-06,0.0002498474763134415,34.3501879227315,242.18301262205088,0.0,2.0679662428496933e-75,358.3344153654876,2.344909337360779e-122,0.0,1.061517635900153e-135,119.44480512182918,2.048285526639821e-101,3.490279492154296e-117,1.4638157607723092e-125,2.4348336679547415e-132,9.599801479316081e-118,9.599944689412158e-118,8.574293793968048e-87,-3.833666941252106e-05,-3032028.7572776843,964722.5630698395
2.562271008870003e-06,0.00025154465914124286,34.86644501738185,240.21420997219025,0.0,2.0263900488986996e-75,351.13014828326743,2.297765235892765e-122,0.0,9.386302287934259e-136,117.04338276108913,1.9830218669290725e-101,6.831122871162762e-117,1.2651585264248827e-125,6.959315649358732e-132,0.0,0.0,6.964897636025267e-87,-3.974975512894307e-05,-3028351.459008651,937463.5417108514
2.6113077469233716e-06,0.0002532665309501481,35.357083069985265,238.24746736534894,0.0,1.985340220204887e-75,344.0170890628142,2.251217990958883e-122,0.0,8.268902341108316e-136,114.67236302093805,1.920197391091797e-101,6.024700732093863e-118,1.105068587383223e-125,7.545336142922454e-132,8.10072916775163e-117,8.100642735802616e-117,5.64914776975699e-87,-4.1163542745335144e-05,-3019901.130877873,910783.338867205
2.6603444849767397e-06,0.0002550118265695502,35.82174801505057,236.28484659790908,0.0,1.9448556829310536e-75,337.0019827782039,2.2053117417358724e-122,0.0,7.234914901667838e-136,112.3339942594013,1.859814170382615e-101,0.0,1.0283549998329073e-125,0.0,2.390756610124038e-116,2.3907309213082272e-116,4.581824774316161e-87,-4.257616179715204e-05,-3006685.7941362187,884700.3860908411
2.7093812230301082e-06,0.0002567792647388677,36.26013724907133,234.32832178327587,0.0,1.904971546697444e-75,330.0909131797137,2.160086299758722e-122,0.0,6.268913112784061e-136,110.03030439323788,1.8019097691689598e-101,3.1203254347887533e-116,8.365138039613773e-126,1.0643620043028583e-131,9.148791209272795e-117,9.148699858106984e-117,3.7186396559893414e-87,-4.3985768540605776e-05,-2988717.993093174,859229.8283652598
2.7584179610834768e-06,0.0002585675505683439,36.671997075856574,232.3797774566147,0.0,1.8657192055739826e-75,323.2893201902681,2.115577263418019e-122,0.0,5.380280085938738e-136,107.76310673008935,1.7465827183342806e-101,7.427967197343626e-116,4.401222938530606e-126,5.018909946907529e-131,0.0,0.0,3.0225920874450716e-87,-4.5390549987154564e-05,-2966014.783209485,834383.7026988887
2.8074546991368453e-06,0.00026037537787461937,37.057120152607446,230.44100734477627,0.0,1.8271264577753968e-75,316.6020206463555,2.0718161536766514e-122,0.0,4.580599525754407e-136,105.53400688211849,1.6938900172745834e-101,4.2123093260111656e-116,1.9400649922569402e-126,6.879398488247323e-131,6.136080057371092e-116,6.136048844706745e-116,2.4659902821203594e-87,-4.678872776367057e-05,-2938597.7149077132,810171.1255509416
2.856491437190214e-06,0.00026220143139157583,37.41534295654279,228.51371374791216,0.0,1.7892176409253307e-75,310.03323173814505,2.0288305674552023e-122,0.0,3.86867560866197e-136,103.34441057938166,1.6437971846393273e-101,0.0,5.793321911703982e-126,0.0,2.2201345523275963e-115,2.2201191456767936e-115,2.0247889353011826e-87,-4.8178561816811184e-05,-2906492.813116068,786598.4859895657
2.9055281752435823e-06,0.0002640443888577904,37.74654328935633,226.59950747883826,0.0,1.7520137799295442e-75,303.58659663332014,1.9866443453161789e-122,0.0,3.235735907616953e-136,101.1955322111067,1.5962184944653487e-101,1.5809415808465144e-115,4.1266217651151074e-126,1.1429373274452443e-131,1.8406412780051408e-115,1.8406299283938186e-115,1.6766205070999326e-87,-4.9558353978634364e-05,-2869730.5525649264,763669.6417939723
2.954564913296951e-06,0.00026590292298281457,38.05063783501306,224.69990830724387,0.0,1.715532746452831e-75,297.26521180279445,1.945277751639512e-122,0.0,3.0858052923840107e-136,99.08840393426479,1.5609702580917145e-101,6.667815055915422e-115,0.0,8.331493967474382e-130,0.0,0.0,1.184003811025913e-85,-5.0926451408102534e-05,-2828345.8288595034,741386.1160307345
3.0036016513503194e-06,0.0002677757032951682,38.32757977947698,222.81634585206083,0.0,1.6797894205681465e-75,291.07165560359664,1.9047476561328928e-122,0.0,2.6830271239551143e-136,97.02388520119885,1.510356766065181e-101,1.2312356644829148e-114,0.0,6.5822130695512325e-130,0.0,0.0,1.3389859896165443e-85,-5.2281249924057134e-05,-2782377.92535612,719747.2919334801
3.052638389403688e-06,0.00026966139787546487,38.57735650624169,220.9501608756106,0.0,1.6447958601331978e-75,285.00801771339906,1.8650677385878887e-122,0.0,2.4014489626802644e-136,95.002672571133,1.4973595668965994e-101,8.750675061681119e-115,1.5672699252239723e-125,0.0,7.303658853058447e-115,7.303652252713968e-115,9.508105791649297e-86,-5.362119723665205e-05,-2731870.4758735113,698750.6042525864
3.1016751274570564e-06,0.0002715586749785365,38.79998737501011,219.10260692954054,0.0,1.6105614759535806e-75,279.0759290511483,1.826248666390867e-122,0.0,2.757872284597466e-136,93.02530968371609,1.473354617694479e-101,0.0,8.332355590152286e-125,4.695688233518067e-131,3.1513524055622566e-114,3.1513563197584023e-114,8.770903452083901e-86,-5.494479608514784e-05,-2676871.4232745785,678391.7255145542
3.150711865510425e-06,0.00027346620454875607,38.995521588057876,217.27485230328494,0.0,1.5770932063660246e-75,273.2765918583171,1.7882983058138008e-122,0.0,3.111428909410791e-136,91.09219728610569,1.4275184260906945e-101,1.4153810434456027e-114,9.117288422275444e-125,0.0,3.350143467284081e-114,3.3500532841853674e-114,7.901428788877775e-86,-5.625060728800822e-05,-2617432.9739578944,658664.7459024938
3.199748603563793e-06,0.0002753826596329776,39.164036148262824,215.46798223060907,0.0,1.544395689109896e-75,267.61080965469597,1.7512219186961682e-122,0.0,2.8507119034747463e-136,89.20360321823198,1.3946826124432588e-101,8.73911352237578e-114,0.0,9.556953624383854e-129,0.0,0.0,6.153478298276683e-86,-5.753725270667228e-05,-2553611.5483021513,639562.3457334214
3.2487853416171615e-06,0.0002773067176956668,39.3056339122022,213.68300131398723,0.0,1.5124714312066285e-75,262.07901682062914,1.715022347414039e-122,0.0,2.3682770948021542e-136,87.35967227354303,1.3728322789994894e-101,2.1264647251208115e-113,0.0,9.238619415207105e-129,0.0,0.0,5.1078367926953856e-86,-5.880341812034557e-05,-2485467.727110612,621075.9597464795
3.29782207967053e-06,0.000279237061840928,39.42044174022824,211.9208361288546,0.0,1.481320976358011e-75,256.68130759365033,1.6797002070727692e-122,0.0,2.2508999619280696e-136,85.5604358645501,1.3468734760492606e-101,2.780595860873231e-113,0.0,0.0,4.5193025299847386e-114,4.5188303028992736e-114,4.289125590692307e-86,-6.0047856006544046e-05,-2413066.1941063805,603195.9326248541
3.3468588177238986e-06,0.00028117238194619597,39.50860874375531,210.18233797177913,0.0,1.4509430682500478e-75,251.41746430139278,1.6452540733108033e-122,0.0,2.4499107251017232e-136,83.80582143379759,1.3176231039169932e-101,7.127713585107501e-114,4.350297069815396e-124,2.911864579499262e-128,2.736933887174902e-113,2.736893553220616e-113,3.311980574235539e-86,-6.126938821987935e-05,-2336475.674533083,585911.6653592397
3.395895555777267e-06,0.00028311137571235154,39.57030462886527,208.46828571954637,0.0,1.4213348083800412e-75,246.28698468423332,1.6116806598317556e-122,0.0,2.5635179006041817e-136,82.09566156141109,1.2893494834256422e-101,0.0,2.2415174744010878e-123,4.2308906744167467e-128,8.690969854420873e-113,8.690937525424711e-113,2.4942658790881677e-86,-6.24669085588951e-05,-2255768.8699192517,569211.7522263207
3.4449322938306356e-06,0.00028505274963495084,39.60571813472012,206.77938876961085,0.0,1.3924918076904813e-75,241.289108190187,1.5789749897429167e-122,0.0,2.4432370484621217e-136,80.42970273006232,1.2629129403321157e-101,1.274366868765501e-112,2.124098234138737e-124,0.0,2.085108967104705e-113,2.0847324802951334e-113,1.838967618681805e-86,-6.363938520794439e-05,-2171022.389068306,553084.1083008632
3.493969031884004e-06,0.0002869952199011628,39.61505556475996,205.11629003549035,0.0,1.3644083317318935e-75,236.4228411509459,1.5471305605940628e-122,0.0,2.2657507425529284e-136,78.80761371698196,1.2380287087356732e-101,5.027917701895493e-112,0.0,3.4687118873703465e-127,0.0,0.0,1.2326144190742743e-86,-6.478586303872997e-05,-2082316.675339682,537516.08754313
3.5430057699373727e-06,0.00028893751321690047,39.59853940808736,203.47956897329672,0.0,1.3370774391124557e-75,231.6869807716433,1.5161395011863399e-122,0.0,2.2009438124672035e-136,77.22899359054776,1.213740698238464e-101,1.0294606638124329e-111,0.0,0.0,0.0,0.0,7.0408711092512075e-87,-6.590546575434133e-05,-1989735.93029009,522494.5916056199
3.592042507990741e-06,0.00029087836756849545,39.55640704790331,201.8697446180595,0.0,1.3104911128963784e-75,227.08013788802228,1.4859927210202592e-122,0.0,2.222163860822006e-136,75.69337929600742,1.1894686663669946e-101,1.2046933251381986e-111,0.0,1.4687965834444244e-127,1.0986505922226892e-112,1.0987426810372334e-112,2.6104483540933913e-87,-6.699739785719407e-05,-1893368.0337474109,508006.1695873978
3.6410792460441097e-06,0.0002928165329231038,39.488909553489755,200.2872786110168,0.0,1.284640384687905e-75,222.6007584632804,1.456680050724445e-122,0.0,2.2188636766747788e-136,74.20025282109346,1.1656852470647426e-101,2.0818040502921547e-112,2.1369250011047186e-122,1.1028644057654964e-126,1.0708225064239675e-111,1.0708490538083669e-111,0.0,-6.806094642107493e-05,-1793304.4603930912,494037.10903273727
3.6901159840974782e-06,0.0002947507718718344,39.3963105513385,198.7325782029947,0.0,1.2595154513945097e-75,218.2471438131129,1.4281903742297767e-122,0.0,2.162251000890808e-136,72.74904793770429,1.1428204456084098e-101,0.0,4.589565631875488e-122,1.8833807560665478e-126,1.96519128465044e-111,1.9652286187411266e-111,0.0,-6.909548264539364e-05,-1689640.1929322165,480573.51852843026
3.7391527221508468e-06,0.00029667986021944277,39.278885174213755,197.20599921408345,0.0,1.2351057845199624e-75,214.01746956132283,1.4005117529152112e-122,0.0,2.0956880470742675e-136,71.33915652044094,1.12080130193298e-101,6.602374838180988e-112,0.0,1.968210040104067e-126,2.1949032071132575e-111,2.1949401714595226e-111,1.699648190583539e-88,-7.010046317507708e-05,-1582473.6319336826,467601.40227672807
3.788189460204215e-06,0.0002986025875242358,39.13691908097674,195.70784894409417,0.0,1.2114002322682974e-75,209.90980334023556,1.3736315415301458e-122,0.0,2.0517180847271917e-136,69.96993444674517,1.0993763688932296e-101,1.0579718512262854e-111,1.749578538615958e-121,1.6843211609267756e-126,2.1123872611593585e-111,2.1124199196145645e-111,0.0,-7.107543115955041e-05,-1471906.5024260608,455106.7270807751
3.837226198257583e-06,0.00030051775759159036,38.970707543512646,194.23838902284677,0.0,1.188387114638369e-75,205.92212126016508,1.3475364959498563e-122,0.0,2.0230712592653577e-136,68.64070708672169,1.0784655941953137e-101,7.605591708095953e-112,4.812827488195145e-120,1.1342699375750737e-126,2.19787711921275e-111,2.197908111494422e-111,1.089875012795243e-89,-7.202001703052288e-05,-1358043.757337796,443075.48217908666
3.886262936310952e-06,0.0003024241889242919,38.7805545980658,192.79783818921916,0.0,1.1660543116012493e-75,202.05232318032952,1.3222128730543548e-122,0.0,1.9910887599207197e-136,67.35077439344316,1.0581462291443102e-101,3.422504695319142e-112,5.309002007060859e-120,7.453402902865408e-127,2.3725593597331136e-111,2.3725912579603557e-111,5.5768685489197555e-89,-7.293393898028982e-05,-1240993.477873405,431493.732372058
3.9352996743643204e-06,0.0003043207151327426,38.56677225716936,191.3863749912204,0.0,1.1443893445353715e-75,198.29824682009001,1.297646523059638e-122,0.0,1.951567265542278e-136,66.09941560669667,1.0384772325811381e-101,2.835107616036834e-112,0.0,9.640585141947178e-127,2.392803983564591e-111,2.392836457063202e-111,2.0691259288685185e-89,-7.381700312220245e-05,-1120866.7709202636,420347.6648911705
3.984336412417689e-06,0.000306206185307916,38.32967977765315,190.0041404026625,0.0,1.1233794512026533e-75,194.65768075451615,1.273822974581076e-122,0.0,1.9117645092207286e-136,64.8858935848387,1.0194334401877218e-101,4.006129473112849e-112,0.0,1.4013368023099273e-126,2.3256700627064524e-111,2.3257017156942644e-111,1.0208877635291179e-89,-7.466910331465677e-05,-997777.6635833043,409623.63046284445
4.0333731504710575e-06,0.00030807946435971713,38.06960298058653,188.65124035290935,0.0,1.1030116545768012e-75,191.12837634224167,1.2507275127033316e-122,0.0,1.876685387505523e-136,63.70945878074722,1.000963530397423e-101,3.5468705978892175e-112,8.300706975713085e-120,1.3940045655691237e-126,2.3569666830067483e-111,2.3569971091516264e-111,1.8933430083619558e-89,-7.549022063189732e-05,-871842.9949478167,399308.17900980276
4.0824098885244256e-06,0.0003099394333232015,37.78687361965632,187.32774816619414,0.0,1.0832728258180476e-75,187.7080586364198,1.228345250376804e-122,0.0,1.8448555211095715e-136,62.56935287880658,9.830458762227153e-102,1.7835902004766484e-112,1.577383703851696e-119,1.0355232218258996e-126,2.450368207446681e-111,2.4503979340647974e-111,1.2913429831945053e-89,-7.6280422467905e-05,-743182.3051730227,389388.09041832254
4.1314466265777945e-06,0.0003117849896349369,37.4818287947024,186.033706907698,0.0,1.064149741682829e-75,184.39443633140436,1.2066611934989573e-122,0.0,1.8132131122547106e-136,61.46481211046812,9.656836096185037e-102,1.0316466648181116e-112,1.4667668329580896e-119,9.019937526079637e-127,2.4475737522013605e-111,2.4476032173656712e-111,7.97478774655146e-90,-7.703986126223238e-05,-611917.7220217315,379850.400784049
4.1804833646311635e-06,0.0003136150473816384,37.15481040705803,184.76913163489263,0.0,1.0456291366705914e-75,181.18521079877223,1.1856603000434433e-122,0.0,1.781184345039902e-136,60.395070266257406,9.488756458063444e-102,1.600378712067013e-112,8.888815328140044e-120,1.0975844885846105e-126,2.349679294694943e-111,2.349708443308198e-111,8.489957335212036e-90,-7.776877283885485e-05,-478173.8449337962,370682.42453254963
4.229520102684532e-06,0.0003154285375230535,36.80616465336621,183.53401155374152,0.0,1.0276977502232039e-75,178.07808426660196,1.1653275335881919e-122,0.0,1.7499956800123176e-136,59.35936142220064,9.326071504593776e-102,1.880224742875809e-112,6.952147567185246e-120,1.2137585561540992e-126,2.2952532679754536e-111,2.295281878637309e-111,6.97957395418628e-90,-7.846747435158273e-05,-342077.62675338145,361871.7727922047
4.278556840737901e-06,0.00031722440809090976,36.4362415547694,182.32831207993627,0.0,1.010342369292161e-75,175.0707671956752,1.1456479115870509e-122,0.0,1.720407617297269e-136,58.35692239855839,9.168596651388223e-102,1.1972218853710475e-112,1.0028662895328852e-119,1.0644331146215629e-126,2.3267932147787474e-111,2.32682123674866e-111,5.045653791544992e-90,-7.913636183258044e-05,-203758.25322231976,353406.3683764871
4.32759357879127e-06,0.00031900162436558497,36.04539451863322,181.1519768057112,0.0,9.93549866579025e-76,172.16098490551067,1.1266065487292185e-122,0.0,1.6921120761258654e-136,57.38699496850355,9.016199596544559e-102,5.449672249276705e-113,1.2363307411551276e-119,9.131799592354947e-127,2.3454228343807137e-111,2.3454503717864774e-111,4.440318457271693e-90,-7.977590734380319e-05,-63347.020353971515,345274.45771121065
4.376630316844639e-06,0.0003207591690320265,35.63397993014377,180.00492937321334,0.0,9.773072347450533e-76,169.34648350197017,1.1081886957274507e-122,0.0,1.664588170453444e-136,56.448827833990045,8.868788244153425e-102,6.821247567860829e-113,1.0814302548529285e-119,9.688268872152187e-127,2.287504156118968e-111,2.2875312943253715e-111,3.7726656239262657e-90,-8.038665573441558e-05,79022.79019606556,337464.6200208847
4.425667054898008e-06,0.0003224960423163228,35.20235677124232,178.88707525588484,0.0,9.61601616878869e-76,166.62503515668217,1.0903797738658897e-122,0.0,1.637749081770622e-136,55.541678385560715,8.726263052596129e-102,1.0440522670121145e-112,8.397801180582132e-120,1.0782317211893867e-126,2.2142852091448747e-111,2.2143119470915145e-111,2.9743224455865168e-90,-8.096922101047056e-05,223216.03764403216,329965.77406715904
4.474703792951377e-06,0.00032421126210421,34.75088626450216,177.79830344970162,0.0,9.464203335029505e-76,163.99444278679408,1.0731654056246229e-122,0.0,1.6117898083236573e-136,54.66481426226469,8.588503444172569e-102,8.805428123756134e-113,8.486767356780634e-120,1.0366358377962629e-126,2.196790865073169e-111,2.1968171736639326e-111,2.4928807226724494e-90,-8.152428232639025e-05,369095.85035684356,322767.1827114419
4.523740531004746e-06,0.00032590386404268294,34.27993153972477,176.7384880763618,0.0,9.317509063886842e-76,161.4525441816423,1.0565314416846666e-122,0.0,1.5868085574455891e-136,53.817514727214096,8.455385573097185e-102,4.205513932482479e-113,1.0036469258748459e-119,9.11664969424918e-127,2.208113087531404e-111,2.208138970166479e-111,2.1124075626056428e-90,-8.205257961111066e-05,516523.75577386585,315858.4555532496
4.572777269058115e-06,0.0003275729016257716,33.789857321203876,175.7074899006886,0.0,9.175810794369532e-76,158.99721562087493,1.0404639846044678e-122,0.0,1.56272718991681e-136,52.99907187362497,8.326796507618673e-102,3.182533767991985e-113,1.0226565556203403e-119,8.869163976913012e-127,2.1830839010120033e-111,2.183109389607103e-111,1.7363498552613787e-90,-8.255490884505497e-05,665359.8118483338,309229.54987598635
4.621814007111484e-06,0.000329217446265449,33.281029633754066,174.70515776466002,0.0,9.038988368684276e-76,156.62637502641059,1.0249494094457638e-122,0.0,1.5394443862555182e-136,52.20879167547019,8.202631661104327e-102,5.714927276672982e-113,8.933472835679217e-120,9.598147390396259e-127,2.1239435379877925e-111,2.1239686587976444e-111,1.4507335397765375e-90,-8.303211700730636e-05,815462.7398836568,302870.7701128406
4.670850745164853e-06,0.0003308365873485477,32.75381552576253,173.73132994061095,0.0,8.906924189552686e-76,154.33798468841235,1.0099743816121039e-122,0.0,1.5169352496428309e-136,51.44599489613744,8.082786995902276e-102,7.406240360151697e-113,7.8848776641602e-120,1.008894586629429e-126,2.0753433513802534e-111,2.075368113208928e-111,1.227548797436682e-90,-8.348509671534628e-05,966690.0586384758,296772.7660274274
4.719887483218222e-06,0.00033242943228047717,32.20858280751287,172.7858354061495,0.0,8.779503355134668e-76,152.13005360323947,9.955258721483438e-123,0.0,1.4952175237265734e-136,50.71001786774649,7.967157182623838e-102,6.572360346737122e-113,7.828666845577755e-120,9.87901440850192e-127,2.0533927458040057e-111,2.0534171527933225e-111,1.0302034574034757e-90,-8.391478058306904e-05,1118898.2195732365,290926.5297865614
4.768924221271591e-06,0.0003339951065164559,31.64569980340292,171.8684950434952,0.0,8.656613773623075e-76,150.00063945913246,9.81591170734851e-123,0.0,1.4742897742541321e-136,50.00021315304414,7.85563875606008e-102,5.0090304392680795e-113,8.13184454708558e-120,9.451462897674148e-127,2.03946667545306e-111,2.039490738295211e-111,8.686062038677175e-91,-8.432213532483502e-05,1271942.7431098334,285323.39208664565
4.81796095932496e-06,0.0003355327535809041,31.065535116629466,170.97912276582468,0.0,8.538146259446917e-76,147.94785030320256,9.681578965961004e-123,0.0,1.454122248490263e-136,49.31595010106751,7.748132426076992e-102,4.7470073720597436e-113,8.007390792630007e-120,9.361461394772232e-127,2.0133089053043773e-111,2.0133326397971425e-111,7.384630421047545e-91,-8.470815563640103e-05,1425678.3557750494,279955.0174798209
4.866997697378329e-06,0.0003370415350755771,30.468457405106722,170.11752657312766,0.0,8.423994612897002e-76,145.9698459211695,9.552140075295038e-123,0.0,1.4346838807105912e-136,48.6566153070565,7.644542585111899e-102,5.257715560189085e-113,7.590378888111097e-120,9.474716282583491e-127,1.9805244448876e-111,1.9805478650644162e-111,6.280686327155885e-91,-8.507385788574984e-05,1579959.1280975584,274813.39903183625
4.916034435431698e-06,0.00033852063067695953,29.854835167320168,169.2835095400389,0.0,8.314055684869207e-76,144.0648389592253,9.427478072467948e-123,0.0,1.4159574043474315e-136,48.021612986408435,7.544776047259588e-102,4.9208647861472884e-113,7.452935052864517e-120,9.35760183457881e-127,1.957396520905751e-111,1.957419636960585e-111,5.357282840676182e-91,-8.542027364925935e-05,1734638.6131276172,269890.85243053955
4.965071173485067e-06,0.000339969238123381,29.225036537075407,168.4768707380188,0.0,8.208229428306546e-76,142.23109581541843,9.307479512071997e-123,0.0,1.3979319888087796e-136,47.410365271806135,7.448741822352237e-102,3.781288964613562e-113,7.621934217897859e-120,9.017446390956114e-127,1.9433277917644918e-111,1.943350613262776e-111,4.5950780103500675e-91,-8.574844313006113e-05,1889569.9854479802,265180.00965174875
5.0141079115384355e-06,0.0003413865731922663,28.579429086220955,167.6974060940918,0.0,8.10641893781101e-76,140.4669373260429,9.192034511091168e-123,0.0,1.3805932296619723e-136,46.8223124420143,7.356351683322916e-102,3.225942600717505e-113,7.642778287917903e-120,8.822349976629758e-127,1.9243220065689883e-111,1.924344544898837e-111,3.953860449492531e-91,-8.60594084968997e-05,2044606.1805440332,260673.81227797747
5.0631446495918045e-06,0.00034277186966788747,27.918379634445348,166.94490918813648,0.0,8.008530478790976e-76,138.77073927069983,9.081036781951763e-123,0.0,1.3639230942992366e-136,46.256913090233276,7.267520546882664e-102,3.6125140896917413e-113,7.368064824181593e-120,8.874097174870142e-127,1.896797823138637e-111,1.8968200903370005e-111,3.4133827432114307e-91,-8.635420718316737e-05,2199600.034400919,256365.50455506053
5.1121813876451734e-06,0.0003441243792999452,27.242254065290354,166.21917199049454,0.0,7.914473507410503e-76,137.14093271797495,8.974383655143192e-123,0.0,1.3479045831050343e-136,45.71364423932498,7.182166379026949e-102,3.8402550164733436e-113,7.133808111358166e-120,8.888904521572016e-127,1.8717990125047117e-111,1.871821019268257e-111,2.9600850411973937e-91,-8.663386518674395e-05,2354404.423195074,252248.62626218083
5.161218125698542e-06,0.000345443371753265,26.551417147611552,165.5199855414094,0.0,7.824160682513246e-76,135.5760042320552,8.871976092738839e-123,0.0,1.3325231989581452e-136,45.192001410685066,7.100209985614318e-102,3.248212174562182e-113,7.162987240318497e-120,8.690271666856017e-127,1.8559293011295882e-111,1.8559510570006216e-111,2.5772369754638297e-91,-8.689939041175494e-05,2508872.4029476508,248317.00546206246
5.210254863751911e-06,0.0003467281345488583,25.84623236180823,164.8471405734903,0.0,7.737507870605842e-76,134.07449595908042,8.773718694046932e-123,0.0,1.3177652959197963e-136,44.6914986530268,7.021574980351524e-102,2.5725611991257216e-113,7.24040039623269e-120,8.463362283558538e-127,1.8417844736702146e-111,1.8418059884990495e-111,2.2525346168762327e-91,-8.715176609349719e-05,2662857.349007202,244564.75119006322
5.25929160180528e-06,0.0003479779729965661,25.127061730204737,164.2004280780143,0.0,7.654434144903003e-76,132.63500561059695,8.679519694527712e-123,0.0,1.3036170965827906e-136,44.211668536865645,6.946187876661009e-102,2.608990973370931e-113,7.113827495103016e-120,8.415795389222709e-127,1.8213713967727463e-111,1.821392681005202e-111,1.9771954781098664e-91,-8.73919443476418e-05,2816213.095229253,240986.24613351113
5.308328339858649e-06,0.0003491922101194749,24.394265651005817,163.57963981541826,0.0,7.574861779359572e-76,131.25618636014596,8.589290959026198e-123,0.0,1.2900652125345821e-136,43.75206212004865,6.873978138819622e-102,2.9635704715698567e-113,6.890555327680299e-120,8.453874863886844e-127,1.79861454059947e-111,1.7986356042673554e-111,1.7429180096950436e-91,-8.76208398843732e-05,2968794.072720673,237576.13934583345
5.357365077912018e-06,0.00035037018657026685,23.64820273529068,162.9845687697913,0.0,7.498716238543495e-76,129.93674666778315,8.502947970288922e-123,0.0,1.27709702150526e-136,43.31224888926105,6.8048781508227565e-102,2.8177004557206497e-113,6.818643707335329e-120,8.370251366327846e-127,1.78169175070477e-111,1.7817126029449254e-111,1.5428577137342052e-91,-8.7839323927315e-05,3120455.4480170826,234329.33903377107
5.406401815965387e-06,0.0003515112605396418,22.889229646557855,162.41500954652503,0.0,7.425926164137446e-76,128.67545004618106,8.420409813657937e-123,0.0,1.2647003623289855e-136,42.891816682060345,6.738823167209443e-102,2.2559735045831086e-113,6.881212212941221e-120,8.18077580660003e-127,1.7697420514697572e-111,1.7697627012149346e-111,1.3717231677038048e-91,-8.804821837592925e-05,3271053.260562216,231241.00545016854
5.455438554018756e-06,0.00035261480765692366,22.117700942375524,161.870758711478,0.0,7.356423358796386e-76,127.47111478091496,8.341599158766562e-123,0.0,1.2528634282390717e-136,42.490371593638315,6.675751293799827e-102,2.0199038769953958e-113,6.858504332958754e-120,8.069488559182979e-127,1.755329903443387e-111,1.7553503600160605e-111,1.2249675187007621e-91,-8.824829024859199e-05,3420444.559358658,228306.54391939365
5.504475292072125e-06,0.00035368022088294555,21.33396891772555,161.35161506902008,0.0,7.290142768032181e-76,126.32261361656202,8.266442238997933e-123,0.0,1.2415751117188237e-136,42.107537872187336,6.615603487491484e-102,2.267864783969897e-113,6.697086444264465e-120,8.08026529392793e-127,1.736853162156323e-111,1.7368734348674407e-111,1.098758417683259e-91,-8.84402464417708e-05,3568487.538660325,225521.59801725717
5.553512030125494e-06,0.0003547069103952864,20.538383449655512,160.85737987508284,0.0,7.227022460745765e-76,125.22887341936517,8.194868829409997e-123,0.0,1.2308250960709573e-136,41.74295780645505,6.558323547639527e-102,2.3956151054672215e-113,6.571698726807926e-120,8.066657293710206e-127,1.720340100313621e-111,1.7203601978566297e-111,9.899882317400336e-92,-8.862472883866658e-05,3715041.6725778067,222882.04292228323
5.602548768178863e-06,0.00035569430346591444,19.731291842876768,160.38785697977906,0.0,7.167003608980831e-76,124.18887482640785,8.12681222377787e-123,0.0,1.2206034781308015e-136,41.39629160880261,6.5038580934648294e-102,2.0696196582850406e-113,6.58366113015672e-120,7.944085926286194e-127,1.709113545213712e-111,1.7091334758467703e-111,8.960500879964343e-92,-8.880230979834202e-05,3859967.848468868,220383.97895016544
5.651585506232232e-06,0.00035664184433127557,18.91303867596881,159.94285289200778,0.0,7.110030467431527e-76,123.20165189052602,8.062209211357195e-123,0.0,1.2109005946560554e-136,41.067217296842,6.4521565392371714e-102,1.6668115152021975e-113,6.626299375303967e-120,7.801658349870395e-127,1.699391011061135e-111,1.6994107831616816e-111,8.147472137270628e-92,-8.897348805386287e-05,4003128.498987452,218023.72527787392
5.700622244285601e-06,0.0003575489940548481,18.083965647857383,159.52217675651016,0.0,7.0560503531989e-76,122.2662917295306,8.001000053929542e-123,0.0,1.2017073323610157e-136,40.75543057651019,6.403171075386296e-102,1.5343929552900266e-113,6.59722475422872e-120,7.724747030491804e-127,1.6876870581844437e-111,1.6877066802548328e-111,7.442484124767543e-92,-8.913868504469969e-05,4144387.7326658387,215797.81385918774
5.74965898233897e-06,0.0003584152303821699,17.244411424260676,159.12564022933955,0.0,7.005013626257776e-76,121.38193418774026,7.943128463653384e-123,0.0,1.193015280266388e-136,40.460644729246745,6.356856653629586e-102,1.5881883388695092e-113,6.51758286872417e-120,7.69554952747285e-127,1.674831021070828e-111,1.6748505014254257e-111,6.830229260293313e-92,-8.92982417063654e-05,4283611.462906051,213702.9835256256
5.798695720392339e-06,0.00035924004758832833,16.394711483790395,158.75305723371235,0.0,6.956873671066134e-76,120.54777151731099,7.888541582210585e-123,0.0,1.1848165976803301e-136,40.18259050577032,6.313170971732273e-102,1.5965231114975715e-113,6.45328924773331e-120,7.658942351772318e-127,1.6631285568653205e-111,1.6631479035183233e-111,6.297800604974486e-92,-8.945241573666156e-05,4420667.535257999,211736.17426008714
5.847732458445708e-06,0.00036002295631788853,15.535197963389747,158.40424357250234,0.0,6.911586879723642e-76,119.76304808640954,7.837189961709561e-123,0.0,1.177103880439365e-136,39.92101602880317,6.27207445742019e-102,1.4994032708882506e-113,6.422820225126243e-120,7.599443707798475e-127,1.6531693666097493e-111,1.6531885874052547e-111,5.8342815000157754e-92,-8.960137935419739e-05,4555425.852863621,209894.5216218974
5.8967691964990766e-06,0.00036076348341722005,14.666199502790178,158.07901636343064,0.0,6.869112637063966e-76,119.02706012089503,7.789027547781118e-123,0.0,1.169870154458712e-136,39.675686706965,6.2335302537981706e-102,1.4244050216000895e-113,6.39032311188619e-120,7.5469010156621e-127,1.6436679245933548e-111,1.6436870273566348e-111,5.4305975778921605e-92,-8.974521756252853e-05,4687758.499947874,208175.35128765597
5.9458059345524455e-06,0.00036146117175916493,13.788041087646132,157.7771932531028,0.0,6.829413308047267e-76,118.33915548585772,7.744011665282554e-123,0.0,1.1631089804870738e-136,39.44638516195256,6.197504207866175e-102,1.4404578265616076e-113,6.335386416487016e-120,7.518277900552627e-127,1.6339257272728175e-111,1.6339447197792327e-111,5.0790093672493e-92,-8.988392692817401e-05,4817539.863239419,206576.17365891102
5.9948426726058145e-06,0.00036211558005997367,12.901043890976148,157.4985913475169,0.0,6.792454227804221e-76,117.69873351310311,7.70210300700835e-123,0.0,1.1568144977275265e-136,39.23291117103437,6.163964861988249e-102,1.4530995941895305e-113,6.284214516732975e-120,7.491670302480011e-127,1.6248789570585334e-111,1.6248978469194238e-111,4.7729460785900275e-92,-9.001741487802096e-05,4944646.751205696,205094.6784631812
6.043879410659183e-06,0.00036272628268841625,12.005525112503353,157.24302576987037,0.0,6.758203694671456e-76,117.10524488047109,7.663265625792932e-123,0.0,1.1509813333766687e-136,39.03508162682369,6.132883447804685e-102,1.4041185565499533e-113,6.253465925734317e-120,7.453119643838221e-127,1.6171021123458283e-111,1.6171209070414455e-111,4.50701578800761e-92,-9.014549951896033e-05,5068958.510989232,203728.72924005837
6.092916148712552e-06,0.00036329286946695213,11.101797815334299,157.01030772417508,0.0,6.726632966550084e-76,116.55819154873694,7.627466930381528e-123,0.0,1.1456045700018173e-136,38.85273051624564,6.1042338827749724e-102,1.3435913047590503e-113,6.229283592479203e-120,7.414107587515809e-127,1.6100875392628657e-111,1.6101062462305143e-111,4.27619680383467e-92,-9.026790997488628e-05,5190357.142934188,202476.35756267776
6.141952886765921e-06,0.00036381494546481637,10.19017075946728,156.80024187171824,0.0,6.697716260914182e-76,116.05712676175831,7.594677685439786e-123,0.0,1.14067979090766e-136,38.6857089205861,6.077992770006222e-102,1.3277475392177158e-113,6.195655642650442e-120,7.387931821572744e-127,1.603266722614614e-111,1.6032853492624676e-111,4.076767081830126e-92,-9.038428724109024e-05,5308727.412594409,201335.7567529068
6.19098962481929e-06,0.00036429213078284565,9.270948231273284,156.6126227450564,0.0,6.671430758794637e-76,115.60165511550674,7.56487201607113e-123,0.0,1.1362031220046084e-136,38.53388503850224,6.054139401868979e-102,1.3279148376310888e-113,6.160384085695339e-120,7.368060762511593e-127,1.5969208565735026e-111,1.5969394102261862e-111,3.905433564673455e-92,-9.04941855440814e-05,5423956.960116683,200305.27474389866
6.240026362872659e-06,0.00036472406032982444,8.344429867911055,156.44722975943935,0.0,6.647756613065856e-76,115.19143270165871,7.538027417213239e-123,0.0,1.1321712017985315e-136,38.39714423388623,6.0326557676065495e-102,1.3027066839415335e-113,6.1350457783314414e-120,7.344813836832855e-127,1.5914590043087943e-111,1.591477492205776e-111,3.759697385822153e-92,-9.059707419660077e-05,5535936.406895364,199383.40553313176
6.289063100926028e-06,0.00036511038359005754,7.410910474806609,156.30382012228839,0.0,6.626676961369743e-76,114.8261673315405,7.514124768292805e-123,0.0,1.128581157365449e-136,38.275389110513494,6.013526565100382e-102,1.2556606615279706e-113,6.118759871048241e-120,7.318887429205461e-127,1.5868417264251345e-111,1.5868601557618087e-111,3.636577925142866e-92,-9.069233992484396e-05,5644559.459397129,198568.7783388538
6.3240630973491915e-06,0.00036535804287952576,6.740489267423848,156.21475594529886,0.0,6.613210342040532e-76,114.59281956259078,7.498854692742618e-123,0.0,1.1262876751524032e-136,38.19760652086359,6.00130597949438e-102,1.2291126195594644e-113,6.1069875611510036e-120,7.303462421351103e-127,1.5838569365397331e-111,1.5838753284731666e-111,3.561409649776666e-92,-9.075529334019837e-05,5719979.291118102,198052.23092068653
6.359063093772354e-06,0.0003655821791143218,6.066752942145124,156.13663758269496,0.0,6.601054239487414e-76,114.38218025211877,7.485070639013611e-123,0.0,1.12421738299394e-136,38.127393417372915,5.990274651720679e-102,1.2089076810206269e-113,6.0948948427641894e-120,7.290759293819245e-127,1.5811250204459682e-111,1.581143378623892e-111,3.4963385859789694e-92,-9.0813735816055e-05,5793600.174232539,197589.25570442638
6.3940630901955164e-06,0.00036578267806020064,5.3898038505096535,156.06933398793848,0.0,6.59020534613796e-76,114.19419208695417,7.472768856581644e-123,0.0,1.1223697203585483e-136,38.064730695651384,5.980429580242623e-102,1.1885959162976523e-113,6.084236226467641e-120,7.27931128698117e-127,1.5787096766453078e-111,1.5787280047017615e-111,3.440674294967006e-92,-9.086737214284906e-05,5865386.506341956,197179.45058630686
6.42906308661868e-06,0.00036595942904044397,4.709742901988742,156.01269132139964,0.0,6.580661150802493e-76,114.02881155353992,7.461946497957295e-123,0.0,1.1207442605617664e-136,38.00960385117997,5.9717684862233025e-102,1.1659665838610606e-113,6.0756233852054446e-120,7.268604005479338e-127,1.5766324061153749e-111,1.5766507076759354e-111,3.393916576413896e-92,-9.091588860079365e-05,5935303.572220266,196822.42601311885
6.45406573053348e-06,0.00036607109184087273,4.22208329709571,155.978654954252,0.0,6.574641082971186e-76,113.9244966276465,7.455120219709279e-123,0.0,1.1197189904323622e-136,37.9748322092155,5.96630544071186e-102,1.1503740934661248e-113,6.0701762674945296e-120,7.2618622279432635e-127,1.575335342212661e-111,1.5753536270644462e-111,3.365771557222218e-92,-9.094722883232045e-05,5984086.231033174,196599.48625791803
6.479068374448279e-06,0.0003661705430172214,3.7329221997069197,155.9498836787195,0.0,6.569285560258542e-76,113.83169685021132,7.449047482785957e-123,0.0,1.1188068978905422e-136,37.943898950070434,5.96144545156668e-102,1.1357587673072968e-113,6.065171497537183e-120,7.255996953066376e-127,1.574188899894098e-111,1.5742071698854787e-111,3.341809630206631e-92,-9.097566138789991e-05,6031885.668256668,196403.13687932928
6.504071018363079e-06,0.0003662577454707963,3.242294951008168,155.92627956975835,0.0,6.564594425845295e-76,113.75040950389123,7.443728109366752e-123,0.0,1.1180079564595791e-136,37.916803167963735,5.9571883764780425e-102,1.1215539179924684e-113,6.060757043034621e-120,7.250884789757552e-127,1.5731987079058689e-111,1.5732169648844319e-111,3.321893467611632e-92,-9.100105588240785e-05,6078690.087600229,196233.22158448608
6.529073662277878e-06,0.00036633266298119265,2.7502364566136714,155.907722109176,0.0,6.560567737395439e-76,113.68063558788016,7.439162164838047e-123,0.0,1.1173221761226922e-136,37.89354519596005,5.9535342677741114e-102,1.1073752056500468e-113,6.057035172619813e-120,7.2464406901579405e-127,1.5723686234433351e-111,1.5723868692566013e-111,3.305896154442925e-92,-9.102327785213194e-05,6124487.938331039,196089.5662044956
6.546277770045525e-06,0.00036637705979523265,2.4108418750403753,155.89780614030718,0.0,6.558183038319585e-76,113.63931384295196,7.436458105700224e-123,0.0,1.1169160409884486e-136,37.87977128098398,5.95137021913763e-102,1.0977543288029808e-113,6.054843403264606e-120,7.243798444561786e-127,1.5718892671235976e-111,1.5719075063276033e-111,3.297087145153552e-92,-9.103665420518662e-05,6155410.56445036,196005.8649005566
6.563481877813174e-06,0.0003664156120190871,2.0707970494307837,155.89014533243338,0.0,6.556113208883524e-76,113.60344811680318,7.434111083697746e-123,0.0,1.1165635308963074e-136,37.867816038934386,5.949491906014554e-102,1.0883169983460887e-113,6.0529315041754066e-120,7.241512994267768e-127,1.5714840715193282e-111,1.571502304989743e-111,3.2900104641724025e-92,-9.104841691525763e-05,6185847.6407959685,195934.42091080008
6.580685985580821e-06,0.00036644830856039,1.7301129483441668,155.8846608983821,0.0,6.554358447609142e-76,113.57304184939439,7.432121323938648e-123,0.0,1.1162646796644071e-136,37.85768061646479,5.94789950855799e-102,1.0790377405225158e-113,6.051305115776529e-120,7.2395800291639474e-127,1.5711533392638589e-111,1.5711715678769024e-111,3.28461209061064e-92,-9.105851906633536e-05,6215795.610868374,195875.13628261944
6.593103716425719e-06,0.0003664682637735457,1.4838198883879081,155.88199856108915,0.0,6.553287796934279e-76,113.55448975846522,7.430907291203827e-123,0.0,1.1160823384715037e-136,37.85149658615507,5.946927922601293e-102,1.0724089647037949e-113,6.0503161332119666e-120,7.238397869502078e-127,1.5709612174194216e-111,1.5709794430713088e-111,3.281721709717895e-92,-9.106475198271646e-05,6237105.819944236,195839.8321801575
6.605521447270617e-06,0.0003664851585738471,1.2372034544698411,155.88036823017393,0.0,6.55238152789046e-76,113.53878605033525,7.429879654168162e-123,0.0,1.1159279929141283e-136,37.84626201677841,5.946105508440781e-102,1.0658417418679092e-113,6.049480987224147e-120,7.23739555224695e-127,1.5708081547856126e-111,1.5708263779334949e-111,3.279639471345608e-92,-9.107007677389968e-05,6258158.093395529,195810.73839102103
6.6112574412651076e-06,0.00036649192817438293,1.1231783941144033,155.87994660142436,0.0,6.552018440607244e-76,113.53249452271419,7.429467942059097e-123,0.0,1.115866155968052e-136,37.844164840904725,5.945776016745956e-102,1.0628339460775882e-113,6.0491457662101935e-120,7.2369945070335614e-127,1.570750598892605e-111,1.5707688210382918e-111,3.278940403721426e-92,-9.107222469203832e-05,6267795.106074233,195799.3755605351
6.614753755790194e-06,0.00036649573360671503,1.0536423594704842,155.87978778127905,0.0,6.55181434815836e-76,113.52895803620316,7.429236517450032e-123,0.0,1.115831397235509e-136,37.84298601206771,5.945590808477881e-102,1.0610076981565528e-113,6.048957319323236e-120,7.2367690934442125e-127,1.5707196021217e-111,1.5707378237044095e-111,3.278593214463436e-92,-9.107343618283968e-05,6273642.060495094,195793.08747540633
6.616696056336365e-06,0.0003664977425727961,1.0150023035258706,155.879732533101,0.0,6.55170660697104e-76,113.52709111139667,7.429114347510418e-123,0.0,1.115813047967171e-136,37.84236370379889,5.945493036322111e-102,1.0599954200831201e-113,6.048857848576959e-120,7.236650087518439e-127,1.5707037207550992e-111,1.5707219420407388e-111,3.27842584831419e-92,-9.107407702009166e-05,6276881.297953342,195789.80417356582
6.618028535058682e-06,0.0003664990773783373,0.9884895587065218,155.87971305216038,0.0,6.551635022432583e-76,113.52585070413991,7.429033176335699e-123,0.0,1.1158008564929751e-136,37.8419502347133,5.9454280753279105e-102,1.0593019134232505e-113,6.048791758542015e-120,7.236571018948854e-127,1.5706933783539617e-111,1.5707115994422802e-111,3.2783221738356026e-92,-9.107450331363495e-05,6279099.832291811,195787.64451712047
6.618922997602668e-06,0.00036649995358488234,0.9706901286873797,155.8797112987948,0.0,6.551588032753264e-76,113.52503647329513,7.428979893775634e-123,0.0,1.1157928537388148e-136,37.8416788244317,5.9453854334899995e-102,1.0588368101006015e-113,6.048748375272395e-120,7.236519116838697e-127,1.570686688074011e-111,1.5707049090328295e-111,3.2782583842939764e-92,-9.107478337139643e-05,6280587.401344368,195786.2408394948
6.619817460146653e-06,0.00036650081386977525,0.9528890700552687,155.87971873672473,0.0,6.551541897366117e-76,113.52423704551022,7.428927579914964e-123,0.0,1.1157849964780978e-136,37.841412348503404,5.945343566898671e-102,1.0583720519572688e-113,6.048705780770445e-120,7.2364681582962346e-127,1.570680200532109e-111,1.5706984213638035e-111,3.2781998423870325e-92,-9.107505851816272e-05,6282073.618363548,195784.87427625965
6.620711922690638e-06,0.0003665016582315602,0.9350863837851778,155.87973498280144,0.0,6.551496616325157e-76,113.52345242172117,7.428876234814939e-123,0.0,1.1157772847200233e-136,37.84115080724038,5.945302475602944e-102,1.0579076382761216e-113,6.0486639751301965e-120,7.236418143344345e-127,1.570673915748464e-111,1.5706921364554106e-111,3.2781468802890675e-92,-9.10753287469626e-05,6283558.482879931,195783.54434375855
6.621606385234624e-06,0.00036650248666878193,0.9172820712658101,155.87975994769621,0.0,6.551452189684813e-76,113.52268260287113,7.428825858537279e-123,0.0,1.115769718473861e-136,37.84089420095704,5.945262159652211e-102,1.0574435688406079e-113,6.04862295831557e-120,7.236369072114977e-127,1.5706678337383792e-111,1.5706860543229541e-111,3.278099645446125e-92,-9.107559405081844e-05,6285041.994424517,195782.25093031224
6.622500847778609e-06,0.0003665032991799862,0.8994761342405341,155.8797937931466,0.0,6.551408617499904e-76,113.52192758990995,7.428776451144139e-123,0.0,1.1157622977489465e-136,37.840642529969976,5.945222619096215e-102,1.0569798432954003e-113,6.048582730328274e-120,7.236320944709377e-127,1.5706619545186378e-111,1.5706801749832174e-111,3.278058233692531e-92,-9.10758544227473e-05,6286524.152528731,195780.99424208436
6.623850513757722e-06,0.00036650449503951906,0.8726054564317652,155.87986170829532,0.0,6.551344488363767e-76,113.52081636886207,7.428703733802849e-123,0.0,1.1157513759950969e-136,37.84027212295402,5.945164423673984e-102,1.0562807715797064e-113,6.048523523071004e-120,7.236250111308434e-127,1.570653467185481e-111,1.5706716874734963e-111,3.278007035380675e-92,-9.107623795033747e-05,6288758.036942795,195779.16757330697
6.625200179736836e-06,0.0003665056546301214,0.8457310887025209,155.87994993791926,0.0,6.551282304983758e-76,113.51973886361476,7.428633222794297e-123,0.0,1.1157407856205665e-136,37.83991295453825,5.9451079939717715e-102,1.0555824793633214e-113,6.048466112220353e-120,7.23618142709059e-127,1.5706454416802095e-111,1.5706636617970724e-111,3.277969725083889e-92,-9.107661020888985e-05,6290988.837147456,195777.42464980925
6.62654984571595e-06,0.0003665067779468169,0.8188530362790641,155.8800585024408,0.0,6.551222067552877e-76,113.51869507751226,7.428564918337326e-123,0.0,1.115730526658225e-136,37.839565025837416,5.9450533301647186e-102,1.0548849645455102e-113,6.048410498016562e-120,7.236114892217393e-127,1.5706378780704128e-111,1.5706560980215348e-111,3.277946529725763e-92,-9.107697117434975e-05,6293216.551538456,195775.76550256874
6.6278995116950635e-06,0.0003665078649846358,0.7919713043171689,155.8801873754333,0.0,6.551163776266061e-76,113.51768501393246,7.428498820652984e-123,0.0,1.115720599141272e-136,37.83922833797748,5.945000432429727e-102,1.0541882252951628e-113,6.0483566806318386e-120,7.236050506910781e-127,1.5706307764214515e-111,1.5706489962122455e-111,3.277937557708179e-92,-9.107732082263506e-05,6295441.178513764,195774.19010336325
6.6300750924935095e-06,0.00036650954083966125,0.7486318280503151,155.880437826734,0.0,6.551073911616059e-76,113.51612785136085,7.428396921285274e-123,0.0,1.11570529440389e-136,37.83870928378695,5.944918882738501e-102,1.0530667514332222e-113,6.0482737132175674e-120,7.235951247382541e-127,1.5706203016493423e-111,1.5706385211930924e-111,3.2779531990193784e-92,-9.107786054933394e-05,6299020.640569488,195771.82692322443
6.632250673291956e-06,0.00036651112239578847,0.7052828261283342,155.8807409626023,0.0,6.550989105078881e-76,113.51465833508813,7.428300757415323e-123,0.0,1.1156908511074463e-136,37.838219445029374,5.94484192314515e-102,1.0519472805976002e-113,6.048195415706574e-120,7.235857574759815e-127,1.5706110276605495e-111,1.5706292469713233e-111,3.2780060878925514e-92,-9.107837070626576e-05,6302592.069590688,195769.68128039382
6.634426254090402e-06,0.00036651260963231717,0.6619243202226629,155.88109677047905,0.0,6.550909357502626e-76,113.51327647981003,7.428210330004806e-123,0.0,1.1156772693963797e-136,37.83775882660334,5.944769554419301e-102,1.0508298052040014e-113,6.04812178884498e-120,7.235769490010209e-127,1.5706029547356115e-111,1.5706211738274786e-111,3.2780962748307473e-92,-9.107885119212815e-05,6306155.4589038845,195767.75318258067
6.638297459374838e-06,0.0003665150227066328,0.5847492229802382,155.8818602137678,0.0,6.550779968041958e-76,113.51103443663389,7.428063612644531e-123,0.0,1.115655233237384e-136,37.83701147887796,5.94465213705257e-102,1.0488462915618315e-113,6.0480023301517364e-120,7.2356265736022555e-127,1.5705915607498e-111,1.5706097794869467e-111,3.278349202548882e-92,-9.107963247628333e-05,6312476.214480719,195764.86046364668
6.642168664659274e-06,0.0003665171369624395,0.5075442246147011,155.88279058730527,0.0,6.550666604081894e-76,113.50907008117738,7.42793506692771e-123,0.0,1.1156359263615736e-136,37.83635669372579,5.9445492623856226e-102,1.046869028071441e-113,6.047897666972996e-120,7.235501358082749e-127,1.570583972137594e-111,1.5706021905645899e-111,3.27872065031107e-92,-9.108031892039346e-05,6318771.456052379,195762.65696209614
6.6563518554060564e-06,0.0003665223283021868,0.22442966442636336,155.88762635650932,0.0,6.550388261522991e-76,113.504246998744,7.42761944859772e-123,0.0,1.1155885221846683e-136,37.83474899958133,5.944296674190677e-102,1.039677507061876e-113,6.0476406874086964e-120,7.2351939164153775e-127,1.5705887072678558e-111,1.5706069249395475e-111,3.28109584365019e-92,-9.108201430918988e-05,6341617.171457163,195760.47581425184
6.670535046152838e-06,0.00036652350138490647,-0.059078682919958964,155.8947066720387,0.0,6.550325366871046e-76,113.50315716867223,7.427548131063348e-123,0.0,1.1155778106742944e-136,37.83438572289074,5.944239599028801e-102,1.032567226969097e-113,6.0475826199385366e-120,7.235124446512736e-127,1.5706446299619965e-111,1.5706628474775964e-111,3.2850693025926794e-92,-9.108240039731206e-05,6364118.095580005,195767.56122284912
6.68471823689962e-06,0.0003665206506602449,-0.3429749029684928,155.9040346038174,0.0,6.550478209440225e-76,113.50580560415901,7.427721442383851e-123,0.0,1.1156038411031894e-136,37.83526853471967,5.94437829944462e-102,1.0255361415332408e-113,6.047723731699953e-120,7.235293267912556e-127,1.5707518305107598e-111,1.570770048470295e-111,3.290648503661637e-92,-9.108144843959934e-05,6386272.441500922,195783.9265114699
6.698901427646403e-06,0.0003665137706654491,-0.627253129376132,155.91561325958844,0.0,6.550847102280666e-76,113.51219772969503,7.428139737533193e-123,0.0,1.1156666667865352e-136,37.83739924323167,5.9447130595224974e-102,1.0185822464317884e-113,6.048064311712797e-120,7.235700726395081e-127,1.5709104045143717e-111,1.570928623518749e-111,3.2978432393351325e-92,-9.107912938340682e-05,6408078.449823584,195809.5863245867
6.713084618393185e-06,0.0003665028560230825,-0.9119075433655581,155.9294458571427,0.0,6.551432382434505e-76,113.52233938550117,7.42880339869036e-123,0.0,1.1157663451255617e-136,37.84077979516705,5.9452441851188805e-102,1.0117035772036614e-113,6.048604671421929e-120,7.236347194239908e-127,1.5711204529650942e-111,1.5711386736161672e-111,3.3066657824424915e-92,-9.107541388610516e-05,6429534.388815029,195844.5567295187
6.715376267569017e-06,0.0003665007135129509,-0.9579354919268734,155.93189259022958,0.0,6.551547279282948e-76,113.52433030264139,7.428933682580719e-123,0.0,1.1157859130656959e-136,37.841443434213794,5.945348450839751e-102,1.0105990835858614e-113,6.048710749881444e-120,7.236474102896638e-127,1.5711592291184248e-111,1.5711774500921094e-111,3.308244938030764e-92,-9.107468052340133e-05,6432968.165982366,195851.0819488674
6.71766791674485e-06,0.00036649846551170133,-1.003973086335908,155.93439826700407,0.0,6.551667836214504e-76,113.52641929694073,7.42907038455528e-123,0.0,1.115806444967584e-136,37.842139765646905,5.9454578529299314e-102,1.0094964954039216e-113,6.048822053978407e-120,7.23660726336626e-127,1.571199352321034e-111,1.5712175736330727e-111,3.309867058425807e-92,-9.107390980674923e-05,6436392.752408437,195857.85076673207
6.718069389679521e-06,0.00036649806082449007,-1.012039381864495,155.93484330412528,0.0,6.551689539296159e-76,113.52679536502134,7.429094994124202e-123,0.0,1.1158101411925745e-136,37.842265121673776,5.945477547877918e-102,1.009303529055209e-113,6.0488420913310696e-120,7.236631235381061e-127,1.5712065201862717e-111,1.5712247415592079e-111,3.310155665021812e-92,-9.107377093059742e-05,6436991.757454594,195859.0616747171
6.7184708626141934e-06,0.0003664976528988203,-1.0201059725672157,155.93529015083902,0.0,6.551711416151003e-76,113.52717444422044,7.429119800738105e-123,0.0,1.115813867012662e-136,37.84239148140681,5.945497400520281e-102,1.0091106208995194e-113,6.048862289119668e-120,7.236655399336046e-127,1.571213729411046e-111,1.5712319508453622e-111,3.310445592425964e-92,-9.107363090345075e-05,6437590.480168232,195860.28006190716
6.718680334149499e-06,0.00036649743877483284,-1.024314894246774,155.93552406557154,0.0,6.55172289955507e-76,113.52737342710198,7.42913282200524e-123,0.0,1.115815822737004e-136,37.84245780903399,5.945507821392735e-102,1.00900999270036e-113,6.0488728911632225e-120,7.236668083264375e-127,1.5712175072988529e-111,1.5712357287653867e-111,3.310597389824357e-92,-9.107355738606563e-05,6437902.756168106,195860.91879810172
6.718889805684805e-06,0.00036649722376918767,-1.0285238960008514,155.93575863314135,0.0,6.55173443026917e-76,113.52757322976544,7.42914589691819e-123,0.0,1.1158177865186594e-136,37.84252440992181,5.945518285197741e-102,1.0089093803245788e-113,6.048883536885731e-120,7.236680819448733e-127,1.5712212964470589e-111,1.5712395179459417e-111,3.310749552322496e-92,-9.107348355506399e-05,6438214.955292552,195861.55977331984
6.719099277220111e-06,0.00036649700788186814,-1.0327329777253318,155.93599391389148,0.0,6.551746008294534e-76,113.5277738522321,7.42915902547835e-123,0.0,1.1158197583578372e-136,37.84259128407736,5.945528791936413e-102,1.0088087837650534e-113,6.0488942262883254e-120,7.236693607890476e-127,1.571225096856031e-111,1.5712433183873946e-111,3.310902087163012e-92,-9.107340941034964e-05,6438527.077536159,195862.20306399997
6.719308748755417e-06,0.00036649679111285736,-1.0369421393758314,155.93622992600115,0.0,6.5517576336324e-76,113.52797529452343,7.429172207687125e-123,0.0,1.115821738254749e-136,37.84265843150781,5.945539341609875e-102,1.008708203014448e-113,6.048904959372148e-120,7.2367064485909714e-127,1.5712289085261427e-111,1.5712471300901186e-111,3.311055002923384e-92,-9.10733349518263e-05,6438839.122893525,195862.84869320408
6.719630759509877e-06,0.00036649645616452386,-1.043412841757774,155.93659415584014,0.0,6.55177559699005e-76,113.52828656116935,7.429192576706383e-123,0.0,1.1158247975719703e-136,37.842762187056444,5.945555642861476e-102,1.0085536157631387e-113,6.048921544027634e-120,7.2367262899149974e-127,1.5712347899899387e-111,1.5712530116043048e-111,3.3112908355714214e-92,-9.107321987802345e-05,6439318.665611801,195863.84574076376
6.720219840255738e-06,0.000366495838023334,-1.0552507180284074,155.93726491201312,0.0,6.5518087482194e-76,113.52886100121385,7.429230167564518e-123,0.0,1.1158304435168337e-136,37.84295366707128,5.945585726687732e-102,1.0082709131226229e-113,6.048952150873436e-120,7.236762906915905e-127,1.5712456183145338e-111,1.5712638400218876e-111,3.31172476344246e-92,-9.107300744268109e-05,6440195.46220728,195865.68398399567
6.7208089210016e-06,0.0003664952129084594,-1.0670892256481121,155.93794140190377,0.0,6.551842273678495e-76,113.52944192586106,7.429268182769427e-123,0.0,1.1158361531963022e-136,37.843147308620345,5.94561615011716e-102,1.0079883351840096e-113,6.048983103226549e-120,7.236799937270138e-127,1.571256535715274e-111,1.5712747575166563e-111,3.3121620135679695e-92,-9.107279252128056e-05,6441071.650511641,195867.54066008664
6.7219028303287516e-06,0.000366494033584134,-1.0890747337195614,155.93921277980854,0.0,6.551905522499419e-76,113.5305378929253,7.429339901903262e-123,0.0,1.1158469250247568e-136,37.84351263097509,5.9456735466776166e-102,1.0074639246232143e-113,6.0490414976495345e-120,7.2368697983938005e-127,1.5712770453988698e-111,1.5712952673776225e-111,3.312983229967173e-92,-9.107238681346212e-05,6442697.097932873,195871.03729190785
6.722996739655903e-06,0.0003664928302083329,-1.1110624149836266,155.94050381213114,0.0,6.551970062073964e-76,113.5316562259947,7.42941308464907e-123,0.0,1.115857916679864e-136,37.84388540866489,5.945732114561382e-102,1.006939942461321e-113,6.0491010837597606e-120,7.236941085211997e-127,1.5712978623315724e-111,1.5713160844912856e-111,3.313816813951142e-92,-9.107197251158418e-05,6444320.446563682,195874.59734887574
6.724090648983055e-06,0.00036649160277877057,-1.1330522669781817,155.9418144398076,0.0,6.552035892575553e-76,113.53279692807435,7.429487731203502e-123,0.0,1.1158691281911593e-136,37.84426564269144,5.945791853925834e-102,1.0064163876822148e-113,6.049161861717342e-120,7.2370137979162824e-127,1.5713189865654e-111,1.5713372089096646e-111,3.314663148267434e-92,-9.107154960242624e-05,6445941.69563717,195878.22076309664
6.726760945461796e-06,0.00036648850551095996,-1.1867398769798376,155.9450956468603,0.0,6.552202011684855e-76,113.53567541766314,7.42967609706485e-123,0.0,1.11589741973118e-136,37.84522513922104,5.94594260243562e-102,1.0051401477421754e-113,6.0493152310512266e-120,7.237197283829031e-127,1.5713718430596743e-111,1.5713900658695232e-111,3.316784286481384e-92,-9.107048100826331e-05,6449890.436482354,195887.33135167568
6.729431241940537e-06,0.00036648526486491857,-1.240440370472038,155.94849250180923,0.0,6.552375826765327e-76,113.53868726200555,7.429873189545574e-123,0.0,1.1159270219625312e-136,37.84622908733518,5.946100334826972e-102,1.003866433560718e-113,6.049475705684294e-120,7.237389270282752e-127,1.5714265317768969e-111,1.5714447550737357e-111,3.3189849331195205e-92,-9.10693608493433e-05,6453826.65088014,195896.8182029971
6.7321015384192785e-06,0.0003664818808075312,-1.2941537115130426,155.9520042836812,0.0,6.552557340409513e-76,113.5418325060248,7.430079011585416e-123,0.0,1.1159579353267457e-136,37.84727750200826,5.946265053452552e-102,1.0025952305647337e-113,6.049643288010113e-120,7.237589760141022e-127,1.5714830534885281e-111,1.5715012772937708e-111,3.321265993266947e-92,-9.106818893234422e-05,6457750.327750079,195906.6805084867
6.73477183489802e-06,0.00036647835330364735,-1.34787986185132,155.95563027023871,0.0,6.552746555355577e-76,113.54511119716744,7.430293566289234e-123,0.0,1.1159901602901565e-136,37.84837039905581,5.946436760797169e-102,1.0013265236244554e-113,6.049817980555638e-120,7.237798756428282e-127,1.5715414090067425e-111,1.5715596333418098e-111,3.323627717608667e-92,-9.106696505122223e-05,6461661.456047016,195916.91746325055
6.740196240146015e-06,0.0003664707457692534,-1.4570577417081931,155.96334504013802,0.0,6.553154647517483e-76,113.5521825632749,7.43075631035227e-123,0.0,1.1160596619614528e-136,37.85072752109163,5.94680709317808e-102,9.987569128085223e-114,6.0501947513150397e-120,7.2382495122933285e-127,1.5716656012244106e-111,1.5716838267017437e-111,3.3286727959973205e-92,-9.106431803316715e-05,6469567.788710938,195938.86332254583
6.7456206453940114e-06,0.00036646254586785213,-1.5662880083145079,155.97152335719662,0.0,6.553594554064236e-76,113.55980520476508,7.43125512939807e-123,0.0,1.1161345819012792e-136,37.85326840158836,5.947206296235734e-102,9.96197417670613e-114,6.0506008946803805e-120,7.238735408555319e-127,1.5717973709264e-111,1.5718155976344913e-111,3.334048510457668e-92,-9.10614540343014e-05,6477422.202042431,195962.3468155236
6.751045050642008e-06,0.00036645375331543497,-1.6755703490145377,155.9801607013558,0.0,6.55406629877178e-76,113.56797953362432,7.431790050386663e-123,0.0,1.1162149241588868e-136,37.855993177874765,5.947634391546144e-102,9.936479172005334e-114,6.05103643260201e-120,7.2392564714758425e-127,1.5719367250613149e-111,1.5719549530887233e-111,3.3397533261525314e-92,-9.105837135538893e-05,6485224.604803168,195987.3631974482
6.756469455890004e-06,0.00036644436783047236,-1.784904452368202,155.9892530756515,0.0,6.55456990590779e-76,113.57670597035964,7.432361100835664e-123,0.0,1.1163006928672735e-136,37.858901990119875,5.948091401131554e-102,9.911082921970127e-114,6.051501387484914e-120,7.239812727859625e-127,1.5720836706783535e-111,1.572101900113707e-111,3.345786001582678e-92,-9.105506829565527e-05,6492974.906358983,196013.90841629848
6.761893861138e-06,0.00036643438913321297,-1.8942900075453644,155.99879689620536,0.0,6.555105400270569e-76,113.5859849446727,7.432968308864378e-123,0.0,1.1163918922498078e-136,37.861994981557565,5.948577347495744e-102,9.88578424936833e-114,6.0519957822241635e-120,7.24040420509749e-127,1.5722382149400051e-111,1.5722564458720006e-111,3.352145788571394e-92,-9.105154314924015e-05,6500673.016680927,196041.9789746095
6.767318266385997e-06,0.00036642381694550473,-2.003726704246114,156.00878891664888,0.0,6.555672807199973e-76,113.59581689564914,7.433611703206187e-123,0.0,1.1164885266220891e-136,37.865272298549705,5.9490922536339314e-102,9.860581990272099e-114,6.0525196402151765e-120,7.241030931178424e-127,1.5724003651261617e-111,1.5724185976435677e-111,3.358832311002693e-92,-9.104779420455092e-05,6508318.846346319,196071.57183407302
6.772742671633993e-06,0.00036641265099080595,-2.1132142327911057,156.01922617739464,0.0,6.556272152578166e-76,113.6062022717716,7.434291313209405e-123,0.0,1.116590600392077e-136,37.86873409059053,5.949636143033467e-102,9.835474993409619e-114,6.053072985353523e-120,7.241692934690427e-127,1.5725701286349498e-111,1.5725883628266074e-111,3.3658454519024545e-92,-9.104381974455043e-05,6515912.306539773,196102.68435129695
6.778167076881989e-06,0.00036640089099422346,-2.2227522842191645,156.0301059684993,0.0,6.556903462828927e-76,113.61714153090773,7.435007168836497e-123,0.0,1.1166981180599718e-136,37.87238051030257,5.950209039673201e-102,9.810462119729068e-114,6.053655842034785e-120,7.242390244819731e-127,1.5727475129829983e-111,1.5727657489378227e-111,3.3731853129041236e-92,-9.103961804711782e-05,6523453.3090542415,196135.3142307363
6.783591482129986e-06,0.0003663885366825318,-2.332340550354443,156.04142579982135,0.0,6.557566764917994e-76,113.62863514031628,7.435759300664467e-123,0.0,1.116811084218276e-136,37.87621171343876,5.950810968023798e-102,9.785542241983816e-114,6.054268235154992e-120,7.243122891351194e-127,1.572932525805938e-111,1.5729507636129201e-111,3.380852210280645e-92,-9.103518738528125e-05,6530941.7662920365,196169.4594868967
6.789015887377981e-06,0.0003663755877841765,-2.4419787238496107,156.05318337585086,0.0,6.558262086354301e-76,113.64068357666834,7.436547739886258e-123,0.0,1.1169295035520016e-136,37.88022785888944,5.9514419530488554e-102,9.760714244313194e-114,6.054910190111724e-120,7.2438909046696475e-127,1.5731251748591173e-111,1.573143414607325e-111,3.388846669875944e-92,-9.103052602735675e-05,6538377.591265839,196205.1184124839
6.794440292625977e-06,0.0003663620440292703,-2.5516664982167283,156.0653765741904,0.0,6.558989455191574e-76,113.65328732607506,7.437372518312563e-123,0.0,1.117053380838944e-136,37.88442910869168,5.952102020206356e-102,9.735977021836443e-114,6.0555817328055636e-120,7.244694315761676e-127,1.5733254680183935e-111,1.5733437097969735e-111,3.397169414507073e-92,-9.102563223705006e-05,6545760.697599723,196242.28955119132
6.802918587233078e-06,0.000366339683153057,-2.7232060847394997,156.0853023611772,0.0,6.560190583901645e-76,113.67410032285359,7.438734502764631e-123,0.0,1.1172579435837957e-136,37.89136677428453,5.953192011381153e-102,9.697492196446656e-114,6.0566906739203496e-120,7.246021015613498e-127,1.5736538542876362e-111,1.5736720994184189e-111,3.4108375690449193e-92,-9.101751359110851e-05,6557194.626248966,196303.4137877759
6.811396881840179e-06,0.0003663158674072889,-2.8948649344863244,156.10628072323408,0.0,6.561470184400653e-76,113.69627306823912,7.440185467985837e-123,0.0,1.117475870761954e-136,37.89875768941304,5.954353213539997e-102,9.65922233037411e-114,6.057872064050679e-120,7.247434391031304e-127,1.5740009653541032e-111,1.574019214055379e-111,3.425314242029733e-92,-9.100881620452741e-05,6568499.232635907,196368.2256244214
6.81987517644728e-06,0.0003662905957852339,-3.0666418903586683,156.12830547901174,0.0,6.562828371893378e-76,113.71980755848458,7.441725544609243e-123,0.0,1.1177071819938023e-136,37.906602519494854,5.955585731228048e-102,9.621163350802694e-114,6.059126009559555e-120,7.248934569263865e-127,1.5743668330961487e-111,1.5743850855865318e-111,3.440604642700543e-92,-9.099953338478897e-05,6579674.195962909,196436.72240401147
6.828353471054381e-06,0.00036626386729049997,-3.2385358012998893,156.1513711092379,0.0,6.564265264860036e-76,113.74470584659926,7.443354866981993e-123,0.0,1.1179518974575602e-136,37.914901948866415,5.956889671962836e-102,9.583311243570216e-114,6.060452619834004e-120,7.25052168117783e-127,1.574751490124026e-111,1.5747697466224627e-111,3.456714921671412e-92,-9.098965841337256e-05,6590719.199111289,196508.90249821462
6.842158262311349e-06,0.0003662172267359524,-3.5186695162483743,156.19114215498496,0.0,6.5667736119015e-76,113.78817014684924,7.446199133081218e-123,0.0,1.1183790909394412e-136,37.92939004894974,5.9591659277176084e-102,9.522110934025244e-114,6.0627684492202886e-120,7.253292261566377e-127,1.5754180988514278e-111,1.5754363623453538e-111,3.484719180113779e-92,-9.097229498311082e-05,6608424.34721094,196634.30935951584
6.855963053568316e-06,0.00036616671690279187,-3.799105359864937,156.233640664561,0.0,6.569491491871799e-76,113.8352652055153,7.449280992861185e-123,0.0,1.1188419697152463e-136,37.945088401838426,5.961632328825953e-102,9.461431789557894e-114,6.065277729714312e-120,7.256294280353916e-127,1.576134758762261e-111,1.576153029834583e-111,3.514950571191197e-92,-9.095331452541885e-05,6625782.783078164,196769.48062819891
6.869767844825283e-06,0.0003661123336542144,-4.079838465886039,156.27885039954896,0.0,6.572419473218837e-76,113.88600087258621,7.452601090896615e-123,0.0,1.1193406305966345e-136,37.962000290862065,5.9642893911386586e-102,9.401257334933463e-114,6.067980986135154e-120,7.259528365416326e-127,1.5769016235309313e-111,1.5769199027661483e-111,3.5474492618175254e-92,-9.093268766016812e-05,6642793.2007607315,196914.42216480023
6.88357263608225e-06,0.0003660540729198761,-4.360864011958614,156.32675730402477,0.0,6.575558148299313e-76,113.94038741233926,7.456160098872908e-123,0.0,1.1198751744671429e-136,37.98012913744642,5.967137652203096e-102,9.341571408285215e-114,6.0708787653757175e-120,7.2629951710378175e-127,1.5777188522890455e-111,1.5777371402733173e-111,3.582260642003454e-92,-9.091038487069191e-05,6659454.320489368,197069.14396375784
6.897377427339218e-06,0.0003659919306955616,-4.642177220642558,156.37734916434198,0.0,6.578908133578985e-76,113.99843550681017,7.459958715813214e-123,0.0,1.1204457063162917e-136,37.99947850227005,5.970177671444934e-102,9.282358144421782e-114,6.073971636587546e-120,7.266695378132114e-127,1.5785866096904357e-111,1.5786049070116489e-111,3.619435231389649e-92,-9.08863765138188e-05,6675764.888774033,197233.65973154048
6.911182218596185e-06,0.0003659259030427706,-4.923773360179373,156.43061538820666,0.0,6.582470069842933e-76,114.06015625943665,7.463997668316865e-123,0.0,1.1210523352753955e-136,38.02005208647888,5.9734100303589595e-102,9.223601960697997e-114,6.077260191374216e-120,7.27062969447473e-127,1.5795050659760401e-111,1.579523373223877e-111,3.659028685277105e-92,-9.08606328294427e-05,6691723.678498229,197407.98661690226
6.924987009853152e-06,0.00036585598608809616,-5.205647745108356,156.48654681081317,0.0,6.586244622422831e-76,114.12556119899651,7.468277710817077e-123,0.0,1.1216951746562687e-136,38.04185373299883,5.976835332715316e-102,9.165287542813417e-114,6.080745044002694e-120,7.274798854953958e-127,1.5804743970429576e-111,1.5804927148089634e-111,3.7011018012690655e-92,-9.08331239506523e-05,6707329.489011324,197592.14497642327
6.93879180111012e-06,0.00036578217602251746,-5.48779573683718,156.54513551458055,0.0,6.590232481434714e-76,114.19466228372758,7.472799625850558e-123,0.0,1.1223743419917195e-136,38.06488742790919,5.9804542047752705e-102,9.107399830860122e-114,6.084426831622495e-120,7.279203621833517e-127,1.5814947845157852e-111,1.5815131133934386e-111,3.7457206085938334e-92,-9.08038199141873e-05,6722581.146218877,197786.15815796514
6.952596592367087e-06,0.00036570446910070864,-5.77021274420948,156.60637467512052,0.0,6.59443436202192e-76,114.26747190553748,7.477564224332995e-123,0.0,1.1230899590769254e-136,38.08915730184582,5.9842672955116764e-102,9.049924006323335e-114,6.0883062144894756e-120,7.2838447850208865e-127,1.5825664158182555e-111,1.5825847564030377e-111,3.7929564536789546e-92,-9.077269067086495e-05,6737477.502670975,197990.0523178951
6.9664013836240544e-06,0.00036562286164037793,-6.052894224065043,156.67025843813138,0.0,6.598851004602527e-76,114.34400289429108,7.482572345839611e-123,0.0,1.123842152011573e-136,38.11466763143035,5.988275276833517e-102,8.992845480254894e-114,6.092383876194143e-120,7.2887231623406226e-127,1.5836894842447818e-111,1.5837078371342477e-111,3.842886113383992e-92,-9.073970609583226e-05,6752017.437648559,198203.85627805177
6.980206174881021e-06,0.00036553735002161264,-6.335835681782062,156.73678182115546,0.0,6.603483175122763e-76,114.42426852220166,7.487824858892528e-123,0.0,1.1246310512430175e-136,38.14142284073388,5.99247884381587e-102,8.936149882406721e-114,6.096660523895695e-120,7.2938395998142565e-127,1.5848641890324896e-111,1.584882554826339e-111,3.8955919521024846e-92,-9.07048359986822e-05,6766199.857247739,198427.6014148281
6.994010966137989e-06,0.00036544793068621193,-6.619032671801106,156.80594063204111,0.0,6.608331665317464e-76,114.50828250834395,7.493322661256096e-123,0.0,1.1254567916106389e-136,38.16942750278131,5.996878714936257e-102,8.879823051061072e-114,6.1011368885626097e-120,7.299194971947972e-127,1.5860907354342466e-111,1.5861091147343963e-111,3.95116210776013e-92,-9.066805013349868e-05,6780023.694462097,198661.3215700496
7.007815757394956e-06,0.00036535460013700636,-6.902480798137057,156.8777313990461,0.0,6.613397292977777e-76,114.59605902329304,7.499066680240455e-123,0.0,1.1263195123914362e-136,38.19868634109768,6.001475632317593e-102,8.823851023425555e-114,6.105813725219865e-120,7.304790182028312e-127,1.587369334792884e-111,1.5873877282035405e-111,4.009690698564607e-92,-9.062931820885002e-05,6793487.909262958,198905.05297721768
7.031047686820679e-06,0.00036518869612595323,-7.380047413221545,157.00448139079262,0.0,6.622414721562763e-76,114.75231181328655,7.509291727254478e-123,0.0,1.1278552594994544e-136,38.25077060442885,6.009658700039295e-102,8.73041920438608e-114,6.11413905889866e-120,7.314750331234042e-127,1.5896391908156396e-111,1.5896576093432946e-111,4.1151475876344485e-92,-9.055965939719441e-05,6815332.04359366,199337.9341818411
7.054279616246402e-06,0.00036501168939899226,-7.858292600789515,157.13866802715273,0.0,6.632053704584111e-76,114.91933481497614,7.520221567577779e-123,0.0,1.129496862774685e-136,38.30644493832538,6.018405811268249e-102,8.637888795180627e-114,6.123038242211251e-120,7.325397014840036e-127,1.592058162266927e-111,1.592076607641233e-111,4.2297901539119494e-92,-9.048425854411672e-05,6836150.174467049,199799.47684441952
7.077511545672125e-06,0.00036482356442518943,-8.337196384084848,157.28028607670498,0.0,6.642318653405995e-76,115.09720446788702,7.53186120334657e-123,0.0,1.1312450735111041e-136,38.36573482262901,6.02772096919577e-102,8.5461966485903e-114,6.132515347945379e-120,7.336735105393391e-127,1.594627377009851e-111,1.594645850972813e-111,4.3541943827387256e-92,-9.040297087737493e-05,6855937.866161131,200289.89715299624
7.100743475097848e-06,0.0003646243061327563,-8.816739205650812,157.42933414832152,0.0,6.653214200928942e-76,115.28600105029656,7.544215887901671e-123,0.0,1.133100680732269e-136,38.428667016765516,6.037608378051299e-102,8.455280866349459e-114,6.142574653422212e-120,7.348769720137911e-127,1.5973480151280259e-111,1.5973665194346228e-111,4.488996678898129e-92,-9.031565168013275e-05,6874690.902509732,200809.42874638696
7.1239754045235714e-06,0.00036441389989845746,-9.296901934671695,157.58581427490319,0.0,6.664745205923228e-76,115.48580875432279,7.557291130702243e-123,0.0,1.135064511929336e-136,38.495269584774256,6.048072447034849e-102,8.365080704552394e-114,6.153220644498639e-120,7.36150622580052e-127,1.600221310066067e-111,1.600239846484884e-111,4.6348987832567545e-92,-9.022215642870521e-05,6892405.287800829,201358.32244293645
7.1472073339492946e-06,0.0003641923315381316,-9.777665873448566,157.74973166770212,0.0,6.676916757477668e-76,115.69671576301235,7.571092702370356e-123,0.0,1.1371374338187256e-136,38.565571921004114,6.05911779435415e-102,8.275536497749522e-114,6.164458019673109e-120,7.374950243505163e-127,1.603248549779242e-111,1.6032671200931184e-111,4.79267356072408e-92,-9.012234090948454e-05,6909077.247627925,201936.84619967776
7.170439263375018e-06,0.0003639595872972393,-10.259012763833232,157.92109452805872,0.0,6.689734179629155e-76,115.91881433056068,7.585626639940514e-123,0.0,1.1393203531305758e-136,38.63960477685355,6.070749251425837e-102,8.186589590806113e-114,6.176291694356616e-120,7.389107653886387e-127,1.6064310779189872e-111,1.606449683925675e-111,4.963171583997835e-92,-9.00160613309016e-05,6924703.22969426,202545.28515973565
7.193671192800741e-06,0.0003637156538405995,-10.740924794243826,158.09991384668598,0.0,6.703203036225868e-76,116.15220086658083,7.600899252374156e-123,0.0,1.1416142174369871e-136,38.71740028886027,6.0829718672886676e-102,8.098182271349618e-114,6.18872680536506e-120,7.403984602460933e-127,1.6097702950742307e-111,1.6097889385870686e-111,5.147328293437547e-92,-8.990317444215673e-05,6939279.904569698,203183.94169977467
7.235774554927753e-06,0.0003632450158393424,-11.615681080819286,158.44303669167155,0.0,6.729291801630432e-76,116.60426348548938,7.63048183795112e-123,0.0,1.1460573628020123e-136,38.868087828496456,6.106646702311658e-102,7.939152740459581e-114,6.212813237013711e-120,7.432800799181962e-127,1.616226044343817e-111,1.6162447605035167e-111,5.519281636584207e-92,-8.968128968611739e-05,6963013.354856647,204419.4353481138
7.2778779170547646e-06,0.0003627375115281382,-12.49213738861198,158.8107973032607,0.0,6.757576096742621e-76,117.0943699479501,7.662553979643729e-123,0.0,1.150874426115738e-136,39.031456649316695,6.132313919987107e-102,7.781377760720575e-114,6.238926689693921e-120,7.464042055693353e-127,1.6232104466698835e-111,1.6232292415889976e-111,5.9465490350116736e-92,-8.943639379964169e-05,6983273.736176203,205757.28810598465
7.319981279181776e-06,0.0003621930713344352,-13.370199406431702,159.20332140062087,0.0,6.788095419997844e-76,117.62320467754063,7.697160465537107e-123,0.0,1.1560721343078406e-136,39.207734892513535,6.1600093640556995e-102,7.6245337702645e-114,6.267103630309575e-120,7.497751999766118e-127,1.6307333588583645e-111,1.6307522387601938e-111,6.437454413292086e-92,-8.916765535469625e-05,7000046.870508561,207199.74290071204
7.362084641308788e-06,0.00036161162954653607,-14.249778096808605,159.6207579163145,0.0,6.820892197078634e-76,118.19150282078307,7.734349402981855e-123,0.0,1.1616577128438326e-136,39.39716760692768,6.189771534654146e-102,7.46830451458662e-114,6.297383228339121e-120,7.533977492445399e-127,1.6388053369208801e-111,1.6388243081477393e-111,7.001889637177166e-92,-8.887425536527013e-05,7013321.02017579,208749.24162561013
7.404188003435799e-06,0.0003609931240870342,-15.130789854509317,160.06327816895717,0.0,6.856011907911603e-76,118.80005244773038,7.774172362598517e-123,0.0,1.1676389073537586e-136,39.60001748257679,6.221641703561419e-102,7.312380583153493e-114,6.329807473085925e-120,7.572768768324237e-127,1.6474376671897925e-111,1.647456736211651e-111,7.651624802013396e-92,-8.855538911751305e-05,7023086.896055742,210408.4324528912
7.446291365562811e-06,0.0003603374962806705,-16.013156670775917,160.53107520991514,0.0,6.893503223254779e-76,119.44969691873311,7.816684533156746e-123,0.0,1.1740240068942137e-136,39.816565639577696,6.2556640381479886e-102,7.156459127893059e-114,6.364421299815652e-120,7.614179586409852e-127,1.6566423995660798e-111,1.6566615729896085e-111,8.400687271510508e-92,-8.82102678582756e-05,7029337.664082489,212180.17810272088
7.488394727689823e-06,0.0003596446906158855,-16.896806304142377,161.0243633451941,0.0,6.933418151609322e-76,120.14133743010608,7.861944888161514e-123,0.0,1.1808218689686977e-136,40.04711247670202,6.291885734694157e-102,7.00024378044679e-114,6.401272725343413e-120,7.658267392394832e-127,1.666432383060318e-111,1.6664516676383764e-111,9.265827332832183e-92,-8.783812033243656e-05,7032068.950028742,214067.56512444146
7.530498089816835e-06,0.0003589146544985987,-17.781672459172125,161.5433779258904,0.0,6.975812197296564e-76,120.87593575326592,7.910016365099903e-123,0.0,1.188041946449519e-136,40.29197858442197,6.33035716184061e-102,6.843444809649139e-114,6.440412993974502e-120,7.705093493260287e-127,1.6768213037882667e-111,1.676840706429864e-111,1.0267088304278198e-91,-8.74381941514169e-05,7031278.842566891,216073.9143788079
7.572601451943847e-06,0.00035814733799770313,-18.667694973833456,162.08837538491548,0.0,7.020744530558128e-76,121.6545171822032,7.960966058321122e-123,0.0,1.1956943165473374e-136,40.55150572740106,6.371132014949583e-102,6.685779540210178e-114,6.48189673456948e-120,7.75472324515867e-127,1.687823725607106e-111,1.687843253387884e-111,1.1428508682031867e-91,-8.700975698085443e-05,7026967.894606529,218202.7927657165
7.614704814070858e-06,0.00035734269358244866,-19.554820015743264,162.65963342281404,0.0,7.068278170573579e-76,122.4781737047875,8.014865426563961e-123,0.0,1.2037897119806708e-136,40.826057901595824,6.414267482188333e-102,6.526973038877298e-114,6.525782129527323e-120,7.8072262555647e-127,1.6994551336019362e-111,1.699474793775207e-111,1.27789870877242e-91,-8.655209754340656e-05,7019139.12290754,220458.02614636678
7.65680817619787e-06,0.0003565006758516463,-20.443000287682466,163.25745128568062,0.0,7.118480182386484e-76,123.34806741507592,8.071790516255298e-123,0.0,1.2123395545141324e-136,41.11602247169196,6.459824423234108e-102,6.3667590829429244e-114,6.572131096597339e-120,7.862676600788925e-127,1.711731980646826e-111,1.711751780655228e-111,1.4353350673930732e-91,-8.606452643326198e-05,7007798.005968991,222843.71346707747
7.698911538324881e-06,0.00035562124125414923,-21.33219524315247,163.882150141152,0.0,7.171421888850036e-76,124.2654341858781,8.131822201839565e-123,0.0,1.2213559910546248e-136,41.4218113952927,6.5078675616089466e-102,6.204881440635261e-114,6.621009484551929e-120,7.921153060081123e-127,1.7246717372790494e-111,1.724691684766864e-111,1.619367870887784e-91,-8.55463767357457e-05,6992952.480195337,225364.24218514774
7.741014900451892e-06,0.000354704347799954,-22.222371312854143,164.5340735702858,0.0,7.227179098812982e-76,125.2315876227316,8.19504644452347e-123,0.0,1.230851932513405e-136,41.74386254091053,6.558465691752126e-102,6.04109549765699e-114,6.672487283852717e-120,7.98273936767186e-127,1.738292945146897e-111,1.738313047973096e-111,1.83509454491313e-91,-8.499700444458603e-05,6974612.934342598,228024.30512425472
7.783118262578905e-06,0.0003537499547614216,-23.113502142883743,165.213588170522,0.0,7.285832352871473e-76,126.24792332225653,8.261554570939031e-123,0.0,1.240841095659777e-136,42.08264110741884,6.611691902033176e-102,5.8751702610347694e-114,6.726638853538463e-120,8.047524484216319e-127,1.7526152743198226e-111,1.7526355405719087e-111,2.088706422086651e-91,-8.441578867142912e-05,6952792.202248407,230828.91886730902
7.825221624705916e-06,0.0003527580223642063,-24.005568845404486,165.9210842526795,0.0,7.347467188132523e-76,127.31592345994159,8.33144357336431e-123,0.0,1.2513380482126296e-136,42.43864115331385,6.667623815017425e-102,5.7068907693931965e-114,6.783543165670452e-120,8.115602889237236e-127,1.767659584780759e-111,1.7676800227894787e-111,2.3877437595840606e-91,-8.38021316440406e-05,6927505.553851021,233783.4437890324
7.867324986832929e-06,0.00035172851146740146,-24.898560262645248,166.65697662368757,0.0,7.412174423578436e-76,128.43716173490014,8.404816433303959e-123,0.0,1.2623582574404988e-136,42.81238724496671,6.726343846426339e-102,5.536060940123932e-114,6.84328406879852e-120,8.187074896322486e-127,1.7834479924537137e-111,1.7834686108087307e-111,2.74141470542254e-91,-8.315545848996111e-05,6898770.684503555,236893.60585508632
7.90942834895994e-06,0.00035066138323229545,-25.792473245202704,167.42170545856098,0.0,7.480050467782974e-76,129.6133087019348,8.481782470414911e-123,0.0,1.2739181425683276e-136,43.204436233978264,6.787939484381463e-102,5.362506884776787e-114,6.905950572060003e-120,8.262046993011218e-127,1.8000039401578903e-111,1.8000247477245143e-111,3.1609952423688023e-91,-8.247521680219948e-05,6866607.702590954,240165.5203458094
7.951531711086951e-06,0.0003495565987790751,-26.68731294570284,168.21573726731094,0.0,7.551197650905165e-76,130.84613752428135,8.562457718960934e-123,0.0,1.2860351313189199e-136,43.61537917476044,6.852503590679636e-102,5.1860807210547014e-114,6.971637151690275e-120,8.340632207495755e-127,1.8173522739247725e-111,1.8173732798618597e-111,3.6603319482307905e-91,-8.176087598391457e-05,6831039.115458328,243605.71768261053
7.993635073213964e-06,0.00034841411883080556,-27.583093128928308,169.03956595887286,0.0,7.625724583078039e-76,132.1375301837207,8.646965334196991e-123,0.0,1.2987277209496853e-136,44.04584339457356,6.920134726020894e-102,5.006664903080557e-114,7.04044408190312e-120,8.422950504477844e-127,1.835519325167523e-111,1.8355405389466774e-111,4.2564756449600384e-91,-8.101192636982167e-05,6792089.813660538,247221.17154863285
8.035738435340975e-06,0.00034723390334398524,-28.479836499586693,169.893714002806,0.0,7.703746541523884e-76,133.48948418845998,8.735436031327137e-123,0.0,1.3120155441817571e-136,44.496494729486656,6.990937501304884e-102,4.824177082141463e-114,7.112477792295038e-120,8.50912921275461e-127,1.8545329992532355e-111,1.8545544306794548e-111,4.970482100715221e-91,-8.022787812265692e-05,6749787.053544024,251019.3295140439
8.077841797467987e-06,0.0003460159111249146,-29.37757504907507,170.77873369207128,0.0,7.785385888967979e-76,134.90411982334928,8.828008559952424e-123,0.0,1.3259194404595181e-136,44.968039941116416,7.0650229573297755e-102,4.638575496537258e-114,7.18785125413031e-120,8.599303487375233e-127,1.8744228711001534e-111,1.8744445303341e-111,5.828426554685254e-91,-7.940825990294527e-05,6704160.438173071,255008.14640318908
8.119945159594998e-06,0.0003447600994310506,-30.27635042231844,171.6952085124193,0.0,7.870772526191293e-76,136.38368799165414,8.924830217229698e-123,0.0,1.3404615330242923e-136,45.461229330551376,7.142508975471374e-102,4.449864877776674e-114,7.266684398203566e-120,8.693616809504864e-127,1.8952202884981926e-111,1.8952421860802917e-111,6.862692107925903e-91,-7.855261731205849e-05,6655241.896613874,259196.1206703388
8.16204852172201e-06,0.0003434664235564564,-31.17621430651306,172.64375462584476,0.0,7.960044381861887e-76,137.93057870278818,9.026057403301435e-123,0.0,1.3556653123369227e-136,45.97685956759605,7.223520722191585e-102,4.2581028252590515e-114,7.349104567073164e-120,8.792221527465036e-127,1.916958483958401e-111,1.9169806308349994e-111,8.113611298202785e-91,-7.766051110610531e-05,6603065.6615908835,263592.33408328437
8.204151883849022e-06,0.0003421348364003948,-32.07722884335346,173.62502247513314,0.0,8.053347943118983e-76,139.5473302662025,9.13185622293591e-123,0.0,1.371555726440891e-136,46.51577675540082,7.30819113052884e-102,4.06340657911361e-114,7.435247004892996e-120,8.89527944278762e-127,1.939672696000139e-111,1.9396951035520153e-111,9.631562044192159e-91,-7.673151517990158e-05,6547668.24553107,268206.495046831
8.246255245976035e-06,0.0003407652880180432,-32.97946706631259,174.63969851694728,0.0,8.1508388307584e-76,141.2366392581215,9.242403137741727e-123,0.0,1.3881592789214343e-136,47.07887975270716,7.396661422063003e-102,3.865960082225496e-114,7.525255386177092e-120,9.002962445695343e-127,1.963400300913844e-111,1.9634229809874022e-111,1.147965135644067e-90,-7.576521432086327e-05,6489088.415012891,273048.9859365206
8.288358608103047e-06,0.00033935772515223875,-33.883013364854584,175.68850709257734,0.0,8.25268242328762e-76,143.00137133508525,9.357885673796657e-123,0.0,1.4055041351875936e-136,47.66712377836174,7.489081673228135e-102,3.666021181252859e-114,7.61928239485441e-120,9.115453204191075e-127,1.9881809561797158e-111,1.9882039211212736e-111,1.3737161665848635e-90,-7.47612017319272e-05,6427367.163637803,278130.914858016
8.33046197023006e-06,0.0003379120907450759,-34.7879639775898,176.77221244677247,0.0,8.359054534590814e-76,144.8445729764378,9.478503190065886e-123,0.0,1.4236202378845052e-136,48.28152432547926,7.585611430274812e-102,3.463928747007383e-114,7.717490350945536e-120,9.232945912496109e-127,2.0140567569060417e-111,2.014080019599701e-111,1.650398703840973e-90,-7.371907632243075e-05,6362547.683343334,283464.17229785555
8.372565332357071e-06,0.0003364283234280937,-35.69442751657535,177.89162090639294,0.0,8.470142150474239e-76,146.76948424708706,9.604467713585942e-123,0.0,1.4425394323335375e-136,48.92316141569568,7.686420377664765e-102,3.2601094339621286e-114,7.820051889283825e-120,9.355647104689989e-127,2.041072406839395e-111,2.0410959807490924e-111,1.990636051909841e-90,-7.263843976551935e-05,6294675.334177789,289061.4931881049
8.414668694484084e-06,0.00033490635698969203,-36.60252552510392,179.04758323176904,0.0,8.586144229959946e-76,148.77955268221413,9.73600484806803e-123,0.0,1.4622956029996293e-136,49.5931842274047,7.791689065222805e-102,3.0550837272024983e-114,7.927150698177949e-120,9.483776539855707e-127,2.0692754057146054e-111,2.069299304931074e-111,2.4104268399968958e-90,-7.151889332042907e-05,6223797.612557708,294936.52497147094
8.456772056611097e-06,0.0003333461198183133,-37.51239307147941,180.24099715498676,0.0,8.707272577869045e-76,150.87844840727885,9.87335476333809e-123,0.0,1.482924822099868e-136,50.292816135759615,7.90160969998208e-102,2.8494708423866552e-114,8.038982325214715e-120,9.617568165872758e-127,2.0987162549576376e-111,2.0987404942511886e-111,2.93010745740318e-90,-7.036003441758748e-05,6149964.118030352,301103.90232634055
8.49887541873811e-06,0.00033174753431982034,-38.424179381483455,181.4728101209605,0.0,8.833752795996175e-76,153.07008061984325,1.0016773273893001e-122,0.0,1.5044655115968352e-136,51.023360206614406,8.01638700934866e-102,2.6439919561070326e-114,8.155755056153564e-120,9.75727116997966e-127,2.129448684026204e-111,2.1294732789064336e-111,3.575604905115384e-90,-6.916145300378605e-05,6073226.518564409,307579.32929450524
8.540978780865122e-06,0.00033011051630737933,-39.33804851246907,182.7440222489983,0.0,8.965825321036947e-76,155.3586155746386,1.0166533015827783e-122,0.0,1.526958619966748e-136,51.786205191546195,8.13623918299208e-102,2.439471158432762e-114,8.277690873501346e-120,9.903151125188713e-127,2.1615298999660957e-111,2.1615548667499236e-111,4.38007229783009e-90,-6.792272764380063e-05,5993638.514393234,314379.6696494432
8.583082142992135e-06,0.00032843497436203,-40.254180072253185,184.0556895345343,0.0,9.103746558404576e-76,157.74849623018758,1.03229247324935e-122,0.0,1.550447815298365e-136,52.58283207672918,8.261398901752646e-102,2.2368334441518804e-114,8.405026503182357e-120,1.0055491242645652e-126,2.1950208630716504e-111,2.1950462189614365e-111,5.386029945800056e-90,-6.664342137385515e-05,5911255.800435967,321523.0464516153
8.625185505119147e-06,0.0003267208091619849,-41.172769986222505,185.40892731285024,0.0,9.247790122177397e-76,160.2444637344481,1.0486258680499149e-122,0.0,1.574979696466915e-136,53.41482124481602,8.392114462859606e-102,2.037099004010838e-114,8.538014559235364e-120,1.0214593741212498e-126,2.2299865918607554e-111,2.2300123550347016e-111,6.648176352662046e-90,-6.532307730120165e-05,5826136.027322745,329028.95186149835
8.66728886724616e-06,0.000324967912778553,-42.094031316329016,186.80491400902432,0.0,9.398248192675258e-76,162.85158094871454,1.0656866169095357e-122,0.0,1.6006040243412535e-136,54.28386031623817,8.528651011894295e-102,1.8413730560473565e-114,8.67692479738045e-120,1.038078134695748e-126,2.2664965008991356e-111,2.2665226906167773e-111,8.237089427349629e-90,-6.396121394275702e-05,5738338.76105136,336918.3684236632
8.709392229373173e-06,0.000323176167936418,-43.01819513593925,188.24489520108307,0.0,9.555433004593101e-76,165.5752582337963,1.083510124759952e-122,0.0,1.6273739752260511e-136,55.19175274459876,8.6712918932303e-102,1.6508304884253512e-114,8.822045489252249e-120,1.055439893684186e-126,2.3046247753224878e-111,2.3046514120488425e-111,1.0244114080247192e-89,-6.255732029415913e-05,5647925.441303527,345213.9031991607
8.751495591500185e-06,0.00032134544723583377,-43.94551146480974,189.73018802640777,0.0,9.719678480250396e-76,168.42128175074433,1.1021342557370807e-122,0.0,1.6553464190184847e-136,56.1404272502481,8.820340132162275e-102,1.4666946906621072e-114,8.973684930556833e-120,1.0735815342697583e-126,2.3444507861929467e-111,2.3444778917459026e-111,1.2787835557927226e-89,-6.111085061878381e-05,5554959.338450011,353939.9363122845
8.793598953627198e-06,0.0003194756123341036,-44.876250268969756,191.2621859654605,0.0,9.891342024378622e-76,171.39584456068732,1.1215995366956447e-122,0.0,1.6845822248762733e-136,57.13194818689576,8.976120063626085e-102,1.290210322318697e-114,9.132173121672318e-120,1.092542533195838e-126,2.3860595509037823e-111,2.3860871486306165e-111,1.60226792258183e-89,-5.9621218943571766e-05,5459505.509274614,363122.7856967557
8.83570231575421e-06,0.00031756651308352676,-45.81070252957901,192.84236403748935,0.0,1.0070806498999059e-75,174.50558084524863,1.1419493811446136e-122,0.0,1.7151465975566737e-136,58.16852694841621,9.138979124345925e-102,1.1226090537081083e-114,9.297863522224686e-120,1.1123651793932203e-126,2.429542244074674e-111,2.4295703590653282e-111,2.015036531736331e-89,-5.808779324973251e-05,5361630.7514480725,372790.8900719628
8.877805677881224e-06,0.00031561798662276566,-46.74918138755192,194.47228445460277,0.0,1.025848239938793e-75,177.75760361137753,1.1632303359843462e-122,0.0,1.7471094480024087e-136,59.25253453712583,9.309289827462672e-102,9.650703163912646e-115,9.471135113765624e-120,1.133094813939532e-126,2.474996761966457e-111,2.475025421313483e-111,2.5435226958510265e-89,-5.650988933570959e-05,5261403.556783687,382975.0124856403
8.919909040008236e-06,0.00031362985641834493,-47.69202336904902,196.15360277916122,0.0,1.0454810254933916e-75,181.15954629308533,1.1854923537447454e-122,0.0,1.7805458022287426e-136,60.386515431028435,9.487451941245844e-102,8.186766216000041e-115,9.652394624720362e-120,1.154780095184809e-126,2.5225283466012603e-111,2.5225575797193694e-111,3.222473739608591e-89,-5.488676433373341e-05,5158894.063307403,393708.46708667005
8.962012402135249e-06,0.0003116019312527662,-48.639589696634225,197.88807463269725,0.0,1.066026328192116e-75,184.7196087185129,1.2087890933897565e-122,0.0,1.8155362531156756e-136,61.573202906170955,9.673894896421032e-102,6.8436526986457145e-115,9.8420789545013e-120,1.1774732919428338e-126,2.5722502742874154e-111,2.572280113309601e-111,4.0977112587251975e-89,-5.321760986026104e-05,5054174.006175911,405027.3721806682
9.00411576426226e-06,0.0003095340041554684,-49.59226769394821,199.67756301955052,0.0,1.0875350318994232e-75,188.44660797527249,1.2331782531757538e-122,0.0,1.8521674603433468e-136,62.81553599175748,9.869080450023378e-102,5.6287948414116175e-115,1.0040657878091095e-119,1.2012306077661991e-126,2.6242846129375105e-111,2.624315093210072e-111,5.2298565947540896e-89,-5.15015447676151e-05,4947316.667477071,416970.93309772346
9.046219126389273e-06,0.000307425851272563,-50.55047229093395,201.52404633172233,0.0,1.110061908036617e-75,192.35003478159945,1.2587219395394654e-122,0.0,1.8905327044418742e-136,64.11667826053313,1.0073505637594138e-101,4.547222673683724e-115,1.0248637062416965e-119,1.2261125401853805e-126,2.678763053337372e-111,2.6787942140433775e-111,6.699372033250314e-89,-4.973760746389601e-05,4838396.824947788,429581.75893230713
9.088322488516285e-06,0.00030527723067096433,-51.51464763639796,203.42962710764849,0.0,1.1336659766814568e-75,196.44011605720684,1.285487076556218e-122,0.0,1.93073250177563e-136,65.48003868573561,1.028770605006004e-101,3.601167972610909e-115,1.0466561408130904e-119,1.2521842795024194e-126,2.735827820213535e-111,2.7358597051639356e-111,8.613406385202166e-89,-4.792474776547974e-05,4727490.6996453125,442906.2178411646
9.130425850643298e-06,0.00030308788107223953,-52.48526882482977,205.39654162594078,0.0,1.1584109080289163e-75,200.727884487866,1.313545861164515e-122,0.0,1.9728752882660954e-136,66.90929482928865,1.0512259476878959e-101,2.7897973447205324e-115,1.0695018869384872e-119,1.2795161514080997e-126,2.795632667776451e-111,2.7956653264211123e-111,1.1115121642753857e-88,-4.606181824178455e-05,4614675.902608452,456994.8363220331
9.17252921277031e-06,0.0003008575205111678,-53.462843747419946,207.4271704362501,0.0,1.1843654694677473e-75,205.2252559942321,1.342976270115313e-122,0.0,2.017078180802425e-136,68.40841866474402,1.074778996313638e-101,2.1090424203195064e-115,1.0934644344841219e-119,1.3081841124974404e-126,2.858343975615227e-111,2.8583774643438597e-111,1.4396447355350542e-88,-4.4147564995630836e-05,4500031.380546117,471902.748790198
9.214632574897323e-06,0.0002985858449136498,-54.44791507376911,209.52404992723527,0.0,1.211604024310911e-75,209.94511615118313,1.3738626254926752e-122,0.0,2.0634678266230748e-136,69.9817053837277,1.0994972335386527e-101,1.5516910320867928e-115,1.1186124386829217e-119,1.3382703003885422e-126,2.924141943118149e-111,2.924176326945186e-111,1.8715570726143898e-88,-4.218061782937245e-05,4383637.3605911825,487690.20476772706
9.256735937024336e-06,0.00029627252658827514,-55.441062372788,211.689885053138,0.0,1.2402070891328674e-75,214.90141676247546,1.4062962266899406e-122,0.0,2.1121813525100473e-136,71.63380558749182,1.1254537259334522e-101,1.1076535850722065e-115,1.1450202256356787e-119,1.369863649976291e-126,2.993221907763465e-111,2.993257262523809e-111,2.4421019961905782e-88,-4.0159479731899746e-05,4265575.294158293,504423.14223305427
9.298839299151349e-06,0.00029391721262548193,-56.44290438278529,213.92756336315907,0.0,1.2702619577382823e-75,220.10928398120308,1.4403760579406282e-122,0.0,2.163367427462279e-136,73.36976132706768,1.1527276902180293e-101,7.644819896424358e-116,1.1727683711121119e-119,1.4030605824396404e-126,3.065795798888742e-111,3.065832214116401e-111,3.1984943547944153e-88,-3.808251560656803e-05,4145927.7999449745,522173.83714024635
9.340942661278362e-06,0.00029151952319790764,-57.45410143656861,216.2401704781624,0.0,1.3018634010440377e-75,225.58513958441088,1.4762095819289855e-122,0.0,2.2171874546560364e-136,75.19504652813696,1.1814051283854823e-101,5.081464493708754e-116,1.2019443725939552e-119,1.4379657764316626e-126,3.142093748781228e-111,3.1421313315048735e-111,4.2049241296190893e-88,-3.594794016652265e-05,4024778.606115844,541021.6407947261
9.383046023405374e-06,0.0002890790497551684,-58.475358052293004,218.63100720644312,0.0,1.335114453636236e-75,231.34683726663474,1.5139136316830884e-122,0.0,2.2738169110204146e-136,77.11561242221157,1.2115795414808035e-101,3.2387223336988365e-116,1.2326433737170282e-119,1.4746930369913858e-126,3.2223659068076573e-111,3.2224047865829684e-111,5.548980696395046e-88,-3.375380488925138e-05,3902212.4917104584,561053.8188874727
9.425149385532387e-06,0.00028659535310595637,-59.50742569689364,221.10360850123652,0.0,1.3701272995096857e-75,237.4138161196493,1.553615414932997e-122,0.0,2.3334468557293117e-136,79.13793870654976,1.2433527333850315e-101,1.9696903718713948e-116,1.2649689592803468e-119,1.5133662755171564e-126,3.306884493451508e-111,3.3069248290692435e-111,7.350627812627315e-88,-3.1497983921701526e-05,3778315.2273157416,582366.5084194217
9.4672527476594e-06,0.0002840679613800678,-60.551105726961005,223.6617644883286,0.0,1.4070242715617448e-75,243.8072738234167,1.595453647457296e-122,0.0,2.396285632427023e-136,81.26909127447222,1.2768357178283409e-101,1.1366033996127704e-116,1.2990340693894003e-119,1.5541206143730826e-126,3.395946128604377e-111,3.395988117079198e-111,9.774793990328207e-88,-2.9178158815122512e-05,3653173.5150445765,605065.8116940751
9.509356109786412e-06,0.00028149636786279177,-61.607252511033025,226.30954383101215,0.0,1.4459389818599453e-75,250.55036249734167,1.6395798347167194e-122,0.0,2.462560794173061e-136,83.51678749911387,1.312149744076742e-101,6.182719086781292e-117,1.3349620556204072e-119,1.5971036344113566e-126,3.489874483629833e-111,3.48991837230747e-111,1.3049107559064929e-87,-2.679180194691789e-05,3526874.927862487,629269.0501297929
9.551459471913425e-06,0.0002788800286939821,-62.67677673521263,229.0513197431517,0.0,1.4870176026136456e-75,257.6684106653171,1.6861597243741475e-122,0.0,2.532521285049131e-136,85.88947022177234,1.3494274593785267e-101,3.149160398564617e-117,1.37288787461551e-119,1.6424767890760167e-126,3.589023322621555e-111,3.589069425569234e-111,1.7488980799439705e-87,-2.4336158463414894e-05,3399507.8483049255,655106.2049614093
9.593562834040438e-06,0.00027621836042413265,-63.76064888985661,231.8917990071082,0.0,1.530420321251373e-75,265.18917538956987,1.7353749562366222e-122,0.0,2.6064399182833594e-136,88.39639179652329,1.3888142294068254e-101,1.4942362801833891e-117,1.4129594249950123e-119,1.690417012065898e-126,3.693779998826303e-111,3.6938287191340704e-111,2.353324020018355e-87,-2.1808226554990394e-05,3271161.4066280103,682721.5771277022
9.624259944170126e-06,0.00027424883729437624,-64.56052268793154,234.02787097482982,0.0,1.5636299048155056e-75,270.94368737444836,1.77303198341072e-122,0.0,2.6629987492597493e-136,90.31456245814944,1.4189510105033802e-101,8.27080113712587e-118,1.4436201632516502e-119,1.7270984665686874e-126,3.773933841262649e-111,3.773984790882692e-111,2.9294042552915727e-87,-1.991770890275492e-05,3177019.546153903,704067.8735747301
9.654957054299817e-06,0.0002722546294927722,-65.36899473837039,236.22119787647594,0.0,1.5982419763199392e-75,276.9412205837948,1.8122793203934897e-122,0.0,2.721946140099162e-136,92.31374019459825,1.4503605107223996e-101,4.3382966912913365e-118,1.4755757351997743e-119,1.7653290319839308e-126,3.8574722711560365e-111,3.857525786661641e-111,3.6544779016733745e-87,-1.7985668265489923e-05,3082439.836104514,726512.665248048
9.685654164429505e-06,0.0002702354663245444,-66.18650795710727,238.47400073090822,0.0,1.6343358759293333e-75,283.1955229746638,1.8532069326231394e-122,0.0,2.7834172140546836e-136,94.39850765822125,1.483114729074985e-101,2.1227920865811675e-118,1.508899395783996e-119,1.8051963427354443e-126,3.944586847970685e-111,3.944643340536518e-111,4.569084313833351e-87,-1.6010652458665828e-05,2987457.4599957163,750129.9719711565
9.716351274559194e-06,0.0002681910631892357,-67.013525899643,240.7886312722409,0.0,1.671996819602226e-75,289.72136065377435,1.8959114482209477e-122,0.0,2.847557101371293e-136,96.57378688459144,1.5172909966931255e-101,9.9794728946909e-119,1.5436698340214366e-119,1.846794522657389e-126,4.035483263948848e-111,4.035543238155956e-111,5.725364967482166e-87,-1.3991115808938731e-05,2892107.751134564,775000.1221573586
9.747048384688884e-06,0.000266121120933113,-67.8505336000415,243.16758176792354,0.0,1.7113164327708857e-75,296.53461035283766,1.940496763141785e-122,0.0,2.9145218481894204e-136,98.84487011761253,1.552972461129449e-101,4.876894300329868e-119,1.5799716452882655e-119,1.8902247759343228e-126,4.13038265417977e-111,4.130446731940497e-111,7.190545230526149e-87,-1.1925413006878024e-05,2796426.179475366,801210.4031599318
9.777745494818573e-06,0.0002640253251721653,-68.69803841764805,245.6134958127199,0.0,1.7523933416231827e-75,303.6523618850853,1.9870747116407465e-122,0.0,2.9844794235497998e-136,101.21745396169509,1.590248622929254e-101,3.3433310350619034e-119,1.6178958920653892e-119,1.9355960391204382e-126,4.229523013584056e-111,4.2295919646971836e-111,9.051481333295855e-87,-9.811792440527055e-06,2700448.3384249313,828855.790843479
9.808442604948263e-06,0.0002619033455923621,-69.55657087395424,248.12918005603248,0.0,1.7953338290301306e-75,311.093031803513,2.035765810042836e-122,0.0,3.057610836495559e-136,103.69767726783765,1.6292159308666153e-101,9.094036995406066e-120,1.6575406639297875e-119,1.9830257089326133e-126,4.33316081654738e-111,4.3332355977930535e-111,1.1420690138949533e-86,-7.648389038133956e-06,2604209.9316018247,858039.7689146097
9.839139715077952e-06,0.0002597548352276687,-70.42668546802716,250.71761695342036,0.0,1.8402525632771378e-75,318.87648967445296,2.0867000830662716e-122,0.0,3.1341113771654105e-136,106.29216322481764,1.669978443247877e-101,4.4259243312849334e-119,1.6990119066851906e-119,2.032640435945811e-126,4.44157263813259e-111,4.441654443404378e-111,1.4444312978263781e-86,-5.4332165793950435e-06,2507746.7595547335,888875.2506910214
9.869836825207643e-06,0.0002575794297133063,-71.3089614595433,253.38197874228058,0.0,1.8872734089960954e-75,327.02419859479807,2.1400179833550053e-122,0.0,3.2141919978820784e-136,109.00806619826601,1.7126485638101025e-101,1.7678748419417081e-118,1.7424240759178756e-119,2.0845770271491166e-126,4.555057248013823e-111,4.555147572799318e-111,1.8312663858171025e-86,-3.164159373983474e-06,2411094.7064446635,921485.6184138941
9.900533935337331e-06,0.0002553767465140361,-72.20400360373844,256.1256428051487,0.0,1.9365303310243938e-75,335.5593718114785,2.1958714163829937e-122,0.0,3.2980808525034446e-136,111.85312393715948,1.757347861948381e-101,2.049704647533529e-118,1.7879007145037584e-119,2.1389834627072748e-126,4.673937991575219e-111,4.674038716162444e-111,2.327430205542632e-86,-8.389632287568561e-07,2314289.72669612,956005.8974829356
9.931231045467022e-06,0.0002531463841303758,-73.11244281145447,258.95220856438914,0.0,1.988168403438188e-75,344.50714756539156,2.2544248846177032e-122,0.0,3.3860250148946462e-136,114.83571585513052,1.8042079883857265e-101,0.0,1.8355753566358527e-119,2.1960200124586558e-126,4.7985650587192396e-111,4.7986785559056575e-111,2.965540320643454e-86,1.5447743620862694e-06,2217367.8316220813,992584.0857194611
9.96192815559671e-06,0.0002508879212866522,-74.0349367030004,261.8655160525469,0.0,2.0423449378233328e-75,353.8947845966598,2.3158567668895584e-122,0.0,3.478292400472181e-136,117.96492819888658,1.8533716990476705e-101,0.0,1.885593459109693e-119,2.2558604183049346e-126,4.929317392036272e-111,4.929446666990275e-111,3.7892894964916635e-86,3.989614865827599e-06,2120365.0760278753,1031382.6610798878
9.9926252657264e-06,0.0002486009161046685,-74.97217001928263,264.8696663483849,0.0,2.099230746995654e-75,363.7518811201829,2.3803607513489554e-122,0.0,3.575173918428311e-136,121.25062704006093,1.9049940018524592e-101,1.0017908919345054e-117,1.938113958869585e-119,2.3186932620244908e-126,5.066605804207175e-111,5.0667546766588624e-111,4.866851996896316e-86,6.498290282416274e-06,2023317.5447988082,1072580.2953706973
9.99430978343468e-06,0.00024847458047378627,-75.0240417178306,265.0372352529874,0.0,2.1024344047691033e-75,364.30700663145336,2.3839934445326486e-122,0.0,3.5806300283547684e-136,121.43566887715112,1.9079012329188362e-101,1.0165784079025768e-117,1.9410717967111496e-119,2.3222318393727915e-126,5.074337501249326e-111,5.074487579180423e-111,4.935391165567914e-86,6.637859458211843e-06,2017991.4376421375,1074914.2816743501
9.99599430114296e-06,0.0002483481574248394,-75.0759600589568,265.2050915908792,0.0,2.105646808256277e-75,364.8636475882349,2.3876360546602878e-122,0.0,3.5861010329980594e-136,121.62121586274496,1.9108164004791735e-101,9.194588791904213e-118,1.9440376440223084e-119,2.325780081416412e-126,5.082090411483796e-111,5.082241709686495e-111,5.0053717580358406e-86,6.777630088546047e-06,2012665.310330749,1077256.1140951493
9.998663126603386e-06,0.0002481476829266132,-75.15831142605815,265.47162105545283,0.0,2.110754286249773e-75,365.7486645072997,2.393427528595581e-122,0.0,3.5947995155920135e-136,121.9162215024332,1.9154512963215122e-101,7.476345610269232e-118,1.9487530957269178e-119,2.331421531142475e-126,5.09441695648427e-111,5.0945702187685856e-111,5.119174060432996e-86,6.999485996520347e-06,2004226.96087007,1080982.4872506016
9.998973089054765e-06,0.0002481243851887113,-75.16788349993969,265.5026233162337,0.0,2.1113489124202724e-75,365.8517005305731,2.3941017873925934e-122,0.0,3.595812216067779e-136,121.95056684352434,1.9159909032372153e-101,7.348871058313795e-118,1.9493020841847668e-119,2.3320783239506716e-126,5.0958520374057844e-111,5.096005530278344e-111,5.1326234029610645e-86,7.0252857102417546e-06,2003246.9137337976,1081416.5636837792
9.999283051506145e-06,0.0002481010844835794,-75.17745716436353,265.5336353798722,0.0,2.1119438377383995e-75,365.954788389745,2.3947763853992283e-122,0.0,3.59682542601815e-136,121.9849294632483,1.9165307815503378e-101,7.222263208576225e-118,1.9498513488361816e-119,2.3327354451731823e-126,5.0972878400004165e-111,5.097441563981066e-111,5.146123732073647e-86,7.051092291913508e-06,2002266.866474367,1081850.9090123442
9.999577930937882e-06,0.00024807891485469725,-75.18656644367256,265.5631474750694,0.0,2.1125100913688695e-75,366.0529080574322,2.3954184719918222e-122,0.0,3.597789805571926e-136,122.01763601914405,1.9170446410938336e-101,7.10302340611431e-118,1.9503741423263414e-119,2.3333608971502892e-126,5.098654445555823e-111,5.0988083898823566e-111,5.159014793891739e-86,7.0756494824273495e-06,2001334.5090144293,1082264.3685363275
9.999872810369618e-06,0.00024805674253946354,-75.19567716382639,265.5926684506693,0.0,2.11307661610029e-75,366.1510747011274,2.3960608659913368e-122,0.0,3.598754646834378e-136,122.05035823370912,1.9175587466661446e-101,6.985783752213775e-118,1.9508971861059359e-119,2.3339866489158655e-126,5.10002170500122e-111,5.100175870146406e-111,5.1719526185223306e-86,7.10021289430474e-06,2000402.1515086761,1082678.0718064792
1.0000200438213626e-05,0.0002480321046109199,-75.20630676948731,265.6254784515476,0.0,2.1137063773452723e-75,366.26019888286277,2.3967749651691225e-122,0.0,3.599827185420871e-136,122.08673296095424,1.918130237634951e-101,6.858077382000625e-118,1.9514786129938268e-119,2.3346822483337036e-126,5.101541579937286e-111,5.1016959909805105e-111,5.186382557965845e-86,7.128030509875658e-06,2000000.0,1083138.0071375396
1.0000437420740363e-05,0.00024801428107396387,-75.21447352057376,265.6492179025649,0.0,2.11416211438247e-75,366.339168383871,2.397291734732416e-122,0.0,3.600603345531677e-136,122.113056127957,1.9185438064264825e-101,6.767002123020051e-118,1.951899372083893e-119,2.3351856300688975e-126,5.1026414620470656e-111,5.102796051321092e-111,5.19685675177194e-86,7.148646428110055e-06,2000000.0,1083470.882161726
1.0000674403267102e-05,0.00024799645558520547,-75.22274427324164,265.6729633831666,0.0,2.114618032372528e-75,366.41816924014745,2.397808709481864e-122,0.0,3.601379813821058e-136,122.1393897467158,1.9189575394251598e-101,6.676944300884686e-118,1.9523202982347452e-119,2.3356892116032625e-126,5.1037417806471035e-111,5.103896548459798e-111,5.207361936979604e-86,7.16937242607601e-06,2000000.0,1083803.918999352
1.000091138579384e-05,0.00024797862813227215,-75.23091979828453,265.6967149117129,0.0,2.1150741317221958e-75,366.4972015221731,2.3983258898786885e-122,0.0,3.602156590981746e-136,122.16573384072434,1.919371437004098e-101,6.588018360061474e-118,1.9527413918244326e-119,2.336192993497984e-126,5.104842536707361e-111,5.104997483367201e-111,5.217898330710414e-86,7.1900039660809365e-06,2000000.0,1084137.1179787768
1.0001148368320577e-05,0.0002479607987463862,-75.23902684360804,265.7204724487856,0.0,2.1155304117228271e-75,366.57626510715465,2.3988432751193407e-122,0.0,3.602933675806856e-136,122.19208836905153,1.9197854985205544e-101,6.500278926498365e-118,1.9531626522018258e-119,2.336696974978557e-126,5.105943728511719e-111,5.106098854327713e-111,5.228466158475207e-86,7.210568476646324e-06,2000000.0,1084470.4786153084
1.0001385350847316e-05,0.0002479429674474923,-75.24716184398612,265.7442359698924,0.0,2.1159868719536465e-75,366.6553599221807,2.3993608647266946e-122,0.0,3.6037110675797684e-136,122.21845330739356,1.9201997235909e-101,6.413677023319405e-118,1.953584078978437e-119,2.3372011555297926e-126,5.107045355049222e-111,5.10720066033093e-111,5.239065661612079e-86,7.2311649473039784e-06,2000000.0,1084804.000634251
1.0001622333374053e-05,0.00024792513422375307,-75.2553464573633,265.7680054926606,0.0,2.1164435128072827e-75,366.73448603528533,2.3998786591459592e-122,0.0,3.604488766969164e-136,122.24482867842843,1.9206141125705504e-101,6.328150376311908e-118,1.9540056725151632e-119,2.337705535561097e-126,5.108147417273442e-111,5.1083029023310364e-111,5.249697090467583e-86,7.251815628645023e-06,2000000.0,1085137.6843540869
1.0001859315900791e-05,0.0002479072990556787,-75.26353976889725,265.7917810448706,0.0,2.1169003348727987e-75,366.8136435485408,2.4003966590450868e-122,0.0,3.605266774978269e-136,122.27121451618027,1.921028665994611e-101,6.243683418916962e-118,1.9544274333551846e-119,2.3382101157387322e-126,5.109249916607382e-111,5.109405581751665e-111,5.2603606978759686e-86,7.272478535574293e-06,2000000.0,1085471.5302365813
1.0002096298427528e-05,0.00024788946194039305,-75.27171344243038,265.81556263229464,0.0,2.1173573383141754e-75,366.89283249036134,2.4009148646100175e-122,0.0,3.606045091886358e-136,122.29761083012043,1.921443384012568e-101,6.160286963903378e-118,1.9548493616504132e-119,2.3387148962627278e-126,5.110352853445436e-111,5.110508698987812e-111,5.271056739663788e-86,7.2931245790685944e-06,2000000.0,1085805.5384335252
1.0002333280954267e-05,0.0002478716228879073,-75.27987619082718,265.83935024362756,0.0,2.1178145229652014e-75,366.9720528319461,2.4014332756522807e-122,0.0,3.606823717410357e-136,122.32401761064868,1.9218582664735993e-101,6.0779594501523445e-118,1.9552714572479535e-119,2.3392198769496018e-126,5.1114562273863045e-111,5.111612253638752e-111,5.281785477953264e-86,7.313762694273115e-06,2000000.0,1086139.7088559258
1.0002570263481005e-05,0.00024785378190434967,-75.28804600546039,265.8631438727016,0.0,2.1182718887589858e-75,367.0513045617043,2.4019518920960278e-122,0.0,3.607602651436345e-136,122.3504348539014,1.922273313316665e-101,5.9966809642733375e-118,1.9556937200860257e-119,2.3397250577159954e-126,5.112560038270241e-111,5.112716245545325e-111,5.2925471822854855e-86,7.334411347043813e-06,2000000.0,1086474.041487237
1.0002807246007742e-05,0.00024783593898631444,-75.29622613353631,265.8869435259753,0.0,2.118729435873025e-75,367.1305877103923,2.4024707141425262e-122,0.0,3.608381894266615e-136,122.37686257013075,1.9226885247026922e-101,5.916430288572637e-118,1.9561161503282158e-119,2.340230438753927e-126,5.11366428652747e-111,5.113820675138358e-111,5.3033421285395145e-86,7.355073875997592e-06,2000000.0,1086808.5364891766
1.0003210308113676e-05,0.00024780558713268056,-75.3101693261319,265.9274360522008,0.0,2.1195080532155646e-75,367.26550547655285,2.403353604298968e-122,0.0,3.609707947831547e-136,122.42183515885094,1.923395098464797e-101,5.782255305597512e-118,1.956835008567334e-119,2.3410904560528598e-126,5.1155434080008735e-111,5.115700105750388e-111,5.3217794242238386e-86,7.390255625746384e-06,2000000.0,1087377.8220876036
1.000361337021961e-05,0.0002477752296593798,-75.3241429531401,265.9679460517176,0.0,2.120287196387174e-75,367.4005143576672,2.4042370907037626e-122,0.0,3.6110348969294586e-136,122.46683811922237,1.9241021494017204e-101,5.650953265475141e-118,1.957554352278517e-119,2.3419510541377637e-126,5.1174237978671635e-111,5.1175808056659525e-111,5.3403151206639425e-86,7.42547816595164e-06,2000000.0,1087947.57859598
1.0004016432325543e-05,0.000247744866550838,-75.33811188721651,266.0084735548467,0.0,2.121066866233799e-75,367.53561450031947,2.4051211743161434e-122,0.0,3.6123627430010686e-136,122.51187150010647,1.9248096782819124e-101,5.522489586309181e-118,1.95827418224322e-119,2.3428122339646952e-126,5.1193054581700636e-111,5.1194627769317685e-111,5.358950690846473e-86,7.460705452845259e-06,2000000.0,1088517.8067911144
1.0004419494431477e-05,0.00024771449780604737,-75.35205341168427,266.0490185725746,0.0,2.1218470632283309e-75,367.6708059864517,2.4060058556723326e-122,0.0,3.613691486851754e-136,122.55693532881722,1.9255176855349784e-101,5.396818776486584e-118,1.9589944988982086e-119,2.34367399606905e-126,5.121188390053997e-111,5.1213460206952414e-111,5.377687659403925e-86,7.495914167898117e-06,2000000.0,1089088.5071777396
1.000482255653741e-05,0.0002476841234387427,-75.3659791263953,266.0895810963441,0.0,2.1226277874651542e-75,367.80608883241877,2.4068911348793544e-122,0.0,3.615021128642259e-136,122.60202961080623,1.9262261712463022e-101,5.273875075178695e-118,1.959715302330462e-119,2.3445363405476688e-126,5.123072593751869e-111,5.123230537192232e-111,5.396527603044252e-86,7.531116208896812e-06,2000000.0,1089659.679984577
1.0005470082077929e-05,0.0002476353147947801,-75.38833778713544,266.15478207004537,0.0,2.1238831375591423e-75,368.023614208715,2.4083146020695817e-122,0.0,3.617159099859166e-136,122.67453806957165,1.927365366832535e-101,5.081921608642339e-118,1.960874303953821e-119,2.3459229303078783e-126,5.1261022605002624e-111,5.126260708390103e-111,5.4270139835887644e-86,7.5876752627108305e-06,2000000.0,1090578.2679132796
1.0006117607618445e-05,0.00024758649167477224,-75.41069923064953,266.2200282435179,0.0,2.1251398505178726e-75,368.2413757403796,2.409739614640051e-122,0.0,3.6192993921541424e-136,122.7471252467932,1.9285057991811215e-101,4.896614584489866e-118,1.9620345638439342e-119,2.3473110254180104e-126,5.129135214783251e-111,5.1292941695160484e-111,5.457777392930278e-86,7.644261828407803e-06,2000000.0,1091498.077725155
1.0006765133158961e-05,0.0002475376540704242,-75.43308656456855,266.28531966801114,0.0,2.1263979284139486e-75,368.45937378655054,2.4111661749409296e-122,0.0,3.621442009057012e-136,122.8197912621835,1.9296474701724464e-101,4.717727160992275e-118,1.9631960839143264e-119,2.3487006281549295e-126,5.1321714616196525e-111,5.132330925601447e-111,5.4888252424136485e-86,7.700899657512054e-06,2000000.0,1092419.1116001601
1.0007412658699477e-05,0.0002474888019612127,-75.45550950765923,266.35065641110646,0.0,2.1276573736391947e-75,368.6776087616796,2.4125942856843547e-122,0.0,3.62358695464126e-136,122.89253625389317,1.930790381976826e-101,4.545044280389242e-118,1.9643588663732476e-119,2.3500917411550593e-126,5.135211006797524e-111,5.135370982447011e-111,5.520165333197382e-86,7.757598769164161e-06,2000000.0,1093341.3719535086
1.0008060184239994e-05,0.00024743993532483127,-75.47795832021592,266.41603854282533,0.0,2.1289181886362953e-75,368.8960810890318,2.4140239496401353e-122,0.0,3.625734233066989e-136,122.96536036301057,1.9319345368111146e-101,4.378366003285723e-118,1.96552291347597e-119,2.3514843671216557e-126,5.1382538562261334e-111,5.1384143459747335e-111,5.551805873819021e-86,7.81434920614301e-06,2000000.0,1094264.8612395865
1.0009524636236952e-05,0.0002473293642217297,-75.52882412025905,266.5640753757435,0.0,2.1317747287664818e-75,369.39105852175743,2.4172630390162102e-122,0.0,3.630599171228243e-136,123.1303528405858,1.9345267681896655e-101,4.022524862108415e-118,1.9681602133819874e-119,2.3546395420960438e-126,5.145147821147015e-111,5.145309482623604e-111,5.624518629168996e-86,7.942886104768387e-06,2000000.0,1096357.9818682862
1.0010989088233909e-05,0.0002472187184473687,-75.57985306309578,266.7123455307396,0.0,2.1346383159197949e-75,369.8872570531628,2.420510119156104e-122,0.0,3.635476111087285e-136,123.29575235105425,1.93712539454533e-101,3.6942090578152246e-118,1.9708040194626204e-119,2.3578025007649258e-126,5.152058785610312e-111,5.152221631466405e-111,5.698921631364422e-86,8.07171788236253e-06,2000000.0,1098457.4294102322
1.0012453540230865e-05,0.00024710799785158114,-75.63098233743477,266.8608496796334,0.0,2.1375089758371246e-75,370.3846811435928,2.4237652192479267e-122,0.0,3.640365096483087e-136,123.46156038119757,1.939730439238555e-101,3.3914269051214756e-118,1.9734543554841424e-119,2.3609732715964315e-126,5.1589868118675234e-111,5.159150854905797e-111,5.77513642676311e-86,8.200780420546163e-06,2000000.0,1100563.2305387438
1.0013917992227822e-05,0.00024699720242271134,-75.68209792042062,267.0095883115123,0.0,2.1403867307708982e-75,370.88333464891605,2.4270283645241483e-122,0.0,3.645266165313477e-136,123.62777821630534,1.9423419224651197e-101,3.1123472907839653e-118,1.9761112419923668e-119,2.364151879234386e-126,5.1659319537335454e-111,5.166097206909487e-111,5.853299133378568e-86,8.329956859828669e-06,2000000.0,1102675.4094239993
1.0015382444224779e-05,0.00024688633219936565,-75.73318417377409,267.15856184960194,0.0,2.1432716017516379e-75,371.3832212132712,2.4302995788316963e-122,0.0,3.650179353395271e-136,123.79440707109039,1.9449598633099317e-101,2.855218494206262e-118,1.9787746984044212e-119,2.3673383469167927e-126,5.17289426206525e-111,5.173060738488982e-111,5.933562286563818e-86,8.459231296030368e-06,2000000.0,1104793.989387513
1.0016846896221736e-05,0.0002467753871625574,-75.78431117467547,267.3077707965032,0.0,2.1461636113905772e-75,371.8843447546999,2.433578887809894e-122,0.0,3.655104699237361e-136,123.96144825156662,1.947584282290985e-101,2.6183707448314337e-118,1.981444745596386e-119,2.3705326995786673e-126,5.179873791525464e-111,5.180041504463817e-111,6.016096963636065e-86,8.588675899641223e-06,2000000.0,1106918.9949613875
1.0018311348218694e-05,0.0002466643671992964,-75.83553108227436,267.4572157805669,0.0,2.1490627848452164e-75,372.38670963245704,2.4368663199853286e-122,0.0,3.660042245685142e-136,124.128903210819,1.9502152022370397e-101,2.400261461620236e-118,1.9841214067953312e-119,2.3737349649779596e-126,5.186870602908845e-111,5.187039565787536e-111,6.101095196820519e-86,8.718344554069943e-06,2000000.0,1109050.4525888397
1.0019775800215651e-05,0.000246553272156625,-75.88683874800954,267.60689748350893,0.0,2.1519691484269796e-75,372.89032040574773,2.440161905193042e-122,0.0,3.664992037549223e-136,124.29677346858257,1.9528526470248138e-101,2.1994851908968884e-118,1.986804706294038e-119,2.3769451721801205e-126,5.1938847597803654e-111,5.1940549861861216e-111,6.188772681130745e-86,8.848232349943399e-06,2000000.0,1111188.3896043575
1.0021240252212608e-05,0.000246442101912944,-75.93820954528537,267.7568165489579,0.0,2.1548827277401925e-75,373.3951815112514,2.4434656724662804e-122,0.0,3.669954118435964e-136,124.46506050375046,1.9554966398898147e-101,2.0147451861594847e-118,1.989494667732593e-119,2.380163349480498e-126,5.200916323986473e-111,5.2010878276690274e-111,6.2793718231870994e-86,8.978314344696438e-06,2000000.0,1113332.8328852188
1.0022704704209564e-05,0.00024633085638975355,-75.98963722959257,267.9069735679216,0.0,2.1578035473667257e-75,373.9012972084776,2.446777649678904e-122,0.0,3.674928530210429e-136,124.6337657361592,1.958147203139593e-101,1.8448275771199914e-118,1.992191313807031e-119,2.3833895240342667e-126,5.207965354896549e-111,5.208138149770632e-111,6.373165198362434e-86,9.108584421441906e-06,2000000.0,1115483.8086243914
1.0024169156206521e-05,0.00024621953551170626,-76.04113212601746,268.05736912878154,0.0,2.1607316319079813e-75,374.4086717603196,2.450097864726917e-122,0.0,3.6799153147709356e-136,124.8028905867732,1.960804359099162e-101,1.6885972725598128e-118,1.9948946672313587e-119,2.3866237230087084e-126,5.215031911918168e-111,5.215206012065616e-111,6.470459477428654e-86,9.23905347262292e-06,2000000.0,1117641.3430808329
1.0025633608203478e-05,0.00024610813917707366,-76.09270195827861,268.2080038543343,0.0,2.163667006763594e-75,374.9173095679868,2.453426346411451e-122,0.0,3.68491451537522e-136,124.97243652266228,1.963468130817838e-101,1.5450025242618725e-118,1.9976047514566014e-119,2.389865974454529e-126,5.222116056376083e-111,5.222291476048019e-111,6.571599871261512e-86,9.369729749744465e-06,2000000.0,1119805.4631415957
1.0027098060200435e-05,0.000245996667267803,-76.14434494421135,268.35887839003726,0.0,2.1666096978725226e-75,375.42721512614116,2.456763124145184e-122,0.0,3.689926176199527e-136,125.14240504204706,1.9661385418344603e-101,1.4130726227677902e-118,2.000321590431801e-119,2.3931163070236916e-126,5.22921785088753e-111,5.229394604506575e-111,6.676975151990944e-86,9.500611763656926e-06,2000000.0,1121976.1961396653
1.0028562512197393e-05,0.00024588511967334973,-76.19605660064708,268.50999337479664,0.0,2.1695597310866642e-75,375.93839291435825,2.460108227242071e-122,0.0,3.6949503412718415e-136,125.3127976381194,1.9688156156089717e-101,1.291908718378683e-118,2.0030452080256765e-119,2.39637474927342e-126,5.236337357851331e-111,5.236515460013788e-111,6.787023333792246e-86,9.63169524508219e-06,2000000.0,1124153.569405417
1.0030842741723532e-05,0.00024571128323784373,-76.27671096783119,268.7457675858747,0.0,2.174167766353323e-75,376.7368670684684,2.4653333728318546e-122,0.0,3.7027982291274695e-136,125.57895568948948,1.972997280513392e-101,1.122728150250278e-118,2.0072995757386e-119,2.4014645281721358e-126,5.2474582155781554e-111,5.2476384469675884e-111,6.968865172676654e-86,9.836200883390916e-06,2000000.0,1127557.1386557787
1.003312297124967e-05,0.00024553726269610916,-76.35753438475889,268.9821286385934,0.0,2.178793761545847e-75,377.5384532941951,2.470578883548297e-122,0.0,3.710676704308831e-136,125.84615109806504,1.9771952435527485e-101,9.747717033610079e-119,2.0115705250078444e-119,2.40657414460334e-126,5.2586224008233075e-111,5.258804797929183e-111,7.165433604265798e-86,1.0041199593640297e-05,2000000.0,1130976.976272767
1.003540320077581e-05,0.0002453630576717575,-76.43852955860898,269.2190789217175,0.0,2.1834378147618933e-75,378.34316858972807,2.4758448706260775e-122,0.0,3.7185859338844554e-136,126.11438952990936,1.9814095937487312e-101,8.454997652547381e-119,2.0158581464061453e-119,2.4117037069186245e-126,5.2698301502634345e-111,5.270014750263671e-111,7.379353691212828e-86,1.0246695381683765e-05,2000000.0,1134413.186617604
1.0037683430301948e-05,0.0002451886677716679,-76.51969732955874,269.456620856758,0.0,2.1881000251997555e-75,379.15103014396607,2.4811314465478576e-122,0.0,3.726526086798439e-136,126.38367671465535,1.9856404213630188e-101,7.326623902411913e-119,2.0201625315226686e-119,2.4168533246865646e-126,5.2810817031956545e-111,5.2812685439704974e-111,7.61379637701244e-86,1.045269036037188e-05,2000000.0,1137865.8751878606
1.0041722546691911e-05,0.00024487930478101985,-76.6638998415897,269.87885384287125,0.0,2.1964033732346483e-75,380.5898231230178,2.4905467829747246e-122,0.0,3.740667416094654e-136,126.86327437433927,1.9931754808379084e-101,5.67073660261751e-119,2.027828596578167e-119,2.426024740072077e-126,5.3011205609410206e-111,5.3013114661416854e-111,8.091847839474626e-86,1.0818812847102966e-05,2000000.0,1144022.618583015
1.0045761663081873e-05,0.0002445693582460676,-76.80864630104661,270.3029645812809,0.0,2.204764568609102e-75,382.03863980979185,2.5000277136752803e-122,0.0,3.754907264462633e-136,127.34621326993063,2.000763034757797e-101,4.3749207251002445e-119,2.035548069430699e-119,2.435260050393906e-126,5.321298972190481e-111,5.321494067025919e-111,8.674865577044572e-86,1.1186515110849242e-05,2000000.0,1150231.99837005
1.0049800779471834e-05,0.00024425882595237314,-76.95393830250771,270.7289668504706,0.0,2.2131841790110013e-75,383.4975785718791,2.5095748823585077e-122,0.0,3.769246598720467e-136,127.83252619062638,2.0084035986499893e-101,3.36435220929127e-119,2.0433214742289057e-119,2.4445598826858574e-126,5.341618305728443e-111,5.341817719649502e-111,9.401929769065548e-86,1.1555805896287158e-05,2000000.0,1156494.620862715
1.0053839895861796e-05,0.00024394770569027442,-77.09977915830706,271.15687454561936,0.0,2.2216627787843103e-75,384.9667389299832,2.519188940279256e-122,0.0,3.7836863971208975e-136,128.3222463099944,2.0160977146201576e-101,2.5789401732068286e-119,2.051149341269674e-119,2.4539248713332555e-126,5.362079946176975e-111,5.362283813029703e-111,1.0328007843672892e-85,1.1926695760972394e-05,2000000.0,1162811.1007662795
1.0061004136509485e-05,0.00024339441384419364,-77.35982047248088,271.920591429719,0.0,2.2368483082857803e-75,387.5980670339224,2.536408123100399e-122,0.0,3.8095486843637735e-136,129.19935567797415,2.0298781785217508e-101,1.5937834636305883e-119,2.0651693818949202e-119,2.4706979605886826e-126,5.398727469006566e-111,5.398939577532613e-111,1.2721971410531273e-85,1.258851598034573e-05,2000000.0,1174149.1531443358
1.0068168377157172e-05,0.0002428392527058687,-77.62162065953191,272.69042658974956,0.0,2.252224558597239e-75,390.26244295872476,2.5538435679940903e-122,0.0,3.835735785442082e-136,130.08748098624162,2.0438316806911758e-101,9.699770907939445e-120,2.0793655068152541e-119,2.4876817092564495e-126,5.435835078504371e-111,5.4360558909342085e-111,1.6721597054137346e-85,1.3255463667018841e-05,2000000.0,1185662.1616152825
1.007533261780486e-05,0.00024228220961801714,-77.88520025206802,273.4664609352662,0.0,2.267794907681382e-75,392.96045201295965,2.571499105168837e-122,0.0,3.862253453278854e-136,130.98681733765324,2.0579613180484493e-101,5.814648134653577e-120,2.093740834982722e-119,2.504879848318785e-126,5.4734109144337056e-111,5.4736409214582134e-111,2.3630631161596373e-85,1.392760152514337e-05,2000000.0,1197353.7691040414
1.0082496858452547e-05,0.00024172327176323963,-78.15057844504172,274.24877689157483,0.0,2.283562811167374e-75,395.69269294618783,2.5893786527898443e-122,0.0,3.889107592085501e-136,131.89756431539595,2.0722741281788658e-101,3.430614339795002e-120,2.1082985570497975e-119,2.5222961944647842e-126,5.511463302431755e-111,5.511703025074816e-111,3.5853937886085e-85,1.4604991652335084e-05,2000000.0,1209227.7142739773
1.0089661099100235e-05,0.0002411624261798022,-78.41777406100097,275.0374584111391,0.0,2.2995318040917863e-75,398.4597782362655,2.6074862188591316e-122,0.0,3.91630423539171e-136,132.81992607875517,2.0867760373526393e-101,1.9951558143346146e-120,2.1230419369235588e-119,2.5399346518409562e-126,5.550000758054189e-111,5.550250749678487e-111,5.782093383551031e-85,1.5287696527227786e-05,2000000.0,1221287.8341722558
1.0102460946906733e-05,0.000240155612384152,-78.89973991547278,276.46265623795216,0.0,2.3285744818798317e-75,403.4922529168865,2.640418296558772e-122,0.0,3.965766517583116e-136,134.4974176389622,2.11314582704551e-101,6.504392166062786e-121,2.1498556064846326e-119,2.5720135655256095e-126,5.620087923255574e-111,5.620357749117102e-111,1.5204316694920252e-84,1.652086990279039e-05,2000000.0,1243310.6979130474
1.0115260794713232e-05,0.00023914259135606865,-79.38768413310467,277.9089474900781,0.0,2.358291941971019e-75,408.6416499810655,2.674115504198681e-122,0.0,4.016377929312492e-136,136.21388332702185,2.1401169429100766e-101,5.244973714983187e-122,2.1772922694773662e-119,2.604837787069437e-126,5.6918026469040316e-111,5.692094400341907e-111,4.307365715599155e-84,1.7771587489650664e-05,2000000.0,1265963.7734099026
1.012806064251973e-05,0.00023812328582562613,-79.88172377347857,279.3768493574985,0.0,2.388706403463175e-75,413.9118136564193,2.7086029980986844e-122,0.0,4.0681762836741536e-136,137.9706045521398,2.1677149271936788e-101,0.0,2.205372416403171e-119,2.6384318210019756e-126,5.765198354492501e-111,5.765514370622242e-111,1.260973741906569e-83,1.9040234670774563e-05,2000000.0,1289271.4887862746
1.0140860490326228e-05,0.00023709761700858767,-80.38197921416166,280.8668966669768,0.0,2.419841094165173e-75,419.3067511189062,2.743907001025899e-122,0.0,4.121201002813541e-136,139.76891703963543,2.19596682733475e-101,4.8317625584462026e-122,2.2341174102068058e-119,2.6728212105860756e-126,5.8403307261978964e-111,5.840673611841118e-111,3.755995735130025e-83,2.032720901514207e-05,2000000.0,1313259.465460687
1.0153660338132726e-05,0.00023606550456066127,-80.88857386955442,282.37964268864937,0.0,2.4517204390533305e-75,424.83064097441377,2.7800548582908497e-122,0.0,4.175493183557465e-136,141.61021365813795,2.2248963864875226e-101,0.0,2.2635495351487874e-119,2.708032591901377e-126,5.9172578128889075e-111,5.917630480515735e-111,1.1300182169783925e-82,2.1632920394987478e-05,2000000.0,1337954.5888024827
1.0166460185939225e-05,0.00023502686653746068,-81.40163394191104,283.91565992839764,0.0,2.4843705383166407e-75,430.48784222357,2.817075099010869e-122,0.0,4.280610659964345e-136,143.49594740785668,2.6076131716473774e-101,1.389113968633932e-121,2.293692041191385e-119,2.7440937504424686e-126,5.996040158921097e-111,5.996445865056378e-111,3.423247742018177e-82,2.2957791127732976e-05,2000000.0,1363385.0832946694
1.0182047612062162e-05,0.00023375309845046995,-82.03534726923307,285.8184794052122,0.0,2.525214813093031e-75,437.5637072898409,2.8633790123826777e-122,0.0,4.420889107780079e-136,145.85456909661366,3.1490634357540724e-101,0.0,2.3313938682737296e-119,2.7891980126909946e-126,6.094576920894557e-111,6.0950278235041506e-111,1.3329423441086406e-81,2.4597699033465215e-05,2000000.0,1395389.975977504
1.0197635038185102e-05,0.00023246937463759115,-82.67907924070468,287.75780224296744,0.0,2.5673151828409833e-75,444.852647992197,2.911077777251935e-122,0.0,4.515699403757223e-136,148.284215997399,3.352478950546461e-101,4.024605523762937e-136,2.37023284844493e-119,2.8356604982366313e-126,6.19607849673866e-111,6.196580802980967e-111,5.219348718750005e-81,2.6267479411735358e-05,2000000.0,1428586.0406370137
1.021322246430804e-05,0.00023117553702960372,-83.33307561481,289.73478933234804,0.0,2.6108017906648253e-75,452.36375089158713,2.9602346538109855e-122,0.0,4.573625076130355e-136,150.78791696386241,3.278497824605099e-101,0.0,2.4102644998569738e-119,2.883539121616347e-126,6.300670984290016e-111,6.301231828310229e-111,2.0604011061398184e-80,2.7967976541644598e-05,2000000.0,1463033.4076125
1.0228809890430977e-05,0.00022987142367001856,-83.99758911689291,291.7506529903425,0.0,2.656040808069714e-75,460.1066024306363,3.010945477137832e-122,0.0,4.636504824559881e-136,153.3688674768788,3.2248503756855264e-101,-5.411391517226627e-135,2.4515842558186094e-119,2.932894966658694e-126,6.40848735669025e-111,6.409114948427265e-111,8.203822259704111e-80,2.9700067503256904e-05,2000000.0,1498796.0388668594
1.0244397316553917e-05,0.00022855686860635905,-84.67287950685555,293.8066598117215,0.0,2.704344079693389e-75,468.0913224968176,3.0635117363737575e-122,0.0,7.361190004487172e-135,156.03044083227255,5.042864409470692e-99,2.832068006176238e-118,2.494204376811059e-119,2.9837926898961414e-126,6.5196681245484796e-111,6.520371923891636e-111,3.293924912253992e-79,3.1464663689442246e-05,2000000.0,1535942.0226060825
1.0259984742676855e-05,0.0002272317017825145,-85.35921365406843,295.9041336807988,0.0,2.7608690173747657e-75,476.32860061806133,3.120144692026685e-122,0.0,4.40480897799653e-134,158.77620020602046,3.1808848543948193e-98,9.326086490763724e-119,2.5414799637882406e-119,3.0363003432331846e-126,6.6343620025501615e-111,6.63515292335203e-111,1.3337077321952968e-78,3.3262712410745435e-05,2000000.0,1574543.894204972
1.0275572168799792e-05,0.0002258957489280498,-86.05686564667027,298.0444590573696,0.0,2.84657409038025e-75,484.82973505531737,3.200319693963427e-122,0.0,1.986170685403425e-133,161.6099116851058,1.4506829788780702e-97,2.3190391216187336e-117,2.611326794857106e-119,3.0904887714784753e-126,6.752724607986676e-111,6.753615257665855e-111,5.446501755964596e-78,3.509519867957132e-05,2000000.0,1614678.9867822547
1.029115959492273e-05,0.0002245488314439038,-86.76611689171018,300.22908453794025,0.0,3.047944968547815e-75,493.6066750627211,3.4817804313261745e-122,0.0,8.404407671926532e-133,164.53555835424038,6.174329599892997e-97,4.953405992761724e-117,2.8253467615470653e-119,3.1464428012890476e-126,6.874931756892383e-111,6.875936718402275e-111,2.2436427276866607e-77,3.696314713223949e-05,2000000.0,1656429.8144680918
1.030674702104567e-05,0.00022319076628676628,-87.48725617053432,302.45952665122456,0.0,3.7256752415743837e-75,502.6720665953468,5.614205481806381e-122,0.0,3.5339876251041026e-132,167.5573555317823,2.608546552008946e-96,3.4837940518795274e-116,4.013815016351922e-119,3.204222607989697e-126,7.001164874841408e-111,7.002301039459565e-111,9.324815889326028e-77,3.886762403418909e-05,2000000.0,1699884.491452409
1.0322334447168607e-05,0.00022182136585391154,-88.22057965162114,304.73737389071636,0.0,6.398420949165483e-75,512.0393017762653,2.513137425903566e-121,0.0,1.494819333332778e-131,170.67976725875516,1.1083508201404206e-95,1.0215230397505678e-115,1.1857659717807844e-118,3.2639962822292407e-126,7.131743021552028e-111,7.133029981044552e-111,3.9106671417749374e-76,4.0809739373836124e-05,2000000.0,1745137.190513779
1.0337921873291545e-05,0.00022044043786861617,-88.96639087397692,307.0642910291313,0.0,1.7520333294397261e-74,521.7225724784064,2.1042224521325385e-120,0.0,6.376630136228487e-131,173.90752415946884,4.749254794407625e-95,5.7578289901658445e-115,6.568371595887246e-118,3.3257326326059186e-126,7.267125367900993e-111,7.268585885265576e-111,1.6552406116572563e-75,4.2790649083176444e-05,2000000.0,1792288.6454478751
1.0353509299414485e-05,0.00021904778526585426,-89.72500069883105,309.4420237570694,0.0,6.478114123796225e-74,531.7369284180205,1.9998778151882724e-119,0.0,2.745357451190408e-130,177.24564280600686,2.053948573135385e-94,1.9333036628865422e-114,4.4110574748869194e-117,3.390528675195284e-126,7.409832315743e-111,7.411492885503001e-111,7.072109647168853e-75,4.4811557407174835e-05,2000000.0,1841446.7023459547
1.0369096725537422e-05,0.0002176432060787137,-90.49672721439872,311.87240366829735,0.0,2.6812219184577595e-73,542.0983401943192,1.9545743742425765e-118,0.0,1.193324944426097e-129,180.69944673143976,8.96852615128384e-94,1.0328996916487207e-113,3.0935987786647906e-116,3.4576612086714656e-126,7.566365340026503e-111,7.568256994070099e-111,3.0506651699267916e-74,4.687371942147721e-05,2000000.0,1892726.9251387853
1.038468415166036e-05,0.0002162264933266892,-91.28189557954232,314.35735360936286,0.0,1.1521937193919445e-72,552.8237677519138,1.9422351312390197e-117,0.0,5.238054032551548e-129,184.27458925063797,3.954762240005674e-93,3.6415583892719514e-113,2.2071857204388656e-115,3.5438141836747844e-126,7.782289224977665e-111,7.784448700288448e-111,1.3288631932931328e-73,4.897844369725155e-05,2000000.0,1946253.2614381984
1.04002715777833e-05,0.00021479743490710693,-92.0808377976707,316.8988934219924,0.0,5.034954985864222e-72,563.9312347940455,1.96038127914409e-116,0.0,2.3223162155142346e-128,187.97707826468186,1.76147495191007e-92,1.9725963037059212e-112,1.5960105815717563e-114,3.643255112347401e-126,8.195400513885274e-111,8.197875023416636e-111,5.84643397553888e-73,5.112709512360689e-05,2000000.0,2002158.7755213878
1.0415859003906237e-05,0.00021335581349078445,-92.89389241228514,319.4991461165126,0.0,2.2262201166020828e-71,575.4399097341737,2.0102354873488676e-115,0.0,1.0401620202169772e-127,191.8133032447246,7.926429861215035e-92,6.90402234057386e-112,1.1692521662729891e-113,4.095758763932761e-126,9.778483441606762e-111,9.781343172977654e-111,2.5984492911211667e-72,5.332109790396528e-05,2000000.0,2060586.4562324376
1.0431446430029175e-05,0.00021190140642310255,-93.72140411063901,322.160344516662,0.0,9.949278667898617e-71,587.3701938387123,2.5587617294935563e-114,0.0,1.8697126556983074e-127,195.79006461290416,1.426166528869387e-91,8.558746677328882e-127,1.0487952208855434e-112,7.236086995315047e-127,8.101938123990895e-111,8.105377198659109e-111,1.1669168255066682e-71,5.556193874008288e-05,2000000.0,2121690.1085811364
1.0447033856152115e-05,0.00021043398563200345,-94.56372321905148,324.8848384147814,0.0,4.4939780299596435e-70,599.7438172847403,2.3229762945344945e-113,0.0,1.5187889143308252e-126,199.91460576158013,1.1694483737105924e-90,7.345726923169909e-110,1.9158657080528212e-112,2.2158513946059409e-125,3.53864594454433e-110,3.539012823074931e-110,5.29615060182196e-71,5.7851170214560477e-05,2000000.0,2185635.33893602
1.0462621282275052e-05,0.00020895331754482188,-95.42120506827229,327.6751022812848,0.0,2.0518793418920185e-69,612.583943935686,2.4034431967217124e-112,0.0,9.185736786124474e-126,204.19464797856205,7.104161724086001e-90,0.0,4.1725354834438774e-111,2.217222490348697e-124,5.274784307978783e-109,5.274879985810772e-109,2.4298030977575184e-70,6.019041438268294e-05,2000000.0,2252600.645026509
1.047820870839799e-05,0.000207459163016177,-96.294209208478,330.5337435759397,0.0,9.47208256126169e-69,625.9152857274127,2.6213936612120393e-111,0.0,4.583547737841665e-125,208.63842857580426,3.5605222385002244e-89,1.3972166692664591e-108,3.714745923772922e-110,0.0,2.7717483844137144e-109,2.7727044935744884e-109,1.1271202127117866e-69,6.2581366588069e-05,2000000.0,2322778.623471952
1.0493796134520928e-05,0.00020595127726945835,-97.18309844881796,333.4635117149664,0.0,4.4219254312810225e-68,639.7642276577769,3.642799024034347e-110,0.0,8.384710563023184e-125,213.25474255259232,6.518992040428304e-89,1.194066672752342e-108,3.699092558394485e-109,0.0,0.0,0.0,5.287603876536194e-69,6.502579951787573e-05,2000000.0,2396377.3093015174
1.0509383560643867e-05,0.00020442940985482657,-98.08823769339922,336.4673077526942,0.0,2.0881088825927768e-67,654.1589644851763,4.320074069413179e-109,0.0,9.62711097763421e-125,218.05298816172544,7.486908412453728e-89,0.0,2.449173332917753e-108,1.9112582797047544e-122,3.735785938477143e-107,3.7357787804002987e-107,2.5092321516439658e-68,6.75255675146837e-05,2000000.0,2473621.663921036
1.0524970986766805e-05,0.00020289330462717236,-99.00999253642553,339.5481948421362,0.0,9.976486437450611e-67,669.1296503668195,5.0442733262327715e-108,0.0,8.979420146388645e-125,223.04321678893987,6.98329163436886e-89,1.0649696292919287e-122,1.720909477222539e-107,3.24217482298506e-122,1.5195656398604958e-106,1.5196428300481543e-106,1.2048226362664258e-67,7.008261116030029e-05,2000000.0,2554755.230278581
1.0540558412889743e-05,0.00020134269974809977,-99.94872757596116,342.70940954393046,0.0,4.823863631728353e-66,684.7085628072682,5.979983376150179e-107,0.0,8.501897518926895e-125,228.23618760242275,6.61312467545709e-89,4.290948221514832e-122,1.3556754844941928e-106,8.449968531507742e-122,7.341350455314856e-106,7.341853639664012e-106,5.854851279459462e-67,7.26989621488757e-05,2000000.0,2640041.976619733
1.0556145839012682e-05,0.0001997773277166876,-100.904804400007,345.95437405975827,0.0,2.3611237297444294e-65,700.9302824444136,7.224880864006521e-106,0.0,8.94867309003382e-125,233.64342748147124,6.975782613198112e-89,1.4223679444970015e-121,1.1289507890562117e-105,6.476237698887517e-121,4.156360171869771e-105,4.156648597832564e-105,2.8802645322050485e-66,7.537674846847243e-05,2000000.0,2729768.3532813173
1.057173326513562e-05,0.00019819691543454827,-101.87857919124819,349.2867094744168,0.0,1.1702140950908215e-64,717.8318903753928,7.016435272683188e-105,0.0,3.9409632683412995e-121,239.27729679179765,3.160428238816237e-85,1.786957109160843e-104,2.247296118821955e-105,1.664316148762976e-120,1.7331955293887387e-104,1.733364562322088e-104,1.4347921172389693e-65,7.811819991214646e-05,2000000.0,2824245.590518556
1.0587320691258558e-05,0.00019660118431164954,-102.8703998801719,352.71025009661514,0.0,5.874283693147331e-64,735.4531849202253,8.343621287399603e-104,0.0,2.8998419575813454e-120,245.15106164007514,2.3337350085700407e-84,0.0,8.009089651402057e-104,9.294529929525391e-119,2.256310806971991e-103,2.2563890506770894e-103,7.239454040310082e-65,8.092565393475886e-05,2000000.0,2923812.2694444526
1.0602908117381497e-05,0.00019498985042046957,-103.88060277548351,356.2290589993443,0.0,2.9875203440484094e-63,753.8369199386393,1.0582728854859896e-102,0.0,1.605239427623788e-119,251.27897331287983,1.2977305897317105e-83,6.468607480860635e-103,8.146088580311362e-103,0.0,9.648570111583289e-104,9.66073012597891e-104,3.700887550238471e-64,8.380156188066337e-05,2000000.0,3028837.2029347215
1.0618495543504435e-05,0.00019336262470732714,-104.9095085825627,359.84744486850616,0.0,1.5397844495253096e-62,773.0290670580699,1.3767433237201202e-101,0.0,8.489630261116094e-119,257.6763556860233,6.89768610616594e-83,0.0,7.466682734810876e-102,5.7952906404604324e-117,8.68424138526797e-102,8.684236400413698e-102,1.917413000144239e-63,8.674849560434903e-05,2000000.0,3139722.6688695704
1.0634082969627373e-05,0.0001917192132712327,-105.95741770305919,363.56998027693027,0.0,8.045115400069756e-62,793.0791044400534,1.8301459652056293e-100,0.0,4.505443253973354e-118,264.3597014800178,3.6795270324644674e-82,2.5337054602754987e-101,6.821355500589493e-101,0.0,1.711219114546723e-102,1.7177876152274385e-102,1.0070824044707846e-62,8.976915450478451e-05,2000000.0,3256908.044502874
1.064967039575031e-05,0.00019005931772239672,-107.02460469167575,367.401521511144,0.0,4.262472004945721e-61,814.040335010116,2.4863795470874505e-99,0.0,2.420494717112627e-117,271.34677833670537,1.9871436604965937e-81,0.0,6.29835432951328e-100,2.555956106539834e-115,3.796021310963652e-100,3.795996825260263e-100,5.3639797376057646e-62,9.286637299564263e-05,2000000.0,3380873.898237029
1.066525782187325e-05,0.00018838263563466227,-108.11131172118758,371.3472300853324,0.0,2.290788141101611e-60,835.9702374045247,4.626600563350167e-98,0.0,4.527776370188251e-117,278.6567458015083,3.721380068407836e-81,1.674167562841879e-115,7.813230444087982e-99,2.218679651795833e-114,3.0857389630334748e-99,3.0857233199297847e-99,2.898136566474609e-61,9.604312843000416e-05,2000000.0,3512146.6037787623
1.0680845247996188e-05,0.00018668886110850775,-109.21774090123289,375.4125961036537,0.0,1.2492303811463333e-59,858.9308532493684,6.890987535069738e-97,0.0,5.2568956841927966e-117,286.31028441645617,4.330954605261304e-81,4.587066568936863e-115,6.265517580526967e-98,3.959985329102507e-114,7.990754618954143e-99,7.992432233667959e-99,1.5889106525463708e-60,9.930254951931513e-05,2000000.0,3651303.5520030563
1.0696432674119125e-05,0.00018497768546415848,-110.34404523109626,379.6034636163009,0.0,6.914774656742444e-59,882.9892147819302,1.0137760878062252e-95,0.0,4.928583347256743e-117,294.3297382606434,4.160903645224395e-81,0.0,5.470167851292759e-97,1.723743227856028e-113,4.172843921209583e-98,4.173612405243606e-98,8.842441167317306e-60,0.00010264792524995506,2000000.0,3798979.0475273156
1.0712020100242065e-05,0.00018324879808785902,-111.49031794775985,383.92605813734673,0.0,3.886316893559991e-58,908.2178172502497,1.5230240737705005e-94,0.0,4.6795508060095644e-117,302.73927241674994,5.045201051560651e-81,2.273568994448019e-113,5.316040370226452e-96,1.0342846083728085e-112,2.5272029736861563e-97,2.527653506244901e-97,4.9966966318587935e-59,0.00010608271431715128,2000000.0,3955870.991033793
1.0727607526365003e-05,0.00018150188745843948,-112.656579993384,388.3870165061947,0.0,2.2185681998408116e-57,934.6951409839915,2.3445345396061958e-93,0.0,4.961228836457442e-117,311.5650469946639,1.7420950324921484e-80,1.2313853103857367e-112,5.42253875676638e-95,6.722828397533991e-112,1.6084324795792928e-96,1.608739343234075e-96,2.8680102529102514e-58,0.00010961055510031352,2000000.0,4122748.4647361278
1.074319495248794e-05,0.00017973664238604017,-113.84276526954342,392.99341927797167,0.0,1.286868407819328e-56,962.5062285145557,3.700935462611619e-92,0.0,5.5042133483891884e-117,320.83540950485195,1.5632372128569452e-79,3.913346405334917e-112,5.680881677060195e-94,4.476339766071296e-111,1.0463206473508277e-95,1.0465423466402255e-95,1.6726947704911737e-57,0.00011323527619554993,2000000.0,4300460.357457666
1.075878237861088e-05,0.00017795275350049975,-115.04870327863557,397.75282582849485,0.0,7.587121282837118e-56,991.7433226253007,5.994045730396726e-91,0.0,6.487422820700102e-117,330.5811075417669,1.7722445673646198e-78,9.60026352287769e-112,6.088225456190415e-93,3.0247989033431245e-110,6.921208078072398e-95,6.922855577750789e-95,9.916183716768428e-57,0.00011696090751120328,2000000.0,4489945.188117221
1.0774369804733818e-05,0.0001761499150336922,-116.27409867922218,402.67331235906903,0.0,4.548394638210535e-55,1022.5065717194799,9.966195683239731e-90,0.0,1.1372729796540965e-116,340.83552390649334,2.1062164984564056e-77,2.0120066309826732e-111,6.677489557876869e-92,2.0742899230008793e-109,4.6568511007897185e-94,4.6581009682331456e-94,5.977500942125965e-56,0.00012079169192574779,2000000.0,4692242.312596249
1.0789957230856755e-05,0.0001743278269481552,-117.51850719611397,407.76351298115344,0.0,2.7735473427998876e-54,1054.9048093841757,1.7021139085518721e-88,0.0,4.2184648322979135e-116,351.63493646139193,2.5693558897492785e-76,3.789054328043811e-111,7.510447269108538e-91,1.445932117150957e-108,3.1914709381245912e-93,3.1924376961380752e-93,3.6652073268906244e-55,0.0001247320975007236,2000000.0,4908504.729610977
1.0805544656979693e-05,0.00017248619747388017,-118.78130722091255,413.0326640448865,0.0,1.720949835185891e-53,1089.0564154732922,2.9877772349372613e-87,0.0,7.439200033500195e-116,363.0188051577641,3.212152977643768e-75,1.0203001701173982e-91,1.8802124564687333e-90,0.0,-2.439423043787394e-108,2.439423043787394e-108,2.2868535286562168e-54,0.00012878683022972648,2000000.0,5140013.737018101
1.0821132083102632e-05,0.00017062474612642838,-120.0616663121403,418.49065184781165,0.0,1.0869631121054793e-52,1125.090266386764,5.393330398410442e-86,0.0,1.1357536376486826e-114,375.03008879558803,4.117488101288519e-74,1.547079692095237e-89,8.895681617917159e-89,2.506930829563188e-121,-7.358799381608035e-106,-7.762021265531762e-106,1.4524321819261722e-53,0.00013296084728925606,2000000.0,5388195.731768881
1.083671950922557e-05,0.00016874320729301013,-121.35850165063985,424.14806380723,0.0,6.990899073456005e-52,1163.1467824210988,1.0017612476988033e-84,0.0,9.249671195888659e-114,387.71559414036636,5.4134401867658446e-73,2.756182396014158e-87,1.2960984301342712e-87,5.96097559025497e-119,8.522722842463813e-104,5.868360519187299e-104,9.393479205557056e-53,0.00013725937073171847,2000000.0,5654641.495231206
1.0852306935348508e-05,0.0001668413344892358,-122.67043332775661,430.0162431129094,0.0,4.580134170079488e-51,1203.3790800164013,1.9156399999951862e-83,0.0,6.202955636633098e-113,401.1263600054672,7.303796149599526e-72,5.843532359922568e-85,1.7741663906653967e-86,-4.0588202051295166e-117,-3.7575172099743104e-101,-4.322579012666003e-101,6.188464768392527e-52,0.00014168790153793715,2000000.0,5941128.361926861
1.0867894361471447e-05,0.00016491890540838226,-123.99572912939317,436.1073467704347,0.0,3.057748187015526e-50,1245.9542362989646,3.7734975522746785e-82,0.0,3.576908775794921e-112,415.3180787663216,1.0117526905617905e-70,1.4756119202464233e-82,2.6490226682895545e-85,-3.1350580508968305e-114,-4.43189081305273e-99,5.730530542935627e-99,4.1544511487712604e-51,0.00014625223391128068,2000000.0,6249645.7345330855
1.0883481787594385e-05,0.00016297572790779016,-125.33223922351252,442.43440679208607,0.0,2.080890335183415e-49,1291.0546723373895,7.66097330958758e-81,0.0,8.964247986758912e-110,430.3515574457966,1.4396482378140783e-69,1.828306693706412e-95,3.545118112352121e-84,1.9059286719496655e-94,3.156471260136698e-79,3.155741452502054e-79,2.842895679502533e-50,0.00015095846964919597,2000000.0,6582424.482029104
1.0899069213717323e-05,0.0001610116471040991,-126.67731885829036,449.0113940861703,0.0,1.4439700520472215e-48,1338.8796597459777,1.6037945078276752e-79,0.0,0.0,446.293219915326,2.105190291327568e-68,1.085247374605905e-78,8.821069151260781e-83,0.0,0.0,0.0,1.983619885489764e-49,0.00015581303237482903,2000000.0,6941970.8416778175
1.0914656639840262e-05,0.00015902655378125072,-128.0277368190304,455.8532842907405,0.0,1.022010529234158e-47,1389.6469523399462,3.4636764202852965e-78,0.0,1.0783914305027666e-105,463.2156507799821,3.164895527428038e-67,5.607392926416909e-92,2.449884218408304e-81,2.3548817090942903e-90,3.976885688237078e-75,3.9757636431155855e-75,1.411654858819041e-48,0.00016082268133043405,2000000.0,7331105.538543572
1.09302440659632e-05,0.00015702039435344848,-129.3795669758497,462.97612439721024,0.0,7.379945750412668e-47,1443.5945400051096,7.720148745234789e-77,0.0,0.0,481.1981800017033,4.893526559567661e-66,1.3675850985052497e-74,7.059089866912073e-80,0.0,0.0,0.0,1.0248930564583664e-47,0.00016599452434227694,2000000.0,7753008.9376435075
1.0945831492086138e-05,0.00015499318267054582,-130.728059769035,470.39709845716186,0.0,5.438080810593264e-46,1500.9825151536502,1.7764805999165475e-75,0.0,2.2511231246283837e-101,500.3275050512168,7.784226015468144e-65,-2.480801931267862e-87,2.0956304272675455e-78,5.0020598326062675e-86,8.59369288876687e-71,8.590722868897093e-71,7.592710551887447e-47,0.0001713360294435131,2000000.0,8211273.150352954
1.0956934680141227e-05,0.00015353637519740568,-131.68346772458102,475.87509024919365,0.0,2.1244431760013698e-45,1544.1147527302167,1.402615319502656e-74,0.0,8.572898975376333e-95,514.7049175767389,4.875693829806173e-64,0.0,1.7653835182099205e-77,9.909607397197431e-86,1.6999253510258105e-70,1.70422277390677e-70,3.1215517321700073e-46,0.00017524865052640583,2000000.0,8562097.500687899
1.0968037868196316e-05,0.0001520689960067201,-132.63188459665807,481.5206862355881,0.0,8.767872474888596e-45,1589.2469480681466,1.3120729132253068e-73,0.0,-4.7658212755062255e-105,529.7489826893823,3.4850277795847675e-63,2.50166828658526e-75,4.5767699501714e-75,1.1354362815329637e-85,1.9925155959367306e-70,2.009389897845925e-70,1.3289446266336106e-45,0.00017925427578337446,2000000.0,8935054.80734997
1.0979141056251406e-05,0.00015059113777176665,-133.5705564163384,487.3412487248791,0.0,3.7321989321961463e-44,1636.4968675424632,1.2845662484794118e-72,0.0,3.294739072613698e-104,545.4989558474878,2.6044771942039506e-62,0.0,6.435162205635902e-74,1.036471050902309e-85,1.8431825200818123e-70,1.877871919634135e-70,5.72123437469607e-45,0.00018335595198316977,2000000.0,9331931.223430265
1.0990244244306495e-05,0.0001491029257298418,-134.4963519256058,493.34447831790135,0.0,1.613109377018349e-43,1685.9897343333087,1.2817581377593681e-71,0.0,-2.571431764851465e-103,561.996578111103,1.9825258064580308e-61,1.3115583092585683e-75,6.174410662062709e-73,1.0090208158439691e-85,1.7189932440271177e-70,1.772595262676143e-70,2.487117692408943e-44,0.00018755682351934846,2000000.0,9754681.97622832
1.1001347432361584e-05,0.0001476045221504262,-135.40571403417803,499.5384175942669,0.0,7.051181001970704e-43,1737.8585808149144,1.3001924975684058e-70,0.0,-3.1259979814107344e-102,579.2861936049716,1.531767995823986e-60,1.1014299452916475e-75,5.179312125682681e-72,1.1024766263582786e-85,1.8096152579705772e-70,1.8833497719696233e-70,1.092397455408925e-43,0.00019186013156512893,2000000.0,10205448.66324129
1.1012450620416673e-05,0.0001460961314217948,-136.29460469240172,505.93145101379685,0.0,3.114670284671356e-42,1792.2445717920941,1.3404506005578206e-69,0.0,-2.366255795142493e-101,597.4148572640315,1.2007885273364705e-59,0.0,4.159280667637066e-71,1.0894700509428368e-85,1.9679372689273546e-70,2.066677249188208e-70,4.847457519872034e-43,0.00019626921214786343,2000000.0,10686578.204374084
1.1020582332363628e-05,0.0001449852298155941,-136.9299974579312,510.7448844822953,0.0,9.033170997587576e-42,1833.7584924454436,6.769994655407135e-69,0.0,1.547094855693295e-101,611.252830815148,5.0754853284100875e-59,0.0,1.2687776688700322e-70,9.447626486393507e-86,2.0048853073559735e-70,2.126733380237773e-70,1.4347829972316076e-42,0.00019956739500547334,2000000.0,11059684.795996776
1.1028714044310582e-05,0.0001438692226654377,-137.54996221174676,515.6733161577475,0.0,2.6704409636382136e-41,1876.7642874861558,3.6974925989025294e-68,0.0,-2.449230939847213e-101,625.5880958287187,2.268175006244404e-58,0.0,3.94607542679373e-70,7.681313325195318e-86,2.006404905228072e-70,2.1548917809159007e-70,4.3184249565325116e-42,0.00020292552471684095,2000000.0,11451546.416095728
1.1036845756257538e-05,0.00014274824424583476,-138.1523035571111,520.7203736499579,0.0,8.020540472777223e-41,1921.3261609897297,2.0860294991142542e-67,0.0,-3.414673811395598e-101,640.4420536632433,1.0432402600253804e-57,-5.582003478336264e-90,1.7020640537694247e-69,4.2843000756828686e-86,2.021492573303882e-70,2.199762591835434e-70,1.3088485066575052e-41,0.00020634500120651037,2000000.0,11863333.81536747
1.1044977468204493e-05,0.00014162244749695664,-138.7346176408332,525.8897696922068,0.0,2.4305131002631614e-40,1967.51084758652,1.1916237054899268e-66,0.0,-3.3334667679773327e-100,655.8369491955068,4.856665475492792e-57,2.6040390303390305e-89,8.979206644565783e-69,0.0,2.042933269285867e-70,2.254773751792165e-70,3.985479135035915e-41,0.00020982724636927873,2000000.0,12296299.648649495
1.1053109180151447e-05,0.00014049200580215735,-139.29427338273544,531.185295240987,0.0,7.410553624804679e-40,2015.3876045534093,6.865887890019418e-66,0.0,-1.0164238827061524e-99,671.7958681844699,2.2791258300447877e-56,4.733017148004361e-89,5.078942751402093e-68,1.893456063564704e-101,2.0147431458332508e-70,2.2644838477149405e-70,1.2196999784830084e-40,0.00021337370192541297,2000000.0,12751784.088245453
1.1061240892098403e-05,0.00013935711493592165,-139.8283920824172,536.6108104388514,0.0,2.2715469415483094e-39,2065.028177043795,3.9878235006841e-65,0.0,-1.1987048490042847e-99,688.3427256812652,1.0773378515668614e-55,-2.3687475231546036e-88,3.002964106434172e-67,1.9400933668647666e-101,1.8490635639804986e-70,2.1371765928297312e-70,3.7515008199600925e-40,0.00021698582674762094,2000000.0,13231220.669004343
1.1069372604045357e-05,0.00013821799517003676,-140.3338256033375,542.17023327985,0.0,6.998175604444296e-39,2116.5067316788886,2.334298970477583e-64,0.0,1.848643030648193e-99,705.502243892963,5.128387872779454e-55,1.2404445495324372e-87,1.8449521324153082e-66,0.0,1.4267374398519424e-70,1.71887208593736e-70,1.159479607802697e-39,0.0002206650936193235,2000000.0,13736142.340592325
1.1077504315992312e-05,0.0001370748935516685,-140.8071330568446,547.8675255895328,0.0,2.1664518861123727e-38,2169.8997518249807,1.3767320842980705e-63,0.0,1.3689874059834084e-98,723.2999172749937,2.4578548277478694e-54,4.392172731599279e-88,1.1705100572784142e-65,-8.15448072249305e-101,9.686874833096191e-71,9.487663568912233e-71,3.6004140867353464e-39,0.00022441298532641205,2000000.0,14268187.6768333
1.1085636027939268e-05,0.00013592808637929754,-141.24455580267264,553.7066757651968,0.0,6.737942032679707e-38,2225.2858862004555,8.178801766789819e-63,0.0,4.3858039628490335e-98,741.7619620668186,1.1856834911027066e-53,-2.2566948132355728e-86,7.621925742000427e-65,9.180758030191878e-85,4.7851834044675104e-70,1.808381897915424e-70,1.123026982181449e-38,0.00022823098993816074,2000000.0,14829107.164795607
1.1093767739886222e-05,0.00013477788189525036,-141.64199070120378,559.691677696422,0.0,2.104877703608743e-37,2282.745741432548,4.892527259812766e-62,0.0,1.0714813085923138e-97,760.9152471441828,5.755643428076384e-53,7.831991805739574e-86,5.0667014483345305e-64,3.203461350688128e-83,4.986705667638791e-69,2.175571569277181e-69,3.5178738641761316e-38,0.00023212059511649826,2000000.0,15420769.472738748
1.1101899451833177e-05,0.00013362462320449186,-141.99496168908885,565.8265052822177,0.0,6.603047759488598e-37,2342.361608178287,2.9458804460131104e-61,0.0,2.2508935163402363e-97,780.7872027260958,2.8105332013145426e-52,3.286147383118715e-86,3.4233107234273847e-63,2.8780836905921207e-82,4.145885689691377e-68,1.7366684981162403e-68,1.1064014573289947e-37,0.00023608328127981305,2000000.0,16045167.568742098
1.1107917702394637e-05,0.00013276935654447366,-142.22470997604003,570.4656554185992,0.0,1.5248404742368534e-36,2387.920536533492,1.0625882330895153e-60,0.0,3.648004676577947e-97,795.9735121778307,8.803759311753358e-52,7.837796778703497e-85,1.3321784885183274e-62,7.18485583260352e-82,1.595552223914288e-67,5.030237849820472e-68,2.574676421275113e-37,0.00023906397180574156,2000000.0,16529605.093609588
1.1113935952956096e-05,0.0001319127938001102,-142.4253105226593,575.1905841878495,0.0,3.541560897227031e-36,2434.7404260492776,3.9564588022417264e-60,0.0,5.663053915481896e-97,811.580142016426,2.8149992937648334e-51,-3.1574357687896393e-85,5.4052937522039865e-62,1.259648670354574e-81,6.49203250625103e-67,1.2817457783671403e-67,6.031105571436829e-37,0.0002420860804271656,2000000.0,17034041.704523228
1.1119954203517556e-05,0.00013105511715199127,-142.5944961745335,580.0028178120299,0.0,8.279236358159775e-36,2482.8556619566434,1.500772504504512e-59,0.0,8.48831206528405e-97,827.6185539855479,9.136565404912703e-51,-1.62362006897966e-84,2.2457014827350237e-61,3.064831843112092e-81,2.915019295530404e-66,3.774981379680283e-67,1.4173891386175663e-36,0.00024515018253052636,2000000.0,17559427.23366204
1.1125972454079015e-05,0.00013019652284906782,-142.72985490756963,584.9038368404692,0.0,1.9430216161431213e-35,2532.3006408869587,5.732410209145124e-59,0.0,1.2356696754177685e-96,844.1002136289864,2.984685629196165e-50,1.1514621950664969e-83,9.430491916969604e-61,1.4837989181776845e-80,1.3765693266263559e-65,1.3029775073096463e-66,3.3355628710755014e-36,0.0002482568405968551,2000000.0,18106754.02966583
1.1131990704640473e-05,0.0001293372221049216,-142.8288222699635,589.8950642174619,0.0,4.5704501009494244e-35,2583.1096099707,2.19669292584201e-58,0.0,1.7547357536151887e-96,861.0365366569001,9.781127461719582e-50,7.668660232609861e-83,3.984494526059876e-60,8.299179547204397e-80,6.6314817181311365e-65,4.7749710161988e-66,7.859846823368429e-36,0.0002514066009022928,2000000.0,18677057.587999877
1.1138008955201934e-05,0.0001284774420454975,-142.88867370934807,594.9778517447883,0.0,1.0768690806742599e-34,2635.316480958205,8.281731540415156e-58,0.0,4.527032975994519e-73,878.4388269860684,3.1631431546527403e-49,2.4207157539818194e-66,1.5972829635472306e-59,1.5603936938367444e-78,3.136868390135214e-64,2.6377622630445276e-65,1.8544629843042044e-35,0.00025459998972300146,2000000.0,19271416.896222446
1.1144027205763393e-05,0.00012761742669811302,-142.90651693502926,600.1534650010219,0.0,2.54070895567666e-34,2688.954617264726,3.152146973753391e-57,0.0,2.0817972137235916e-72,896.3182057549088,1.0293717295303369e-48,0.0,6.46054784728462e-59,1.1812385431973818e-77,1.516706882106488e-63,1.5643735319218593e-64,4.3801731889230624e-35,0.000257837509030779,2000000.0,19890954.438807152
1.1150045456324851e-05,0.00012675743802117895,-142.8792843933429,605.4230665926196,0.0,6.0009823693625086e-34,2744.0565911333883,1.2106844187643194e-56,0.0,6.153178343631239e-72,914.6855303777962,3.3769874345013566e-48,1.0388342170250755e-64,2.701718728570448e-58,5.616998837358007e-77,7.146048901682162e-63,4.732239801755844e-64,1.0354549936029005e-34,0.00026111963161674673,2000000.0,20536835.78639653
1.1156063706886312e-05,0.00012589775697895083,-142.803725922541,610.7876974634497,0.0,1.4185856554744014e-33,2800.65390757823,4.6682511181803145e-56,0.0,1.5702368399516644e-71,933.5513025260768,1.1124420300769547e-47,1.2425554559808037e-79,1.145386175707733e-57,3.2326000226974e-76,3.6523164922394892e-62,3.3464574242442387e-63,2.4492657517694976e-34,0.000264446795531258,2000000.0,21210268.67434763
1.116208195744777e-05,0.00012503868466221029,-142.67640169951056,616.2482560338269,0.0,3.355400275652029e-33,2858.7766917269946,1.802774001517636e-55,0.0,3.820476695873466e-71,952.9255639089984,3.6712261846467295e-47,3.982811804232868e-63,4.8756359696068535e-57,1.2785118310199842e-75,1.7189773513972516e-61,6.715000440262774e-63,5.795557581189965e-34,0.00026781939772822013,2000000.0,21912501.463708136
1.116810020800923e-05,0.00012418054345105406,-142.4936756433826,621.8054750243429,0.0,7.939143463245955e-33,2918.4533362856364,7.099792691272252e-55,0.0,5.7935852550428715e-71,972.8177787618789,1.2331765175572333e-46,1.4229637631075172e-61,2.2266579214332685e-56,0.0,7.740361844362141e-61,2.0717105280104248e-78,1.3714783203110691e-33,0.00027123778681187083,2000000.0,22644820.86746202
1.117411845857069e-05,0.00012332367821471442,-142.25170945109403,627.4598958267692,0.0,1.878542392488345e-32,2979.7101057881423,2.721856856636695e-54,0.0,1.4231783450771148e-70,993.236701929381,4.052225927738236e-46,1.3537245570078739e-76,9.378631735369925e-56,7.177549567510889e-74,6.439021338883876e-60,2.3212339867258574e-60,3.244793287973474e-33,0.0002747022547819529,2000000.0,23408548.809167404
1.1180136709132148e-05,0.00012246845754395862,-141.94645749413843,633.2118402389584,0.0,4.443800486877688e-32,3042.5706941443855,1.0434375380325031e-53,0.0,4.227516132609431e-70,1014.190231381462,1.3289045002560458e-45,5.557650103880912e-60,3.852947264775421e-55,0.0,2.012338664315228e-59,0.0,7.672716478284908e-33,0.000278213027629318,2000000.0,24205038.260584015
1.1186154959693609e-05,0.00012161527501115655,-141.57366279782454,639.061379364896,0.0,1.0505879672226997e-31,3107.055731955453,4.0157988227421045e-53,0.0,1.126691875091693e-69,1035.6852439851511,4.373320458923668e-45,0.0,1.6180817283596694e-54,3.340764111575985e-72,2.118479582693933e-58,1.0865817050832406e-58,1.8126917622397629e-32,0.00028177025463038815,2000000.0,25035667.88395194
1.1192173210255067e-05,0.00012076455045105718,-141.12885437521834,645.008299497122,0.0,2.4814296963972067e-31,3173.1822402030166,1.5462383370128406e-52,0.0,2.7697952325259243e-69,1057.7274134010058,1.4406363873737258e-44,2.5730968030861045e-58,6.855821119558471e-54,0.0,4.862419759529716e-58,0.0,4.2770905160576423e-32,0.0002853739961692722,2000000.0,25901835.284259267
1.1198191460816528e-05,0.00011991673125287177,-140.6073462408086,651.052064828501,0.0,5.853277523605407e-31,3240.9630271899723,5.943750158217503e-52,0.0,6.593562656409757e-69,1080.3210090633243,4.740453722078216e-44,-3.01550687045215e-73,2.905123759171742e-53,1.5256412266474003e-70,8.011559757827381e-57,5.447450720334285e-57,1.0075049453457467e-31,0.00028902420989900825,2000000.0,26804948.656379964
1.1204209711377986e-05,0.00011907229365217656,-140.00423847123372,657.1917768614335,0.0,1.3783122697493263e-30,3310.406025982002,2.2786332849030277e-51,0.0,1.5504213253494457e-68,1103.4686753273343,1.556513226777643e-43,1.315864686629975e-56,1.2282598073950253e-52,0.0,1.0721255135613428e-56,0.0,2.3682727227499517e-31,0.0002927207350365103,2000000.0,27746416.59043676
1.1210227961939445e-05,0.0001182317440091291,-139.31442071971895,663.4261304038127,0.0,3.2386088790214376e-30,3381.513570115577,8.705236444176103e-51,0.0,3.6192677183465286e-68,1127.1711900385258,5.096107167174516e-43,0.0,5.175447420650532e-52,8.022834808702876e-69,3.6635687405791304e-55,3.0361998984451725e-55,5.552642856423883e-31,0.00029646327456883946,2000000.0,28727635.777141664
1.1216246212500905e-05,0.0001173956200570465,-138.5325786358372,669.7533660777318,0.0,7.589783032792025e-30,3454.2816060661194,3.311659664637978e-50,0.0,8.396837965210572e-68,1151.4272020220399,1.662564724107176e-42,7.427383701018567e-55,2.171317108115732e-51,0.0,1.7568434078416598e-55,0.0,1.2978797999211264e-30,0.00030025137513278814,2000000.0,29749976.335080337
1.1222264463062364e-05,0.00011656449210243495,-137.6532036916822,676.1712193228815,0.0,1.7731430776136784e-29,3528.6988419580284,1.2534864887450854e-49,0.0,1.936578818970584e-67,1176.232947319343,5.400861496263234e-42,0.0,9.062122911531621e-51,4.764466620278512e-67,2.0205695352480356e-53,1.8677745853244206e-53,3.0227614725579635e-30,0.00030408440431745266,2000000.0,30814764.465575717
1.1228282713623823e-05,0.00011573896415428532,-136.67060696598253,682.6768659892429,0.0,4.1273437012666795e-29,3604.7458332727197,4.793540513460239e-49,0.0,2.8905026296519193e-67,1201.58194442424,1.7712482791387822e-41,7.090180271399933e-52,4.035023382259116e-50,0.0,2.1980664868646973e-68,0.0,7.010678515310422e-30,0.00030796152513754856,2000000.0,31923262.131396934
1.1234300964185283e-05,0.0001149196749570423,-135.57893746447246,689.2668645094451,0.0,9.566736113572814e-29,3682.3940078974397,1.8076706948425575e-48,0.0,3.1466943472664815e-67,1227.4646692991469,5.746150604674622e-41,7.299994067650988e-50,1.7167817431017896e-49,3.829110302711656e-80,-2.1555974665565927e-66,2.1555974665565927e-66,1.6182227800007886e-29,0.00031188166740218264,2000000.0,33076643.44195765
1.1240319214746742e-05,0.00011410729889803856,-134.3722056167619,695.9370950523453,0.0,2.2067917481417513e-28,3761.604634802706,6.718415248393585e-48,0.0,2.98296155055136e-67,1253.8682116009022,1.8396351773659618e-40,8.02634741343183e-48,7.078813874251396e-49,1.0574025859362874e-78,-3.7378368318475054e-64,4.337872494102849e-64,3.714982449777813e-29,0.0003158434957488056,2000000.0,34275967.4472941
1.1246337465308202e-05,0.00011330254675634244,-133.04431259648695,702.6826960243638,0.0,5.0627347427211475e-28,3842.327742981605,2.468950879698269e-47,0.0,2.9130976004223987e-67,1280.775914327202,5.8285678575392725e-40,9.707074707859216e-46,2.869076463400707e-48,5.245355548126863e-76,6.742222511107011e-63,9.60707197236789e-62,8.47648253225007e-29,0.00031984537411806224,2000000.0,35522147.0548225
1.1252355715869661e-05,0.00011250616625600569,-131.58908611791466,709.4979983796022,0.0,1.1543581269638444e-27,3924.5010000553907,8.977492486403097e-47,0.0,3.0978668993053694e-67,1308.1670000184638,1.8293446864374087e-39,1.2897077446235862e-43,1.1460715985625577e-47,-3.5832682853868326e-74,-2.856129997990501e-60,-8.986054195896834e-60,1.9208649576306123e-28,0.00032388532647855355,2000000.0,36815913.815728866
1.125837396643112e-05,0.00011171894238275373,-130.0003233588977,716.3764584229712,0.0,2.6140625934013826e-27,4008.048563159768,3.227659748626476e-46,0.0,3.982754353999175e-67,1336.016187719923,5.6851546519940945e-39,2.72918113401231e-57,6.072593379131169e-47,2.2546213740764828e-54,9.40883086752199e-41,9.219784975009925e-41,4.319795332673571e-28,0.0003279609936769274,2000000.0,38157778.387438916
1.126439221699258e-05,0.00011094169741934366,-128.27184162968348,723.3105900392767,0.0,5.8746615661347946e-27,4092.8799183756696,1.1461017265855044e-45,0.0,4.9692892070039586e-67,1364.2933061252234,1.7478315375408057e-38,2.7467975623907386e-40,1.5979985458308181e-46,0.0,0.0,0.0,9.63292873188023e-28,0.00033206958638248255,2000000.0,39547986.56542323
1.1270410467554039e-05,0.00011017529065128549,-126.39753733715149,730.2918975080106,0.0,1.309168456414452e-26,4178.888729033497,4.014337261033524e-45,0.0,1.2023826251320813e-64,1392.9629096778326,5.310018588119056e-38,2.4655254075778786e-53,5.951305565561216e-44,6.299082158253026e-51,2.6645806051692708e-37,2.6051697974300953e-37,2.128171155883184e-27,0.0003362078342177301,2000000.0,40986470.894188635
1.12764287181155e-05,0.00010942061769161096,-124.37145368532619,737.3108102969852,0.0,2.890622941501946e-26,4265.951717642026,1.3850852736445383e-44,0.0,0.0,1421.9839058806756,1.5922948431968395e-37,7.662366592098307e-37,0.0,0.0,0.0,0.0,4.653850387468124e-27,0.00034037193132337954,2000000.0,42472798.020099096
1.1282446968676958e-05,0.00010867860937115233,-122.18785739994348,744.3566215003154,0.0,6.318171345150527e-26,4353.927610874669,4.701084192687242e-44,0.0,4.170185437350583e-61,1451.30920362489,4.707009999611606e-37,-4.686981312398534e-50,2.8928505123492316e-40,2.240427595361128e-47,9.593836020337916e-34,9.3582608670891e-34,1.006377933100709e-26,0.0003445574788079599,2000000.0,44006112.14441847
1.1288465219238417e-05,0.0001079502301396542,-119.84132455999679,751.417431891623,0.0,1.3658409921122762e-25,4442.656181842896,1.5672484502821865e-43,0.0,2.5896522129274585e-60,1480.8853939476323,1.3699312958641618e-36,-1.1712237981024393e-50,8.059022214121698e-40,6.782050191751629e-47,2.455722476804349e-33,2.67174033815204e-33,2.1499017473611356e-26,0.0003487594247831115,2000000.0,45585075.17772828
1.129272427711965e-05,0.00010744354069516768,-118.0794926582288,756.4162465555216,0.0,2.3356355147141682e-25,4505.805980434562,3.5867277508343317e-43,0.0,4.597249793194691e-60,1501.935326811521,2.865361055067542e-36,1.1086805984341527e-49,1.4991652496848692e-39,1.1574208873977468e-46,4.429026988276445e-33,5.2044083943207975e-33,3.64620649700338e-26,0.0003517398959217345,2000000.0,46729072.51294408
1.1296983335000882e-05,0.0001069445370842279,-116.23190257495622,761.4109761635763,0.0,3.970050470042325e-25,4569.173056644492,8.165528248903619e-43,0.0,6.7989489280675e-60,1523.0576855481645,5.9555143670015515e-36,6.022888113041626e-51,2.279102223939189e-39,1.6648280043380278e-46,6.395414886165891e-33,8.351570845338486e-33,6.14510133446539e-26,0.0003547234322367314,2000000.0,47894153.26012145
1.1301242392882114e-05,0.00010645358774707194,-114.29707086056085,766.3962528744856,0.0,6.708715587421903e-25,4632.682251088915,1.8482594358278757e-42,0.0,7.241147062312801e-60,1544.2274170296387,1.2302721213528834e-35,3.7979955404646827e-34,2.537028327915348e-39,1.8104182283022834e-46,6.30905808610686e-33,1.025588254132991e-32,1.0284919753247182e-25,0.0003577075524230097,2000000.0,49079305.27497079
1.1305501450763346e-05,0.00010597106711267893,-112.27368062118916,771.3663802806309,0.0,1.1262953376722008e-24,4696.253147252441,4.145340389294487e-42,0.0,-8.534297613733244e-76,1565.4177157508136,2.520471217556195e-35,9.641535528300801e-32,5.037760125741033e-55,-7.5068475689605375e-62,-8.451958978574447e-48,-6.338969233930835e-48,1.7079717155617235e-25,0.0003606895596060864,2000000.0,50283341.59255851
1.130976050864458e-05,0.00010549735484010277,-110.16060263748786,776.3153328460818,0.0,1.8773408416639513e-24,4759.8000608623,9.193047975054196e-42,0.0,1.1763698990979893e-73,1586.6000202874336,5.112459069979346e-35,2.557364906505908e-29,-4.90169098496214e-53,-1.0347459060991354e-59,1.4862575396732817e-45,1.4562753991035037e-46,2.812954206372685e-25,0.00036366653157668936,2000000.0,51504889.822062925
1.131401956652581e-05,0.00010503283495712633,-107.95691719255285,781.2367580365428,0.0,3.1053368087078204e-24,4823.232072870186,2.012768388309265e-41,0.0,1.5370393293722663e-71,1607.7440242900623,1.0104646261559958e-34,7.149461647063326e-27,2.408091133127031e-49,-7.948639718229383e-57,4.017676133031938e-43,1.2597121260599664e-43,4.593015817112224e-25,0.00036663531184254455,2000000.0,52742382.22877316
1.1318278624407043e-05,0.00010457789491642308,-105.6619359890447,786.1239811451642,0.0,5.1218917807452065e-24,4886.453107671996,4.078482871507592e-41,0.0,2.5189163935872165e-68,1628.8177025573323,0.0,2.1042681940058484e-24,-4.1879924344252917e-47,3.0017390176357984e-55,1.283703462235585e-41,9.82893997361577e-41,7.43206862536685e-25,0.00036959250186172267,2000000.0,53994046.69963509
1.1322537682288276e-05,0.00010413292456888234,-103.27522393680123,790.9700130795711,0.0,8.4007374947569e-24,4949.362060677275,1.934045409377819e-40,0.0,1.511999199400589e-50,1649.7873535590918,2.8174601231045796e-32,-4.7821696689237396e-39,5.480176713385537e-29,1.3433036406965644e-36,9.499852247723024e-23,9.51032578806286e-23,1.1912522577763693e-24,0.00037253445472821607,2000000.0,55257898.86357153
1.132679674016951e-05,0.00010369831504379171,-100.79662070147388,795.7675615384227,0.0,5.9678221370064106e-24,5011.852980658035,2.7238032778463114e-39,0.0,4.6586999575616816e-49,1670.6176602193455,7.0264018845604e-31,9.68509921697996e-38,1.2737375396490361e-27,3.1958890901137006e-35,1.9597049071038024e-21,1.9447653627684495e-21,1.8909355485250758e-24,0.0003754572705820405,2000000.0,56531735.69532714
1.133105579805074e-05,0.0001032744575326301,-98.22626186286757,800.5090458959277,0.0,1.0921352271099366e-21,5073.815311248633,0.0,0.0,0.0,1691.2717704162112,1.6370464635138523e-30,-4.90241881472979e-39,2.9388988585516078e-27,0.0,3.375396305794401e-21,5.516827998056874e-21,2.9696704334353184e-24,0.0003783567940381807,2000000.0,57813130.93601078
1.1335314855931973e-05,0.00010286174198265951,-95.5645991766702,805.1866160159651,0.0,1.58957853125609e-21,5135.1341943085245,7.273297482626822e-39,0.0,5.257704560076928e-48,1711.7113981028417,1.965134724098463e-30,2.5569445898149657e-22,3.535747491298043e-27,9.456987781608737e-35,3.8048318559698136e-21,6.916402071759577e-21,4.6632367116623866e-24,0.0003812286140321728,2000000.0,59099432.654473916
1.1339573913813206e-05,0.00010246055570865377,-92.81241952987847,809.7921751364582,0.0,2.2882881658273706e-21,5195.690837005743,2.6275642886901926e-38,0.0,2.276173595609881e-48,1731.8969456685813,9.069953382887619e-30,0.0,1.3842199643443174e-26,3.214570869886365e-34,1.5408269185100325e-20,1.9878903927098126e-20,7.100703302421498e-24,0.0003840680664372195,2000000.0,60387763.27084331
1.1343832971694437e-05,0.00010207128192905781,-89.97086220600472,814.3174069919235,0.0,1.2167619805286487e-20,5255.3629441267285,0.0,0.0,0.0,1751.787648042243,0.0,3.161188633799005e-20,0.0,7.389220497393079e-50,0.0,1.2577713864195714e-20,1.0810512243957318e-23,0.00038687023979388504,2000000.0,61675022.37034824
1.134809202957567e-05,0.00010169429823272858,-87.04143407533667,818.7538073058977,0.0,0.0,5314.025216412431,2.0601848559487942e-36,0.0,3.2608273388309456e-46,1771.3417388041441,1.2789337438347673e-27,0.0,1.6374129731224376e-24,2.594203285769133e-32,1.6767385987677155e-18,1.6498986817200444e-18,1.67011416165279e-23,0.0003896299844738338,2000000.0,62957892.625865005
1.1352351087456903e-05,0.00010132997498521233,-84.02602229868111,823.0927196974739,0.0,1.3518925690930194e-18,5371.549914453629,0.0,0.0,0.0,1790.5166381512097,0.0,4.100289230302876e-18,0.0,0.0,0.0,8.556952837774052e-19,2.3306397100019366e-23,0.0003923419255754003,2000000.0,64232849.11632715
1.1356610145338134e-05,0.00010097867368665599,-80.92690411976707,827.3253759515552,0.0,0.0,5427.807486211274,2.7919983290482193e-34,0.0,4.325772068430462e-44,1809.269162070425,2.27651918678414e-25,1.0998414937736514e-32,2.591707942577892e-22,3.506034928769263e-30,2.2618089407213386e-16,2.2126519679663963e-16,1.10152123489007e-22,0.00039500047981016773,2000000.0,65496172.28203543
1.1360869203219367e-05,0.00010064074529525852,-77.74675333890046,831.442940520776,0.0,1.986212541858873e-16,5482.667254842724,0.0,0.0,0.0,1827.5557516142417,0.0,5.5179975134768145e-16,0.0,0.0,0.0,1.3065504946682574e-16,0.0,0.00039759987658178627,2000000.0,66743964.70202148
1.13651282611006e-05,0.00010031652853117085,-74.48864309777974,835.4365590439763,0.0,0.0,5535.998162175156,5.259679963324147e-32,0.0,5.99303700596166e-42,1845.332720725052,4.100725318438931e-23,-2.1537873933573756e-30,4.1889217576680184e-20,4.870984315067885e-28,3.1536462384106305e-14,3.0830092800470333e-14,1.1930406397706594e-20,0.00040013418338354935,2000000.0,67972171.81100619
1.1369387318981831e-05,0.00010000634817694049,-71.1560446501002,839.2974105680838,0.0,2.993230689713704e-14,5587.669561750098,0.0,0.0,0.0,1862.5565205833664,0.0,7.680810453017191e-14,0.0,0.0,0.0,2.051652203274269e-14,0.0,0.00040259733555347155,2000000.0,69176606.59089133
1.1373646376863064e-05,9.97105133920788e-05,-67.75282184449439,843.0167630523817,0.0,0.0,5637.552053873914,3.0163839931935904e-28,0.0,8.269307914615835e-40,1879.184017957973,7.453741488215341e-21,0.0,6.8991281233545664e-18,6.962141914510243e-26,4.534319215520549e-12,4.429960817434807e-12,1.914177806027242e-18,0.0004049831703264322,2000000.0,70352978.1747772
1.1377905434744297e-05,9.942931606055221e-05,-64.28322113158069,846.5860315513562,0.0,1.3527747284164276e-12,5685.5183536704335,6.685783562322869e-28,0.0,5.475413077355598e-37,1895.1727845568153,1.646955532981796e-20,0.0,1.5252373406628633e-17,1.9798330140399527e-25,8.472836679494484e-12,1.1034710226997551e-11,1.7232485294123135e-17,0.0004072854649814256,2000000.0,71496924.18728498
1.138216449262553e-05,9.916302919081182e-05,-60.75185689383478,849.9968387448766,0.0,4.316841703356444e-12,5731.4441818120895,0.0,0.0,8.780652568105767e-37,1910.4813939373691,1.9735564172571333e-20,2.230618407367594e-15,1.8297660579499774e-17,3.5326433168735114e-25,7.418124498848044e-12,1.5908501229946004e-11,6.880002922368402e-17,0.00040949797891334566,2000000.0,72604046.5634054
1.1386423550506761e-05,9.891190538821716e-05,-57.1636921386369,853.241076768204,0.0,7.14576585207039e-12,5775.209166479297,0.0,0.0,8.169928090048907e-37,1925.069722159772,1.817870756400361e-20,0.0,1.682181577606142e-17,5.246502027478588e-25,3.6220198131757854e-12,1.778313260489413e-11,1.5352064535884209e-16,0.00041161449908288074,2000000.0,73669950.41615008
1.1390682608387994e-05,9.867617541950614e-05,-53.52401461579626,856.3109695773172,0.0,8.436107695201445e-12,5816.697744190191,9.64435910882252e-28,0.0,7.653960505543543e-37,1938.8992480634033,1.6511718836399862e-20,7.059503189029602e-16,1.5266284992108466e-17,6.702349572537952e-25,1.3509223189145033e-12,1.8094785538729826e-11,2.289664830683757e-16,0.00041362888831665453,2000000.0,74690285.43749583
1.1394941666269227e-05,9.84560468885026e-05,-49.83840848877008,859.1991351409525,0.0,8.68006506041726e-12,5855.800046462871,4.0767830810105124e-27,0.0,9.70543534066692e-37,1951.9333488209636,1.6598184748258355e-20,1.6312349738632122e-15,1.5495958317774836e-17,5.845562143829754e-25,1.3660690359176024e-12,1.8590604590285953e-11,2.6394742965589054e-16,0.00041553513586302664,2000000.0,75660789.2175852
1.1399200724150458e-05,9.825170304142373e-05,-46.1127218415426,861.8986465955109,0.0,9.078498905842228e-12,5892.412758875242,6.319142936862055e-27,0.0,1.32356218708078e-36,1964.1375862917544,1.743524834788636e-20,0.0,1.6433733950152968e-17,4.226683217684889e-25,1.6740284202024173e-12,1.969034529127158e-11,2.7494890025044175e-16,0.000417327409433737,2000000.0,76577331.75784051
1.1403459782031691e-05,9.806330171888401e-05,-42.35303035602185,864.4030914491613,0.0,9.824618160029279e-12,5926.43993901603,9.126657373552413e-27,0.0,1.7222441244877457e-36,1975.479979672017,1.7796473218704102e-20,0.0,1.6787353989176728e-17,8.554346422121277e-25,1.1616429832912586e-12,2.0670953329425877e-11,2.973839863295654e-16,0.00041900010790031205,2000000.0,77435960.36759134
1.1407718839912924e-05,9.789097446983486e-05,-38.56559768885321,866.7066279331546,0.0,1.0408277750407759e-11,5957.793780126726,1.196195935660288e-26,0.0,2.2661780227111784e-36,1985.9312600422495,1.7586101161132034e-20,1.635726918279609e-16,1.6534104472187375e-17,1.4891356958070664e-24,3.779065378476505e-13,2.1056720262438985e-11,3.326116438324442e-16,0.0004205479136591571,2000000.0,78232944.0730256
1.1411977897794155e-05,9.77348258404823e-05,-34.75683303673664,868.8040377864686,0.0,1.0631123716578602e-11,5986.39530788719,9.144441996252895e-27,0.0,2.8953356951980416e-36,1995.4651026290708,1.7024819374344012e-20,1.7563431372890748e-15,1.616089991722783e-17,1.3765920245633115e-24,5.9059326914403744e-15,2.113025605509398e-11,3.554490514315533e-16,0.0004219658437407596,2000000.0,78964816.64660421
1.1416236955675388e-05,9.759493284873763e-05,-30.933246544420822,870.6907749368336,0.0,1.0626111046703395e-11,6012.174998789077,9.173741535242664e-27,0.0,3.343266422031537e-36,2004.0583329296996,1.705354922283091e-20,0.0,1.6242328843333665e-17,8.809569718063322e-25,1.0501592101207526e-13,2.121752077996121e-11,3.6285657271300923e-16,0.00042324929865741694,2000000.0,79628417.37055027
1.1420496013556621e-05,9.747134465210341e-05,-27.101403171439543,872.3630098363997,0.0,1.0629872038849404e-11,6035.073309837777,1.337044923709472e-26,0.0,3.838844090854802e-36,2011.6911032792664,1.697920077054173e-20,2.5411285877818306e-15,1.6340086653738285e-17,7.863126524745332e-25,2.606055414302335e-13,2.1379355582262318e-11,3.6692338824499973e-16,0.00042439410803779966,2000000.0,80220928.69338599
1.1424755071437852e-05,9.736408241417656e-05,-23.267875661744416,873.8176697364567,0.0,1.0731249698547494e-11,6055.041110883765,1.89645757316825e-26,0.0,4.518783452396258e-36,2018.3470369612628,1.7846982548852306e-20,0.0,1.6770609623240217e-17,1.1379107036283095e-24,2.308662523820435e-13,2.1552229608408853e-11,3.74688142168645e-16,0.00042539657211829044,2000000.0,80739910.03531715
1.1429014129319085e-05,9.727313937230393e-05,-19.439197212930583,875.0524762246918,0.0,1.0880596594633458e-11,6072.040012649095,1.7907177364039357e-26,0.0,5.238902384448761e-36,2024.0133375497062,1.7334364614205362e-20,7.297103351522729e-15,1.653857949063701e-17,1.3469776000477838e-24,6.199308745402748e-14,2.1682180400364743e-11,3.831426860089544e-16,0.00042625349822752133,2000000.0,81183327.17323025
1.1433273187200318e-05,9.7198481106726e-05,-15.621814257283521,876.0659835657932,0.0,1.0976306303955212e-11,6086.042585372195,1.697271984981314e-26,0.0,5.844039069022283e-36,2028.6808617907395,1.8804932791038294e-20,0.0,1.7159179583897518e-17,1.1963517559659006e-24,0.0,2.1789994475758277e-11,3.8941892797583757e-16,0.00042696223150194177,2000000.0,81549576.95135777
1.1436243689333105e-05,9.715601834439389e-05,-12.969413617841921,876.6415225924306,0.0,1.099694450915389e-11,6094.025924424491,2.0395165142922185e-26,0.0,6.240871012710935e-36,2031.3419748081712,2.1534095478019982e-20,0.0,1.8341537817825886e-17,1.1068675080417134e-24,2.910122912610654e-14,2.1840667135198305e-11,3.931905351786586e-16,0.0004273676819987718,2000000.0,81758708.87781753
1.1439214191465894e-05,9.712141921468245e-05,-10.327673471870765,877.1091957954399,0.0,1.1012619866738308e-11,6100.541164352947,2.22596822311204e-26,0.0,6.674325480667713e-36,2033.5137214509903,2.2474233376662313e-20,2.5503095893815464e-15,1.876053738297407e-17,1.0971212835128935e-24,3.9945234913392365e-14,2.1877055238225812e-11,3.963638520008852e-16,0.0004276994714894571,2000000.0,81929476.81703615
1.1441256651599417e-05,9.710217400225102e-05,-8.518511298141696,877.3683373129106,0.0,1.1029419408075661e-11,6104.169182451801,2.1765755679973e-26,0.0,6.98162008847251e-36,2034.723060817275,2.2105998896811573e-20,0.0,1.8609116760560723e-17,1.0857846633507048e-24,3.102448875195492e-14,2.1902883174623566e-11,3.979473615607317e-16,0.00042788465123452037,2000000.0,82024557.10813768
1.1443299111732941e-05,9.708661724759895e-05,-6.716001198858679,877.5768194832746,0.0,1.1043846472373318e-11,6107.103972497928,2.1226049593848027e-26,0.0,7.280108460671538e-36,2035.701324165984,2.18318990070592e-20,8.487582677849075e-16,1.8494816497279533e-17,1.0621391643038268e-24,1.9319595503866122e-14,2.192060059292314e-11,3.992848320114046e-16,0.0004280347189872394,2000000.0,82101416.80419822
1.144478696074152e-05,9.707759877560139e-05,-5.407495543197769,877.6969475453885,0.0,1.105020587481017e-11,6108.806173529602,2.1172433604201265e-26,0.0,7.491346610840988e-36,2036.268724509875,2.1805775710207157e-20,4.799692081598127e-17,1.848632064887026e-17,1.0473988382520746e-24,1.723355748789276e-14,2.1930960398946134e-11,4.0019429433320764e-16,0.0004281218956684212,2000000.0,82145942.19435972
1.1446274809750099e-05,9.707052413954033e-05,-4.103091983122086,877.7904755254546,0.0,1.1054773252717743e-11,6110.141925983693,2.1272076404388877e-26,0.0,7.699891096811187e-36,2036.7139753279055,2.1850436980222106e-20,0.0,1.8507633147332737e-17,1.036140223704061e-24,1.5941854284182184e-14,2.1938598500668226e-11,4.0096197333839743e-16,0.00042819039314486617,2000000.0,82180821.76978669
1.14473364262419e-05,9.706666106520181e-05,-3.1750036139754596,877.8410513694827,0.0,1.105799565919781e-11,6110.871472203539,2.1287619514113215e-26,0.0,7.8475669568311e-36,2036.9571574011877,2.185970155351945e-20,2.452190333291135e-16,1.851249246008825e-17,1.0274769038210962e-24,1.4022863491794498e-14,2.1943131433310672e-11,4.013881409165691e-16,0.00042822784579936516,2000000.0,82199826.5566944
1.1448398042733701e-05,9.706378205822893e-05,-2.2492016064485134,877.8782748859072,0.0,1.1060888068650885e-11,6111.415251655889,2.1278087524997495e-26,0.0,7.993839500218494e-36,2037.1384172186372,2.1861222135246482e-20,0.0,1.851370792439511e-17,1.018114279061089e-24,1.2544135719228566e-14,2.1947461258216038e-11,4.0174257128546554e-16,0.00042825578691012414,2000000.0,82213947.40107633
1.1449115418821852e-05,9.706239251732543e-05,-1.6249340219826056,877.895934194343,0.0,1.1062399196306844e-11,6111.677727661971,2.128950183715131e-26,0.0,8.09170096965565e-36,2037.225909220665,2.1870529721728455e-20,6.214262002941169e-17,1.8517930195950876e-17,1.0120153223936675e-24,1.1640142097949704e-14,2.19495694715822e-11,4.0195590639652364e-16,0.00042826928407093713,2000000.0,82220733.59044768
1.1449832794910003e-05,9.706145041754869e-05,-1.0017669183781484,877.9076216575995,0.0,1.1063642362445957e-11,6111.855693252372,2.1300299803258044e-26,0.0,8.18885491208166e-36,2037.2852310841315,2.1877022654457417e-20,0.0,1.8520876526014514e-17,1.0060398794782178e-24,1.0883880334464505e-14,2.1951286275072403e-11,4.021422763155576e-16,0.00042827844097104986,2000000.0,82225306.7946107
1.1450263201313894e-05,9.706109961080037e-05,-0.6284191840435744,877.9118099624012,0.0,1.1064313616556525e-11,6111.921963508318,2.1301814906047057e-26,0.0,8.246842256362501e-36,2037.307321169447,2.1878229435993865e-20,0.0,1.8521418658772354e-17,1.0024033140157553e-24,1.0356290335696882e-14,2.195209950454307e-11,4.022380660630876e-16,0.00042828185246732153,2000000.0,82226993.61757511
1.1450564653937526e-05,9.706094955419379e-05,-0.36717081015149394,877.9135096536776,0.0,1.1064738283490422e-11,6111.950310717727,2.1301745551921371e-26,0.0,8.287308859808605e-36,2037.31677023925,2.1878342441643262e-20,1.2841513107045128e-17,1.8521456760525463e-17,9.998475671709199e-25,9.977695352302641e-15,2.1952569811091448e-11,4.0229899774293404e-16,0.0004282833121917619,2000000.0,82227706.09426293
1.1450773714217192e-05,9.70608917214563e-05,-0.1861088170589804,877.9141098642568,0.0,1.1065007591049559e-11,6111.961235953077,2.1301812613547924e-26,0.0,8.315299215413563e-36,2037.3204119843667,2.1878447114505324e-20,0.0,1.852148542560319e-17,9.980791167229835e-25,9.748296976552921e-15,2.1952878734426582e-11,4.023384681589909e-16,0.00042828387490185984,2000000.0,82227975.27118862
1.1450919545728154e-05,9.706087378676622e-05,-0.05986331487158499,877.9142626611214,0.0,1.1065184200044425e-11,6111.9646240170805,2.1301895500557583e-26,0.0,8.334789038718338e-36,2037.3215413390346,2.1878535872430467e-20,6.360508424308226e-18,1.8521503643075732e-17,9.968465952579409e-25,9.577894426540508e-15,2.1953061483034686e-11,4.023645941319216e-16,0.0004282840494316161,2000000.0,82228055.45440635
1.145093630326906e-05,9.706087290513084e-05,-0.04535930857888108,877.9142666998353,0.0,1.1065203921458864e-11,6111.964790567951,2.1301900064880927e-26,0.0,8.33702678192038e-36,2037.3215968559916,2.187854356584657e-20,3.675709834484006e-18,1.852150471441151e-17,9.967049525940611e-25,9.561140650624781e-15,2.1953084172782742e-11,4.0236752187193115e-16,0.0004282840580118402,2000000.0,82228059.05311926
1.1450953060809968e-05,9.706087226654152e-05,-0.030855956186696187,877.9142672641067,0.0,1.1065223521258576e-11,6111.964911204682,2.1301906319230207e-26,0.0,8.339264143357908e-36,2037.321637068235,2.1878552110612098e-20,1.986034954211327e-18,1.8521505934397546e-17,9.965633292495906e-25,9.54344326551306e-15,2.195310567705855e-11,4.0237043449236065e-16,0.0004282840642267854,2000000.0,82228061.42657223
1.1450969818350875e-05,9.706087187098731e-05,-0.016353256705875268,877.9142643705549,0.0,1.106524300113573e-11,6111.964985929339,2.1301912074028906e-26,0.0,8.341501123331799e-36,2037.3216619764542,2.187855996899801e-20,1.1220016890538624e-18,1.8521506676996683e-17,9.964217141911768e-25,9.524963167635692e-15,2.1953126160145405e-11,4.023733319880312e-16,0.00042828406807649173,2000000.0,82228062.57644622
1.1451014334799865e-05,9.706087200047605e-05,0.022170015748093377,877.9142397502361,0.0,1.1065294166948147e-11,6111.964961467453,2.1301920726077396e-26,0.0,8.347441813194796e-36,2037.321653822492,2.18785748097125e-20,1.6990961236469551e-18,1.8521505358834337e-17,9.960455305395326e-25,9.473239261599823e-15,2.1953176783532564e-11,4.023809557752966e-16,0.00042828406681616715,2000000.0,82228059.6749591
1.1451058851248855e-05,9.706087384478207e-05,0.0606886629432929,877.9141906149249,0.0,1.1065344476287407e-11,6111.964613057232,2.130192260185303e-26,0.0,8.353379809858987e-36,2037.3215376857518,2.1878584095401e-20,3.064010630526289e-18,1.852150109957212e-17,9.956693733263329e-25,9.421063741245492e-15,2.195322525192993e-11,4.0238847285974626e-16,0.00042828404886539,2000000.0,82228048.12852396
1.1451103367697845e-05,9.706087740369421e-05,0.09920250339139178,877.9141147668616,0.0,1.1065393917839267e-11,6111.963940738634,2.1301926843140263e-26,0.0,8.359315112588303e-36,2037.3213135795525,2.1878595508327047e-20,2.2206545559899936e-18,1.8521497558692523e-17,9.95293273766634e-25,9.371341660206477e-15,2.1953274448003975e-11,4.023958830864239e-16,0.0004282840142249766,2000000.0,82228027.72085938
1.1451147884146836e-05,9.706088267699505e-05,0.137711368444041,877.9140101702252,0.0,1.1065442496470446e-11,6111.962944552882,2.1301935151112738e-26,0.0,8.365247720449284e-36,2037.3209815176351,2.187860987782837e-20,4.41913146156053e-19,1.8521494898027034e-17,9.949172440521894e-25,9.322759995334516e-15,2.1953323068553202e-11,4.024031863144935e-16,0.0004282839628958114,2000000.0,82227998.25170362
1.1451192400595826e-05,9.706088966446252e-05,0.17621521513337568,877.9138763668018,0.0,1.1065490220976098e-11,6111.961624542134,2.13019439698604e-26,0.0,8.37117763226005e-36,2037.3205415140524,2.187862396137115e-20,0.0,1.8521491473958446e-17,9.945412751236232e-25,9.273400123355008e-15,2.195336921246958e-11,4.0241038243926697e-16,0.00042828389487883104,2000000.0,82227959.67662048
1.1451236917044815e-05,9.706089836587374e-05,0.2147140841611645,877.9137139483191,0.0,1.1065537092165163e-11,6111.959980748777,2.1301953146550525e-26,0.0,8.377104846750349e-36,2037.3199935829332,2.1878637810425296e-20,3.617192365793751e-20,1.8521487386324247e-17,9.941653636889578e-25,9.223799444293997e-15,2.1953413418681818e-11,4.0241747136929894e-16,0.00042828381017497627,2000000.0,82227912.05487302
1.1451281433493805e-05,9.706090878100769e-05,0.2532080249107451,877.9135236150878,0.0,1.1065583112778344e-11,6111.9580132149085,2.1301958657274976e-26,0.0,8.383029362782658e-36,2037.3193377383107,2.187864853809549e-20,2.2836197404958456e-19,1.8521481439988217e-17,9.937894947820201e-25,9.174119768717255e-15,2.195345585445305e-11,4.024244530070185e-16,0.00042828370878517606,2000000.0,82227855.4564445
1.1451349963917225e-05,9.706092816372559e-05,0.3124575574894698,877.913176671264,0.0,1.1065652292923368e-11,6111.95435160761,2.1301966123522578e-26,0.0,8.392144525387107e-36,2037.3181172025445,2.1878663719365894e-20,1.6913286508951326e-19,1.8521470794537564e-17,9.932109712468283e-25,9.098391060127499e-15,2.1953518619287174e-11,4.0243499084616164e-16,0.00042828352008845,2000000.0,82227750.84395461
1.1451418494340645e-05,9.706095160644174e-05,0.37169549857090994,877.9127651580827,0.0,1.1065719458232548e-11,6111.949923026167,2.1301970653959712e-26,0.0,8.40125328628028e-36,2037.3166410087304,2.1878675965986678e-20,2.8147658844446435e-20,1.852145774884616e-17,9.926325702410832e-25,9.023318523780101e-15,2.1953578033663323e-11,4.024452738508759e-16,0.0004282832918536597,2000000.0,82227625.11930187
1.1451487024764063e-05,9.70609791083625e-05,0.43092187440564933,877.9122896962804,0.0,1.1065784614033169e-11,6111.94472762273,2.1301971841226788e-26,0.0,8.410355641487262e-36,2037.3149092075846,2.1878684945081606e-20,0.0,1.8521442144961772e-17,9.920542919343128e-25,8.948772791720169e-15,2.1953633978867968e-11,4.02455301779433e-16,0.00042828302408414614,2000000.0,82227478.34678496
1.1451555555187484e-05,9.706101066869572e-05,0.4901366972281218,877.9117507300489,0.0,1.1065847765427827e-11,6111.938765549551,2.1301969989921986e-26,0.0,8.419451587052654e-36,2037.3129218498582,2.187869090147089e-20,4.7033538662732294e-21,1.8521424095424743e-17,9.914761385698752e-25,8.874809806326967e-15,2.195368652104258e-11,4.024650744275528e-16,0.0004282827167832662,2000000.0,82227310.57328075
1.1451624085610902e-05,9.706104628664997e-05,0.5493399732306282,877.9111486272107,0.0,1.1065908917510511e-11,6111.932036959128,2.130196533742208e-26,0.0,8.428541119054849e-36,2037.310678986384,2.187869402009338e-20,8.492373591788346e-21,1.8521403683061165e-17,9.908981122981453e-25,8.801454923915209e-15,2.195373569572489e-11,4.024745916211209e-16,0.00042828236995439653,2000000.0,82227121.83814022
1.145173928664957e-05,9.706111530251413e-05,0.648835869685497,877.9099950394232,0.0,1.1066007224689995e-11,6111.918999195139,2.1301951462902e-26,0.0,8.443806344446944e-36,2037.306333065054,2.1878693056648295e-20,6.873965337175816e-21,1.852136412686438e-17,9.899267293742749e-25,8.679511817014963e-15,2.1953810797756093e-11,4.024900141701192e-16,0.0004282816978640909,2000000.0,82226757.42573322
1.1451854487688239e-05,9.706119577852917e-05,0.7482991340818615,877.9086651954367,0.0,1.1066099921805156e-11,6111.903796544681,2.1301930113297735e-26,0.0,8.459053417028035e-36,2037.3012655149016,2.187868439530419e-20,1.4621745161901849e-21,1.852131803240264e-17,9.88955717410189e-25,8.559258564489898e-15,2.1953876434547635e-11,4.0250471384316804e-16,0.00042828091410041386,2000000.0,82226334.01553412
1.1451969688726908e-05,9.706128771093442e-05,0.8477297423005017,877.907160162774,0.0,1.106618703334425e-11,6111.886429739715,2.1301901280494504e-26,0.0,8.474282318801626e-36,2037.2954765799127,2.1878668029239566e-20,0.0,1.8521265397210892e-17,9.879850827866484e-25,8.440665901861136e-15,2.1953932625787987e-11,4.0251869019463883e-16,0.0004282800186799059,2000000.0,82225851.72770722
1.145216100471706e-05,9.7061465685317e-05,1.0127832914343506,877.904275909828,0.0,1.1066319425192133e-11,6111.852809068171,2.1301836779529768e-26,0.0,8.49953297757187e-36,2037.2842696893981,2.1878623769533633e-20,5.165821021751167e-22,1.8521163514244244e-17,9.863739865468705e-25,8.247330498995369e-15,2.1954005149020233e-11,4.025403021167146e-16,0.00042827828499968047,2000000.0,82224920.96492377
1.1452352320707212e-05,9.706167522843578e-05,1.1777464195582248,877.9009140357517,0.0,1.1066436587585137e-11,6111.813225145948,2.1301751491494363e-26,0.0,8.524733392932775e-36,2037.2710750486572,2.18785581612432e-20,2.7884652811777796e-22,1.8521043561292913e-17,9.847639764650418e-25,8.058421151642208e-15,2.1954051818528198e-11,4.0255991761317757e-16,0.00042827624349799103,2000000.0,82223828.47732517
1.1452543636697365e-05,9.706191632296772e-05,1.3426188374072827,877.8970771377064,0.0,1.1066538627319917e-11,6111.767681399919,2.1301645415817107e-26,0.0,8.549883486469564e-36,2037.2558937999806,2.1878471206862965e-20,0.0,1.8520905545274842e-17,9.831550806355887e-25,7.873837086052495e-15,2.1954072747026246e-11,4.025775366151904e-16,0.0004282738942551907,2000000.0,82222574.59200639
1.1452734952687518e-05,9.706218895152847e-05,1.5074002167690268,877.8927673048648,0.0,1.1066625649105596e-11,6111.716181291655,2.1301518584530873e-26,0.0,8.574983181443708e-36,2037.238727097226,2.1878362928207865e-20,0.0,1.852074948106765e-17,9.815473267296396e-25,7.693479959523648e-15,2.1954068045484757e-11,4.025931596823161e-16,0.0004282712373538518,2000000.0,82221159.5872537
1.145292626867767e-05,9.706249309666673e-05,1.6720902050855568,877.887986303291,0.0,1.1066697755334231e-11,6111.658728318452,2.1301370998417684e-26,0.0,8.600032402710428e-36,2037.2195761061585,2.1878233327351947e-20,2.990183169021313e-22,1.8520575375355985e-17,9.799407417738018e-25,7.517253119411546e-15,2.1954037821929916e-11,4.02606787882767e-16,0.00042826827287875316,2000000.0,82219583.71082093
1.1453216491851124e-05,9.706301460918977e-05,1.9217468766610395,877.8798375571398,0.0,1.106677888685201e-11,6111.56021635328,2.1301107502261705e-26,0.0,8.637935130225878e-36,2037.1867387844345,2.1877996051354225e-20,1.396734421883957e-22,1.8520276845150433e-17,9.775058701675164e-25,7.257597371077918e-15,2.1953943487013475e-11,4.0262365660835807e-16,0.0004282631888221122,2000000.0,82216886.5206502
1.1453506715024576e-05,9.706360854706122e-05,2.1711910561904615,877.8706128777445,0.0,1.1066826264105436e-11,6111.448026061503,2.1300796291225087e-26,0.0,8.675721285939761e-36,2037.1493420205086,2.1877709790240268e-20,0.0,1.851993686905851e-17,9.75073840593343e-25,7.006914598186607e-15,2.195379102742486e-11,4.026359447707892e-16,0.000428257397478569,2000000.0,82213820.38909987
1.145379693819803e-05,9.706427484841306e-05,2.4204213625342352,877.8603163336089,0.0,1.1066840218232927e-11,6111.322170133507,2.1300437406410123e-26,0.0,8.713390626877666e-36,2037.10739004451,2.187737457962476e-20,4.8694053897950865e-23,1.8519555483371676e-17,9.726447416584828e-25,6.76489663618985e-15,2.1953580796903147e-11,4.0264366055534566e-16,0.00042825089917302106,2000000.0,82210385.99227811
1.1454087161371483e-05,9.706501345097099e-05,2.6694363827095855,877.8489515115931,0.0,1.1066821070486048e-11,6111.182661457435,2.130003088796874e-26,0.0,8.75094291757963e-36,2037.060887152486,2.1876990451649613e-20,2.270806841689539e-23,1.8519132723033065e-17,9.702186596834871e-25,6.531245646126118e-15,2.1953313139735752e-11,4.0264681342350854e-16,0.0004282436942423009,2000000.0,82206583.96612646
1.1454547266605714e-05,9.706633241054551e-05,3.063767564971965,877.8287528194721,0.0,1.106672363646366e-11,6110.933544390063,2.1299288898378903e-26,0.0,8.810236000051358e-36,2036.9778481300286,2.1876281323692223e-20,0.0,1.851837780456101e-17,9.663788592938641e-25,6.1772730725314205e-15,2.195277193874894e-11,4.026424869651105e-16,0.0004282308246493005,2000000.0,82199804.50706413
1.1455007371839946e-05,9.706783267754924e-05,3.45754825750121,877.805888740491,0.0,1.1066544977090927e-11,6110.650199537089,2.1298427456895261e-26,0.0,8.869233453153406e-36,2036.8833998457042,2.1875449526019085e-20,1.570095590215126e-23,1.851751916032727e-17,9.625471765454993e-25,5.842514860286968e-15,2.1952088529721032e-11,4.02626765401805e-16,0.00042821618140353226,2000000.0,82192104.92275943
1.1455467477074178e-05,9.706951399734852e-05,3.8507726171687113,877.7803696538072,0.0,1.1066286227355005e-11,6110.332681334143,2.1297446721741412e-26,0.0,8.927934448999102e-36,2036.7775604447222,2.1874495242127564e-20,6.318745144367863e-24,1.851655696077501e-17,9.587239227770912e-25,5.52593465455501e-15,2.195126414470105e-11,4.0259969914512414e-16,0.00042819976603287134,2000000.0,82183487.47495188
1.1455927582308409e-05,9.707137611261485e-05,4.243434767408329,877.7522050165193,0.0,1.1065948469855232e-11,6109.981045477345,2.1296346857584178e-26,0.0,8.986338202549268e-36,2036.6603484924563,2.1873418650802773e-20,0.0,1.8515491375531104e-17,9.549093970391279e-25,5.22655054813162e-15,2.1950299965377536e-11,4.0256134172897226e-16,0.00042818158014129365,2000000.0,82173954.38075471
1.145638768754264e-05,9.707341876331872e-05,4.635528811505382,877.7214035306247,0.0,1.1065532737712373e-11,6109.595348920326,2.1295128041163198e-26,0.0,9.044443970425174e-36,2036.5317829734497,2.187221992902064e-20,1.520661273055189e-24,1.8514322574605857e-17,9.511038866519178e-25,4.943432547197882e-15,2.1949197126361362e-11,4.025117490211522e-16,0.00042816162540877504,2000000.0,82163507.8289285
1.1457079810259078e-05,9.70768309311601e-05,5.2242612732011295,877.6701210322067,0.0,1.106476265082636e-11,6108.951130361818,2.1293070958172667e-26,0.0,9.131287954867854e-36,2036.3170434539472,2.1870187095578876e-20,5.112370176909355e-24,1.851237035657571e-17,9.453969549420701e-25,4.546261334499653e-15,2.1947279370533638e-11,4.0241611280621367e-16,0.00042812828027784716,2000000.0,82146077.65322278
1.1457771932975517e-05,9.708065011885431e-05,5.811674843672283,877.612916639066,0.0,1.1063821506078901e-11,6108.230173720941,2.129074574957768e-26,0.0,9.217453842475312e-36,2036.076724573655,2.18678789752715e-20,3.9827170721172844e-24,1.8510185592749593e-17,9.39711939567734e-25,4.181119935605845e-15,2.1945053835136542e-11,4.0229538337874297e-16,0.00042809094285261494,2000000.0,82126592.90686494
1.1458957166305636e-05,9.708813297993402e-05,6.814477512800316,877.5012742678771,0.0,1.1061820942282813e-11,6106.81794607536,2.128614306096194e-26,0.0,9.363428972887135e-36,2035.6059820251278,2.186328901963948e-20,2.461047436996366e-23,1.850590602161043e-17,9.300298663118133e-25,3.622924907157162e-15,2.1940537346717226e-11,4.0203094495099786e-16,0.00042801775129917906,2000000.0,82088476.16938409
1.1459819435268748e-05,9.709432249251605e-05,7.541502689895506,877.4092562242242,0.0,1.1060063486309933e-11,6105.650138852809,2.1282303626993647e-26,0.0,9.468368897028023e-36,2035.216712950944,2.185944578610865e-20,0.0,1.8502367135724564e-17,9.23030231942159e-25,3.2644967504076942e-15,2.1936699389786014e-11,4.017932795943316e-16,0.000427957179827413,2000000.0,82056996.13405086
1.146068170423186e-05,9.710113796429396e-05,8.266359904671088,877.3081953274619,0.0,1.1058057013228279e-11,6104.3645731108245,2.1278052268024493e-26,0.0,9.57224555272808e-36,2034.7881910369492,2.1855179671461806e-20,0.0,1.849847139954216e-17,9.16069358589416e-25,2.9417401059799612e-15,2.1932402610966208e-11,4.0151791375189864e-16,0.0004278904565055674,2000000.0,82022375.34438397
1.1461543973194972e-05,9.710857750986033e-05,8.989011965673651,877.1981358854301,0.0,1.1055805894190968e-11,6102.961703648259,2.1273390414996065e-26,0.0,9.67505641918158e-36,2034.3205678827608,2.1850492167598515e-20,2.018051107334266e-24,1.8494220190196873e-17,9.091485226802095e-25,2.6511071698293973e-15,2.192765219157692e-11,4.0120523792628296e-16,0.0004278175972640328,2000000.0,81984629.83671229
1.1462406242158085e-05,9.711663921195973e-05,9.709422169077238,877.0791218339233,0.0,1.1053314175704311e-11,6101.441999850261,2.1268319548520256e-26,0.0,9.77679936826799e-36,2033.8139999500947,2.1845384821240912e-20,0.0,1.8489614929352256e-17,9.022689087260636e-25,2.3894010477478103e-15,2.192245301409749e-11,4.008556386214933e-16,0.00042773861893194746,2000000.0,81943776.13780858
1.1463268511121197e-05,9.712532112187933e-05,10.4275543446884,876.9511972583068,0.0,1.1050585615403359e-11,6099.805945495859,2.1262841214273633e-26,0.0,9.877472648856982e-36,2033.2686484986275,2.1839859235790694e-20,1.5606035026452654e-25,1.8484657083189693e-17,8.954316159336096e-25,2.1537402620340283e-15,2.191680969822837e-11,4.004694969374521e-16,0.0004276535392284133,2000000.0,81899831.30796549
1.1464130780084308e-05,9.713462125992918e-05,11.143372869855792,876.8144065031203,0.0,1.1047623712126547e-11,6098.0540385456125,2.1256957018932628e-26,0.0,9.97707487311774e-36,2032.6846795152119,2.1833917069123354e-20,2.9161047489801885e-25,1.847934816113798e-17,8.886376637383915e-25,1.9415281481537513e-15,2.191072663044602e-11,4.0004718977228985e-16,0.0004275623767525387,2000000.0,81852812.94290073
1.1464993049047421e-05,9.714453761594938e-05,11.856842671347396,876.6687941306129,0.0,1.104443173219529e-11,6096.18679092131,2.1250668619704443e-26,0.0,1.0075605004001155e-35,2032.0622636404444,2.1827560030878256e-20,0.0,1.8473689714605747e-17,8.818879966864144e-25,1.7504257648842592e-15,2.1904207989482333e-11,3.9958909152048213e-16,0.0004274651509729672,2000000.0,81802739.16049728
1.1466575980392823e-05,9.716433896612475e-05,13.160384323841727,876.3786703864671,0.0,1.10379831754847e-11,6092.4604814953045,2.1238078141127943e-26,0.0,1.0253691420665399e-35,2030.8201604984426,2.181481596119732e-20,0.0,1.8462397628128503e-17,8.696152689843787e-25,1.4476677314425236e-15,2.189112067642006e-11,3.986562035250101e-16,0.0004272709522987687,2000000.0,81702924.3835519
1.1468158911738224e-05,9.718619723991995e-05,14.45568626025422,876.0592502456662,0.0,1.103078683794189e-11,6088.350616399349,2.1224142247543386e-26,0.0,1.0428161160120424e-35,2029.4502054664574,2.1800691055166192e-20,0.0,1.8449943227095646e-17,8.574995417470766e-25,1.1977865131941092e-15,2.187660222293586e-11,3.976062440420816e-16,0.00042705652208562716,2000000.0,81592995.70446165
1.1469741843083624e-05,9.72100992334868e-05,15.7425467100989,875.7108209049717,0.0,1.1022858357240629e-11,6083.860714423759,2.1208872500155635e-26,0.0,1.0599016233419352e-35,2027.9535714745941,2.1785197218899556e-20,0.0,1.8436337173959835e-17,8.455449867420173e-25,9.915179488108166e-16,2.1860674536740407e-11,3.964414990530332e-16,0.0004268220028989783,2000000.0,81473078.85001133
1.1471324774429026e-05,9.723603142874624e-05,17.020770736491116,875.3336762744694,0.0,1.101421200078117e-11,6078.994438318915,2.1192281023742868e-26,0.0,1.076626194256575e-35,2026.331479439646,2.1768346911458827e-20,4.9397965858904905e-28,1.8421590568141534e-17,8.337551745588931e-25,8.212293792470527e-16,2.1843358412091082e-11,3.95164261168377e-16,0.0004265675464580755,2000000.0,81343305.26761445
1.1472907705774427e-05,9.726398000487599e-05,18.290170336463657,874.9281173367258,0.0,1.1004860965710564e-11,6073.755589670973,2.1174380486729383e-26,0.0,1.0929906682562016e-35,2024.5851965569987,2.1750153127102277e-20,5.977912646601577e-29,1.8405714930173346e-17,8.221331376900107e-25,6.80610162552687e-16,2.1824673820531937e-11,3.9377684319542323e-16,0.00042629331336443987,2000000.0,81203811.94115333
1.1474490637119829e-05,9.729393084926355e-05,19.5505644983718,874.4944521660353,0.0,1.0994817595699948e-11,6068.148103804473,2.1155184079137038e-26,0.0,1.1089961771373512e-35,2022.7160346014987,2.173062937685595e-20,0.0,1.8388722185776395e-17,8.106814194262246e-25,5.644454019047159e-16,2.1804640118352144e-11,3.9228158782007577e-16,0.0004259994728352106,2000000.0,81054741.17042676
1.1477336849505222e-05,9.735277520316976e-05,21.7936311085538,873.6449995932807,0.0,1.0975054345844418e-11,6057.1511764588595,2.1117451786051246e-26,0.0,1.1368767538380802e-35,2019.050392152961,2.1692223738477907e-20,0.0,1.8355397451510274e-17,7.905253942556453e-25,4.0369366696606047e-16,2.176528465421967e-11,3.893293617860942e-16,0.00042542237542264144,2000000.0,80763082.20508716
1.1480183061890616e-05,9.74179604573552e-05,24.006070757375653,872.7075895376939,0.0,1.095315413725807e-11,6045.000250725601,2.1075657949327337e-26,0.0,1.1636117421728727e-35,2015.000083575208,2.1649649143923243e-20,0.0,1.8318575677457982e-17,7.709355437963837e-25,2.8912696324573495e-16,2.1721736242331095e-11,3.860503794722411e-16,0.0004247835615816315,2000000.0,80441833.73474573
1.1483029274276008e-05,9.748939815588485e-05,26.187003491540302,871.6841801358727,0.0,1.0929176947149136e-11,6031.721128610334,2.1029890827637376e-26,0.0,1.1892138981371304e-35,2010.5737095367858,2.1602995587846112e-20,1.7496171452411096e-30,1.8278335053077655e-17,7.519170525788417e-25,2.0750788269252072e-16,2.1674100836577358e-11,3.824592465330667e-16,0.0004240842072089984,2000000.0,80091937.1608346
1.1485875486661402e-05,9.756699744564953e-05,28.33562320676118,870.5767952297381,0.0,1.0903180900934398e-11,6017.340699155571,2.0980243061462118e-26,0.0,1.2136981844195312e-35,2005.7802330518646,2.1552357390064864e-20,1.4544264783431088e-30,1.8234757062031642e-17,7.334719451808787e-25,1.4942014549641572e-16,2.162248447594488e-11,3.785710390946483e-16,0.0004233255611720355,2000000.0,79714374.92561819
1.1487835477623872e-05,9.76239688196607e-05,29.796057763347367,869.7664742469744,0.0,1.0884135215940647e-11,6006.812050812313,2.094384798041932e-26,0.0,1.2299176357941437e-35,2002.2706836041118,2.1515220652174833e-20,1.2136942237717628e-31,1.8202851384454315e-17,7.211031522378146e-25,1.1953544382172646e-16,2.1584680852466446e-11,3.7572884346119186e-16,0.0004227693438509202,2000000.0,79438817.78954649
1.1489795468586344e-05,9.768378708509635e-05,31.240600785815413,868.918014124229,0.0,1.0864177992877786e-11,5995.783698013507,2.0905690972892712e-26,0.0,1.2456209875644755e-35,1998.5945660045102,2.147627397065823e-20,4.693925875030536e-32,1.816943141843906e-17,7.090050796011088e-25,9.582866828227754e-17,2.1545075419563697e-11,3.7275830582359384e-16,0.000422186079294599,2000000.0,79150964.88590452
1.1491755459548814e-05,9.774642090132787e-05,32.6690490418049,868.0321216633996,0.0,1.0843327852689852e-11,5984.265172066421,2.0865805353867302e-26,0.0,1.2608146110167534e-35,1994.755057355481,2.1435551182129172e-20,7.614597969726147e-32,1.8134526047355087e-17,6.971763411246436e-25,7.694480483757669e-17,2.150370378192807e-11,3.696646838083501e-16,0.0004215762269382266,2000000.0,78851163.65184829
1.1493715450511284e-05,9.781183853851769e-05,34.08121518584349,867.1095140302214,0.0,1.082160337804765e-11,5972.266172917841,2.082422513197198e-26,0.0,1.2755052115084288e-35,1990.7553909726212,2.1393086815893788e-20,6.501403055961206e-32,1.8098164665608088e-17,6.856150845870406e-25,6.187262966198846e-17,2.1460601806444633e-11,3.6645330002562207e-16,0.0004209402583232641,2000000.0,78539766.95416364
1.1495675441473754e-05,9.788000791166627e-05,35.476927531311894,866.1509177136763,0.0,1.0799023191769395e-11,5959.796553136327,2.0780984945722347e-26,0.0,1.2896997933832512e-35,1986.59885104545,2.1348916033339494e-20,9.021604199554003e-32,1.8060377130104296e-17,6.743190445697742e-25,4.983727537820726e-17,2.1415805672071424e-11,3.6312953192905525e-16,0.00042027865609360816,2000000.0,78217132.30603041
1.1497635432436224e-05,9.795089661451784e-05,36.85602979147623,865.1570674531097,0.0,1.0775606005985001e-11,5946.866302027083,2.0736119999494615e-26,0.0,1.3034056263139727e-35,1982.2887673423686,2.1303074567261848e-20,1.594804755279731e-30,1.802119371211343e-17,6.632855896891022e-25,4.022229360071233e-17,2.1369351890696273e-11,3.5969880067811704e-16,0.00041959191298433004,2000000.0,77883621.09258962
1.1499595423398694e-05,9.802447195043217e-05,38.21838080064734,864.1287052146163,0.0,1.0751370634979422e-11,5933.485530432494,2.0689666001745597e-26,0.0,1.3166302152369424e-35,1977.8285101441722,2.1255598663205082e-20,1.913146058457853e-30,1.798064505120807e-17,6.525117603150028e-25,3.252928127456026e-17,2.1321277292892264e-11,3.5616655887731136e-16,0.00041888053088719906,2000000.0,77539597.82472931
1.1502614884530883e-05,9.814299966532644e-05,40.28408039893408,862.4786555137655,0.0,1.0712477442165906e-11,5912.01379627787,2.0615075327688116e-26,0.0,1.3360794450438865e-35,1970.671265425964,2.1179346148582697e-20,2.465573631453687e-31,1.791557779678894e-17,6.36414622376873e-25,2.354312434416915e-17,2.1244130028480612e-11,3.5053895815534305e-16,0.0004177375760304389,2000000.0,76989889.9453609
1.150563434566307e-05,9.826770371762757e-05,42.309333414824636,860.7512345169016,0.0,1.067175685462673e-11,5889.534888504074,2.0536933159957213e-26,0.0,1.354433899826632e-35,1963.1782961680321,2.1099437811196614e-20,4.820167206601275e-31,1.784745843553427e-17,6.209127510209276e-25,1.711263656682202e-17,2.1163361043801126e-11,3.4470344811963933e-16,0.0004165392566474608,2000000.0,76417453.66528589
1.1508653806795257e-05,9.839846146541558e-05,44.29382387029872,858.9492231780762,0.0,1.0629278757053461e-11,5866.086978807065,2.045537507096875e-26,0.0,1.371723398928941e-35,1955.3623262690292,2.1016011404042536e-20,6.405778363473106e-31,1.7776402641726695e-17,6.0599177371873815e-25,1.250213038864977e-17,2.1079108240217643e-11,3.3867998238443076e-16,0.00041528750600563976,2000000.0,75823641.42584297
1.1511673267927446e-05,9.853514943434137e-05,46.23731144500567,857.0754156207763,0.0,1.0585113325997434e-11,5841.708518614841,2.037053780456421e-26,0.0,1.3879783501222808e-35,1947.2361728716207,2.0929205975927293e-20,1.435414913168953e-31,1.770252693734026e-17,5.916363076783911e-25,9.191119949654586e-18,2.0991510309077858e-11,3.3248834112312066e-16,0.0004139842840339812,2000000.0,75209803.8172306
1.1514692729059633e-05,9.867764355378107e-05,48.139628106054154,855.132611012846,0.0,1.0539330898208743e-11,5816.4381240990315,2.028255880148996e-26,0.0,1.4032295528839776e-35,1938.8127080330178,2.0839161412693692e-20,0.0,1.7625948343583236e-17,5.778301780391932e-25,6.797712664164068e-18,2.0900706395123852e-11,3.261480354722866e-16,0.0004126315699151166,2000000.0,74577284.28620873
1.151771219019182e-05,9.882581935580634e-05,50.00067491090721,853.1236067225175,0.0,1.0492001806893191e-11,5790.314471359432,2.019157577328247e-26,0.0,1.417508033733928e-35,1930.1048237864845,2.0746018018994167e-20,0.0,1.7546784063268643e-17,5.645565917597862e-25,5.052504509852826e-18,2.08068357459542e-11,3.1967822426076394e-16,0.00041123135580886866,2000000.0,73927414.3765584
1.1520731651324009e-05,9.897955216493316e-05,51.82041874154163,851.0511918494775,0.0,1.0443196226804935e-11,5763.376196919277,2.009772630175937e-26,0.0,1.4308448964189388e-35,1921.1253989730997,2.064991612079395e-20,0.0,1.7465151179278396e-17,5.51798296101068e-25,3.773259122531825e-18,2.0710037379785888e-11,3.130976346979911e-16,0.0004097856408854562,2000000.0,73261509.33278497
1.1523751112456196e-05,9.913871729340204e-05,53.59888882668032,848.9181406367751,0.0,1.039298402985514e-11,5735.661801142418,2.0001147452199273e-26,0.0,1.4432711791579102e-35,1911.88726704748,2.0550995678712458e-20,3.3790727994947e-31,1.7381166361881848e-17,5.395377328610532e-25,2.8343620678724253e-18,2.0610449768940646e-11,3.0642448653298466e-16,0.0004082964252218076,2000000.0,72580863.9832505
1.1526770573588383e-05,9.930319023229893e-05,55.33617316481838,846.7272060968442,0.0,1.0341434642922498e-11,5707.209556491247,1.9901975409546788e-26,0.0,1.454817724611899e-35,1902.4031854970897,2.044939592069567e-20,2.672826133859597e-32,1.7294945590723602e-17,5.277571799687294e-25,2.1428355494391007e-18,2.0508210534165425e-11,2.996764256641564e-16,0.0004067657038627545,2000000.0,71886748.9700072
1.1529790034720572e-05,9.947284682654087e-05,57.032414991524796,844.4811142588951,0.0,1.028861690374844e-11,5678.057422815399,1.9800345148235304e-26,0.0,1.4655150687391765e-35,1892.6858076051403,2.0345255003700748e-20,0.0,1.7206603898117083e-17,5.164388717050218e-25,1.6289976101993468e-18,2.0403456149572718e-11,2.9287046869165864e-16,0.0004051954614166152,2000000.0,71180407.39802495
1.1532809495852759e-05,9.96475634336033e-05,58.68780932263297,842.1825590499201,0.0,1.0234598922558094e-11,5648.242969695032,1.969639013559515e-26,0.0,1.4753933474675003e-35,1882.7476565650177,2.0238709704867917e-20,0.0,1.7116255133716118e-17,5.055650997770435e-25,1.2441706807088317e-18,2.0296321665881378e-11,2.8602295571110044e-16,0.0004035876672004677,2000000.0,70463051.89785402
1.1535828956984946e-05,9.982721707212338e-05,60.302599537193124,839.8341976095223,0.0,1.0179447957306322e-11,5617.803304763115,1.9590242063204056e-26,0.0,1.4844822167488578e-35,1872.601101587712,2.0129895137810766e-20,0.0,1.702401174730506e-17,4.951183019308046e-25,9.555926923139375e-19,2.0186940457939703e-11,2.7914950976189693e-16,0.0004019442707593825,2000000.0,69735862.05608177
1.1538848418117135e-05,0.00010001168556317726,61.87707398727202,837.438645943532,0.0,1.0123230301085486e-11,5586.775007512856,1.9482030603100827e-26,0.0,1.492810783807853e-35,1862.2583358376257,2.0018944491931954e-20,0.0,1.6929984588210966e-17,4.8508114063089885e-25,7.390982760785504e-19,2.007544399418874e-11,2.722650038006124e-16,0.00040026719767695894,2000000.0,68999982.18706997
1.1541867879249322e-05,0.00010020084766249229,63.411562663369985,834.9984749692411,0.0,1.0066011176423651e-11,5555.194068847779,1.9371883189406423e-26,0.0,1.5004075499327176e-35,1851.7313562826,1.990598879579629e-20,-3.9991261898129375e-47,1.683428272211804e-17,4.75436570454409e-25,5.753073310217015e-19,1.9961961623253753e-11,2.653835358793069e-16,0.00039855834572710653,2000000.0,68256519.44424127
1.154488734038151e-05,0.00010039458318167679,64.90643394912632,832.5162070121239,0.0,1.000785463636808e-11,5523.095836616407,1.9259924825963479e-26,0.0,1.5073003649525138e-35,1841.0319455388092,1.979115670554569e-20,-3.97601900767451e-47,1.673701326601767e-17,4.661678936681565e-25,4.498653466009316e-19,1.9846620377988926e-11,2.5851841165570544e-16,0.0003968195814238956,2000000.0,67506542.26765284
1.1547906801513696e-05,0.00010059277309881012,66.36209147849206,829.9943127398449,0.0,9.948823476329142e-12,5490.514966957968,1.9146277918670006e-26,0.0,1.5135163921407982e-35,1830.1716556526628,1.9674574317562903e-20,1.0460399872568832e-47,1.6638281240767988e-17,4.572588057372639e-25,3.53447001354372e-19,1.9729544800640058e-11,2.5168213309551927e-16,0.00039505273696002167,2000000.0,66751079.14975403
1.1550926262645885e-05,0.00010079529965980812,67.7789710950615,827.4352084821368,0.0,9.888979157925695e-12,5457.485381091158,1.9031062130210376e-26,0.0,1.51908208184945e-35,1819.1617936970595,1.9556365003702122e-20,1.8416187778120372e-47,1.6538189440147867e-17,4.486934327287771e-25,2.7961546400069816e-19,1.961085678971057e-11,2.4488639307366727e-16,0.0003932596074904604,2000000.0,65991117.6942803
1.1553945723778072e-05,0.00010100204647131381,69.157537915577,824.8412539047864,0.0,9.828381742060208e-12,5424.040227279438,1.8914394255376367e-26,0.0,1.5240231527374083e-35,1808.013409093153,1.943664926778715e-20,-2.2078389036738713e-47,1.6436838315597757e-17,4.404563613650345e-25,2.22826202391402e-19,1.949067546528428e-11,2.3814207586279707e-16,0.00039144194873475766,2000000.0,65227603.946535036
1.155696518491026e-05,0.00010121289858506391,70.49828350566173,822.2147500315731,0.0,9.76708982910551e-12,5390.21184782462,1.8796388115851915e-26,0.0,1.5283645799148976e-35,1796.7372826082137,1.931554462258149e-20,-9.320922771334695e-59,1.6334325876198044e-17,4.325326619909864e-25,1.7842531124497345e-19,1.9369117050422252e-11,2.31459262958255e-16,0.00038960147489401436,2000000.0,64461441.9773442
1.1559984646042448e-05,0.00010142774257370236,71.80172317582762,819.5579376078654,0.0,9.7051605071698e-12,5356.03175092177,1.867715447339017e-26,0.0,1.532130589252312e-35,1785.3439169739302,1.9193165486377834e-20,1.0656031472244387e-47,1.623074760337904e-17,4.24907905201768e-25,1.4337405616731243e-19,1.9246294769302053e-11,2.248472433717831e-16,0.00038773985687845606,2000000.0,63693493.70257258
1.1563004107174635e-05,0.00010164646659844019,73.06839340075678,816.872995785673,0.0,9.64264930985963e-12,5321.5305871285345,1.8556800960009533e-26,0.0,1.5353446569147126e-35,1773.8435290428515,1.9069623098019634e-20,2.0587246899771436e-32,1.61261963796143e-17,4.175681731948009e-25,1.158331370636302e-19,1.912231876307863e-11,2.1831452776689269e-16,0.00038585872082871355,2000000.0,62924578.917786226
1.1566023568306822e-05,0.0001018689604691433,74.29884936449994,814.1620411043749,0.0,9.579610182359894e-12,5286.738130167558,1.843543202375729e-26,0.0,1.5380295132264147e-35,1762.2460433891927,1.8945025449056668e-20,2.1551005103791824e-32,1.6020762430244877e-17,4.1050006650953404e-25,9.427780094347869e-20,1.8997296021784912e-11,2.1186886651732279e-16,0.00038395964690944324,2000000.0,62155475.527051575
1.1569043029439011e-05,0.00010209511569729486,75.49366262865118,811.4271267439743,0.0,9.516095454251868e-12,5251.683261799855,1.831314888868631e-26,0.0,1.5402071501560772e-35,1750.561087266625,1.881947723177726e-20,2.0024907575623684e-32,1.5914533277640006e-17,4.0369070666445243e-25,7.724858437747816e-20,1.887133033022517e-11,2.0551727080853195e-16,0.00038204416835448937,2000000.0,61386919.945955984
1.1572062490571198e-05,0.00010232482554213153,76.65341892404558,808.670242033587,0.0,9.452155818783933e-12,5216.3939605282785,1.8190049527926305e-26,0.0,1.5418988318134358e-35,1738.7979868427662,1.8693079802008814e-20,2.0732655890994966e-32,1.5807593706964415e-17,3.9712773522035207e-25,6.35871633443303e-20,1.8744522227146405e-11,1.9926603629857813e-16,0.00038011377074862666,2000000.0,60619607.66037814
1.1575081951703385e-05,0.00010255798505025985,77.77871606689908,805.893312198205,0.0,9.387840318759393e-12,5180.897293888246,1.8066228648798075e-26,0.0,1.5431251073737623e-35,1726.965764629422,1.856593115560382e-20,1.695875492051088e-32,1.5700025742816376e-17,3.9079930981341393e-25,5.2553076884344134e-20,1.8616968977419214e-11,1.931207690442646e-16,0.0003781698915313545,2000000.0,59854193.92320788
1.1578101412835574e-05,0.00010279449108913525,78.87016199795143,803.0981983245995,0.0,9.323196338740342e-12,5145.219414072139,1.794177768894736e-26,0.0,1.5439058259546853e-35,1715.073138024053,1.8438125917494272e-20,1.800892520241595e-32,1.5591908635967958e-17,3.8469409767123933e-25,4.366335415442679e-20,1.8488764556474923e-11,1.8708641326996345e-16,0.0003762139197058961,2000000.0,59091294.571623914
1.1581120873967761e-05,0.00010303424237480961,79.92837294170401,800.2866975262527,0.0,9.258269602863103e-12,5109.385556633291,1.781678482251261e-26,0.0,1.5442601529222985e-35,1703.1285188777701,1.8309755342210455e-20,2.342530284863124e-32,1.5483318859437618e-17,3.788012670427264e-25,3.6499474457741404e-20,1.8359999645841563e-11,1.8116728056282816e-16,0.0003742471957353338,2000000.0,58331486.9482696
1.1584140335099948e-05,0.00010327713949431708,80.9539716825027,797.4605432889033,0.0,9.193104177631186e-12,5073.420042025442,1.7691334975235423e-26,0.0,1.5442065872513122e-35,1691.140014008487,1.8180907324824384e-20,1.786196036090075e-32,1.5374330113155272e-17,3.731104767622502e-25,3.0673806869097073e-20,1.8230761638709285e-11,1.7536708009283427e-16,0.00037227101160922576,2000000.0,57575310.91080116
1.1587159796232137e-05,0.00010352308492303167,81.94758595443103,794.6214059800377,0.0,9.127742479330783e-12,5037.346279744101,1.75655098477269e-26,0.0,1.5437629796435505e-35,1679.1154265813732,1.8051666421347414e-20,1.3982005922019765e-32,1.5265013336512126e-17,3.676118643237334e-25,2.5887544274083105e-20,1.8101134654753935e-11,1.6968894954358563e-16,0.00037028661106564096,2000000.0,56823269.915430196
1.1590179257364324e-05,0.00010377198303732302,82.90984694180229,791.7708935063388,0.0,9.062225285795831e-12,5001.186774843183,1.7439387946230495e-26,0.0,1.542946551121377e-35,1667.0622582810674,1.7922113877660063e-20,2.627349067800247e-32,1.5155436728108465e-17,3.62296032873518e-25,2.1942761731722903e-20,1.797119956354182e-11,1.6413548648939085e-16,0.00036829518995411666,2000000.0,56075832.16108359
1.1593198718496511e-05,0.00010402374012284114,83.84138788650236,788.9105521033263,0.0,8.996591752138013e-12,4964.963136606314,1.7313044620089205e-26,0.0,1.54177391184828e-35,1654.987712202111,1.7792327666090833e-20,2.221698767105811e-32,1.5045665772030845e-17,3.5715403734892577e-25,1.8693673986247684e-20,1.784103401573776e-11,1.5870877995319678e-16,0.00036629789672515173,2000000.0,55333431.781749874
1.15962181796287e-05,0.00010427826437875391,84.74284279802029,786.0418672420622,0.0,8.930879429986787e-12,4928.696089160538,1.7186552105089107e-26,0.0,1.5402610799862318e-35,1642.8986963868522,1.766238252880798e-20,3.4040132800418056e-34,1.4935763270015546e-17,3.521773698828013e-25,1.6007709958972074e-20,1.7710712481283233e-11,1.5341044188687655e-16,0.00036429583303233386,2000000.0,54596470.07557719
1.1599237640760887e-05,0.00010453546591824272,85.61484526189007,783.1662646388513,0.0,8.865124289842076e-12,4892.40548383072,1.7059979572014093e-26,0.0,1.5384235004401388e-35,1630.8018279435796,1.7532350027243165e-20,2.3407992241209598e-32,1.4825789378886932e-17,3.47357944659097e-25,1.3768410335916406e-20,1.7580306293787568e-11,1.4824163835370625e-16,0.00036229005443411594,2000000.0,53865316.76031858
1.1602257101893074e-05,0.00010479525676554421,86.45802734227904,780.2851113549009,0.0,8.799360746223931e-12,4856.110313043411,1.693339317988624e-26,0.0,1.5362760633644772e-35,1618.7034376811432,1.7402298596819992e-20,5.28708840572648e-32,1.4715801652691247e-17,3.4268808246071295e-25,1.1889534811052388e-20,1.7449883700475838e-11,1.4320312023540425e-16,0.0003602815711831891,2000000.0,53140311.24571374
1.160679640948972e-05,0.0001051904971010367,87.67277631127516,775.9461463180072,0.0,8.700551144928977e-12,4801.577020424609,1.6743201505411836e-26,0.0,1.5324960489582665e-35,1600.525673474876,1.7206892941563528e-20,2.248686488501685e-33,1.455054570458082e-17,3.359331667588689e-25,9.602988006136908e-21,1.7253924477516926e-11,1.3587432632520165e-16,0.0003572591383480278,2000000.0,52062616.73239933
1.1611335717086363e-05,0.00010559111096395065,88.82593488246063,771.6017946416483,0.0,8.601901918638191e-12,4747.132395703257,1.6553323181023558e-26,0.0,1.528094633879399e-35,1582.3774652344252,1.7011800932236333e-20,0.0,1.438555845273905e-17,3.2947670715660945e-25,7.823896012418222e-21,1.705828387212136e-11,1.2884048791896055e-16,0.0003542358629145049,2000000.0,51000449.486673735
1.1615875024683006e-05,0.00010599682355412613,89.91960250653396,767.2559908983537,0.0,8.503511057967756e-12,4692.830515079559,1.636394643718571e-26,0.0,1.523115880975293e-35,1564.2768383598589,1.681721714835975e-20,1.7737024871935414e-32,1.422100376796609e-17,3.2329731845455257e-25,6.437286764552167e-21,1.6863156201119398e-11,1.2209976305151442e-16,0.00035121462782497964,2000000.0,49954615.48360782
1.1620414332279651e-05,0.00010640736953777431,90.9558492953025,762.912403053166,0.0,8.405469410607719e-12,4638.721512086358,1.6175245747387573e-26,0.0,1.5176014610844956e-35,1546.240504028792,1.6623321897611435e-20,0.0,1.4057033573328186e-17,3.173752959632105e-25,5.3500968187829185e-21,1.6668721613789748e-11,1.1564891225980345e-16,0.0003481981096298172,2000000.0,48925798.33775794
1.1624953639876294e-05,0.00010682249289970723,91.93671146764763,758.5744434127905,0.0,8.307860958330875e-12,4584.851730562312,1.598738237302703e-26,0.0,1.51159077223753e-35,1528.2839101874429,1.6430281787192418e-20,1.3075127456949383e-32,1.3893788307722676e-17,3.1169250143861672e-25,4.485111443552114e-21,1.6475146641557383e-11,1.0948349045707851e-16,0.00034518878707088217,2000000.0,47914568.6704885
1.162949294747294e-05,0.00010724194678099301,92.86418738362946,754.2452796658847,0.0,8.21076310192934e-12,4531.263881999181,1.5800504920712737e-26,0.0,1.5051210538298618e-35,1510.4212939997326,1.6238250307891184e-20,1.0603530582098488e-31,1.3731397402698196e-17,3.0623225292793213e-25,3.7871649723573796e-21,1.62825847633971e-11,1.0359802500353655e-16,0.00034218894978737754,2000000.0,46921393.149413735
1.1634032255069583e-05,0.00010766549330200858,93.74023417694222,749.927845964158,0.0,8.114246951628185e-12,4477.997205900142,1.5614749907559838e-26,0.0,1.498227495510103e-35,1492.665735300053,1.6047368426125568e-20,6.154206576883513e-32,1.3569979768399376e-17,3.0097921908292596e-25,3.2217124989787017e-21,1.6091176982064385e-11,9.798618041580127e-17,0.00033920070709859274,2000000.0,45946643.16216132
1.1641244874576079e-05,0.00010834633413638633,95.03111864390037,743.0984893929713,0.0,7.962244623726114e-12,4394.108303523017,1.532221133681217e-26,0.0,1.4864835092989027e-35,1464.702767841011,1.574674930929769e-20,0.0,1.3315765517345243e-17,2.9302451802920057e-25,2.5285614270243894e-21,1.5789731690770055e-11,8.96146092453108e-17,0.0003344811704037708,2000000.0,44436407.10627979
1.1648457494082574e-05,0.00010903605715387236,96.20441018713377,736.3153233168646,0.0,7.812105529253867e-12,4311.248002807826,1.5033264067396785e-26,0.0,1.4738766714327047e-35,1437.0826676026143,1.5449814405619908e-20,0.0,1.3064668307825802e-17,2.855071658132604e-25,2.0176206924354324e-21,1.5491982563142777e-11,8.188479439417625e-17,0.00032980268956154775,2000000.0,42974123.63304975
1.165567011358907e-05,0.00010973384009817805,97.26723192158516,729.5869074807413,0.0,7.664028311624783e-12,4229.525908933585,1.4748289399277108e-26,0.0,1.4605199975858532e-35,1409.8419696445337,1.5156957095321397e-20,0.0,1.2817020283895269e-17,2.7838300559258486e-25,1.6361977625209099e-21,1.5198323453061618e-11,7.47631976605901e-17,0.0003251712586833894,2000000.0,41560102.86544643
1.1662882733095566e-05,0.00011043891094746328,98.22638794632618,722.9206700979782,0.0,7.51818109798793e-12,4149.034785522407,1.44676100479919e-26,0.0,1.4465164720146018e-35,1383.0115951741411,1.4868510223518862e-20,0.0,1.2573102553488436e-17,2.7161354643811273e-25,1.3487893366073548e-21,1.4909087696156673e-11,6.821482194587073e-17,0.0003205920084107331,2000000.0,40194290.575646564
1.167009535260206e-05,0.00011115054557127216,99.088360039177,716.3230087852756,0.0,7.374704277548996e-12,4069.8520883445594,1.4191495476940766e-26,0.0,1.43195981537002e-35,1356.6173627815251,1.458475164690351e-20,3.571670584252458e-32,1.2333149836111879e-17,2.651652467229624e-25,1.1285984692489214e-21,1.462455362101338e-11,6.22040457103125e-17,0.00031606928697790665,2000000.0,38876327.95015786
1.1677307972108556e-05,0.00011186806540966333,99.85930726571472,709.7993858621965,0.0,7.2337131415876565e-12,3992.0414226172115,1.3920166964512104e-26,0.0,1.416935209594368e-35,1330.6804742057423,1.4305909495463394e-20,3.6218794096682657e-32,1.2097354878995936e-17,2.5900886940002104e-25,9.561220885604534e-22,1.4344949785812313e-11,5.669530199062025e-17,0.00031160673654603594,2000000.0,37605604.53141636
1.1684520591615052e-05,0.00011259083517378601,100.54506844191003,703.3544179289388,0.0,7.095300375265012e-12,3915.6539184304456,1.3653802386280204e-26,0.0,1.4015199758669144e-35,1305.2179728101535,1.4032167131174607e-20,0.0,1.1865872625142116e-17,2.531189080289298e-25,8.188705262404589e-22,1.4070459920767424e-11,5.165360891595402e-17,0.00030720736474591646,2000000.0,36381304.793530956
1.1689861050495666e-05,0.00011312902891363632,101.00120296580523,698.6353296726985,0.0,6.994519719062427e-12,3860.0350164423467,1.3459858959291795e-26,0.0,1.389895851309564e-35,1286.6783388141205,1.3832851047558302e-20,2.1983427037711006e-32,1.169732688029236e-17,2.489162236881086e-25,7.353494989659073e-22,1.3870599681001178e-11,4.8201459634915717e-17,0.00030399209087354637,2000000.0,35504134.30135691
1.1695201509376279e-05,0.00011366954678784528,101.41580379693019,693.962810452905,0.0,6.89521561897948e-12,3805.2310930524336,1.3268757820239754e-26,0.0,1.378122200776843e-35,1268.410364350816,1.3636455457692365e-20,4.399423313807349e-32,1.1531250820554991e-17,2.4483928654874373e-25,6.642427491912159e-22,1.3673667974729722e-11,4.49733461259731e-17,0.00030081361120246866,2000000.0,34651435.80277888
1.1700541968256892e-05,0.00011421217248530837,101.79091513109178,689.3379900786792,0.0,6.797406009166071e-12,3751.2520383041433,1.308053336298806e-26,0.0,1.3662232099241288e-35,1250.4173461013859,1.3443015822218803e-20,0.0,1.1367674416403956e-17,2.4088080958129143e-25,6.031825600688027e-22,1.347970034070902e-11,4.19563522075978e-17,0.00029767259505534063,2000000.0,33822732.69695279
1.1705882427137506e-05,0.00011475670037607382,102.12849344084874,684.7618241679064,0.0,6.7011042703759726e-12,3698.1052296607086,1.2895211235206487e-26,0.0,1.3542212977791536e-35,1232.701743220241,1.3252558592950801e-20,0.0,1.120662002427007e-17,2.370341769529943e-25,5.503629438773919e-22,1.3288723289021423e-11,3.91380418617656e-17,0.00029456958447599755,2000000.0,33017522.75268044
1.1711222886018119e-05,0.00011530293505040425,102.43040993828147,680.2351082829688,0.0,6.606319630060356e-12,3645.7957528134166,1.2712809106220161e-26,0.0,1.3421372246504362e-35,1215.2652509378102,1.306510200543067e-20,1.3079907220650725e-31,1.1048103055671321e-17,2.3329337372737194e-25,5.044887774960956e-22,1.3100755094525223e-11,3.6506480869516916e-17,0.00029150500531274347,2000000.0,32235283.566031374
1.1716563344898732e-05,0.00011585069087039672,102.69845327264846,675.7584910119551,0.0,6.513057537112759e-12,3594.326608497606,1.2533337386192983e-26,0.0,1.3299901930817624e-35,1198.1088694992065,1.288065682079261e-20,1.461469236893591e-31,1.0892132603941545e-17,2.2965292371682877e-25,4.645390444133989e-22,1.2915806540024827e-11,3.4050252553742885e-17,0.00028847917742710574,2000000.0,31475477.3859032
1.1721903803779346e-05,0.00011639979153575297,102.93433225801255,671.332486304055,0.0,6.421320011869554e-12,3543.6989056515463,1.23567998979323e-26,0.0,1.3177979437847594e-35,1181.23296855052,1.2699227018572827e-20,0.0,1.0738712029572921e-17,2.261078330774458e-25,4.295630541691358e-22,1.2733881610365556e-11,3.1758470635307215e-17,0.00028549232428657446,2000000.0,30737555.375585914
1.1727244262659959e-05,0.00011695006966456815,103.1396785643345,666.95748508363,0.0,6.331105972205425e-12,3493.9120413777923,1.2183194502964154e-26,0.0,1.305576847703466e-35,1164.6373471259353,1.2520810442208039e-20,1.7948063449349792e-31,1.0587839505565172e-17,2.2265353893056475e-25,3.9871746148866317e-22,1.2554978139104405e-11,2.962078228762849e-17,0.00028254458196188626,2000000.0,30020961.36071401
1.1732584721540572e-05,0.00011750136638888208,103.31604942712625,662.6337660603367,0.0,6.242411536800816e-12,3444.96386830241,1.2012513683899242e-26,0.0,1.2933419932327428e-35,1148.321289434141,1.2345399399260424e-20,1.0958979913680512e-30,1.0439508524585635e-17,2.192858633433154e-25,3.713925462648036e-22,1.237908840989639e-11,2.7627363486483158e-17,0.00027963600746116996,2000000.0,29325135.10683388
1.1737925180421186e-05,0.00011805353096463305,103.46493040518331,658.3615057261189,0.0,6.155230306692951e-12,3396.8508499481186,1.1844745085159735e-26,0.0,1.2811072680188732e-35,1132.283616649377,1.2172981218511715e-20,1.4252559154328354e-30,1.0293708369807089e-17,2.160009725868309e-25,3.471674107894129e-22,1.220619971481041e-11,2.576891158616811e-17,0.0002767665863959885,2000000.0,28649515.17049303
1.1743265639301799e-05,0.00011860642039612568,103.58773814830397,654.1407876147704,0.0,6.069553626158993e-12,3349.568204700326,1.1679872014060086e-26,0.0,1.2688854359231832e-35,1116.522734900113,1.2003538766059236e-20,0.0,1.015042455117786e-17,2.1279534093473963e-25,3.2563648309051954e-22,1.2036294871655115e-11,2.4036635676429947e-17,0.0002739362400449687,2000000.0,27993541.36795
1.1748606098182412e-05,0.00011915989907521879,103.68582312580641,649.9716109032975,0.0,5.985370823971911e-12,3303.1100389396247,1.1517873904249011e-26,0.0,1.2566882098895452e-35,1101.0366796465457,1.1837050922554827e-20,0.0,1.0009639208862288e-17,2.0966571824887985e-25,3.0636074464521836e-22,1.186935270237553e-11,2.2422243202406156e-17,0.00027114483188269377,2000000.0,27356656.902145788
1.1753946557063026e-05,0.00011971383843509576,103.76047229949587,645.8538983951935,0.0,5.902669436115038e-12,3257.469469940434,1.1358726743597834e-26,0.0,1.2445263209112064e-35,1085.8231566468155,1.1673493023758984e-20,7.504893831285271e-30,9.871331485668881e-18,2.0660910096072938e-25,2.889893742799408e-22,1.170534847467532e-11,2.0917923502704183e-17,0.0002683921736083715,2000000.0,26738310.183772802
1.1759287015943639e-05,0.00012026811661821077,103.81291174652758,641.7875039056387,0.0,5.821435411059489e-12,3212.6387391460657,1.120240346863754e-26,0.0,1.2324095830126427e-35,1070.8795797153593,1.1512837266576196e-20,1.818783410746416e-29,9.73547787031545e-18,2.0362270624751408e-25,2.733273793222995e-22,1.154425430905787e-11,1.951633015969703e-17,0.0002656780306920653,2000000.0,26137956.378587414
1.1764627474824252e-05,0.00012082261815803548,103.84430923225534,637.7722190770705,0.0,5.741653298673708e-12,3168.6093164105637,1.104887432757959e-26,0.0,1.220346954336746e-35,1056.203105470192,1.1355053082679074e-20,3.448813988626021e-30,9.602052513320282e-18,2.0070394913397672e-25,2.592265231424979e-22,1.1386039553407665e-11,1.8210562746303817e-17,0.0002630021274633881,2000000.0,25555058.71064854
1.1769967933704866e-05,0.00012137723367433964,103.85577672195299,633.8077796657855,0.0,5.663306423784185e-12,3125.371995769545,1.0898107213869794e-26,0.0,1.2083465946259766e-35,1041.7906652565189,1.1200107481752746e-20,0.0,9.47102751722302e-18,1.9785042216346555e-25,2.4646897713207157e-22,1.1230671127132102e-11,1.6994147573839114e-17,0.00026036415177757197,2000000.0,24989089.54893424
1.1775308392585479e-05,0.0001219318595817207,103.8483728201986,629.8938713404456,0.0,5.586377045371713e-12,3082.916983283494,1.0750067972163945e-26,0.0,1.1964159193595377e-35,1027.6389944278353,1.104796536632334e-20,1.2034240140286058e-28,9.342373202782217e-18,1.950598773138092e-25,2.34819811605557e-22,1.10781138368164e-11,1.5861017630071866e-17,0.0002577637592936843,2000000.0,24439531.30228901
1.1780648851466092e-05,0.00012248639781099461,103.82310513389545,626.0301350260635,0.0,5.510846502361334e-12,3041.2339774826305,1.0604720678561571e-26,0.0,1.1845616506901499e-35,1013.7446591608807,1.0898589820068653e-20,3.606541313179477e-28,9.21605835275287e-18,1.923302099196811e-25,2.241487416778123e-22,1.0928330665293006e-11,1.480549245203128e-17,0.00025520057739343685,2000000.0,23905877.145089913
1.1785989310346706e-05,0.0001230407555430031,103.7809325592238,622.2161718218988,0.0,5.4366953469288785e-12,3000.3122429227483,1.0462027896864094e-26,0.0,1.1727898652892087e-35,1000.1040809742532,1.0751942371432952e-20,2.809441835186553e-28,9.092050434787718e-18,1.8965944440911386e-25,2.1441590999779616e-22,1.0781283035956216e-11,1.3822258299535029e-17,0.0002526742087646112,2000000.0,23387631.59371457
1.1791329769227319e-05,0.00012359484495440967,103.72276749207377,618.4515475211427,0.0,5.363903466199583e-12,2960.1406773351423,1.0321950912533908e-26,0.0,1.1611060392518684e-35,986.7135591117178,1.0607983234277918e-20,0.0,8.970315804926231e-18,1.8704572166254106e-25,2.055433678409008e-22,1.0636931054057979e-11,1.2906348544346101e-17,0.0002501842346725648,2000000.0,22884310.95190797
1.1796670228107932e-05,0.00012414858297508534,103.64947796070852,614.7357967597386,0.0,5.292450193165095e-12,2920.7078728268334,1.0184449945939471e-26,0.0,1.1495150902205523e-35,973.5692909422816,1.046667152720903e-20,4.818690039396883e-28,8.850819893053808e-18,1.8448728780050778e-25,1.9738572962613147e-22,1.0495233726624006e-11,1.2053124420017192e-17,0.00024773021794259647,2000000.0,22395443.64132127
1.1802010686988546e-05,0.00012470189105667358,103.56188967636476,611.0684268261518,0.0,5.222314407602841e-12,2882.0021715635853,1.0049484346389548e-26,0.0,1.1380214169670897e-35,960.6673905211987,1.032796547312689e-20,1.7350948947605344e-27,8.733527371641817e-18,1.8198248424411434e-25,1.8982983854303761e-22,1.0356149162544312e-11,1.1258255844663491e-17,0.00024531170568010133,2000000.0,21920570.432040952
1.1807351145869159e-05,0.0001252546949519057,103.46078800553724,607.4489211522142,0.0,5.153474627738903e-12,2844.0117163452373,9.917012768380613e-27,0.0,1.1266289364663324e-35,948.003905448416,1.0191822580474319e-20,5.9674603819702934e-28,8.618402309009498e-18,1.7952973889209374e-25,1.8283200659214343e-22,1.0219634754309928e-11,1.0517703436037609e-17,0.00024292823174458124,2000000.0,21459244.585996766
1.1812691604749772e-05,0.00012580692450423774,103.3469198648139,603.8767425082434,0.0,5.08590909335365e-12,2806.7244964589736,9.78699333139809e-27,0.0,1.1153411186027172e-35,935.5748321529948,1.0058199807560539e-20,0.0,8.505408308276274e-18,1.7712755829298775e-25,1.7636596399082073e-22,1.0085647342781491e-11,9.827701241948966e-18,0.0002405793189966631,2000000.0,21011031.92492432
1.1818032063630387e-05,0.00012635851344739351,103.22099553757809,600.3513359271284,0.0,5.0195958409855765e-12,2770.12838917204,9.659383764528421e-27,0.0,1.1041610186930621e-35,923.3761297240169,9.927053711256462e-21,1.216209600335868e-26,8.39450863309979e-18,1.7477452070733649e-25,1.7036641099844548e-22,9.954143366288636e-12,9.184739714695584e-18,0.00023826448133869814,2000000.0,20575510.83338602
1.1823372522511e-05,0.00012690939921440882,103.08369041575486,596.8721313735798,0.0,4.9545127718459285e-12,2734.211197202382,9.534141537059989e-27,0.0,1.0930913079066081e-35,911.4037324007976,9.798340581276992e-21,4.351437234664008e-26,8.28566632122578e-18,1.724692699466185e-25,1.6475124471932177e-22,9.825078995276551e-12,8.585549693244439e-18,0.00023598322556172822,2000000.0,20152272.20593859
1.1828712981391614e-05,0.00012745952275577716,102.93564666610804,593.4385461825507,0.0,4.8906377130184465e-12,2698.960682483998,9.411223976174618e-27,0.0,1.0821343017504529e-35,899.6535608280028,9.672016561183142e-21,5.824669953615503e-26,8.178844286809739e-18,1.702105099059033e-25,1.5950953138165513e-22,9.698410253637932e-12,8.027087023347594e-18,0.00023373505301871745,2000000.0,19740919.34683495
1.1834053440272227e-05,0.00012800882836630048,102.77747482358848,590.0499872833407,0.0,4.8279484724807004e-12,2664.364596523061,9.290588372760891e-27,0.0,1.0712919867107058e-35,888.1215321743572,9.548037757167108e-21,0.0,8.074005412407577e-18,1.6799699970857316e-25,1.5473429586574753e-22,9.57409312779429e-12,7.50651797539967e-18,0.000231519461137196,2000000.0,19341067.829481155
1.183939389915284e-05,0.0001285572635202599,102.60975531481647,586.7058532240217,0.0,4.766422888446719e-12,2630.410707620668,9.172192076308883e-27,0.0,1.0605660451372537e-35,876.8035692068926,9.42636033560793e-21,0.0,7.971112631469998e-18,1.658275493872829e-25,1.5041021697283842e-22,9.452083664517651e-12,7.02120554070739e-18,0.00022933594478283283,2000000.0,18952345.322009876
1.1844734358033454e-05,0.00012910477871453914,102.43303991377041,583.4055360115461,0.0,4.706038873495475e-12,2597.086825218463,9.055992579778108e-27,0.0,1.0499578784806472e-35,865.6956084061576,9.30694061031481e-21,4.158281966450285e-25,7.870129002115843e-18,1.6370101603793925e-25,1.4598937375656779e-22,9.332338058413523e-12,6.568696458368465e-18,0.00022718399748619629,2000000.0,18574391.3846425
1.1850074816914068e-05,0.00012965132731934456,102.24785313128633,580.1484227828338,0.0,4.646774453916821e-12,2564.38082160528,8.941947595270341e-27,0.0,1.0394686289915436e-35,854.7936072017632,9.189735120316124e-21,1.3859440987006818e-24,7.771017772912141e-18,1.6161630039324281e-25,1.4097223644906714e-22,9.214812729922122e-12,6.146708892324726e-18,0.00022506311254495814,2000000.0,18206857.243867923
1.1855415275794681e-05,0.00013019686543617494,102.0546935404193,576.9338973206229,0.0,4.588607804675015e-12,2532.2806512059706,8.83001512127663e-27,0.0,1.0290991999785693e-35,844.0935504019933,9.07470069898757e-21,1.8248261959761904e-24,7.673742441332249e-18,1.5957234376625645e-25,1.3642384386646637e-22,9.099464394631395e-12,5.753120823049333e-18,0.00022297278401246413,2000000.0,17849405.547841936
1.1860755734675294e-05,0.00013074135176270404,101.85403504019776,573.7613414261792,0.0,4.5315172803620906e-12,2500.774367657538,8.720153502212788e-27,0.0,1.0188502747082347e-35,833.5914558858491,8.961794535254107e-21,0.0,7.578266805513166e-18,1.5756812531980435e-25,1.3564270715815847e-22,8.986250124638317e-12,5.385959183905082e-18,0.000220912507582107,2000000.0,17501710.10684447
1.1866096193555908e-05,0.00013128474746425261,101.6463280602934,570.6301361599502,0.0,4.475481442485148e-12,2469.850138862366,8.612321480895411e-27,0.0,1.0087223340267754e-35,823.2833796207917,8.850974227524623e-21,0.0,7.484555009859259e-18,1.556026596223205e-25,1.3901444163617841e-22,8.875127402635676e-12,5.043389671967904e-18,0.00021888178137610375,2000000.0,17163455.62214585
1.1871436652436521e-05,0.00013182701605154038,101.43200070888379,567.5396629607313,0.0,4.420479083406408e-12,2439.496260194003,8.506478244560702e-27,0.0,9.987156727837498e-36,813.1654200646708,8.74219783095475e-21,1.3487399795619264e-23,7.392571584980381e-18,1.5367499445728385e-25,1.3043502206014482e-22,8.766054169353937e-12,4.723707167285915e-18,0.00021688010664687625,2000000.0,16834337.40621232
1.1876777111317134e-05,0.00013236812326442179,101.21145986587877,564.4893046533232,0.0,4.366489247233709e-12,2409.7011660175226,8.402583465057408e-27,0.0,9.888304151341696e-36,803.2337220058439,8.635423898745476e-21,4.7333792469535685e-23,7.302281482621232e-18,1.5178420886148446e-25,9.277574162338904e-23,8.658988864985931e-12,4.425326752997489e-18,0.0002149069883987652,2000000.0,16514061.096803917
1.1882117570197748e-05,0.0001329080369613196,100.985092223736,561.4784463538688,0.0,4.313491247911032e-12,2380.4534396741055,8.30059733369986e-27,0.0,9.790665287888511e-36,793.4844798913715,8.530611518035402e-21,7.211344497260308e-23,7.213650106063772e-18,1.4992941133949902e-25,5.456936622461268e-23,8.553890465091244e-12,4.1467753318078814e-18,0.00021296193593714057,2000000.0,16202342.36717518
1.1887458029078361e-05,0.00013344672701408208,100.75326527812992,558.5064762812395,0.0,4.261464684777321e-12,2351.7418220678537,8.2004805912697e-27,0.0,9.69423838283394e-36,783.9139406892875,8.427720340897932e-21,0.0,7.126643336442784e-18,1.4810973825175533e-25,1.2154282130145005e-22,8.45071851146603e-12,3.8866838005928586e-18,0.0002110444633512906,2000000.0,15898906.634282775
1.1892798487958974e-05,0.00013398416520800138,100.51632827067777,555.5727864821749,0.0,4.210389455836187e-12,2323.5552189819778,8.102194553515348e-27,0.0,9.599020373220743e-36,774.5184063273289,8.326710610668168e-21,0.0,7.041227555058475e-18,1.463243523722662e-25,4.0335534190704403e-22,8.349433138369876e-12,3.643779734658232e-18,0.00020915408993692796,2000000.0,15603488.766635457
1.1898138946839588e-05,0.0001345203251467432,100.27461308582582,552.6767734773345,0.0,4.160245768860989e-12,2295.8827072413274,8.005701131299287e-27,0.0,9.505007002529888e-36,765.2942357471121,8.227543181058687e-21,6.22479556612507e-22,6.957369658177498e-18,1.4457244149514212e-25,2.1790525245267547e-22,8.249995093737342e-12,3.416880556882278e-18,0.00020729034056372113,2000000.0,15315832.793185584
1.1903479405720201e-05,0.00013505518216194877,100.02843510410567,549.8178388340783,0.0,4.111014150956015e-12,2268.7135398288883,7.910962851868494e-27,0.0,9.41219292750245e-36,756.2378466096322,8.130179539415553e-21,9.636472751160053e-23,6.875037078959507e-18,1.4285321757542258e-25,9.727697484620622e-22,8.152365761011996e-12,3.2048872015551064e-18,0.00020545274599212963,2000000.0,15035691.614429804
1.1908819864600814e-05,0.0001355887132272802,99.77809401305062,546.9953896753258,0.0,4.062675455899703e-12,2242.0371500551814,7.817942869733583e-27,0.0,9.320571817353707e-36,747.3457166850633,8.034581820192479e-21,0.0,6.794197798175472e-18,1.4116591537339458e-25,1.1158434698657447e-21,8.056507168643453e-12,3.0067781258135415e-18,0.0002036408431469089,2000000.0,14762826.716818022
1.1916973689100745e-05,0.00013640070370505604,99.38848366841528,542.7551181999703,0.0,3.9905516813345095e-12,2202.2346388074093,7.679152379482965e-27,0.0,9.182969056516399e-36,734.0782129358058,7.891945230910255e-21,0.0,6.673581539605744e-18,1.3864963470153667e-25,7.648722352879254e-22,7.913481341771092e-12,2.7289540232429854e-18,0.00020092295058296515,2000000.0,14359732.025628382
1.1925127513600675e-05,0.00013720948375459097,98.99077925279869,538.5964728078538,0.0,3.92040021109428e-12,2163.520581928656,7.544157292191284e-27,0.0,9.048100922465116e-36,721.1735273095549,7.753209235885411e-21,1.1125477356821616e-22,6.5562636993186704e-18,1.3620348628322793e-25,0.0,7.774366752400284e-12,2.4782157343357316e-18,0.00019826229012994318,2000000.0,13972281.104261622
1.1933281338100605e-05,0.0001380149910058209,98.58585992131299,534.5174313214095,0.0,3.852157462056334e-12,2125.8598888998113,7.412835249559909e-27,0.0,8.91593438708554e-36,708.6199629666064,7.618248083053591e-21,5.100885935507709e-22,6.442137938290585e-18,1.3382502324037806e-25,0.0,7.639037306665616e-12,2.251804221672848e-18,0.00019565730326022375,2000000.0,13599731.769889137
1.1941435162600534e-05,0.0001388171699823151,98.17453869697376,530.5160111603027,0.0,3.785761720082536e-12,2089.2185006892096,7.285067490327046e-27,0.0,8.786433236910646e-36,696.4061668964058,7.486939718159185e-21,2.9532679855791237e-22,6.3311010450255116e-18,1.3151189938369352e-25,1.1230457202867792e-21,7.507370618389179e-12,2.047250838602964e-18,0.00019310646937652676,2000000.0,13241381.068922391
1.1949588987100464e-05,0.0001396159715879938,97.75756730465743,526.5902709437983,0.0,3.721153139783164e-12,2053.563389636628,7.160738848429746e-27,0.0,8.659558584365587e-36,684.5211298788786,7.359165783746438e-21,0.0,6.223052934458472e-18,1.2926186395085552e-25,2.377020507772725e-21,7.379248006440298e-12,1.862346189358134e-18,0.00019060830633513214,2000000.0,12896563.192405045
1.1957742811600394e-05,0.00014041135262515746,97.33564070219754,522.7383117699429,0.0,3.6582737351002966e-12,2018.8625543270755,7.039737737266674e-27,0.0,8.535269324068568e-36,672.9541847756944,7.234811599617713e-21,7.979733165468909e-22,6.1178966310006884e-18,1.270727564557749e-25,2.02058841330892e-21,7.254554475569456e-12,1.695112255817726e-18,0.0001881613707664572,2000000.0,12564647.482129326
1.1965896636100324e-05,0.00014120327534501446,96.90940130148118,518.9582781737705,0.0,3.597067362131063e-12,1985.0850101127019,6.921956116896381e-27,0.0,8.413522538791694e-36,661.6950033709032,7.113766128760445e-21,9.758932995228148e-22,6.015538239568341e-18,1.2494250207609238e-25,1.7620921081836532e-21,7.133178687058838e-12,1.5437776026309311e-18,0.0001857642581962526,2000000.0,12245036.52615472
1.1974050460600255e-05,0.00014199170703389498,96.47944285111157,515.248358731779,0.0,3.537479695036325e-12,1952.200775788842,6.80728944289195e-27,0.0,8.29427385840751e-36,650.7335919296165,6.99592193014054e-21,0.0,5.915886905799601e-18,1.2286910703009228e-25,4.405236187691386e-21,7.015012909318014e-12,1.4067553132877243e-18,0.00018341560294653125,2000000.0,11937164.340497175
1.1982204285100185e-05,0.0001427766196326884,96.04631400234231,511.60678635631956,0.0,3.4794581962705395e-12,1920.180857109129,6.695636612595156e-27,0.0,8.177477776907003e-36,640.0602857030455,6.881175099724174e-21,5.72091594935199e-22,5.8188547664319835e-18,1.2085065544342483e-25,5.930205542928333e-21,6.899952950921855e-12,1.2826232548290323e-18,0.00018111407784676158,2000000.0,11640494.636902146
1.1990358109600115e-05,0.00014355798938410358,95.61052160770036,508.03183836293107,0.0,3.4229520823526514e-12,1888.9972278562009,6.58689990336996e-27,0.0,8.063087932317656e-36,629.6657426187361,6.769425202562071e-21,3.313289450696316e-21,5.7243568918274995e-18,1.1888530665439116e-25,3.8519105460357576e-21,6.787898100680729e-12,1.1701064378784224e-18,0.0001788583938121114,2000000.0,11354519.177554466
1.1998511934100045e-05,0.00014433579650431608,95.17253378532008,504.5218363636745,0.0,3.3679122859381053e-12,1858.6228090136085,6.480984894318266e-27,0.0,7.951057353851936e-36,619.5409363378718,6.660575198160096e-21,9.12304858133027e-22,5.632311222674829e-18,1.1697128978922043e-25,5.674716809731616e-21,6.678751060667605e-12,1.0680613198645493e-18,0.00017664729932482653,2000000.0,11078756.215524944
1.2006665758599976e-05,0.00014511002487810215,94.73278275921331,501.0751460015133,0.0,3.314291415340335e-12,1829.0314464175901,6.377800376320599e-27,0.0,7.841338680007095e-36,609.6771488058657,6.554531360412648e-21,0.0,5.5426385022427976e-18,1.1510690058803495e-25,1.5745446501847525e-20,6.572417852875879e-12,9.754618363330508e-19,0.00017447957982883667,2000000.0,10812749.01780712
1.2014819583099906e-05,0.0001458806617767833,94.29166748286657,497.69017653597945,0.0,3.2620437120962472e-12,1800.197887212281,6.277258301918765e-27,0.0,7.733884348934195e-36,600.065962404096,6.45120319267728e-21,1.526888765618073e-20,5.455262204958989e-18,1.1329050105142808e-25,1.1704569156660499e-20,6.468807711627973e-12,8.913869296790901e-19,0.00017235405704428555,2000000.0,10556064.46753205
1.2022973407599836e-05,0.00014664769759725418,93.84955606245086,494.36538030396105,0.0,3.211125007029777e-12,1772.0977554296132,6.179273701782212e-27,0.0,7.628646765152024e-36,590.6992518098733,6.350503340782059e-21,2.6580553534851572e-20,5.370108462594638e-18,1.1152051925800045e-25,3.85301540672949e-21,6.3678330557990766e-12,8.15009416301308e-19,0.00017026958821775965,2000000.0,10308291.74245118
1.2031127232099766e-05,0.0001474111256199587,93.40678799970955,491.0992520840502,0.0,3.1614926738260356e-12,1744.707526987386,6.0837645259190696e-27,0.0,7.525578444645737e-36,581.5691756624642,6.252347504300809e-21,0.0,5.287105988725756e-18,1.0979543574767492e-25,5.08277147313655e-20,6.269409412327273e-12,7.455860701839351e-19,0.0001682250653269621,2000000.0,10069041.066878475
1.2039281056599695e-05,0.00014817094178418076,92.96367627038414,487.89032838475674,0.0,3.1131055833727182e-12,1718.0045043416978,5.990651563402532e-27,0.0,7.424632144126363e-36,572.6681681139015,6.156654344592928e-21,0.0,5.20618600157616e-18,1.0811378395585656e-25,1.1689464277072773e-19,6.1734551829235016e-12,6.824487912093968e-19,0.00016621941425296578,2000000.0,9837942.533932671
1.2047434881099625e-05,0.0001489271444795595,92.5205092491817,484.73718666853233,0.0,3.065924059698738e-12,1691.9667909789816,5.899858553951152e-27,0.0,7.325760968471326e-36,563.9889303263294,6.063345391361341e-21,1.308214625850334e-19,5.127282146130047e-18,1.0647416826770785e-25,4.266984031533238e-20,6.0798915274563035e-12,6.249967186544384e-19,0.00016425159392746317,2000000.0,9614644.994652556
1.2055588705599556e-05,0.00014967973435282134,92.07755249128881,481.63844452194473,0.0,3.0199098330965053e-12,1666.5732659044313,5.811312076528768e-27,0.0,7.228918462120461e-36,555.5244219681458,5.9723449539262936e-21,2.357647833605911e-19,5.050330417610008e-18,1.0487525466547705e-25,0.0,5.9886426716198445e-12,5.726891929674758e-19,0.0001623205954613177,2000000.0,9398815.010599792
1.206792503810107e-05,0.00015081150424933824,91.40831884218372,477.0506349716748,0.0,2.9524298042661364e-12,1629.333574081826,5.681458330560229e-27,0.0,7.086154952006884e-36,543.1111913606107,5.83889250249894e-21,0.0,4.937480444052891e-18,1.0253061751277785e-25,5.46583674722434e-19,5.854826538551556e-12,5.022607321740447e-19,0.00015946692080033884,2000000.0,9085770.162774717
1.2080261370602585e-05,0.00015193502863155238,90.74088334964104,472.57979619323703,0.0,2.887415389944481e-12,1593.4545694766387,5.556348024896939e-27,0.0,6.947773711184325e-36,531.1515231588816,5.710316232512885e-21,0.0,4.828753857200756e-18,1.002717655702688e-25,1.6774720462966786e-18,5.72590056672584e-12,4.410250957120709e-19,0.00015669204758389323,2000000.0,8788068.51103761
1.20925977031041e-05,0.00015305033389645124,90.07591654941432,468.22163605124314,0.0,2.824750963903062e-12,1558.8724357349151,5.43576007900378e-27,0.0,6.813621847844943e-36,519.6241452449738,5.586387436025214e-21,4.479365809295028e-19,4.7239572654828814e-18,9.809471963716404e-26,2.2326450093349146e-18,5.601634225976135e-12,3.8771651493133446e-19,0.00015399287391372116,2000000.0,8504756.934896324
1.2104934035605614e-05,0.00015415745419180765,89.41400682023789,463.9720484930228,0.0,2.76432707794417e-12,1525.526770378353,5.3194847818947815e-27,0.0,6.683550315306992e-36,508.50892345945294,5.4668896504881855e-21,0.0,4.622907626062496e-18,9.599567380339013e-26,3.117100464858126e-18,5.481811281151017e-12,3.4125204672257743e-19,0.00015136644327421768,2000000.0,8234952.034222034
1.2117270368107129e-05,0.00015525643047507133,88.75566897727367,459.8271059721628,0.0,2.706040121583601e-12,1493.3604007156825,5.207320108110953e-27,0.0,6.557414247483682e-36,497.7868002385627,5.351618008667998e-21,0.0,4.5254316898602946e-18,9.397091303717269e-26,4.874478428373308e-18,5.366226809350618e-12,3.0070406432246856e-19,0.00014880993771953239,2000000.0,7977834.421877137
1.2129606700608641e-05,0.00015634730965191263,88.10135212260413,455.7830519839738,0.0,2.649792045854818e-12,1462.3192075409554,5.099080699910686e-27,0.0,6.435073091133176e-36,487.439735846987,5.240378540429787e-21,2.9405116379703364e-18,4.4313654471768955e-18,9.201713812979717e-26,3.8216640981570365e-18,5.2546827430194236e-12,2.6527681314045096e-19,0.00014632067125721563,2000000.0,7732643.519730559
1.2141943033110156e-05,0.0001574301437973863,87.45144673976606,451.8362937218589,0.0,2.5954900250834805e-12,1432.3519565237777,4.9945941488587815e-27,0.0,6.31639056467211e-36,477.4506521745944,5.132987621025772e-21,4.4968186394990826e-18,4.340553632734214e-18,9.01312107427409e-26,2.8037173802427158e-18,5.146997873650125e-12,2.342868318206761e-19,0.00014389608343805455,2000000.0,7498672.810157879
1.215427936561167e-05,0.00015850498946817435,86.80629096178995,447.98339484938003,0.0,2.5430461086065145e-12,1403.4101369967912,4.89368136979345e-27,0.0,6.201234937226054e-36,467.80337899893215,5.029271483798948e-21,0.0,4.252849264729875e-18,8.830968345786106e-26,1.194009571119238e-17,5.043007895017882e-12,2.0714671409539232e-19,0.00014153373315922796,2000000.0,7275265.498930167
1.2166615698113185e-05,0.00015957190709644367,86.16617609632871,444.22106843339805,0.0,2.49237704160048e-12,1375.4478082984126,4.7961709788358774e-27,0.0,6.089479086632179e-36,458.48260276613934,4.929065518314395e-21,0.0,4.168113133022452e-18,8.654954030947278e-26,2.1736175172253746e-17,4.942538195733756e-12,1.8335083472480247e-19,0.00013923129270087628,2000000.0,7061810.553319915
1.21789520306147e-05,0.0001606309604474448,85.53135156754014,440.5461700975653,0.0,2.443404081844278e-12,1348.4214539376708,4.701937093380587e-27,0.0,5.981000007909319e-36,449.4738179792253,4.8322136107637944e-21,1.9362747219816285e-17,4.086213315244798e-18,8.484888294393323e-26,9.100014891240341e-18,4.845409534402509e-12,1.624630762418146e-19,0.00013698654201477472,2000000.0,6857739.083822346
1.2191288363116215e-05,0.00016168221613007552,84.9020293760297,436.95569142373193,0.0,2.3960525745051367e-12,1322.2898435482223,4.610876777413739e-27,0.0,5.8756791084356696e-36,440.76328118274245,4.738567908496213e-21,3.278911420465501e-17,4.0070248378177565e-18,8.320560371679797e-26,0.0,4.751495575733083e-12,1.4410738946422883e-19,0.00013479736326986358,2000000.0,6662521.039072572
1.2203624695617727e-05,0.0001627257431579229,84.27838810583657,433.44675359995597,0.0,2.3502514544664793e-12,1297.01390233541,4.522795038999692e-27,0.0,5.773402753143514e-36,432.3379674451383,4.6479887788524856e-21,0.0,3.930429411276161e-18,8.161524165023214e-26,6.370751015488302e-17,4.6607282999248335e-12,1.2795931502325135e-19,0.00013266173564941062,2000000.0,6475662.184832345
1.2215961028119242e-05,0.0001637616125588722,83.66057649886513,430.0166013118137,0.0,2.3059334577760443e-12,1272.5565876961873,4.4374592103928636e-27,0.0,5.674061732519715e-36,424.185529232064,4.560343735784204e-21,0.0,3.8563148627302835e-18,8.007417979296103e-26,1.5393637135319667e-16,4.572932023539723e-12,1.13737854445852e-19,0.00013057773039411866,2000000.0,6296701.340708276
1.2228297360620757e-05,0.00016478989702802243,83.04871664338295,426.66259688275795,0.0,2.2630357643594697e-12,1248.8827727652629,4.354960793909357e-27,0.0,5.5775499877575736e-36,416.29425758842257,4.475505715050772e-21,1.784936044175129e-16,3.784574381147061e-18,7.858624463619684e-26,4.9910902866401643e-17,4.487760723365868e-12,1.0119895566978029e-19,0.00012854350608780212,2000000.0,6125207.851397314
1.2240633693122271e-05,0.00016581067061757678,82.44290683258947,423.38221466995145,0.0,2.221498704934751e-12,1225.9591366509142,4.275611418822179e-27,0.0,5.4837634906730605e-36,408.6530455503063,4.393354221989045e-21,3.8518103798152956e-16,3.715106658173787e-18,7.715491546355767e-26,0.0,4.4051952904861535e-12,9.013065804790804e-20,0.00012655730418134162,2000000.0,5960779.271597802
1.2252970025623786e-05,0.00016682400845922493,81.8432241361637,420.1730357176632,0.0,2.1812583343786232e-12,1203.7540610711349,4.198950302786019e-27,0.0,5.3925992114198724e-36,401.2513536903798,4.313778531848134e-21,0.0,3.647816673255131e-18,7.573285568070477e-26,6.284562375952089e-16,4.325856439171352e-12,8.034988235200682e-20,0.0001246174447497584,2000000.0,5803039.245423931
1.22653063581253e-05,0.00016782998651632147,81.24972670505537,417.032742647899,0.0,2.142261200168226e-12,1182.237533063071,4.12288171416991e-27,0.0,5.3039862173038314e-36,394.0791776876918,4.236677886952867e-21,0.0,3.582615567416911e-18,7.431979290517884e-26,2.4486396566794844e-15,4.250289637251332e-12,7.171335766663879e-20,0.0001227223224639003,2000000.0,5651635.562496211
1.2277642690626815e-05,0.00016882868136340324,80.6624558390328,413.9591147959161,0.0,2.104425444829465e-12,1161.3810534438153,4.050962407892692e-27,0.0,5.217767754819811e-36,387.1270178146066,4.161931508995e-21,3.623983949189753e-15,3.519411237582604e-18,7.272396924786216e-26,7.820467709413193e-16,4.173631172235741e-12,6.403230256458065e-20,0.00012087040277807835,2000000.0,5506238.374985771
1.2289979023128328e-05,0.0001698201699901649,80.08143784195016,410.9500235830985,0.0,2.067820537003656e-12,1141.1575507212854,3.995022911492371e-27,0.0,5.134076048493134e-36,380.38585024042993,4.089406084882127e-21,1.3140776737104149e-14,3.4581104656769644e-18,7.17365495939013e-26,0.0,4.092069922829797e-12,5.734339159586353e-20,0.00011906021832400421,2000000.0,5366538.561242108
1.2302315355629843e-05,0.0001708045296270478,79.50668568701,408.0034281138632,0.0,2.0321518694929096e-12,1121.5413001643542,3.966059195076885e-27,0.0,5.052083327306091e-36,373.84710005478615,4.0189977228278395e-21,2.1385888322379794e-14,3.398631683596669e-18,6.974467588266115e-26,8.875062518852778e-16,4.012741663667257e-12,5.100404616014599e-20,0.0001172903654974388,2000000.0,5232246.222932192
1.2314651688131357e-05,0.00017178183759012242,78.93820051122937,405.1173709852554,0.0,1.9974714984627252e-12,1102.5078477432164,3.946276983440354e-27,0.0,4.971768189592918e-36,367.5026159144069,3.950707357250798e-21,3.876949366199945e-15,3.340928072804445e-18,6.732378412160315e-26,2.1166823418099915e-14,3.961227996715336e-12,4.5518016269194236e-20,0.00011555950122604645,2000000.0,5103089.303845956
1.2326988020632872e-05,0.0001727521711434346,78.37597296094296,402.2899743111654,0.0,1.9638124693603283e-12,1084.0339386557662,3.859896437132063e-27,0.0,4.893834581103627e-36,361.3446462185901,3.884647590794464e-21,0.0,3.2849894117238805e-18,6.486540474273471e-26,7.852038306641411e-14,3.9540189821091456e-12,4.1096758155157837e-20,0.00011386633991669874,2000000.0,4978812.319778938
1.2339324353134386e-05,0.00017371560737715566,77.81998439915702,399.5194359442152,0.0,1.9314686004167844e-12,1066.0974501681803,3.818074841086958e-27,0.0,4.820050222558704e-36,355.3658167227282,3.820253712530534e-21,1.174638923128905e-13,3.2305987420751367e-18,6.4704808705661e-26,2.2905463683371916e-14,3.836401934485855e-12,3.785503640153934e-20,0.00011220965056782273,2000000.0,4859175.189654267
1.2351660685635901e-05,0.00017467222309990624,77.27020798919506,396.80402588710655,0.0,1.9008360651801867e-12,1048.6773285129038,4.155756713507091e-27,0.0,4.7469965168475886e-36,349.55910950430257,3.756702470879295e-21,3.5656866591955814e-13,3.1774580326847063e-18,7.005006523931248e-26,0.0,3.5559715501754644e-12,3.2791170799112766e-20,0.0001105882540384498,2000000.0,4743952.159087556
1.2363997018137414e-05,0.00017562209474374842,76.72660966981852,394.1420828887899,0.0,1.86545159766703e-12,1031.7535296000528,5.008871251093203e-27,0.0,4.6670338323415323e-36,343.9178432000189,3.6942064105208954e-21,3.805809859123804e-13,3.125593488006116e-18,3.934924556893108e-26,1.9379594676922973e-13,3.4515934964174564e-12,2.5568228590421784e-20,0.0001090010204682338,2000000.0,4632930.808457769
1.2376333350638928e-05,0.00017656529828054436,76.18914903056933,391.5320112123089,0.0,1.834493556588214e-12,1015.3069633094294,5.502784402278492e-27,0.0,4.613653459733201e-36,338.43565443647805,3.635654494185249e-21,0.0,3.0758544421869063e-18,3.042820390183542e-26,1.1872745712969316e-12,4.311251706797006e-12,3.792225766664112e-20,0.00010744686683726245,2000000.0,4525911.1381695215
1.2388669683140443e-05,0.0001775019091485609,75.65778009982044,388.97227757030237,0.0,1.7913358239023357e-12,999.3194411418151,4.9365963650859944e-27,0.0,4.5120448377154946e-36,333.10648038060685,3.580755310939617e-21,0.0,3.0281259446936365e-18,0.0,2.1187982465945318e-12,5.209608393895368e-12,6.0012119725402206e-21,0.00010592475466088391,2000000.0,4422704.724567353
1.2401006015641958e-05,0.0001784320021883125,75.13245205364133,386.46140821873047,0.0,1.7563746496831436e-12,983.7736270205745,4.84503298097871e-27,0.0,4.446865805354313e-36,327.9245423401927,3.5222004897271126e-21,2.3908487171432533e-12,2.9799132023605304e-18,2.8780285215536877e-26,2.7471580644038843e-13,3.3471751144074687e-12,4.4908732772363916e-20,0.00010443368781129949,2000000.0,4323133.940494729
1.2413342348143472e-05,0.00017935565158670554,74.61310985224029,383.9979861985502,0.0,1.7584020636219688e-12,968.652991047101,1.398782625161963e-26,0.0,4.389984124697404e-36,322.8843303490326,3.455303017551502e-21,8.976332127582846e-12,2.9268401606654103e-18,2.5139044514873314e-25,0.0,0.0,1.6816080367617882e-20,0.00010297271045725951,2000000.0,4227031.235028662
1.2425678680644987e-05,0.00018027293082862358,74.09969481131459,381.5806487178668,0.0,1.5847525051540012e-12,953.9417660254019,4.492727855853054e-26,0.0,4.083100165535338e-36,317.98058867513004,3.398372496943063e-21,1.7192690226809792e-11,2.8659917935973757e-18,0.0,0.0,0.0,0.0,0.0001015409051152315,2000000.0,4134238.467446351
1.24380150131465e-05,0.00018118391265519024,73.59214511550918,379.20808466860734,0.0,1.5630026934472931e-12,939.6249065819285,5.520900085204818e-26,0.0,4.3894536833654444e-36,313.20830219397317,3.3580449988850093e-21,1.4398072458880733e-11,2.8040445408024214e-18,8.281109591943594e-25,6.135953703504449e-12,9.490921786681938e-12,5.020111340113504e-19,0.00010013739080658397,2000000.0,4044606.290938456
1.2450351345648014e-05,0.00018208866902803676,73.09039627998607,376.87903227109933,0.0,1.6921449176819344e-12,925.6880507170914,0.0,0.0,4.2799233644728556e-36,308.5626835723732,3.439928012967702e-21,0.0,2.7676628314944452e-18,2.0911587832034274e-24,4.194993362091972e-11,4.784404548402338e-11,0.0,9.876132131503134e-05,2000000.0,3957993.581973264
1.2462687678149529e-05,0.00018298727109897174,72.59438156493981,374.5922768389833,0.0,9.82050484558847e-13,912.1174836350659,-1.377040020278015e-41,0.0,3.7891586841749866e-36,304.03916121170516,3.522905566058142e-21,4.419871692249015e-12,2.740993315266517e-18,0.0,6.282828117189658e-11,6.707439717013709e-11,0.0,9.74118835382357e-05,2000000.0,3874266.9115669965
1.2475024010651044e-05,0.00018387978918450062,72.10403234753113,372.34664865822634,0.0,9.215181406377736e-13,898.9001037079663,0.0,0.0,7.148613833680863e-36,299.6333679026458,4.5288751881499855e-21,9.140904623801635e-11,2.658012719365607e-18,2.615815150195257e-24,0.0,0.0,2.2112402123166556e-18,9.608829592782167e-05,2000000.0,3793300.055060031
1.2487360343152558e-05,0.00018476629274469302,71.61927845546064,370.1410209740072,0.0,1.4770775558264276e-12,886.023390439917,4.318080963668354e-24,0.0,1.0829695894832097e-35,295.3411301465531,1.9122624727006593e-20,3.1451378524718053e-10,2.4252503822102837e-18,9.374877162808247e-24,0.0,0.0,0.0,9.478980701279305e-05,2000000.0,3714973.537295199
1.2499696675654073e-05,0.0001856468503659467,71.14004846610916,367.97430807995505,0.0,0.0,873.4753743049939,6.620224094461589e-24,0.0,9.67387947219177e-36,291.15845810148016,8.523254731045041e-20,5.990674561159016e-10,2.0073268688514504e-18,-1.6879377141299322e-39,0.0,0.0,0.0,9.351569400170536e-05,2000000.0,3639174.2103641364
1.2512033008155587e-05,0.0001865215297472465,70.66626997469179,365.845463504354,0.0,4.517269121225775e-12,861.2446083409802,0.0,0.0,4.2007092783231483e-35,287.0815361134844,1.9360232138577808e-19,5.729166091455527e-10,1.5455792409499333e-18,3.203523846254822e-23,1.4084245056205052e-10,1.5263663316791018e-10,8.003644870120156e-18,9.226526145906752e-05,2000000.0,3565794.8613461056
1.25243693406571e-05,0.0001873903976895558,70.19786983437108,363.7534782874573,0.0,1.1576001260313954e-11,849.3201413887613,0.0,0.0,3.1968179013754946e-34,283.10671379643816,3.0326792454939586e-19,0.0,1.6379518114698174e-18,9.854419891519055e-23,1.163075053294553e-09,1.1894107251947954e-09,0.0,9.103784005164103e-05,2000000.0,3494733.847667234
1.2536705673158615e-05,0.00018825352008800802,69.73477437019619,361.6973793384025,0.0,0.0,837.6914928760109,1.4155391977024058e-23,0.0,6.716524498398951e-34,279.2304976259537,4.357710716328838e-19,0.0,2.3855595404544566e-18,3.5140358935109506e-22,2.4285374742286723e-09,2.4209829171014043e-09,0.0,8.983278536078617e-05,2000000.0,3425894.7578498567
1.254904200566013e-05,0.0001891109619265909,69.27690956960215,359.67622787353827,0.0,0.0,826.3486290467196,-2.2356154275507085e-38,0.0,0.0,275.44954301530584,2.706760927975444e-18,3.6639025132365778e-09,3.534362816142124e-18,4.0995699053958714e-22,0.0,0.0,3.012277884843018e-17,8.864947675695303e-05,2000000.0,3359186.095750332
1.2561378338161644e-05,0.00018996278727507603,68.82420125708913,357.6891179943863,0.0,1.4006197802783832e-11,815.2819405286547,1.121017054251258e-22,0.0,3.172062050481639e-33,271.7606468431888,5.813750497564755e-18,2.082373327706102e-09,4.77322386889111e-18,3.3874903533295026e-22,1.9665429917928705e-09,2.013510244562969e-09,2.1930537934045733e-17,8.748731633132967e-05,2000000.0,3294520.9870693814
1.2573714670663159e-05,0.00019080905928795216,68.37657524472746,355.735175199872,0.0,2.439206579762565e-11,804.4822212120148,0.0,0.0,4.885080087372496e-33,268.1607404052093,1.1702861330247753e-17,0.0,9.842324092616456e-18,1.2062464702548877e-21,4.7302476619341685e-09,4.80963747500608e-09,0.0,8.634572788466763e-05,2000000.0,3231816.9045622586
1.2586051003164673e-05,0.00019164984020512567,67.93395746663379,353.81355509184885,0.0,2.3621005125934003e-11,793.9406482845561,0.0,0.0,6.564119847656057e-33,264.6468827629284,9.167830497557793e-18,2.937106187781075e-10,7.624300806143933e-18,1.5987535645321997e-21,5.268220083883194e-09,5.3468395189372975e-09,0.0,8.52241559674956e-05,2000000.0,3170995.4129342968
1.2598387335666186e-05,0.00019248519135418548,67.49627409961018,351.9234421244593,0.0,1.873700031639885e-11,783.6487633925324,1.5245406507556006e-22,0.0,1.4131886881254213e-32,261.2162544659213,6.050912987260715e-17,0.0,5.941195424132504e-17,6.3616667242225084e-21,6.205205038188565e-09,6.271550237448441e-09,5.4634053306723396e-18,8.412206496887742e-05,2000000.0,3111981.9306344553
1.2617625534391708e-05,0.00019377720683828284,66.82339180107864,349.0368811934753,0.0,9.474746085107775e-12,768.0780380317889,9.24576017698732e-22,0.0,3.2888890338542526e-32,256.0260126788509,1.0068939632924714e-16,2.626838952509499e-10,9.971454898018078e-17,1.0128794238177739e-20,5.7757533382777934e-09,5.821587461762515e-09,1.2390077058629696e-17,8.24410430582031e-05,2000000.0,3023393.309104728
1.2636863733117229e-05,0.00019505638877742276,66.16205483686902,346.2221747022411,0.0,1.4242245932492104e-12,753.0657281501865,2.895425682295291e-21,0.0,1.1391154034444617e-32,251.0219093844656,1.7069201951575666e-17,4.2251820621458726e-10,1.579291179731013e-17,4.5505130538726406e-21,4.352140401921217e-09,4.377339798497525e-09,1.3344545360832862e-17,8.08042745482077e-05,2000000.0,2938777.4059610018
1.2656101931842751e-05,0.00019632295664954283,65.51199018439445,343.4766080472603,0.0,0.0,738.5844572607439,6.031310008129361e-21,0.0,0.0,246.19481908823357,0.0,0.0,0.0,5.1918252715833945e-21,5.169346097509727e-09,5.171947418319732e-09,6.242447397022145e-18,7.920998738174517e-05,2000000.0,2857899.9892600724
1.2675340130568272e-05,0.00019757712471669725,64.87292877958241,340.7976040620006,0.0,3.1159167565430944e-12,724.6085248358073,8.39032270419176e-21,0.0,1.6941320650413834e-32,241.53617494725881,8.228480313596801e-17,0.0,8.404564588066742e-17,1.4869788217187014e-20,7.156902867795242e-09,7.144584428274504e-09,9.983469192694284e-20,7.765650325148808e-05,2000000.0,2780543.7430090043
1.2694578329293793e-05,0.00019881910210819832,64.24460598010822,338.1827145791635,0.0,5.316246900784241e-12,711.11378509326,8.832557726302743e-21,0.0,6.36566290735696e-32,237.0379283667785,1.5076331968647959e-16,2.8642586158604234e-10,1.531948272010715e-16,2.32888709714682e-20,8.209177776330365e-09,8.195066586442139e-09,0.0,7.614223161965956e-05,2000000.0,2706506.835606077
1.2713816528019315e-05,0.00020004909290917313,63.62676195503111,335.6296125007074,0.0,4.871684051891709e-12,698.0775357870332,8.984816204952442e-21,0.0,1.3748153149410336e-31,232.6925119316515,1.6617229034361596e-16,0.0,1.6825458837919227e-16,2.5120412274343624e-20,9.026177368110847e-09,9.017365482759256e-09,7.039170810088036e-19,7.466566410618686e-05,2000000.0,2635601.6255112826
1.2733054726744835e-05,0.00020126729625462086,63.019141999421606,333.13608435439437,0.0,4.4330551184009555e-12,685.4784160780474,8.866188723225792e-21,0.0,2.5293471381241187e-31,228.4928053622642,1.644453397799923e-16,0.0,1.6612048796749908e-16,3.2044370062064834e-20,9.84391805290312e-09,9.836679710442637e-09,0.0,7.322536925298121e-05,2000000.0,2567653.4895471344
1.2752292925470356e-05,0.00020247390642984137,62.421496766294936,330.70002342203856,0.0,3.77708064022617e-12,673.2963126332666,7.534964312270887e-21,0.0,3.4264490464138096e-31,224.4321042136974,1.5479185297541398e-16,1.7093309371520632e-09,1.564619958860608e-16,4.0505782112867637e-20,8.913173010716678e-09,8.90661488250227e-09,0.0,7.181998770189042e-05,2000000.0,2502499.761749129
1.2771531124195878e-05,0.00020366911297580394,61.83358242732492,328.3194234254459,0.0,1.5326793742186222e-12,661.5122732131841,5.909077685435643e-21,0.0,4.2546020900439485e-31,220.5040910733722,1.3522170173841958e-16,2.7879796396600054e-09,1.3705791361300803e-16,3.8621436230476886e-20,7.993587686284354e-09,7.993642143021919e-09,2.785075051173884e-19,7.04482277580645e-05,2000000.0,2439988.771390428
1.2790769322921399e-05,0.00020485310079699796,61.255160782091174,325.9923726330083,0.0,1.7782818075171543e-12,650.1084271083422,6.081346687778745e-21,0.0,5.469860930585152e-31,216.7028090399259,1.6658353041775368e-16,0.0,1.6845650216351229e-16,3.905752340318072e-20,1.2470807559814449e-08,1.2473245176235985e-08,7.6101016311601e-20,6.910886127378305e-05,2000000.0,2379978.969191198
1.281000752164692e-05,0.00020602605027032859,60.685999327389325,323.717048293936,0.0,0.0,639.0679118345629,5.3568679165100005e-21,0.0,9.532779671366226e-31,213.02263728395616,2.7025512202845713e-16,0.0,2.720291937933114e-16,6.708206502204757e-20,1.8320568412307525e-08,1.8327304859355255e-08,0.0,6.78007198096677e-05,2000000.0,2322338.13224399
1.2829245720372442e-05,0.00020718813735477615,60.12587129145165,321.4917114882164,0.0,0.0,628.3748055115481,0.0,0.0,1.1362206373379214e-30,209.45826850716784,5.57752733755427e-16,1.2412451399987297e-08,5.594351608850036e-16,8.902007162188774e-20,1.0949850236288153e-08,1.0968617149266195e-08,1.1439507294513504e-19,6.652269105992456e-05,2000000.0,2266942.640521879
1.2848483919097962e-05,0.00020833953370167147,59.57455563922971,319.31470249672844,0.0,8.136312170531062e-12,618.0140644023098,0.0,0.0,1.3870202235270308e-30,206.0046881340124,1.41794897018697e-15,2.3465963350881722e-08,1.4196098082841436e-15,7.961936505625236e-20,7.014215982331401e-10,7.258024576598074e-10,8.646974535323015e-21,6.527371553156333e-05,2000000.0,2213676.8187691336
1.2867722117823485e-05,0.00020948040676501366,59.031837049769514,317.18443638092964,0.0,0.0,607.971465232604,9.725515795837294e-22,0.0,2.2097049669879378e-30,202.6571550872423,2.6291632233717498e-15,0.0,2.630831300058135e-15,1.1637642281973958e-19,3.0059845554891865e-08,3.012202795766322e-08,0.0,6.405278345951747e-05,2000000.0,2162432.335267357
1.2886960316549005e-05,0.00021061091991103476,58.497505863126854,315.09939843338907,0.0,4.4685784427014087e-10,598.2335519487666,0.0,0.0,1.0375249039283945e-29,199.4111840136101,8.568013003794157e-15,0.0,8.569682459171979e-15,6.87993022920491e-19,9.34381649661463e-08,9.259999628904849e-08,1.6272546459902762e-18,6.285893193666269e-05,2000000.0,2113107.649827121
1.2906198515274526e-05,0.00021173123252634952,57.97135799826326,313.0581399281128,0.0,0.0,588.7875864900351,1.1475034844111682e-18,0.0,1.8178007726426633e-28,196.26252883815715,4.694600362513587e-14,1.3439711142768918e-07,4.694764053911867e-14,0.0,2.180042075359184e-08,2.8967635721579183e-08,1.1930655615781227e-33,6.169124224180356e-05,2000000.0,2065607.5088085292
1.2907400902694873e-05,0.00021180091694563468,57.938740907595545,312.93198300485045,0.0,0.0,588.2066283271489,1.2389825790972655e-18,0.0,1.947606907212828e-28,196.0688761188847,4.9981840929708254e-14,1.2911478800338633e-07,4.9983474982769635e-14,0.0,2.6506923981560734e-08,3.4397406975723474e-08,0.0,6.161911005257664e-05,2000000.0,2062697.2600478746
1.2908603290115219e-05,0.0002118705621652676,57.906154959562244,312.8059914516334,0.0,1.1431899877616279e-10,587.6267603602122,1.2306672407566292e-18,0.0,1.933018393847345e-28,195.87558680688315,5.060306550324227e-14,9.802358028006013e-08,5.0604697647369696e-14,1.6397975475913765e-19,5.7476869415881074e-08,6.528945886160732e-08,3.7083872517927575e-19,6.154707640975759e-05,2000000.0,2059793.7670488316
1.2909805677535564e-05,0.0002119401682226643,57.87360010465143,312.68016478956105,0.0,1.0334743413397014e-10,587.0479797701621,1.2258618542215672e-18,0.0,1.9204637344795245e-28,195.68265995144992,5.0853705598115595e-14,7.412392035562727e-08,5.085533570611699e-14,1.9203303795793611e-19,8.124040654295861e-08,8.902481972958256e-08,3.049596703760497e-19,6.147514110573038e-05,2000000.0,2056897.0077866027
1.291100806495591e-05,0.0002120097351551822,57.84107629503423,312.55450267559576,0.0,4.3311897196658165e-12,586.4702837178547,1.2351899586322807e-18,0.0,1.9371783387121635e-28,195.4900946050614,5.128116001492456e-14,6.082529481077555e-08,5.128278794310448e-14,1.4500238848592723e-19,9.429210900154739e-08,1.0225452494268493e-07,6.905949797967967e-20,6.14033039328945e-05,2000000.0,2054006.961223812
1.2912925683474466e-05,0.00021212060258934062,57.78927006321408,312.35443110265726,0.0,0.0,585.5511865985087,1.2776178671590226e-18,0.0,1.9997733531836804e-28,195.18372890099639,5.2341717479900977e-14,5.3399220881117974e-08,5.234334169340458e-14,9.057943250301688e-20,1.0127996748119133e-07,1.0956585792545596e-07,0.0,6.128893749699293e-05,2000000.0,2049411.6305798732
1.291484330199302e-05,0.00021223137075435285,57.737542483721455,312.1547760097508,0.0,2.5815394984204986e-10,584.634829355744,1.3421533736975644e-18,0.0,2.055120993680708e-28,194.87827648808286,5.3361355719043997e-14,4.90871995591573e-08,5.336297611529425e-14,1.4383653923918284e-19,1.0530879057263611e-07,1.1358197881026963e-07,2.4248195603158563e-19,6.117481929609612e-05,2000000.0,2044833.237322576
1.2916760920511575e-05,0.00021234203980085995,57.685893365331204,311.95553612779867,0.0,3.274915691130796e-10,583.7212005988636,1.386123627286829e-18,0.0,2.0806350291753913e-28,194.5737335723009,5.3859549478309524e-14,3.928079474786254e-08,5.386116629890537e-14,2.237199936694785e-19,1.1477469812070383e-07,1.231819353641525e-07,3.392798752005996e-19,6.106094849683011e-05,2000000.0,2040271.698106606
1.2919764624881118e-05,0.0002125151898565439,57.60514886664365,311.64428368168177,0.0,3.190568021264644e-10,582.295574986961,1.4451295168981091e-18,0.0,2.086203138266999e-28,194.0985250407113,5.397815694526529e-14,2.1736666807778202e-08,5.397976847392467e-14,3.977088247033738e-19,1.3182667880475076e-07,1.4039222574508364e-07,2.649401245721976e-19,6.088307972442565e-05,2000000.0,2033160.30670248
1.2922768329250658e-05,0.0002126880976671177,57.524595671511435,311.33404163153176,0.0,2.109792710054363e-10,580.8765728181922,1.4865141975191523e-18,0.0,2.092160737159934e-28,193.62552432162047,5.3798212182689484e-14,9.841359909130331e-09,5.3799818881095005e-14,5.618567762057678e-19,1.4320946766513124e-07,1.5199659088209127e-07,1.2704360429372908e-19,6.070581275489557e-05,2000000.0,2026089.7454731965
1.2929936941868702e-05,0.0002130997822457107,57.33311696671959,310.59767471792236,0.0,1.1656000878812591e-09,577.5165097194522,1.9656194835861834e-18,0.0,9.518299359005445e-26,192.5055032928556,5.271434068827226e-14,0.0,5.2715933708736986e-14,4.7979301998482207e-32,1.5651851244109985e-07,1.6356485024375732e-07,0.0,6.0285162530923395e-05,2000000.0,2009378.3642134706
1.29313245975871e-05,0.00021317931523818056,57.29617626757782,310.4557892793785,0.0,5.278873117516599e-10,576.8703708279596,1.964104813272858e-18,0.0,1.1512647213180334e-25,192.29012366218075,5.265313927604858e-14,1.1289404277730185e-09,5.265473052871836e-14,0.0,1.5535147648143074e-07,1.636654565383903e-07,1.6876636165166427e-19,6.020412599671222e-05,2000000.0,2006169.7822769652
1.2932712253305494e-05,0.00021325879699760105,57.259275802468956,310.3141154327466,0.0,1.9748034126729688e-10,576.2256107586825,1.9580472967994586e-18,0.0,1.1690606584619955e-25,192.07520363908154,5.260064838735332e-14,1.0458972870740984e-09,5.260223788428161e-14,2.4135120671715116e-19,1.5500485634900464e-07,1.6396864850593685e-07,1.8152188275591331e-19,6.012321534449896e-05,2000000.0,2002969.6601289003
1.2936119519956926e-05,0.0002134537404807972,57.16884019017605,309.9671423682762,0.0,1.181715963729992e-10,574.6482825499806,1.930739320516629e-18,0.0,5.809355704440486e-26,191.5494275697849,5.249756361749998e-14,0.0,5.249914889847874e-14,3.486215608040662e-18,1.5575362533917028e-07,1.6483782491462317e-07,0.0,5.992507846638718e-05,2000000.0,1995147.7417439618
1.2943853610268542e-05,0.00021389509828389719,56.9644552394706,309.1842413090485,0.0,1.0557162289565335e-09,571.0983761693482,1.7071938549861578e-18,0.0,0.0,190.36612544251676,5.265800954657827e-14,0.0,5.2659586764806e-14,3.982473580397376e-17,1.5560568834110952e-07,1.6262903373636717e-07,0.0,5.9478117708174535e-05,2000000.0,1977579.2206801048
1.2951587700580159e-05,0.00021433488010943867,56.76130044890844,308.4077807939182,0.0,7.29594495069673e-10,567.590169289925,1.5154438044293425e-18,0.0,0.0,189.19672314880174,5.272952805744926e-14,0.0,5.273109709009897e-14,2.7753618869492046e-16,1.5363399736568638e-07,1.611443436680575e-07,0.0,5.903498376640738e-05,2000000.0,1960265.2628519959
1.2959321790891775e-05,0.0002147730954312307,56.559363833196,307.6376805596601,0.0,1.3506244467708146e-10,564.122981368897,1.4308963967643797e-18,0.0,1.6015070174595512e-26,188.04099384131248,5.2567956267067136e-14,4.350947190633571e-11,5.256951636655458e-14,3.323905748669935e-16,1.516428856178111e-07,1.6024349524752916e-07,4.0317755957877376e-20,5.859562609541795e-05,2000000.0,1943200.9398106234
1.2967055881203392e-05,0.00021520975362864514,56.35863354585074,306.8738617485088,0.0,0.0,560.6961460225925,1.4073593298508454e-18,0.0,2.809255101804675e-26,186.89871539218356,5.2279209808129763e-14,4.0570305619814644e-11,5.228076058031759e-14,3.314606721685994e-16,1.504085813155575e-07,1.5930032403758803e-07,2.1593417588474137e-20,5.815999507204332e-05,2000000.0,1926381.4421417196
1.2974789971515008e-05,0.00021564486398747938,56.15909787833492,306.11624690276653,0.0,4.953427484659122e-11,557.309010673056,1.4039240209795864e-18,0.0,3.419854607427931e-26,185.76967027536526,5.195391246180251e-14,1.752551261536937e-11,5.1955453851203054e-14,3.510950351409987e-16,1.4953182602920392e-07,1.5832787260181606e-07,2.4916367127796983e-20,5.772804197723436e-05,2000000.0,1909802.0762082192
1.2982524061826624e-05,0.0002160784357023281,55.96074525671478,305.36475989304154,0.0,2.605311511930828e-11,553.9609361933258,1.4013496630862745e-18,0.0,3.8179483067848403e-26,184.65364544849356,5.1630304354448305e-14,2.0113650615187204e-12,5.1631836456251564e-14,3.596269762719013e-16,1.4863187427945263e-07,1.5744582938066696e-07,1.746291830900238e-20,5.729971896323449e-05,2000000.0,1893458.2605386898
1.299025815213824e-05,0.0002165104778784926,55.76356423909431,304.6193258673293,0.0,0.0,550.6512965669211,1.3953579294764327e-18,0.0,4.217776928583227e-26,183.55043223939515,5.131627122557686e-14,0.0,5.131779416826217e-14,3.377229621525877e-16,1.4770730591425587e-07,1.565773421279072e-07,0.0,5.6874979025846535e-05,2000000.0,1877345.5224730007
1.2997992242449857e-05,0.0002169409995333148,55.56754351396238,303.87987122652333,0.0,1.6702414638344768e-12,547.3794785616215,1.3875862229623822e-18,0.0,4.585659546592226e-26,182.4598262373312,5.1009904642718206e-14,9.483584112998794e-13,5.1011418546902194e-14,3.2397102638479003e-16,1.4682048429086224e-07,1.5566769634529983e-07,0.0,5.6453775982834206e-05,2000000.0,1861459.4950927296
1.3005969786094994e-05,0.0002173834895234387,55.366556257949796,303.12332799486455,0.0,1.1356673150158574e-11,544.0436605993984,1.379158432170055e-18,0.0,4.932909828343179e-26,181.34788691628515,5.0699229877425437e-14,6.290676782155347e-13,5.0700734573032955e-14,3.2655512198599334e-16,1.4593309252891964e-07,1.5471269908027375e-07,7.86045451753233e-21,5.6022971851153955e-05,2000000.0,1845306.4209267243
1.301394732974013e-05,0.00021782438097529431,55.16677945046095,302.37299129907313,0.0,0.0,540.7467979020307,1.3707613967204475e-18,0.0,5.282478482663202e-26,180.24893268352736,5.03922627042997e-14,0.0,5.0393758299204414e-14,3.283808894494261e-16,1.4503558998729104e-07,1.5378712521134857e-07,2.943656285239206e-21,5.559583349742548e-05,2000000.0,1829385.4492079949
1.3021924873385266e-05,0.00021826368349137004,54.96820111416345,301.6287844723272,0.0,0.0,537.488258195142,1.3623733194905697e-18,0.0,5.642118302398235e-26,179.16275278093286,5.0088561955554325e-14,0.0,5.009004855439686e-14,3.200299983408151e-16,1.4414181812774675e-07,1.5287972245986946e-07,0.0,5.517231292573964e-05,2000000.0,1813692.1221351672
1.3029902417030403e-05,0.00021870140658083616,54.77080941096705,300.8906321246925,0.0,2.733856611522197e-11,534.2674222777513,1.354365813066197e-18,0.0,5.974707598566161e-26,178.08914080817468,4.978826336049319e-14,1.879978173194572e-13,4.9789741066650534e-14,3.2063386954871214e-16,1.4328749458325031e-07,1.519546722684215e-07,1.1955006652539041e-20,5.475236297548645e-05,2000000.0,1798222.0883706664
1.303787996067554e-05,0.00021913755966245662,54.57459263785216,300.158460095265,0.0,0.0,531.083683683373,1.346140281252353e-18,0.0,6.320377533546936e-26,177.02789460975745,4.949148801117487e-14,5.454320433047291e-14,4.949295692769047e-14,3.0167288234423355e-16,1.4237129139686497e-07,1.5111251943247391e-07,0.0,5.433593728615026e-05,2000000.0,1782971.0998432175
1.305031080008341e-05,0.00021981407877176952,54.27115650049193,299.0293161060926,0.0,0.0,526.1952304054212,1.3332841236181134e-18,0.0,6.810391377625407e-26,175.39841018332635,4.903590838223105e-14,0.0,4.9037363804036917e-14,2.676570631454696e-16,1.4099046977268873e-07,1.497930425004847e-07,0.0,5.3693967671904766e-05,2000000.0,1759633.386192002
1.3072345913305068e-05,0.00022100408295571363,53.74008941712652,297.06219471354973,0.0,2.2917174015196475e-11,517.7409668848487,1.3143977771053929e-18,0.0,3.2841281669346744e-26,172.58032234236234,4.8248212441783674e-14,0.0,4.824964509207589e-14,-5.707121190372895e-31,1.3879815064662877e-07,1.4731678796500358e-07,3.943254028059264e-20,5.25762404852433e-05,2000000.0,1719500.1623617853
1.3094381026526727e-05,0.00022218247917992832,53.2175293137688,295.13784823365273,0.0,0.0,509.54670383281535,1.299053214754222e-18,0.0,1.5590817624151392e-24,169.84890132426867,4.7484823224673745e-14,0.0,4.7486213632754756e-14,4.408602420585225e-13,1.3677192482292077e-07,1.448188037798022e-07,3.1030623354060516e-20,5.1483623190152614e-05,2000000.0,1680878.4573955142
1.310850509380815e-05,0.000222931788601924,52.88694761289868,293.9262327887626,0.0,0.0,504.4259500627051,1.286834737606459e-18,0.0,1.3155905595634653e-23,168.14198340043,4.700754991141621e-14,3.09274759462442e-14,4.700901898486966e-14,0.0,1.3538668678135715e-07,1.4337877117355297e-07,0.0,5.07960826800687e-05,2000000.0,1656882.4786973498
1.3122629161089574e-05,0.00022367645254565285,52.55970990876926,292.73126956562885,0.0,6.283926137450852e-11,499.40469735367384,1.2736949455948548e-18,0.0,3.365310606306363e-23,166.4682324969599,4.6539354933463217e-14,1.9592821527910102e-14,4.654105673282943e-14,0.0,1.340638881020886e-07,1.4193464026165258e-07,1.5731479822059556e-20,5.011828573888574e-05,2000000.0,1633457.5123364772
1.3136753228370998e-05,0.00022441651784178496,52.23575940426346,291.55261678513426,0.0,6.056651578761612e-12,494.4802655877306,1.2607693144121618e-18,0.0,4.4858870021251854e-23,164.82675524119463,4.6080389154212465e-14,0.0,4.608212036913069e-14,4.3454705382003736e-12,1.326601551600522e-07,1.4061798712206743e-07,1.2934416992203428e-20,4.945002048187957e-05,2000000.0,1610585.4361949936
1.3150877295652422e-05,0.00022515203052605158,51.915040493154066,290.3899423416591,0.0,0.0,489.6500666439553,1.2483840720601025e-18,0.0,1.1005943278821975e-22,163.21668892616074,4.5628034659562334e-14,0.0,4.563197820620622e-14,0.0,1.313875388838336e-07,1.3930364507567797e-07,0.0,4.87910812925149e-05,2000000.0,1588248.8437017663
1.3165001362933846e-05,0.00022588303585580356,51.597498734774526,289.24292344728457,0.0,1.832085798794821e-10,484.9116005965184,1.2363904615853596e-18,0.0,4.434803790131947e-22,161.63720024324797,4.518572697485904e-14,5.0786061875669074e-15,4.5190390010908994e-14,5.075977653035018e-11,1.3022026897094066e-07,1.3786999204104237e-07,3.958357278113889e-20,4.8141268585066946e-05,2000000.0,1566431.0101818964
1.317912543021527e-05,0.00022660957832721488,51.2830808273956,288.1112462975718,0.0,2.8035265424248772e-11,480.2624520888865,1.2246089417143492e-18,0.0,1.6955713183712702e-21,160.08748407361176,4.475758180669549e-14,4.182995219165689e-15,4.475712426728075e-14,1.668782007583214e-10,1.2859269836805623e-07,1.3683459837172636e-07,2.7514213852308075e-20,4.750038855872117e-05,2000000.0,1545115.86104623
1.3193249497496692e-05,0.00022733170169172558,50.971734582225224,286.9946056854625,0.0,0.0,475.70028688370485,1.2129894767255462e-18,0.0,4.656942127196385e-21,158.56676233813357,4.434547758750559e-14,4.45397189846351e-16,4.433196239735944e-14,3.027027872522801e-10,1.270511932025393e-07,1.357128971098038e-07,0.0,4.686825297672077e-05,2000000.0,1524287.941349641
1.3207373564778116e-05,0.0002280494489715896,50.66340889899294,285.89270475194127,0.0,2.8701956243809576e-11,471.222848579626,1.2015579585866018e-18,0.0,9.34070452061184e-21,157.07428290303073,4.394443184585491e-14,0.0,4.3914695598910974e-14,2.5998814605150223e-10,1.2594631910855945e-07,1.3437624295552552e-07,4.506588646864538e-22,4.624467896878336e-05,2000000.0,1503932.387639927
1.322149763205954e-05,0.00022876286247490852,50.35805374165725,284.8052546926031,0.0,0.0,466.82795548370353,1.190339979150311e-18,0.0,1.2707769539519331e-20,155.6093185373209,4.35387186105094e-14,8.26312533327726e-16,4.3505121684665516e-14,0.0,1.2556904210278456e-07,1.3275504859133812e-07,5.579351434146521e-22,4.56294888452255e-05,2000000.0,1484034.9010045286
1.3235621699340964e-05,0.00022947198381040331,50.05562011455908,283.731974477769,0.0,0.0,462.5134976295216,1.1793372521101822e-18,0.0,1.2138214368022173e-20,154.17116591886523,4.3124250140618554e-14,7.933214124927736e-16,4.310304417554689e-14,0.0,1.2533426481928288e-07,1.3109530221723106e-07,0.0,4.502250991621192e-05,2000000.0,1464581.7215396373
1.3249745766622388e-05,0.00023017685390194775,49.75606003894933,282.6725905949416,0.0,5.721989942364457e-11,458.2774339332445,1.1685388184498584e-18,0.0,1.200179828917465e-20,152.75914468638504,4.2725820419138144e-14,1.6557015912021375e-16,4.270827259319736e-14,2.884678894437325e-10,1.243495662012601e-07,1.2980359176200523e-07,7.291983208926594e-21,4.442357431615498e-05,2000000.0,1445559.6042051143
1.3271960135047577e-05,0.00023127697076896623,49.29061224210722,281.0338655821615,0.0,7.361789561808801e-11,451.76881701355995,1.1519482887699096e-18,0.0,1.9655874866391907e-20,150.58960571256094,4.2144051198881497e-14,0.0,4.210171489811147e-14,5.405768110646716e-10,1.2249294483990285e-07,1.2800455906323268e-07,1.5582936201302906e-20,4.3497448835566573e-05,2000000.0,1416483.1518858955
1.3294174503472768e-05,0.00023236682402711167,48.831978852932835,279.42785833311547,0.0,0.0,445.4418892201362,1.1358193606573364e-18,0.0,4.798763343731638e-20,148.4806297808404,4.1536759835227816e-14,4.1614866053616466e-16,4.151208930391835e-14,0.0,1.2340662125362458e-07,1.2504239794304868e-07,0.0,4.259020502985021e-05,2000000.0,1388394.32172393
1.3316388871897957e-05,0.00023344656312038745,48.37998764313734,277.85360866597773,0.0,6.172337815334859e-10,439.2896473576278,1.1201342860536702e-18,0.0,8.257218859609236e-20,146.4298824927743,4.093991992216336e-14,1.941391089520233e-16,4.093874319666824e-14,7.352300863178092e-10,1.229219708076348e-07,1.2253326448674704e-07,7.545226184758689e-20,4.170125634648307e-05,2000000.0,1361248.5034979726
1.3338603240323147e-05,0.00023451633373192072,47.9344719017104,276.310195122947,0.0,1.6249389337428448e-10,433.30543213655875,1.1048765098561288e-18,0.0,1.6220230479538976e-19,144.43514408520335,4.067941630711545e-14,0.0,4.0381055973433474e-14,8.843501210325104e-09,1.0547523732421333e-07,1.2902725740982155e-07,4.9998792723327885e-20,4.083004086146768e-05,2000000.0,1335003.5896203534
1.3360817608748336e-05,0.00023557627791170318,47.495270222145564,274.7967326151964,0.0,8.110796680282034e-11,427.48290781357616,1.090030205682015e-18,0.0,3.5110584485713883e-19,142.49430264367598,4.102910146482671e-14,1.0296833768364364e-16,3.983843717669294e-14,2.3010337004416688e-08,7.514718437358541e-08,1.4176643332101284e-07,0.0,3.997601990703904e-05,2000000.0,1309619.8065603466
1.3383031977173526e-05,0.00023662653418448452,47.06222632375241,273.31237084776643,0.0,0.0,421.81604331326685,1.0755804136294054e-18,0.0,6.440425585163169e-19,140.60534780972063,4.176874385569665e-14,1.5984943873193908e-16,3.931032476843941e-14,2.2666685613707616e-08,7.362110856697748e-08,1.4022238621332643e-07,0.0,3.913867695774131e-05,2000000.0,1285059.5625891467
1.3405246345598715e-05,0.000237667237653676,46.63518887794509,271.85629273396233,0.0,0.0,416.29909463004594,1.0615128730781551e-18,0.0,6.915747572757972e-19,138.7663649148085,4.128390546949245e-14,3.4530310442300606e-17,3.879618347233953e-14,0.0,1.4787885226773943e-07,1.0105086178272178e-07,0.0,3.831751658848512e-05,2000000.0,1261287.306529265
1.3447478513246307e-05,0.00023961986562607445,45.83938175490034,269.16332061017346,0.0,1.02067757579187e-09,406.2047158440932,1.0357737083824194e-18,0.0,1.143182002705992e-18,135.4015719852332,4.1868840445775664e-14,0.0,3.78554575114535e-14,1.2844225014967742e-08,1.2974820793987767e-07,1.0590444332601836e-07,5.848104555343192e-20,3.6799329649173076e-05,2000000.0,1218147.2425329639
1.3458036555158205e-05,0.00024010280523465826,45.643625790568855,268.5050044381582,0.0,1.0697287695520579e-10,403.75853826984036,1.0295362644999096e-18,0.0,1.2898546557109442e-18,134.58617946025825,4.237322860417734e-14,3.3916053311254347e-16,3.762749075539674e-14,4.932425288197287e-08,5.4307096881015177e-08,1.4304482212708177e-07,6.5268650708490405e-21,3.642828926702154e-05,2000000.0,1207762.9141145474
1.3468594597070103e-05,0.00024058368464988718,45.44911887649512,267.8525039854179,0.0,0.0,401.3422728941087,1.023375095987141e-18,0.0,1.39129896689563e-18,133.78075766812645,4.243039913033572e-14,1.857219587427561e-16,3.740231160819739e-14,0.0,1.6972977205165804e-07,8.492591599175087e-08,0.0,3.6060558345001585e-05,2000000.0,1197532.4748938435
1.3468747443929113e-05,0.00024059063119044832,45.44631213662342,267.8431001910361,0.0,2.891505252799521e-11,401.3075101953031,1.0232864559938197e-18,0.0,1.3907608476311405e-18,133.7691701018547,4.24218018594511e-14,1.8385778917283095e-16,3.739907196617487e-14,0.0,1.7214201126544236e-07,8.370116093670647e-08,1.0946692141010835e-22,3.6055258850117596e-05,2000000.0,1197385.4855813154
1.3468900290788124e-05,0.00024059757730202785,45.44350565552356,267.833697606024,0.0,9.897152250343567e-11,401.27275365744896,1.0231978317171977e-18,0.0,1.3905817376335426e-18,133.7575845892335,4.241874219764737e-14,1.8200662353181963e-16,3.739583289830911e-14,1.8169890138901147e-09,1.7149789753823138e-07,8.397223002392063e-08,1.8892606355331368e-22,3.604996003922933e-05,2000000.0,1197238.527900231
1.3468977231542048e-05,0.00024060107370526865,45.44209301407269,267.8289649456258,0.0,1.0548667103752858e-10,401.2552600825493,1.0231532255618106e-18,0.0,1.3906376175887626e-18,133.75175339759866,4.241770052611447e-14,1.8108234516312615e-16,3.7394202618660574e-14,1.8955115799480462e-09,1.7126485633921443e-07,8.40780933354843e-08,2.663764506038509e-22,3.604729295824393e-05,2000000.0,1197164.5636250468
1.346905417229597e-05,0.00024060456999982225,45.44068043818429,267.82423259303226,0.0,1.6819487050694854e-11,401.2377680682311,1.023108623384787e-18,0.0,1.3907748775424196e-18,133.7459227261577,4.241664345571661e-14,1.801629672783897e-16,3.73925724844474e-14,1.7898226608283777e-09,1.712412884116582e-07,8.412696863267397e-08,3.157857629388322e-22,3.6044626050526384e-05,2000000.0,1197090.6073678057
1.346919726301877e-05,0.0002406110719516878,45.43805357162511,267.8154324054638,0.0,0.0,401.20524140846516,1.023025684978866e-18,0.0,1.3912299700515465e-18,133.73508050623272,4.241453138192923e-14,1.784655267817232e-16,3.7389541225727915e-14,1.8024295792204256e-09,1.7187174380035242e-07,8.396397046614209e-08,1.5584322722416593e-22,3.6039666724205825e-05,2000000.0,1196953.088371991
1.3469340353741568e-05,0.00024061757352768936,45.43542693176156,267.8066332802492,0.0,0.0,401.1727201443293,1.0229427603393392e-18,0.0,1.391900392166732e-18,133.7242400848511,4.241257230822968e-14,1.7678388061755456e-16,3.738651046984366e-14,2.2590762991345024e-09,1.7290500147775258e-07,8.372690241500777e-08,0.0,3.6034707996995457e-05,2000000.0,1196815.5970899463
1.3469483444464366e-05,0.0002406240747278593,45.432800518506816,267.79783520684776,0.0,0.0,401.14020427457683,1.022859849462835e-18,0.0,1.3925996406071144e-18,133.7134014615973,4.2411110651767566e-14,1.7511848776515794e-16,3.738348021667838e-14,2.681044480524711e-09,1.7370596878652676e-07,8.357381611754829e-08,0.0,3.602974986880189e-05,2000000.0,1196678.1334649585
1.3469626535187165e-05,0.0002406305755522301,45.43017433177802,267.78903817551105,0.0,4.083776438594114e-12,401.1076937979613,1.022776952341388e-18,0.0,1.3931248516276881e-18,133.70256463605583,4.2410012276342327e-14,1.734697264805321e-16,3.73804504661159e-14,2.766070493607395e-09,1.739245678813244e-07,8.354140779616151e-08,6.98093409736338e-23,3.6024792339530635e-05,2000000.0,1196540.6974447474
1.3469769625909965e-05,0.00024063707600083413,45.427548371558146,267.7802421897071,0.0,0.0,401.07518871323697,1.022694068967443e-18,0.0,1.3934967510886211e-18,133.6917296078114,4.24088881795674e-14,1.718372955736769e-16,3.737742121804021e-14,2.62432254572094e-09,1.738344370705272e-07,8.355099091731014e-08,8.542230148828148e-23,3.601983540906494e-05,2000000.0,1196403.2890390845
1.3470059772321356e-05,0.0002406502558685818,45.422224382311086,267.7624096861092,0.0,0.0,401.0092943917665,1.0225260477350861e-18,0.0,1.3934170104983672e-18,133.66976483398187,4.240536410814762e-14,1.6857709040925298e-16,3.737128032506297e-14,1.561765750942199e-09,1.7257023239425724e-07,8.364749692378043e-08,0.0,3.600978603198431e-05,2000000.0,1196124.749412303
1.347034991873275e-05,0.00024066343419172813,45.416901323831155,267.74458145686174,0.0,1.861952968772011e-11,400.94342222412547,1.022358082935583e-18,0.0,1.3916546910901364e-18,133.64780744476218,4.239860280105935e-14,1.6538316385485335e-16,3.736514149666914e-14,0.0,1.6938214444461794e-07,8.392949311604866e-08,0.0,3.599973911561811e-05,2000000.0,1195846.3231316742
1.3470640065144142e-05,0.00024067661097054323,45.411579196297374,267.72675759535,0.0,0.0,400.8775721999405,1.022190174614583e-18,0.0,1.3911323512658752e-18,133.6258574366945,4.238523423699657e-14,1.6225176696586337e-16,3.735900473189298e-14,0.0,1.7429081412469238e-07,8.100604241453092e-08,0.0,3.5989694658883086e-05,2000000.0,1195568.0105853903
1.3470930211555536e-05,0.00024068978620529714,45.406257999511915,267.7089381189775,0.0,0.0,400.8117443088439,1.0220223228515228e-18,0.0,1.3922077268379378e-18,133.60391480632293,4.237227990952016e-14,1.5917859239805327e-16,3.735287002976699e-14,9.27436750772301e-10,1.8280170096428123e-07,7.720233151978784e-08,0.0,3.597965266082237e-05,2000000.0,1195289.8117905925
1.3471220357966929e-05,0.00024070295989625984,45.40093773294912,267.6911229792822,0.0,9.406688523629273e-12,400.74593854047464,1.0218545276329073e-18,0.0,1.393352486938392e-18,133.5819795501938,4.2365477730491977e-14,1.561625692280143e-16,3.734673738932433e-14,1.400594177013019e-09,1.8664381766105962e-07,7.572818085217716e-08,1.9756307356874742e-23,3.5969613120591136e-05,2000000.0,1195011.7264572664
1.3471510504378322e-05,0.00024071613204370123,45.3956183961453,267.67331214041616,0.0,2.6517166147740504e-12,400.6801548844773,1.0216867888361827e-18,0.0,1.393656103989617e-18,133.56005166485534,4.2362643956667624e-14,1.5320469284064202e-16,3.7340606809600267e-14,1.1722309185367805e-09,1.8522193183713505e-07,7.641014648330711e-08,4.510333030925459e-23,3.595957603732613e-05,2000000.0,1194733.7543652672
1.3471800650789715e-05,0.00024072930264789098,45.39029998882676,267.65550560473577,0.0,7.64003328029989e-11,400.61439333050413,1.0215191063526442e-18,0.0,1.3934345951026974e-18,133.53813114685826,4.235922871499297e-14,1.503050536015511e-16,3.733447828963138e-14,1.0281714630675797e-09,1.8289931099653613e-07,7.728200570821838e-08,1.503578060806037e-22,3.594954141010142e-05,2000000.0,1194455.8954776877
1.3472090797201106e-05,0.00024074247170909874,45.384982510842875,267.63770339933336,0.0,0.0,400.54865386821274,1.0213514801493813e-18,0.0,1.3934746731308948e-18,133.5162179927551,4.235388761728574e-14,1.4746214905007026e-16,3.7328351828454166e-14,1.0863622647901608e-09,1.8264041324727847e-07,7.734732441007114e-08,2.1432199440664044e-22,3.593950923794912e-05,2000000.0,1194178.149866501
1.3472667197418635e-05,0.00024076862857907308,45.37442164991154,267.6023506564904,0.0,0.0,400.4181223998216,1.0210186440027569e-18,0.0,1.3963684184576177e-18,133.47270750327942,4.231665582383285e-14,1.4197939738152742e-16,3.731618720243961e-14,8.712027939129816e-25,2.1105714529227592e-07,6.445566646250282e-08,0.0,3.5919586764779884e-05,2000000.0,1193626.7206721392
1.3473243597636162e-05,0.00024079477936282087,45.3638644529593,267.5670149415882,0.0,1.5443891178706033e-09,400.28767799485803,1.0206860306942826e-18,0.0,1.398306728391757e-18,133.4292260349463,4.228871771022125e-14,1.3670717151646454e-16,3.730403069013028e-14,9.04170165053702e-09,2.290580939572307e-07,5.6392275413453e-08,4.064109430342968e-21,3.58996739698234e-05,2000000.0,1193075.7375975116
1.3473819997853689e-05,0.00024082092406245366,45.353310918143805,267.531696332263,0.0,2.3748162771032003e-10,400.1573205724559,1.0203536397445007e-18,0.0,1.407285831392728e-18,133.38577356080032,4.231163757316493e-14,1.31634195079636e-16,3.7291882283984417e-14,1.7008716774952e-08,2.3021156821878484e-07,5.730010729617892e-08,7.978890264844401e-21,3.587977084572073e-05,2000000.0,1192525.200522793
1.3473887009061566e-05,0.00024082396320149806,45.35208422146445,267.5275913579433,0.0,0.0,400.14217110343975,1.0203150109857949e-18,0.0,1.4092617776513309e-18,133.38072373779355,4.231883764312868e-14,1.310567720341614e-16,3.729047045871826e-14,1.689866459770878e-08,2.3013664200757164e-07,5.746873408763572e-08,7.873452794665579e-21,3.587745757305148e-05,2000000.0,1192461.2249934701
1.3473954020269443e-05,0.00024082700225834167,45.35085757418863,267.52348660274987,0.0,3.793303875968317e-11,400.1270228088574,1.020276385224587e-18,0.0,1.411135664962955e-18,133.37567430626473,4.232583885975641e-14,1.3048194738050561e-16,3.728905874290119e-14,1.689086491656672e-08,2.301209998720982e-07,5.7470723142499344e-08,7.697880402530381e-21,3.5875144431004745e-05,2000000.0,1192397.2554320814
1.3474071729718844e-05,0.0002408323403560088,45.34870300994038,267.516276894715,0.0,1.1337893492845195e-10,400.10041670876507,1.020208543869974e-18,0.0,1.4144062881615076e-18,133.3668056062315,4.2337838834539534e-14,1.2947849302335107e-16,3.7286579239210093e-14,1.6805573208141338e-08,2.3026633578906593e-07,5.738513336050121e-08,7.37665606275917e-21,3.587108156602001e-05,2000000.0,1192284.9033868522
1.3474189439168247e-05,0.00024083767820007234,45.34654859828307,267.50906790002034,0.0,5.782180677187465e-11,400.0738142313274,1.0201407117531955e-18,0.0,1.4176860239559684e-18,133.35793811374984,4.234970047255683e-14,1.284829636078167e-16,3.7284100073125254e-14,1.6660499402169998e-08,2.3044106577409954e-07,5.7344287481951857e-08,7.098294300367511e-21,3.5867019103913805e-05,2000000.0,1192172.5699164355
1.3474307148617648e-05,0.0002408430157905502,45.34439433917165,267.50185961342027,0.0,0.0,400.0472153758573,1.0200728888709527e-18,0.0,1.4209351771851188e-18,133.34907182859072,4.236160041613466e-14,1.2749529120434656e-16,3.728162124458265e-14,1.6586417560797152e-08,2.305010166229535e-07,5.7347701073766676e-08,6.842819099083691e-21,3.586295704463367e-05,2000000.0,1192060.2549936692
1.347459207133409e-05,0.00024085593469576295,45.33918045838076,267.484414457357,0.0,0.0,399.9828462558709,1.0199087577742352e-18,0.0,1.428684985247272e-18,133.32761545525602,4.239031614727148e-14,1.251367198817407e-16,3.72756224897842e-14,1.661496269894199e-08,2.304003008271773e-07,5.7422588614127076e-08,6.302597299404306e-21,3.585312625604412e-05,2000000.0,1191788.4668052648
1.3474876994050533e-05,0.0002408688521155499,45.33396747099532,267.4669734505177,0.0,8.984983447100429e-12,399.9184983436226,1.0197446807470124e-18,0.0,1.4364305286680183e-18,133.30616615116736,4.2419220154968575e-14,1.2282292079702562e-16,3.726962571139958e-14,1.6726597862933584e-08,2.3016269201493617e-07,5.7541322441907977e-08,5.824887304853589e-21,3.584329782642607e-05,2000000.0,1191516.7872181865
1.3475161916766975e-05,0.00024088176805016557,45.32875537674021,267.44953659166805,0.0,3.4608607696577856e-12,399.8541716293814,1.019580657764142e-18,0.0,1.4442422028882015e-18,133.28472391308105,4.2448389554323904e-14,1.2055301741044368e-16,3.726363090852193e-14,1.6790237909595068e-08,2.2999984472665028e-07,5.760872055530151e-08,5.35074388901702e-21,3.583347175491246e-05,2000000.0,1191245.2161749299
1.3475710279694373e-05,0.00024090662190932546,45.3187266805054,267.41598924283755,0.0,1.6527527195654782e-11,399.73042790726345,1.0192651307530339e-18,0.0,1.4593558080236485e-18,133.24347600569706,4.250514552295036e-14,1.163048029996051e-16,3.725209885329107e-14,1.701727162247695e-08,2.2950335177644587e-07,5.780162164875229e-08,4.576729153655984e-21,3.581456710799795e-05,2000000.0,1190722.8551835618
1.3476243042277155e-05,0.00024093076343644775,45.30898645564555,267.38341098539894,0.0,1.3933067617588318e-12,399.6102796632947,1.0189587716202182e-18,0.0,1.474204826897176e-18,133.20342659102982,4.2560861420733776e-14,1.1232457686247918e-16,3.7240901871645196e-14,1.7128150316642668e-08,2.2920163217951432e-07,5.7905821719794743e-08,3.902123398598676e-21,3.5796208634773135e-05,2000000.0,1190215.7392913518
1.3476775804859937e-05,0.0002409548997751733,45.29924934887196,267.350847210149,0.0,0.0,399.49020537186436,1.018652601035987e-18,0.0,1.4891375228306817e-18,133.1634018272087,4.261684930370474e-14,1.0848407555171179e-16,3.72297117818621e-14,1.7162868306197253e-08,2.2905564447339548e-07,5.792567174005528e-08,3.2930204142421752e-21,3.5777858391761066e-05,2000000.0,1189709.0019447817
1.3478403126223331e-05,0.00024102859202326985,45.269526680958144,267.2514708605044,0.0,0.0,399.12389615690546,1.0177185699725412e-18,0.0,1.534935096092384e-18,133.0412987555222,4.278872495782395e-14,9.756848995834651e-17,3.719557430784539e-14,1.7166399437166017e-08,2.2880590273394013e-07,5.787005313530461e-08,1.9197841963703224e-21,3.572185854593213e-05,2000000.0,1188163.5146650164
1.3481778900647456e-05,0.00024118130778310476,45.207961394951454,267.0457503274763,0.0,0.0,398.36620159041246,1.015786572735314e-18,0.0,1.5798470590020112e-18,132.78873389995516,4.2912598674441544e-14,7.840361703841025e-17,3.712496243812549e-14,0.0,2.6767334349616757e-07,3.8245039403772306e-08,3.941469743742995e-37,3.5605934438285344e-05,2000000.0,1184968.7039609754
1.3482100312496711e-05,0.0002411958372165792,45.20210617977463,267.02619356344417,0.0,1.8311215566463086e-11,398.2942141967007,1.0156030171504827e-18,0.0,1.5792830794950926e-18,132.76473810204465,4.290307157125707e-14,7.679047233279095e-17,3.7118253713146764e-14,0.0,2.7054532880157273e-07,3.679270571677939e-08,0.0,3.559491428250872e-05,2000000.0,1184665.3076285787
1.3482421724345965e-05,0.00024121036476829982,45.19625209236199,267.0066420423327,0.0,0.0,398.2222534666889,1.0154195296372763e-18,0.0,1.5790371316735162e-18,132.74075119203414,4.28934788169813e-14,7.521130064317516e-17,3.7111547473039235e-14,0.0,2.7242846481187954e-07,3.591697362327042e-08,0.0,3.55838970996908e-05,2000000.0,1184362.047602688
1.3483109462074278e-05,0.0002412414436296705,45.183729654792735,266.9648244495078,0.0,5.41228610252864e-12,398.0683657307939,1.0150271423013621e-18,0.0,1.5800543399574176e-18,132.68945528005503,4.28846834864367e-14,7.194320583435514e-17,3.7097206205149386e-14,3.817834962160813e-09,2.698433817202143e-07,3.714834268199332e-08,2.2301612810162886e-22,3.556033317593877e-05,2000000.0,1183713.6074236166
1.348345399275936e-05,0.00024125700973063309,45.17745832472797,266.9438844082376,0.0,1.0853379664353895e-11,397.99131960569144,1.0148306878362746e-18,0.0,1.5822779217909904e-18,132.66377323834715,4.288819594562903e-14,7.03612432262204e-17,3.7090026041547383e-14,4.412133153199791e-09,2.691315659855591e-07,3.746039952961121e-08,2.5804487595659185e-22,3.554853364977585e-05,2000000.0,1183388.997483154
1.3483798523444443e-05,0.0002412725736711529,45.171188288527965,266.9229503705972,0.0,0.0,397.91430405155086,1.0146343112969805e-18,0.0,1.584974705828242e-18,132.6381013869599,4.289357423961002e-14,6.88149980587108e-17,3.7082848726946516e-14,4.494982220927771e-09,2.689089326904852e-07,3.7540789562410125e-08,2.483824724123392e-22,3.5536737533735094e-05,2000000.0,1183064.5437174516
1.3484713870886739e-05,0.00024131391338097488,45.154536368509845,266.8673620651888,0.0,0.0,397.7098378798263,1.0141129573384071e-18,0.0,1.5925475105826339e-18,132.56994599636633,4.290973259445332e-14,6.487433363598337e-17,3.7063793900215994e-14,3.5966638651141493e-09,2.6899728838841495e-07,3.7398744650068135e-08,1.6636609025526133e-22,3.550541422412455e-05,2000000.0,1182203.294417396
1.3487692105537586e-05,0.00024144831357567276,45.10041965357386,266.68678903071793,0.0,1.648276495550316e-09,397.04606188644044,1.01242043090466e-18,0.0,1.6639667367322711e-18,132.3486873318436,4.3282940843954825e-14,5.3592415133669234e-17,3.70019345889981e-14,2.1031602706480573e-08,1.8882850704987924e-07,7.612780200304151e-08,1.6217484589687158e-20,3.540366479611971e-05,2000000.0,1179408.6783733945
1.3488436664200296e-05,0.00024148188845241015,45.086905525166856,266.64171565352643,0.0,5.339125241529125e-10,396.8804728318347,1.0119982020104424e-18,0.0,1.6846169393452379e-18,132.29349098029317,4.338743977280366e-14,5.109890653892926e-17,3.698650283947866e-14,3.2221032499398494e-08,1.640419563782337e-07,8.900054209838498e-08,1.9109940569649877e-20,3.537826707620896e-05,2000000.0,1178711.8362711489
1.3489181222863007e-05,0.00024151545326932649,45.07339740666366,266.5966700652703,0.0,0.0,396.71502541653604,1.0115763342005714e-18,0.0,1.712776214217062e-18,132.23834184184514,4.348093997879223e-14,4.8724119497558666e-17,3.6971084289760595e-14,2.448683291021506e-08,1.7758197512974416e-07,8.308591820025053e-08,1.2776659579162277e-20,3.5352885181110156e-05,2000000.0,1178015.7164039821
1.3489925781525717e-05,0.0002415490080308928,45.059895293496055,266.551652294236,0.0,6.809221358622791e-10,396.54971947190364,1.011154827148311e-18,0.0,1.7367572437215558e-18,132.18323986028588,4.3572530240720914e-14,4.6462486041719197e-17,3.6955678924126604e-14,2.3905575393106425e-08,1.7872201186383553e-07,8.252467955257914e-08,9.544752715457598e-21,3.532751909566732e-05,2000000.0,1177320.3180020254
1.3491295567834456e-05,0.0002416107134595191,45.03507072716913,266.4689044359678,0.0,7.129336983173987e-11,396.2459702547564,1.0103803097644406e-18,0.0,1.7760634405468244e-18,132.08199012120897,4.3708199319737675e-14,4.2573245875466106e-17,3.6927371607286525e-14,1.792647161665192e-08,1.8921103235274216e-07,7.792751959634401e-08,4.0463935394454986e-21,3.528089359621015e-05,2000000.0,1176042.8547104492
1.3492665354143194e-05,0.00024167238490020748,45.01026643796673,266.38625055335393,0.0,6.94084580235743e-11,395.94269823142145,1.0096070093906428e-18,0.0,1.810024866925848e-18,131.9808994467362,4.383311754272103e-14,3.901489196283513e-17,3.6899108761596865e-14,1.7496165332478848e-08,1.896688568409951e-07,7.772551537864667e-08,2.1625902771477372e-21,3.523432145293766e-05,2000000.0,1174767.82389698
1.3494035140451933e-05,0.00024173402237902405,44.985482397952396,266.3036905311223,0.0,2.2070790412354812e-10,395.63990236695264,1.00883492274786e-18,0.0,1.8448330886718435e-18,131.87996749188554,4.39738864307473e-14,3.5760426630628195e-17,3.687089029060283e-14,2.167632623701737e-08,1.8121188006410667e-07,8.179901481782488e-08,2.607331284572619e-21,3.5187802578081834e-05,2000000.0,1173495.2195397643
1.3495404926760671e-05,0.0002417956259231223,44.96071857788548,266.221224215994,0.0,2.1213728006040498e-10,395.3375816237817,1.0080640469063582e-18,0.0,1.8844435234667054e-18,131.7791939108009,4.4140175498649595e-14,3.2783904827536085e-17,3.6842716097607944e-14,2.7033960823415445e-08,1.702912104914107e-07,8.714935829139615e-08,3.47645543999582e-21,3.5141336880342254e-05,2000000.0,1172225.0354487444
1.349677471306941e-05,0.00024185719555999086,44.935974948109255,266.1388514366906,0.0,1.0438888780615847e-10,395.03573496542384,1.0072943793332953e-18,0.0,1.929133442572228e-18,131.67857835798728,4.432483654018267e-14,3.006123747889016e-17,3.681458608601973e-14,3.069985580449042e-08,1.6267205087816182e-07,9.088703599982682e-08,3.558673790043017e-21,3.509492426739788e-05,2000000.0,1170957.2653670092
1.3499195358116515e-05,0.0002419659167493914,44.89229802256963,265.9935129348212,0.0,0.0,394.50347661468373,1.0059371928420028e-18,0.0,2.0151775704397526e-18,131.50115890769183,4.4668916525232464e-14,2.5801642775950504e-17,3.6764983305398644e-14,3.2513456869726556e-08,1.5861308037510493e-07,9.274986085806063e-08,2.1985551867204378e-21,3.501303479484289e-05,2000000.0,1168722.7835144775
1.3501616003163622e-05,0.00024207453228067974,44.84868390131082,265.8484652447406,0.0,0.0,393.97268990208505,1.0045837586513419e-18,0.0,2.103267517839335e-18,131.32423000344366,4.501154312572375e-14,2.2165294417389168e-17,3.671551767122851e-14,3.066280803593456e-08,1.6194617145473122e-07,9.088502009018226e-08,4.158441569005743e-22,3.493131032765056e-05,2000000.0,1166495.7875238627
1.3504036648210728e-05,0.00024218304230536213,44.80513242166441,265.7037075442534,0.0,0.0,393.44336917041727,1.003234062769053e-18,0.0,2.1879810451397294e-18,131.1477897595059,4.533942001633795e-14,1.9058975294257966e-17,3.666618865630025e-14,2.8580257494583446e-08,1.6575538068901196e-07,8.877710109653276e-08,0.0,3.4849750358769685e-05,2000000.0,1164276.243816679
1.3506457293257835e-05,0.0002422914469792547,44.76164341644429,265.55923897737387,0.0,3.6872097283885026e-11,392.9155087676746,1.0018880906271919e-18,0.0,2.2706260762824768e-18,130.97183629187668,4.566160651510384e-14,1.640073025797255e-17,3.661699573388481e-14,2.8665895940318684e-08,1.652985434715154e-07,8.87683088801449e-08,4.3668374239660405e-22,3.4768354367530704e-05,2000000.0,1162064.1187714855
1.3510596027424907e-05,0.00024247654988531446,44.687431692137864,265.31289902130925,0.0,3.3400220320666865e-11,392.0163583651222,9.995953791796686e-19,0.0,2.4093603654285803e-18,130.67211949094354,4.6212651952980086e-14,1.2715078633237709e-17,3.65332011628901e-14,2.9986040220842606e-08,1.6212698379703833e-07,8.997259669349008e-08,1.0592472132151989e-21,3.4629564751545845e-05,2000000.0,1158298.99478157
1.3519447172015968e-05,0.00024287138447347516,44.52932925057802,264.78888265696423,0.0,1.6412998151051526e-10,390.10756874139514,9.947282176686882e-19,0.0,2.71156129653535e-18,130.03585628285975,4.7536766899909076e-14,7.564385095593125e-18,3.63553152305199e-14,4.782991993048977e-08,1.254609030407046e-07,1.0742110980726547e-07,4.124042190731061e-21,3.43343399225376e-05,2000000.0,1150318.5517225228
1.352829831660703e-05,0.00024326482331178846,44.37204839744964,264.2686610206272,0.0,1.2922226254214031e-11,388.21783350472913,9.899096328058318e-19,0.0,3.052086284182731e-18,129.40594453713138,4.89877893192127e-14,4.654967377692659e-18,3.6179205034555245e-14,5.972905839801029e-08,1.0042865039703422e-07,1.1919434445909918e-07,2.73370615265631e-21,3.4041264994952076e-05,2000000.0,1142434.5048063202
1.353714946119809e-05,0.0002436568736496883,44.21558140246212,263.75219413875743,0.0,0.0,386.346888927305,9.851389585064317e-19,0.0,3.440153177113227e-18,128.7822963444853,5.049732073797908e-14,2.9105018002432366e-18,3.600484599747613e-14,5.215098992193902e-08,1.1442279810682238e-07,1.1143196081493153e-07,0.0,3.375031607783735e-05,2000000.0,1134645.2937590755
1.354600060578915e-05,0.00024404754265500394,44.05992064504871,263.2394427918928,0.0,0.0,384.494476047948,9.804155475938336e-19,0.0,3.7785223345604486e-18,128.16482538453002,5.165646524323547e-14,1.8187874419936866e-18,3.58322139860423e-14,2.1829068475168908e-08,1.738193780824476e-07,8.102435120443705e-08,-1.9021108441542263e-37,3.346146969683471e-05,2000000.0,1126949.3909168406
1.3554851750380212e-05,0.00024443683742708867,43.90505859691755,262.7303683536717,0.0,2.6017706486290233e-26,382.6603405105446,9.757387775873605e-19,0.0,3.5796603171899465e-18,127.55344687189427,5.0496894522167585e-14,1.1291247176058673e-18,3.566128529621038e-14,0.0,2.8828900155792183e-07,2.3193773299371155e-08,0.0,3.3174702743423096e-05,2000000.0,1119345.2996922242
1.3563702894971272e-05,0.0002448247650006735,43.75098782550802,262.2249330305546,0.0,0.0,380.84423245052653,9.711080196010466e-19,0.0,3.2464373932429843e-18,126.94807751838866,4.876300506225054e-14,6.986303530315484e-19,3.5492036642103874e-14,0.0,3.5569494657118743e-07,0.0,0.0,3.2889992451208464e-05,2000000.0,1111831.5546352528
1.3572554039562333e-05,0.0002452113323463492,43.5977009844597,261.72309927653356,0.0,0.0,379.04590639998526,9.665226313333224e-19,0.0,3.096342300466537e-18,126.34863550137689,4.7903853909169e-14,4.337579502863758e-19,3.5324445147684053e-14,2.101867643899803e-09,3.8042175036436066e-07,0.0,0.0,3.260731639314782e-05,2000000.0,1104406.7183743848
1.3581405184153393e-05,0.00024559654637059503,43.44519081509256,261.22483003947167,0.0,2.707836656875367e-12,377.26512119718575,9.619819784016094e-19,0.0,3.0987271886800035e-18,125.75504043361403,4.777116463968445e-14,2.7167618549918835e-19,3.5158488338355076e-14,3.9058593964139605e-09,3.8201006772764857e-07,4.637658750724244e-09,4.379149951354676e-23,3.2326652476777884e-05,2000000.0,1097069.3820947374
1.3590256328744455e-05,0.0002459804139161323,43.29345014622407,260.73008880278593,0.0,1.899345173740138e-12,375.5016398967691,9.57485443579245e-19,0.0,3.1780081687029562e-18,125.1672133333137,4.800764082606542e-14,1.7191635274659806e-19,3.4994144132483985e-14,5.015255541561711e-09,3.768887982732911e-07,7.913456347622892e-09,5.943240308030225e-23,3.2047978939164974e-05,2000000.0,1089818.1650483469
1.3599107473335515e-05,0.0002463629417625619,43.142471893229974,260.23883959157627,0.0,0.0,373.755229680826,9.530324286376998e-19,0.0,3.283510497871415e-18,124.58507659450612,4.8369185927625945e-14,1.097371650118986e-19,3.483139083308017e-14,5.071479938275917e-09,3.7302877487433224e-07,8.824249192200673e-09,3.056827155879899e-23,3.1771274341177506e-05,2000000.0,1082651.7139232229
1.3607958617926575e-05,0.0002467441366271174,42.99224905675965,259.75104696333096,0.0,3.0294914712309157e-14,372.0256617716062,9.486223512370992e-19,0.0,3.3867322439177903e-18,124.00855395794117,4.8723429515278674e-14,7.048067834753877e-20,3.4670207119656145e-14,4.902607057105548e-09,3.705549681514083e-07,8.79605632587754e-09,2.0184752332774532e-23,3.149651756151998e-05,2000000.0,1075568.7021916816
1.3619524290269991e-05,0.00024724024102880637,42.79708186383659,259.1188061501935,0.0,3.8161300361537613e-13,369.79066787377917,9.429235231573355e-19,0.0,3.5079854861664445e-18,123.26355599179418,4.913060417319776e-14,3.964800479396711e-20,3.4461921215410815e-14,4.910396896847201e-09,3.6805751274110947e-07,8.68157595067699e-09,2.5343596367962865e-23,3.114039749690571e-05,2000000.0,1066437.0164849202
1.3631089962613406e-05,0.00024773409551516647,42.60317746633653,258.4923308483999,0.0,0.0,367.58355585841997,9.372957808279798e-19,0.0,3.623159559771456e-18,122.52785198647236,4.951332190580251e-14,2.1968848435576858e-20,3.425623370891178e-14,4.855847414072453e-09,3.6619457632174917e-07,8.560377594378791e-09,3.110116008736966e-23,3.0787522018282044e-05,2000000.0,1057442.7433097893
1.3642655634956822e-05,0.0002482257146060784,42.410520882071516,257.87154574776554,0.0,4.488850613054643e-14,365.40384503424997,9.317378998387453e-19,0.0,3.736232776197655e-18,121.80128171154944,4.989126287804838e-14,1.1859681693209242e-20,3.405309980306965e-14,4.7841875747954406e-09,3.6429011746180606e-07,8.513678170809628e-09,2.9027827351515257e-23,3.0437846346949345e-05,2000000.0,1048583.1183609779
1.3654221307300236e-05,0.00024871511264347977,42.2190973691391,257.2563769557205,0.0,9.2039589286333e-13,363.25106541979625,9.262486819639669e-19,0.0,3.8553577196985936e-18,121.08368850653444,5.0307409014106513e-14,6.449671876848671e-21,3.3852475698873413e-14,5.3240365093360305e-09,3.610052775714587e-07,9.085046913183618e-09,2.1905861015774552e-23,3.00913265848958e-05,2000000.0,1039855.4473803322
1.3676055435582657e-05,0.0002496330129946634,41.86103067446082,256.11009121464133,0.0,0.0,359.25875970973874,9.160689726045088e-19,0.0,4.055589770821672e-18,119.75291993614971,5.0965743600641835e-14,1.1517669499020987e-21,3.348042054219881e-14,3.871872126424969e-09,3.5928050158213926e-07,7.76802220609784e-09,3.8962841936660133e-23,2.9445604093648995e-05,2000000.0,1023729.4724620268
1.369788956386508e-05,0.00025054314182213204,41.50721145634613,254.98308791979215,0.0,0.0,355.35780966470486,9.061222022317484e-19,0.0,3.8271180511316234e-18,118.45260325411456,4.940807308429426e-14,0.0,3.3116879098950145e-14,0.0,3.8492029063647234e-07,0.0,0.0,2.8810694000018867e-05,2000000.0,1008047.4164434609
1.3719723692147502e-05,0.0002514455908358768,41.15754693305053,253.87490721717134,0.0,0.0,351.54534229561966,8.964010627801896e-19,0.0,3.304089724108909e-18,117.18178079740373,4.6329921671625855e-14,0.0,3.276158362646222e-14,0.0,4.1685586749898677e-07,0.0,0.0,2.818632409628023e-05,2000000.0,992793.0231525037
1.3741557820429924e-05,0.0002523404497573305,40.81194695692884,252.78510441662974,0.0,2.915327069966298e-12,347.81860069617403,8.868985096714744e-19,0.0,3.098719558067037e-18,115.93953359724729,4.4831490769914946e-14,0.0,3.2414277200060973e-14,4.455637686507237e-09,4.2515639506736064e-07,6.434827840898715e-09,6.719233112062008e-23,2.7572231548474e-05,2000000.0,977950.7802828995
1.3763391948712347e-05,0.0002532278063744249,40.470323923792066,251.71324920552863,0.0,4.304137954023255e-13,344.17493837683696,8.776077840590175e-19,0.0,3.3494147100142683e-18,114.72497949046797,4.5783348627361645e-14,0.0,3.207471318528254e-14,7.84754485951568e-09,4.176944393357252e-07,1.1165194156689243e-08,6.165538593109527e-23,2.6968162491903596e-05,2000000.0,963505.8783689911
1.3785226076994769e-05,0.00025410774658968477,40.13259269303017,250.65892497213932,0.0,5.789689486169464e-27,340.6118139422219,8.68522430698317e-19,0.0,2.7418985807318683e-18,113.53727134527003,4.208288552111509e-14,1.3178931085433974e-23,3.1742654742014174e-14,-1.4821605084593829e-24,4.810981278976797e-07,1.4821605084593829e-24,0.0,2.6373871686542344e-05,2000000.0,949444.1726827512
1.3790684609065376e-05,0.0002543265827195065,40.04875823470755,250.3980356798753,0.0,5.96810308346941e-14,339.7333286640768,8.662824524061107e-19,0.0,2.483858243492439e-18,113.2444429191412,4.0594042575095477e-14,1.5171346858219168e-23,3.166078601720236e-14,0.0,4.994498096854605e-07,0.0,1.0039828053102062e-23,2.6226798907689413e-05,2000000.0,945987.0239159623
1.3796143141135981e-05,0.00025454496188293826,39.9651605612758,250.13821073083096,0.0,0.0,338.8596867569219,8.640548255667588e-19,0.0,2.4418001406228584e-18,112.95322895000959,4.0294005725653e-14,1.2721793438166263e-23,3.1579368660876203e-14,1.501076170262023e-09,5.014599550219502e-07,2.3431058095736284e-09,2.358558202002006e-23,2.6080318797481216e-05,2000000.0,942552.7724260044
1.3801601673206589e-05,0.0002547628853692169,39.881798410822874,249.87944397044933,0.0,3.559196430242258e-13,337.99085138901114,8.618394535610368e-19,0.0,2.495079185354293e-18,112.66361716062643,4.0519152088544154e-14,9.493232121575227e-24,3.149839924059677e-14,2.32340808860955e-09,4.976721292910462e-07,3.6238766269393823e-09,2.963173345496474e-23,2.593442776140575e-05,2000000.0,939141.2151715267
1.3810495042948562e-05,0.0002551169667708226,39.746480991418004,249.46009636229618,0.0,0.0,336.58549307154664,8.582560415571529e-19,0.0,2.660109989266907e-18,112.19516438800962,4.131858492511724e-14,4.476554670837821e-24,3.136742960875837e-14,2.793615498723224e-09,4.878571804436732e-07,4.604512225860455e-09,2.964114482517115e-23,2.5697985809126464e-05,2000000.0,933630.9896140019
1.3819388412690536e-05,0.0002554698474849152,39.61178008266763,249.04351561314448,0.0,0.0,335.1926413221155,8.547045130677517e-19,0.0,2.78655971346865e-18,111.73088047140502,4.190578191679531e-14,1.6662446288573005e-24,3.123762550218147e-14,2.0375956336596818e-09,4.821633999725029e-07,4.055038756767737e-09,2.6192227120058168e-23,2.5463082883846125e-05,2000000.0,928179.6187757505
1.3828281782432512e-05,0.000255821532973804,39.47769037417956,248.62967607324182,0.0,1.5620889951917074e-13,333.8121429208117,8.511844784261278e-19,0.0,2.8566150563702965e-18,111.27071433751067,4.218784568589761e-14,6.732610093760952e-25,3.110897264183969e-14,1.800517449990581e-09,4.785860523111991e-07,3.852278827714326e-09,2.713764271189699e-23,2.522970393927188e-05,2000000.0,922786.262892736
1.3837175152174485e-05,0.0002561720286514364,39.34420661741896,248.21855242891343,0.0,0.0,332.4438470844924,8.47695554443139e-19,0.0,2.8936229835850623e-18,110.81461572527895,4.2289458446233104e-14,4.708701735711588e-25,3.0981456975786666e-14,1.5790399358008452e-09,4.766847207758519e-07,3.6112811424546366e-09,2.833737412795267e-23,2.4997834139282912e-05,2000000.0,917450.0973125639
1.3846068521916459e-05,0.00025652133988416737,39.211323624539766,247.81011970389758,0.0,0.0,331.08760541877155,8.442373635792231e-19,0.0,2.91630613922632e-18,110.36253516991448,4.231196108104442e-14,4.467003157377042e-25,3.085506467469267e-14,1.348357350307952e-09,4.7532489524223837e-07,3.3575872780247895e-09,2.889320882913216e-23,2.4767458853463633e-05,2000000.0,912170.3121977991
1.3854961891658435e-05,0.00025686947199197904,39.07903626666079,247.40435324632531,0.0,3.6792003272186736e-14,329.7432718693521,8.4080953378900025e-19,0.0,2.936407404366343e-18,109.91442398665158,4.232313357638587e-14,4.0179424920868104e-25,3.07297821273099e-14,1.3704080395032348e-09,4.734925504162415e-07,3.3642247165019853e-09,2.864975725373475e-23,2.4538563650666117e-05,2000000.0,906946.1121729775
1.387088864692106e-05,0.0002574899968407545,38.84360104966682,246.68426999274894,0.0,0.0,327.365068516991,8.347454993724402e-19,0.0,2.967311883273759e-18,109.12168953564678,4.2315653238830886e-14,2.863955366311988e-25,3.050815009684711e-14,1.1576207966280748e-09,4.7065556107548006e-07,3.134005811678486e-09,2.8658022956483494e-23,2.413229903566448e-05,2000000.0,897726.7662367083
1.3886815402183686e-05,0.00025810678685236145,38.61003124289633,245.97252278350282,0.0,1.0134211066084726e-13,325.0237890045369,8.287756069735023e-19,0.0,2.9914895145194005e-18,108.341263031281,4.227014816272214e-14,1.7952117990728985e-25,3.028995911174532e-14,9.77387699644014e-10,4.6767935258045955e-07,2.9398981845838544e-09,2.906438596019241e-23,2.3730655540025998e-05,2000000.0,888678.8167655695
1.3902742157446313e-05,0.00025871987154576733,38.378298697469894,245.26897716162694,0.0,0.0,322.71864775491434,8.228978547196904e-19,0.0,2.999895489693571e-18,107.57288261452906,4.2147964668919454e-14,1.07806227298049e-25,3.00751359616815e-14,3.9296943573887785e-10,4.655050556477487e-07,2.3418175577131107e-09,2.6959305215689634e-23,2.3333554664738017e-05,2000000.0,879798.0222362869
1.3918668912708938e-05,0.00025932927996558726,38.14837585926056,244.5735019041157,0.0,7.895005311963404e-14,320.4488809200552,8.171102951661474e-19,0.0,2.9778165377807625e-18,106.81629366936816,4.1837801940124397e-14,6.588464809316446e-26,2.986360946132352e-14,0.0,4.640673190324001e-07,1.3995556715651014e-09,2.837955785872948e-23,2.294091988837588e-05,2000000.0,871080.2741065191
1.3934595667971565e-05,0.0002599350407034232,37.92023573953612,243.88596884375124,0.0,0.0,318.2137456075667,8.1141103535389e-19,0.0,2.9257633016584344e-18,106.07124856500064,4.135295092003588e-14,3.8441663355158526e-26,2.965531037826213e-14,0.0,4.6382599590891545e-07,0.0,2.8081656995236726e-23,2.2552676559324914e-05,2000000.0,862521.5914067744
1.3950522423234191e-05,0.0002605371819289083,37.69385187351844,243.20625263635617,0.0,9.747224606820297e-14,316.0125191024072,8.057982328269782e-19,0.0,2.8665717489019847e-18,105.33750639641256,4.080978203180237e-14,2.002084721304121e-26,2.9450171360470916e-14,0.0,4.6429471157700633e-07,0.0,2.918350531318555e-23,2.2168751748296014e-05,2000000.0,854118.1152686097
1.3966449178496816e-05,0.0002611357314036433,37.469198300493204,242.53423064994757,0.0,0.0,313.84449818113944,8.002700951890043e-19,0.0,2.8359403033916557e-18,104.61483275579144,4.044874443672694e-14,1.1255510483341774e-26,2.924812687240603e-14,4.502181229824356e-10,4.6215619156115584e-07,1.10042206342509e-09,2.628848604386655e-23,2.1789074174230547e-05,2000000.0,845866.1042697905
1.3982375933759443e-05,0.00026173071648424254,37.24624955770541,241.86978289747515,0.0,7.049725968067439e-14,311.7089984912219,7.948248769911958e-19,0.0,2.847262328054629e-18,103.90299952562337,4.0352550529437397e-14,1.153025217359592e-26,2.904911313716263e-14,1.2200005894648622e-09,4.577112558628729e-07,2.296391954818992e-09,2.5434245062406335e-23,2.141357417697055e-05,2000000.0,837761.9302471214
1.399830268902207e-05,0.0002623221641253759,37.02498067437453,241.2127920015422,0.0,0.0,309.60535395320335,7.89460879704371e-19,0.0,2.8893906909801015e-18,103.20178467942453,4.045492615788875e-14,1.6368835153266627e-26,2.88530680807652e-14,1.6787335868129413e-09,4.5334576639587383e-07,2.808082428098289e-09,2.626386852557221e-23,2.10421836908389e-05,2000000.0,829802.0743721673
1.4024132900741146e-05,0.000263273928606678,36.669632797775584,240.16283575638903,0.0,0.0,306.2597048651271,7.8092993558018165e-19,0.0,2.9877510850497975e-18,102.08656831642607,4.0819589969063275e-14,2.5098374956589495e-26,2.854127682881407e-14,1.7191234282478846e-09,4.4728026972112255e-07,2.3814539646489773e-09,2.6896699676149556e-23,2.0448424788597867e-05,2000000.0,817190.786253666
1.404996311246022e-05,0.0002642165695221631,36.31853729323286,239.13171586004975,0.0,0.0,302.9934730483418,7.726014836987272e-19,0.0,3.0736487622436567e-18,100.99782437719851,4.11191272486696e-14,2.748410941514442e-26,2.823688671481759e-14,1.3066539706864068e-09,4.4244042522332737e-07,1.4021308641560858e-09,2.628505963791445e-23,1.986502519643483e-05,2000000.0,804936.1540303009
1.4075793324179296e-05,0.00026515019542260526,35.971595424349594,238.11897269372122,0.0,0.0,299.8040996549612,7.644690013376808e-19,0.0,3.118720459861692e-18,99.93469991244623,4.1166428477111944e-14,2.3043519804379013e-26,2.7939659271934573e-14,8.033830667137335e-10,4.384541370283037e-07,6.357705925590709e-10,2.4715251417439646e-23,1.9291719506324558e-05,2000000.0,793024.8426577393
1.4101623535898373e-05,0.00026607491234954063,35.62871145076832,237.12416227996044,0.0,0.0,296.68913243965795,7.565262372318018e-19,0.0,3.126814382446438e-18,98.89637750705988,4.099146038723794e-14,1.6358176446945692e-26,2.7649365967936343e-14,5.165557086857015e-10,4.3448978331529656e-07,3.4432575004803963e-10,2.4918325621826153e-23,1.8728251789636088e-05,2000000.0,781444.1428059664
1.4127453747617449e-05,0.0002669908239137517,35.28979251125738,236.14685558464885,0.0,0.0,293.6462203763297,7.487671975581093e-19,0.0,3.1202275312415787e-18,97.8820734856718,4.073755799144013e-14,1.1807488284135971e-26,2.736578770351948e-14,5.187263180053483e-10,4.301068578161651e-07,4.109306624955293e-10,2.5019993972116037e-23,1.8174375161508514e-05,2000000.0,770181.9357464678
1.4153283959336525e-05,0.00026789803136520875,34.95474852032226,235.18663790717304,0.0,-8.22814448249988e-43,290.6731086110942,7.411861334009982e-19,0.0,3.117096434718548e-18,96.891036230321,4.0516935854072714e-14,1.048006356806996e-26,2.708871434196393e-14,6.181393250947382e-10,4.255697829467537e-07,5.413222009311116e-10,2.4538623221956947e-23,1.7629851400416294e-05,2000000.0,759226.6607366937
1.4179114171055601e-05,0.00026879663366107117,34.62349206846213,234.24310829984134,0.0,9.7136391863241e-15,287.7676337076774,7.33777528977311e-19,0.0,3.1198507650732776e-18,95.92254459558266,4.0340274576175665e-14,1.0662614545377364e-26,2.681794426603841e-14,5.966598387374644e-10,4.213300869975259e-07,5.152096873494579e-10,2.4176686776533887e-23,1.709445058459636e-05,2000000.0,748567.2844777742
1.4204944382774677e-05,0.00026968672753325526,34.295938323731335,233.315878999394,0.0,0.0,284.9277191613705,7.265360902061268e-19,0.0,3.1207344524845307e-18,94.97590641322024,4.015167273193022e-14,1.0184427426370364e-26,2.6553283959931306e-14,4.289498136293799e-10,4.174771044450848e-07,3.355946344377808e-10,2.3524667896471548e-23,1.6567950736063047e-05,2000000.0,738193.2724357919
1.4249278435476527e-05,0.0002711948906340037,33.742131657080996,231.76133661040697,0.0,-3.7209557728982073e-29,280.2005043611632,7.144822531542236e-19,0.0,3.1342546425196215e-18,93.40016814605154,3.989574056092286e-14,1.0128653520380596e-26,2.6112740381713195e-14,7.198739496574596e-10,4.0993828993966576e-07,6.104657819209182e-10,2.0606814394770774e-23,1.5684419041654116e-05,2000000.0,721024.0827662077
1.4278784361510712e-05,0.00027218511913232796,33.37926700762259,230.75183915368896,0.0,1.7722797067089077e-14,277.15344960373426,7.067126185884366e-19,0.0,3.1685476953850694e-18,92.3844832266295,3.992403815911243e-14,1.3847227757964332e-26,2.582877604697952e-14,1.471931839463652e-09,4.03956817815915e-07,1.3604546873792079e-09,2.2289180162593332e-23,1.5110069409582127e-05,2000000.0,710023.2517774623
1.4308290287544896e-05,0.00027316470662777957,33.02083616137541,229.76180804549765,0.0,0.0,274.1824551025894,6.991369244900203e-19,0.0,3.22544644273898e-18,91.39415172597577,4.013659422685562e-14,1.9721515450689718e-26,2.5551899999717993e-14,1.5955710708456554e-09,3.9934560847879934e-07,1.4863154501508268e-09,2.2227349653748243e-23,1.4546306253694716e-05,2000000.0,699347.2381186738
1.4337796213579079e-05,0.0002741337823425534,32.666729614931945,228.79075076866954,0.0,0.0,271.28497867293953,6.917486890257847e-19,0.0,3.2699327703592077e-18,90.42832624916045,4.024276978853878e-14,2.1501903057975178e-26,2.528187532597286e-14,5.564844795373908e-10,3.971685099649496e-07,4.496047427451634e-10,2.1439964560701276e-23,1.3992849990207526e-05,2000000.0,688983.4620959474
1.4367302139613264e-05,0.0002750924723150946,32.31684138970835,227.8381923627454,0.0,1.962433999298657e-12,268.458588617247,6.845417132623485e-19,0.0,3.2312554143481373e-18,89.48619623033741,3.9799377691704825e-14,1.1993104320209591e-26,2.501847540843996e-14,0.0,3.960705826747666e-07,0.0,2.964868108844913e-23,1.3449431524410188e-05,2000000.0,678919.9578552479
1.4396808065647448e-05,0.00027604089948666345,31.971068910925563,226.9036748230668,0.0,1.8202637699254803e-13,265.7009579610626,6.775100634779884e-19,0.0,3.2655024241559505e-18,88.56698601135673,3.995019053869892e-14,1.6797817892752866e-26,2.4761483389240604e-14,4.9161190780325495e-09,3.8444935102920443e-07,5.044294860245317e-09,2.6136788475271496e-23,1.291579184678605e-05,2000000.0,669145.3383320358
1.4426313991681631e-05,0.0002769791838132832,31.629312853466683,225.98675614775482,0.0,1.5836171138466468e-13,263.00985895900624,6.706480577190552e-19,0.0,3.6748610411664176e-18,87.66995301042482,4.29157202074266e-14,7.376081269340389e-26,2.4510691657928605e-14,1.5265611313469626e-08,3.6054580467694186e-07,1.54363443304251e-08,2.3238373280744002e-23,1.2391681506215697e-05,2000000.0,659648.7612016995
1.4455819917715816e-05,0.00027790744237362876,31.29147699362155,225.0870094305269,0.0,0.0,260.3831579372047,6.63950255475572e-19,0.0,4.4662273758896684e-18,86.79438600291707,4.8774543617322167e-14,1.6415988751902925e-25,2.4265901370919394e-14,1.8239449055562863e-08,3.502496049990817e-07,1.8384489540760933e-08,2.8410770737625036e-23,1.1876860107268251e-05,2000000.0,650419.8971194042
1.448532584375e-05,0.0002788257894578815,30.957468087006344,224.204022151697,0.0,0.0,257.81881049071296,6.574114485067829e-19,0.0,4.554457749134833e-18,85.93960352051828,4.9220274232340494e-14,1.2725258699140357e-25,2.4026922004051664e-14,0.0,4.182842801011797e-07,0.0,2.5876959398776523e-23,1.1371095907403225e-05,2000000.0,641448.9006889394
1.4514831769784185e-05,0.00027973433664660026,30.62719576376257,223.33739633636702,0.0,0.0,255.3148569861212,6.510266461230948e-19,0.0,3.245013350549512e-18,85.10495235209171,3.88058064723885e-14,0.0,2.379357093319248e-14,0.0,5.103785397548809e-07,0.0,2.1359914757895844e-23,1.0874165467924516e-05,2000000.0,632726.3856061683
1.452220825129273e-05,0.0002799599550343525,30.545201199057328,223.1232510874695,0.0,0.0,254.69808324469238,6.49453943135434e-19,0.0,3.0211724354383617e-18,84.89936110489228,3.7006750221514366e-14,0.0,2.373609190540211e-14,6.059922054669063e-09,5.144929072075746e-07,6.106329360674443e-09,2.5593503418522114e-23,1.0751287711318697e-05,2000000.0,630583.5237748056
1.4529584732801278e-05,0.0002801849694276777,30.463433340204116,222.91009845708882,0.0,0.0,254.08493770754671,6.478904915693354e-19,0.0,3.114777303779385e-18,84.6949792591209,3.771301398807457e-14,1.2418152277760906e-26,2.3678951001007785e-14,4.979364775182766e-09,5.150378080630369e-07,5.027253289877465e-09,2.883050407231667e-23,1.0628945268397642e-05,2000000.0,628455.4945403535
1.4532993675965698e-05,0.00028028875324833655,30.425721631504373,222.8119265287858,0.0,0.0,253.8027985664022,6.471710686959502e-19,0.0,3.1514925388229274e-18,84.60093287871355,3.79890610595848e-14,1.605093853221033e-26,2.3652657593141593e-14,4.527325301295917e-09,5.152067799934885e-07,4.574731669794956e-09,2.8556358765549816e-23,1.0572586281838547e-05,2000000.0,627477.027986097
1.453640261913012e-05,0.00028039240859377955,30.388057924998005,222.71396477247478,0.0,0.0,253.52142548051407,6.464535991449804e-19,0.0,3.178962208995824e-18,84.50714185005839,3.8192646770568404e-14,1.8854695029382124e-26,2.3626435576304408e-14,4.3445808483404786e-09,5.15191182341362e-07,4.392369931336523e-09,2.8497709414988114e-23,1.051634060536826e-05,2000000.0,626501.6873960666
1.4544169589519114e-05,0.00028062809901810285,30.302423142116236,222.49154969989462,0.0,6.839636139114317e-13,252.88318858591586,6.448261669591037e-19,0.0,3.2629937050884745e-18,84.2943962184672,3.882931571264368e-14,3.0520481833329493e-26,2.3566956331712975e-14,1.2426631450838007e-08,5.00043520419093e-07,1.2481226545450607e-08,3.090136432085584e-23,1.0388611384030516e-05,2000000.0,624291.0670671271
1.4545635232531814e-05,0.0002806724997301111,30.28629143176409,222.4497010179643,0.0,0.0,252.7631937431778,6.445201935456252e-19,0.0,3.3061423208837606e-18,84.25439793754353,3.916600601410829e-14,3.502030478233116e-26,2.3555773645999577e-14,1.4579754176843962e-08,4.95473464566998e-07,1.4634965593598817e-08,3.0750036019838686e-23,1.0364574100529922e-05,2000000.0,623875.7183798128
1.4547100875544513e-05,0.00028071687680522936,30.270168505563316,222.40789077586223,0.0,0.0,252.64333862541514,6.44214576396445e-19,0.0,3.3524615245903744e-18,84.21444623161166,3.952839578031421e-14,3.983116109697585e-26,2.3544603981682752e-14,1.4394440861851952e-08,4.955754862979347e-07,1.4449618134925762e-08,3.067078005684761e-23,1.0340557545120386e-05,2000000.0,623460.9385670816
1.4549440002156894e-05,0.000280787652483927,30.2444549228901,222.34124230101148,0.0,0.0,252.45234201065085,6.437275563835375e-19,0.0,3.4210975623016785e-18,84.1507806933394,4.0065540394359564e-14,4.6770005004281584e-26,2.3526804424080872e-14,1.1674432136584236e-08,5.006321925165032e-07,1.172971499557723e-08,3.0734897603632333e-23,1.0302270649472757e-05,2000000.0,622800.1371861773
1.4551779128769273e-05,0.00028085836804139677,30.218763647316873,222.27469150361225,0.0,2.633649159250408e-14,252.2616998694022,6.432414402671485e-19,0.0,3.475715661840539e-18,84.08723331290574,4.0491694047000854e-14,5.18284991112983e-26,2.3509037900949765e-14,9.77314574857355e-09,5.040836345849646e-07,9.828541119807382e-09,3.0901952740604093e-23,1.0264036386039212e-05,2000000.0,622140.7782461129
1.4554118255381653e-05,0.0002809290235297693,30.193094637511265,222.20823823621902,0.0,3.392727095029538e-13,252.07141132979217,6.427562257918971e-19,0.0,3.527404882575605e-18,84.02380379968496,4.089502941150023e-14,5.630006883416923e-26,2.3491304331035238e-14,1.2196256772367323e-08,4.988658136531887e-07,1.2251353339062263e-08,3.1161426415446335e-23,1.02258546538361e-05,2000000.0,621482.8577225965
1.4559539117751183e-05,0.00028109253508182475,30.133692767697674,222.05460836459307,0.0,0.0,251.6317772786111,6.416352081769929e-19,0.0,3.6302926872852714e-18,83.87725911591767,4.169540859825049e-14,6.409313170220715e-26,2.3450333491703446e-14,1.960825456492359e-08,4.831193174860825e-07,1.9663120584867092e-08,3.171781520456659e-23,1.0137570904277613e-05,2000000.0,619963.6510822871
1.4564959980120714e-05,0.0002812557249468789,30.07440974536938,221.90149857652054,0.0,0.0,251.19402688868405,6.405189940630627e-19,0.0,3.5904310027874624e-18,83.73134231923522,4.135360140779305e-14,5.493962357223402e-26,2.3409538196531047e-14,0.0,5.291344803715388e-07,0.0,3.0070584514992005e-23,1.0049567495705582e-05,2000000.0,618452.0955027064
1.4570380842490244e-05,0.0002814185937678079,30.01524506145288,221.748906902469,0.0,0.0,250.75814948246304,6.394075565385434e-19,0.0,3.334182957306906e-18,83.58604985045496,3.927005403463316e-14,2.4997924804985774e-26,2.3368917450450137e-14,0.0,5.848324689889283e-07,0.0,2.7726269675336305e-23,9.961843189000174e-06,2000000.0,616948.1414325561
1.4571736058082626e-05,0.00028145926088496935,30.0004723215347,221.71083974552715,0.0,0.0,250.64947154096595,6.391304403110778e-19,0.0,3.2968075673587976e-18,83.54982386994598,3.896305663437437e-14,2.0993470931166908e-26,2.335878942131975e-14,5.635525011064675e-09,5.867286768466434e-07,5.649318523938015e-09,2.8645453740314283e-23,9.939955577537145e-06,2000000.0,616573.3349604821
1.457309127367501e-05,0.0002814999079868691,29.985706938268503,221.67280481297672,0.0,8.595204580820922e-14,250.5409098334063,6.388536204658752e-19,0.0,3.311685732650995e-18,83.51363663408281,3.9077309044173075e-14,2.220520950996004e-26,2.3348672224379647e-14,6.550919017531574e-09,5.860852653518314e-07,6.566739732142881e-09,3.0426955230083044e-23,9.91808531376638e-06,2000000.0,616198.9996992127
1.4575997660057611e-05,0.00028158701204856286,29.95406596461392,221.59134384077,0.0,3.718436829179898e-13,250.30848028208945,6.382609518313555e-19,0.0,3.4353330130153227e-18,83.43616011695592,4.00620384573837e-14,3.37773174305977e-26,2.3327011404932184e-14,0.0,5.775150431517433e-07,0.0,3.4462240725371385e-23,9.87124089719807e-06,2000000.0,615397.7880767263
1.4577591033805284e-05,0.00028163472626116206,29.936733689349044,221.54674698365886,0.0,0.0,250.18128096009806,6.3793660815456555e-19,0.0,3.4439135285850584e-18,83.39376034294713,4.012470154861323e-14,3.407192371769637e-26,2.3315157311807938e-14,0.0,5.813207308309971e-07,0.0,3.406181134672158e-23,9.845593049421184e-06,2000000.0,614959.4537005974
1.4579184407552957e-05,0.0002816824128650337,29.91941153654285,221.50219443195343,0.0,0.0,250.0542413349127,6.376126717071961e-19,0.0,3.43431574358648e-18,83.35141380120704,4.004082800533787e-14,3.254774821602849e-26,2.3303318101318346e-14,0.0,5.891468347964118e-07,0.0,3.337166081490341e-23,9.819969068346986e-06,2000000.0,614521.7660333853
1.458077778130063e-05,0.0002817300718762978,29.90209949359854,221.4576861704653,0.0,8.131009356682693e-14,249.9273611413694,6.372891418148008e-19,0.0,3.4266743053479054e-18,83.30912040334765,3.9972894786028833e-14,3.123350742593621e-26,2.3291493748750008e-14,4.072256783305256e-10,5.924543830065909e-07,4.072138487466676e-10,3.315466964542315e-23,9.794368923073266e-06,2000000.0,614084.7239271397
1.458159690728992e-05,0.00028175456181951604,29.893203601046665,221.43482245983336,0.0,1.9561086987212585e-16,249.86219618165444,6.371229786708642e-19,0.0,3.4263023062807406e-18,83.28739875010336,3.996670083001623e-14,3.0922077932233606e-26,2.328542082722225e-14,5.663158199411723e-10,5.922297029071522e-07,5.663940868612358e-10,3.3250619939472765e-23,9.781217595892178e-06,2000000.0,613860.2989467883
1.4582416033279208e-05,0.0002817790444769703,29.884310375242077,221.41197042643788,0.0,0.0,249.79707325088808,6.369569226941402e-19,0.0,3.426663080129524e-18,83.26569110650861,3.996642149866086e-14,3.0688194541029566e-26,2.3279351822500446e-14,5.488713466070937e-10,5.920241303213433e-07,5.489758603182393e-10,3.335147303919652e-23,9.768072555740672e-06,2000000.0,613636.0440637928
1.4584982457774768e-05,0.0002818557045647787,29.85646403065735,221.34044767670574,0.0,0.0,249.59330667039237,6.364373413479921e-19,0.0,3.432497407006269e-18,83.19776891299138,4.000357029757158e-14,3.044171285163497e-26,2.3260362192816214e-14,6.317014596493017e-10,5.887137886420793e-07,6.317423846233323e-10,3.3708879117976876e-23,9.726928156760692e-06,2000000.0,612934.5248977924
1.458754888227033e-05,0.00028193229322054413,29.828643794397774,221.269039253384,0.0,0.0,249.38995121458117,6.359188082714017e-19,0.0,3.4388277159544975e-18,83.12998376103569,4.004475017231346e-14,3.0257527434543776e-26,2.3241410877096347e-14,6.65986492327288e-10,5.854581158691848e-07,6.659365707950378e-10,3.378600649955028e-23,9.685845305160949e-06,2000000.0,612234.6686778069
1.459011530676589e-05,0.0002820088105112135,29.80084961370522,221.19774492005158,0.0,0.0,249.18700578740106,6.354013206714864e-19,0.0,3.4426541331081774e-18,83.0623352852904,4.006586000466611e-14,2.9837917091071386e-26,2.3222497773196557e-14,6.774410003621545e-10,5.837198305795797e-07,6.773487294052171e-10,3.3611964310246324e-23,9.644823873130006e-06,2000000.0,611536.4702408622
1.4594332554517975e-05,0.00028213439186542354,29.755233590903675,221.08083850207083,0.0,2.097437488473325e-17,248.85440562646798,6.345532282680134e-19,0.0,3.4473547959204765e-18,82.95146856494891,4.008777775188368e-14,2.902682815909494e-26,2.3191501748855498e-14,6.716233489862851e-10,5.818736465789735e-07,6.714906210080748e-10,3.3312765985786494e-23,9.577548924784052e-06,2000000.0,610392.7504149252
1.4601452840804122e-05,0.00028234598390180143,29.678375442841773,220.8841518728435,0.0,1.2396998639013714e-16,248.29534515287042,6.331276877562737e-19,0.0,3.4541151793051217e-18,82.76511507369851,4.0115528579175486e-14,2.7657668139754064e-26,2.31394011966516e-14,6.30217865187926e-10,5.793715327704693e-07,6.300224529162719e-10,3.298046926438266e-23,9.464337774385333e-06,2000000.0,608471.7897988965
1.461219684390237e-05,0.00028266422705554317,29.562777149278197,220.5890087611856,0.0,4.2971557946803684e-16,247.45764421430883,6.309916454020724e-19,0.0,3.4624959821776507e-18,82.48588142743459,4.0143349034939346e-14,2.5689680825858878e-26,2.306133328889946e-14,5.466795503623556e-10,5.759146858934827e-07,5.463790418859765e-10,3.2707176612625484e-23,9.294394304734303e-06,2000000.0,605596.9168005709
1.4622940847000619e-05,0.0002829812306271827,29.447626751559344,220.29582726633043,0.0,2.9416035241633037e-16,246.62694833994453,6.288734647567798e-19,0.0,3.467352098384296e-18,82.2089828025704,4.014353322609108e-14,2.3708915691897852e-26,2.2983918204464872e-14,5.144121740770798e-10,5.732316299836239e-07,5.140644040711656e-10,3.2672850884900356e-23,9.125506108326541e-06,2000000.0,602750.2501608225
1.4642343155432971e-05,0.00028355057375832306,29.240802480361047,219.77129641790916,0.0,3.088921492345383e-16,245.14431751807007,6.250929226715882e-19,0.0,3.473596989384017e-18,81.71477252847646,4.0125900770001085e-14,2.0634571088258814e-26,2.2845747312080992e-14,5.199162567991412e-10,5.688170851422406e-07,5.195175208206314e-10,3.245755947302509e-23,8.823160079132624e-06,2000000.0,597679.8400756108
1.4661745463865324e-05,0.0002841159178839358,29.03540494736786,219.25301572185998,0.0,2.9151595576747793e-16,243.68383641657906,6.213688587374967e-19,0.0,3.480439012460668e-18,81.22794549451235,4.0116331769736444e-14,1.839908282458666e-26,2.2709640619757028e-14,5.541190186864037e-10,5.643875570066225e-07,5.53672442421832e-10,3.216143943674091e-23,8.524173824377277e-06,2000000.0,592698.1750352021
1.4681147772297676e-05,0.0002846772905170506,28.831412796587546,218.7408928349096,0.0,0.0,242.24507196825016,6.177001687985921e-19,0.0,3.488295174253379e-18,80.7483573449376,4.011803180122403e-14,1.6826215984483498e-26,2.257555776863654e-14,6.008138380437863e-10,5.602796646690131e-07,6.003489356142139e-10,3.200010035494191e-23,8.228496136262385e-06,2000000.0,587803.2433553904
1.470055008073003e-05,0.00028523471872526646,28.628805117615727,218.23483753424608,0.0,0.0,240.82760237310362,6.140857774131589e-19,0.0,3.4968371228994086e-18,80.27586747975894,4.012799156019229e-14,1.570905517463794e-26,2.2443459449891804e-14,6.358333854958056e-10,5.566905207116735e-07,6.353863584373875e-10,3.187176116834483e-23,7.936077051793985e-06,2000000.0,582993.0921482735
1.4719952389162383e-05,0.0002857882291537153,28.427561420448065,217.73476159424908,0.0,0.0,239.43101670728373,6.105246368588581e-19,0.0,3.5056769467078385e-18,79.81033892435772,4.0142636526079194e-14,1.4894514101984842e-26,2.231330736827429e-14,6.424206156006512e-10,5.534612906828533e-07,6.420099130443173e-10,3.17080187543233e-23,7.64686777863391e-06,2000000.0,578265.8250054512
1.4739354697594735e-05,0.00028633784805800236,28.22766160029566,217.2405786134753,0.0,4.820792106890914e-16,238.05491452138222,6.070157261230829e-19,0.0,3.514105411589256e-18,79.35163819559784,4.015602832257396e-14,1.4252087067995953e-26,2.218506420468125e-14,6.256751408100951e-10,5.503648080736618e-07,6.253001439382389e-10,3.15411086185483e-23,7.360820593290474e-06,2000000.0,573619.5995778114
1.4758757006027087e-05,0.0002868836013178031,28.02908592189897,216.75220393612668,0.0,0.0,236.69890550148745,6.035580500171549e-19,0.0,3.521709072741952e-18,78.89963518884205,4.0164963816099085e-14,1.3705741395372134e-26,2.2058693584567768e-14,6.139747936014866e-10,5.472618178033867e-07,6.13632176763943e-10,3.1382347889868453e-23,7.077888794480238e-06,2000000.0,569052.625613929
1.477815931445944e-05,0.0002874255144384079,27.831815016072888,216.2695546321814,0.0,3.987848670636928e-15,235.36260917187408,6.001506384246226e-19,0.0,3.5287496803341615e-18,78.45420307884854,4.0172305358580065e-14,1.3254672079706978e-26,2.1934160050239484e-14,6.215235350075846e-10,5.441368794803931e-07,6.21204625233257e-10,3.122877887603055e-23,6.798026690948778e-06,2000000.0,564563.1632971881
1.4813131738732906e-05,0.0002883926873188225,27.479471485954885,215.41378688293653,0.0,7.637976973861539e-17,233.00255866040195,5.941327623830419e-19,0.0,3.541960433118901e-18,77.66751957480835,4.019613612704222e-14,1.2765907950249482e-26,2.1714219738443527e-14,6.597181804355352e-10,5.384935063959752e-07,6.594447567386191e-10,3.095348947101998e-23,6.301189394829627e-06,2000000.0,556661.3521722889
1.4848104163006373e-05,0.00028934760937128647,27.131197137085394,214.5758955839464,0.0,0.0,230.7032572985944,5.882697882647068e-19,0.0,3.555742000362391e-18,76.90108578732858,4.0231770151269934e-14,1.2561691784203614e-26,2.1499940825356408e-14,6.492492714814175e-10,5.330660394324348e-07,6.490121169583123e-10,3.0687883076336674e-23,5.813926932261098e-06,2000000.0,548996.3875023484
1.4883076587279839e-05,0.00029029042105504566,26.786887129152483,213.7554354149159,0.0,5.3734297719740284e-15,228.46270050510833,5.825566048623657e-19,0.0,3.5733796484627624e-18,76.154233522628,4.0309394263964366e-14,1.2804654237929472e-26,2.1291136497922977e-14,7.585806545433284e-10,5.275917663111659e-07,7.583732941849856e-10,3.047457934278359e-23,5.335995270558388e-06,2000000.0,541559.2178362533
1.4918049011553305e-05,0.0002912212592209374,26.44644004572146,212.95197704764684,0.0,1.5054493770811637e-15,226.27897130832963,5.769883243307615e-19,0.0,3.6042677545240604e-18,75.42632379016844,4.051653290956396e-14,1.4101860532712484e-26,2.108762810770564e-14,1.0604772075431425e-09,5.219209410333373e-07,1.0603082125792787e-09,3.037926687692612e-23,4.867159687884591e-06,2000000.0,534341.2331199949
1.4953021435826773e-05,0.00029214025723649906,26.109757741615827,212.165106381773,0.0,0.0,224.1502357148898,5.715602704133503e-19,0.0,3.645892274462142e-18,74.71674525882685,4.084641879862516e-14,1.5951200330531832e-26,2.0889244739263983e-14,1.1813348740138626e-09,5.167599566757888e-07,1.1812126417571313e-09,3.036741021193915e-23,4.407194316094066e-06,2000000.0,527334.2389211181
1.4987993860100238e-05,0.00029304754509614737,25.776745210308807,211.3944238865787,0.0,1.5919598169969476e-14,222.07473838787328,5.662679673508306e-19,0.0,3.687822654157419e-18,74.0249128162979,4.118196276881444e-14,1.737862555666366e-26,2.0695822807393107e-14,9.914099973346925e-10,5.12340004993253e-07,9.91312816052013e-10,3.036139888934378e-23,3.9558817457234244e-06,2000000.0,520530.43261003116
1.5022966284373706e-05,0.0002939432495250643,25.447310458402615,210.63954400085262,0.0,0.0,220.05079859360916,5.611071296158748e-19,0.0,3.711990533149629e-18,73.3502662180245,4.135024598397237e-14,1.7040906317523257e-26,2.050720567939301e-14,5.998889769852527e-10,5.084352928533669e-07,5.998933818133025e-10,3.018409673344164e-23,3.513012658197982e-06,2000000.0,513922.381192235
1.5057938708647172e-05,0.0002948274940810619,25.12136438592032,209.90009448827882,0.0,1.518554362010482e-13,218.07680638922503,5.56073652213331e-19,0.0,3.6825558782580985e-18,72.69226881638232,4.103453003792768e-14,1.2592080374490224e-26,2.0323243319776035e-14,0.0,5.060022742104737e-07,0.0,2.971315668059937e-23,3.078385467111212e-06,2000000.0,507503.0004028162
1.5092911132920638e-05,0.00029570039925397843,24.798820661685838,209.17571645558752,0.0,0.0,216.15121903579399,5.511635991455381e-19,0.0,5.050887130590618e-18,72.05040636506226,5.300385038212969e-14,1.2065654491408698e-25,2.014379195585466e-14,3.8271429043309675e-08,4.2584742913751126e-07,3.827259497170193e-08,4.040770426891896e-23,2.6518059774709323e-06,2000000.0,501265.5366782294
1.5101654238989005e-05,0.00029591686759952463,24.718706491846657,208.99693588057835,0.0,0.0,215.67721079956635,5.499549257136928e-19,0.0,5.736692304966385e-18,71.89240361960964,5.928476656990482e-14,1.7851098915573755e-25,2.009961768122538e-14,4.8602881902565175e-08,4.040837389245809e-07,4.860430486154441e-08,4.7479938884565755e-23,2.546396493405299e-06,2000000.0,499733.8335056208
1.511039734505737e-05,0.0002961326364001279,24.638798444931957,208.81906946494823,0.0,0.0,215.20611263459722,5.487536731828603e-19,0.0,6.0483280118171824e-18,71.73537089791012,6.224312857982187e-14,1.996801557636121e-25,2.005571460505556e-14,0.0,5.078984654171998e-07,0.0,4.72142007664482e-23,2.441475405169458e-06,2000000.0,498212.996454942
1.5118415725963467e-05,0.000296329906467354,24.56569417458033,208.6567463192371,0.0,0.0,214.77660348540863,5.476584688831991e-19,0.0,5.638646658174493e-18,71.59220118147458,5.826219378412677e-14,1.5967013411608122e-25,2.0015687336289955e-14,0.0,6.059694474154959e-07,0.0,3.910789185467766e-23,2.3456782622018822e-06,2000000.0,496827.6945519962
1.5126434106869564e-05,0.00029652659104429903,24.49276122907143,208.49518456894782,0.0,1.4284904757899917e-14,214.34950622194327,5.465694149326434e-19,0.0,5.4410200250650114e-18,71.449835426947,5.634127878457042e-14,1.3262520714075743e-25,1.9975884838506866e-14,2.6613657118308406e-08,6.382825410374244e-07,2.661436654699715e-08,4.7954607991661205e-23,2.2502873568448677e-06,2000000.0,495451.3793234745
1.513445248777566e-05,0.00029672269150074406,24.41999864093715,208.33438005785737,0.0,0.0,213.9248039978472,5.454864681401202e-19,0.0,5.8851379845158086e-18,71.30826801887608,6.066628677289788e-14,1.524540895488787e-25,1.9936305541707935e-14,4.267121526573834e-08,6.342863435964971e-07,4.2672477656203256e-08,6.516767954656553e-23,2.155300542837953e-06,2000000.0,494083.97738119937
1.5142470868681757e-05,0.00029691820919879416,24.347405449444242,208.17432863419492,0.0,0.0,213.50248012627597,5.444095858129985e-19,0.0,6.719855337926081e-18,71.16749339498033,6.881165964368624e-14,1.999352941773538e-25,1.9896947890811957e-14,4.225043127524799e-08,6.276738482383992e-07,4.2251832613334743e-08,7.700016289102351e-23,2.0607156916684465e-06,2000000.0,492725.41615952965
1.5150489249587853e-05,0.0002971131454929213,24.274980700879592,208.0150263326743,0.0,9.291584963645281e-15,213.08251807809384,5.433387257838162e-19,0.0,7.570023745979597e-18,71.02750604554782,7.713286913613098e-14,2.4595334502672277e-25,1.9857810345446065e-14,3.810173505236491e-08,6.241045565594443e-07,3.810307103191706e-08,8.309592980308398e-23,1.9665306924332867e-06,2000000.0,491375.624243156
1.515850763049395e-05,0.00029730750172998077,24.20272344828365,207.85646925665264,0.0,2.7485900062823928e-15,212.6649014801526,5.422738463400052e-19,0.0,8.287647150186162e-18,70.88830051286249,8.418154823019404e-14,2.799574605363166e-25,1.981889137975739e-14,3.67964854467669e-08,6.223757150007093e-07,3.679777755436938e-08,8.80234727389027e-23,1.8727434517594917e-06,2000000.0,490034.53102618444
1.5166526011400046e-05,0.0002975012792492494,24.130632751214534,207.69865346493233,0.0,0.0,212.24961411354536,5.412149061837458e-19,0.0,8.87706802893898e-18,70.74987139062203,8.999098523051531e-14,3.0271931043002916e-25,1.9780189482256706e-14,3.1121452744211555e-08,6.343437152632267e-07,3.1122795325523375e-08,9.395115702780839e-23,1.7793518936631029e-06,2000000.0,488702.0664419914
1.5182495416373674e-05,0.00029788548774884295,23.98754942087914,207.38654098200004,0.0,6.768810696860471e-15,211.42940324644303,5.391234526462835e-19,0.0,9.838461720966081e-18,70.47646776817948,9.952812194331741e-14,3.2758894896467703e-25,1.9703751527594295e-14,3.019939449881845e-08,6.478668775588134e-07,3.020095876857419e-08,1.0757188996619203e-22,1.594523903173218e-06,2000000.0,486073.76261039544
1.5198464821347302e-05,0.0002982674164897943,23.845115730705107,207.0773242364197,0.0,2.2568736369535435e-15,210.61824247687696,5.370550755814628e-19,0.0,1.124977734645842e-17,70.20608084491649,1.136079043859454e-13,3.8026841464421396e-25,1.962815697911669e-14,6.777332346308272e-08,5.972682854031286e-07,6.777504327841034e-08,1.3325982726973211e-22,1.4112411620711814e-06,2000000.0,483478.8740232449
1.521443422632093e-05,0.00029864707578869246,23.703324480470616,206.77097345805058,0.0,0.0,209.81600897606017,5.350094614767236e-19,0.0,1.3928052567509137e-17,69.93866967790409,1.4027632870398867e-13,5.303472787786242e-25,1.95533943899585e-14,1.1850652979905272e-07,5.204670127008624e-07,1.1850829421420763e-07,1.8557794976050096e-22,1.2294878695544385e-06,2000000.0,480916.87331830966
1.5230403631294557e-05,0.0002990244758478948,23.562168568042704,206.46745917074298,0.0,5.351367306660047e-16,209.0225821820576,5.329863030518871e-19,0.0,1.7773954183323616e-17,69.67419407983058,1.7852434681516235e-13,7.729167042498627e-25,1.9479452524579436e-14,1.428333421500141e-07,4.817966377570819e-07,1.4283517567579388e-07,2.5566943161204965e-22,1.0492484826908523e-06,2000000.0,478387.24359721504
1.5246373036268187e-05,0.0002993996267573182,23.421640988215533,206.16675266710482,0.0,0.0,208.2378437489465,5.309852989178549e-19,0.0,2.192954746155943e-17,69.41261460205502,2.1993373109193377e-13,1.024984954279997e-24,1.940632035403757e-14,1.379185599450689e-07,4.878806160496764e-07,1.379205467210564e-07,3.173358547712988e-22,8.705077106634244e-07,2000000.0,475889.47932086105
1.5262342441241813e-05,0.00029977253849587453,23.281734828347005,205.86882607344987,0.0,1.414568527996849e-14,207.46167749799872,5.290061530142133e-19,0.0,2.583622749790533e-17,69.15389251833469,2.590865061890256e-13,1.2243153686233164e-24,1.9333987051346868e-14,1.356504019536207e-07,4.859257483576873e-07,1.356525521162604e-07,3.6942956117404e-22,6.932505114096118e-07,2000000.0,473423.0861981531
1.527831184621544e-05,0.0003001432209328041,23.142443273381094,205.5736516023067,0.0,4.3004101597876477e-16,206.6939693702971,5.270485744115899e-19,0.0,2.9538948869184476e-17,68.89798980903052,2.964130613960083e-13,1.3859379108248961e-24,1.9262441987001024e-14,1.4452452287179012e-07,4.6538601530520546e-07,1.445268381188268e-07,4.285238019722782e-22,5.1746208294574e-07,2000000.0,470987.5791855224
1.528230419745885e-05,0.00030023554435987905,23.107715627354434,205.50028472196024,0.0,0.0,206.50335075192677,5.265625160440635e-19,0.0,3.0494352402010986e-17,68.83445026955629,3.060503836608044e-13,1.4300100025705589e-24,1.9244677655962255e-14,1.4439807632250012e-07,4.649449372461006e-07,1.4440042865248395e-07,4.449412545998548e-22,4.737427590468507e-07,2000000.0,470383.47233049816
1.5286296548702257e-05,0.00030032772921765856,23.07302586921067,205.42708770163046,0.0,7.031099656050811e-17,206.31325202744847,5.260777833483929e-19,0.0,3.144549162124061e-17,68.77108402804612,3.1565557347454477e-13,1.4726857889949913e-24,1.9226961775422725e-14,1.4415356832509416e-07,4.6473002340668835e-07,1.4415595722856198e-07,4.591990528818971e-22,4.301140967690161e-07,2000000.0,469781.2587499696
1.5293695374341805e-05,0.0003004982049716919,23.008836887719674,205.29188297801096,0.0,0.0,205.9623202352449,5.251829424405946e-19,0.0,3.318840522282827e-17,68.65410676394613,3.332904978080656e-13,1.5466409944008636e-24,1.919425737025153e-14,1.4369225866715893e-07,4.643381145676533e-07,1.4369471758418975e-07,4.830043469704565e-22,3.4949820943947337e-07,2000000.0,468670.18721601355
1.530675302427163e-05,0.0003007979083259436,22.89586900842138,205.0546816559865,0.0,7.192578639756653e-16,205.34729485812144,5.236146893647125e-19,0.0,3.613816251718251e-17,68.44909830484865,3.6327042477792025e-13,1.6530336994779091e-24,1.913694127759149e-14,1.4584646553405304e-07,4.5750975079199086e-07,1.4584905275014937e-07,5.138820030655593e-22,2.079785500333942e-07,2000000.0,466725.000334449
1.530756912739224e-05,0.00030081659084035464,22.888821786292873,205.03991614190278,0.0,3.2860788721509566e-17,205.30903733855456,5.23517136517579e-19,0.0,3.632945163040436e-17,68.43634579832285,3.6521451940009525e-13,1.6606057609439344e-24,1.913337594253593e-14,1.4582699613117317e-07,4.5740951424460655e-07,1.4582959151432415e-07,5.207689970049204e-22,1.991653695930154e-07,2000000.0,466604.0855248838
1.5308385230512857e-05,0.0003008352676041407,22.881776120117614,205.02515761527243,0.0,0.0,205.27080109347173,5.234196379182091e-19,0.0,3.652038141409964e-17,68.42360038329173,3.6715553747025206e-13,1.668098878416051e-24,1.9129812590114518e-14,1.4579518323686143e-07,4.573336436073928e-07,1.457977871175223e-07,5.265781640512563e-22,1.903559188732132e-07,2000000.0,466483.2479251908
1.531201154760168e-05,0.0003009181874399893,22.850487818130826,204.95966318558757,0.0,8.263014087386036e-16,205.10115699723838,5.229870624473183e-19,0.0,3.736166720235266e-17,68.36705235119841,3.757164852929718e-13,1.7000549442728635e-24,1.9114002938833302e-14,1.4571242991819028e-07,4.5686984527451936e-07,1.4571505149082807e-07,5.413629409748605e-22,1.5125658345755458e-07,2000000.0,465947.2437411154
1.5319019487393135e-05,0.0003010781106513207,22.790109190070016,204.8334832207611,0.0,0.0,204.77450074052712,5.221541218094318e-19,0.0,3.87772720224622e-17,68.25816693226437,3.9025264503963707e-13,1.73110225835305e-24,1.90835608449568e-14,1.4396167908585177e-07,4.5877416918889365e-07,1.439633860147176e-07,4.492212282827434e-22,7.590418626457835e-08,2000000.0,464915.70000393473
1.5326027427184586e-05,0.00030123761113222733,22.729844411601167,204.70781725160717,0.0,9.864502565968565e-13,204.44939850181152,5.213251445157963e-19,0.0,3.887517670863329e-17,68.14979951932776,3.91143236675474e-13,1.7474485046430714e-24,1.9053263574762567e-14,3.5711456854431645e-07,2.9417034824528426e-08,3.5711087556596004e-07,2.0005061373654603e-22,8.248818202906675e-10,2000000.0,463889.792896607
1.5326027427184586e-05,0.00030123761113222744,22.729844411597924,204.707817251832,0.0,6.110671469634097e-13,204.44939850181132,5.213251445157313e-19,0.0,3.887553773704964e-17,68.1497995193277,3.911418011353536e-13,1.7474550284123376e-24,1.9053263574762577e-14,3.571143505444063e-07,2.9414769810720428e-08,3.5711092146374435e-07,2.001719851141111e-22,8.24881819096531e-10,2000000.0,463889.79289711674
