2026.09.29 10:54:35: ERROR (cvode) CVODE error code -15: At t = 60956.7, unable to satisfy inequality constraints. in /mnt/c/Users/fkubicsek/Downloads/CPP_kód_fejlesztése/fejlesztoi_main/Bubble_dynamics_simulation_CPP/submodules/sundials/src/cvode/cvode.c:3725: cvHandleFailure(); ID=5602;
2026.09.29 10:54:39: ERROR (cvode) CVODE error code -15: At t = 62836, unable to satisfy inequality constraints. in /mnt/c/Users/fkubicsek/Downloads/CPP_kód_fejlesztése/fejlesztoi_main/Bubble_dynamics_simulation_CPP/submodules/sundials/src/cvode/cvode.c:3725: cvHandleFailure(); ID=5704;
2026.09.29 10:55:13: ERROR (cvode) CVODE error code -15: At t = 72599.5, unable to satisfy inequality constraints. in /mnt/c/Users/fkubicsek/Downloads/CPP_kód_fejlesztése/fejlesztoi_main/Bubble_dynamics_simulation_CPP/submodules/sundials/src/cvode/cvode.c:3725: cvHandleFailure(); ID=6513;
2026.09.29 10:55:13: WARNING (odefun) Negative R or T: R=-2.399875;   T=-322.922236 in ./src/ode_fun.cpp:108: check_before_call(); ID=6514;
2026.09.29 10:55:17: ERROR (cvode) CVODE error code -15: At t = 72512.6, unable to satisfy inequality constraints. in /mnt/c/Users/fkubicsek/Downloads/CPP_kód_fejlesztése/fejlesztoi_main/Bubble_dynamics_simulation_CPP/submodules/sundials/src/cvode/cvode.c:3725: cvHandleFailure(); ID=6611;
2026.09.29 10:55:18: ERROR (cvode) CVODE error code -15: At t = 74213.7, unable to satisfy inequality constraints. in /mnt/c/Users/fkubicsek/Downloads/CPP_kód_fejlesztése/fejlesztoi_main/Bubble_dynamics_simulation_CPP/submodules/sundials/src/cvode/cvode.c:3725: cvHandleFailure(); ID=6615;
2026.09.29 10:55:21: ERROR (cvode) CVODE error code -15: At t = 94300, unable to satisfy inequality constraints. in /mnt/c/Users/fkubicsek/Downloads/CPP_kód_fejlesztése/fejlesztoi_main/Bubble_dynamics_simulation_CPP/submodules/sundials/src/cvode/cvode.c:3725: cvHandleFailure(); ID=6699;
2026.09.29 10:55:22: ERROR (cvode) CVODE error code -15: At t = 72875.4, unable to satisfy inequality constraints. in /mnt/c/Users/fkubicsek/Downloads/CPP_kód_fejlesztése/fejlesztoi_main/Bubble_dynamics_simulation_CPP/submodules/sundials/src/cvode/cvode.c:3725: cvHandleFailure(); ID=6711;
2026.09.29 10:55:22: ERROR (cvode) CVODE error code -15: At t = 75096.2, unable to satisfy inequality constraints. in /mnt/c/Users/fkubicsek/Downloads/CPP_kód_fejlesztése/fejlesztoi_main/Bubble_dynamics_simulation_CPP/submodules/sundials/src/cvode/cvode.c:3725: cvHandleFailure(); ID=6716;
2026.09.29 10:55:26: ERROR (cvode) CVODE error code -15: At t = 72267.7, unable to satisfy inequality constraints. in /mnt/c/Users/fkubicsek/Downloads/CPP_kód_fejlesztése/fejlesztoi_main/Bubble_dynamics_simulation_CPP/submodules/sundials/src/cvode/cvode.c:3725: cvHandleFailure(); ID=6808;
2026.09.29 10:55:26: ERROR (cvode) CVODE error code -15: At t = 74869, unable to satisfy inequality constraints. in /mnt/c/Users/fkubicsek/Downloads/CPP_kód_fejlesztése/fejlesztoi_main/Bubble_dynamics_simulation_CPP/submodules/sundials/src/cvode/cvode.c:3725: cvHandleFailure(); ID=6814;
2026.09.29 10:55:26: ERROR (cvode) CVODE error code -15: At t = 76029.4, unable to satisfy inequality constraints. in /mnt/c/Users/fkubicsek/Downloads/CPP_kód_fejlesztése/fejlesztoi_main/Bubble_dynamics_simulation_CPP/submodules/sundials/src/cvode/cvode.c:3725: cvHandleFailure(); ID=6816;
2026.09.29 10:55:27: ERROR (cvode) CVODE error code -15: At t = 86325.4, unable to satisfy inequality constraints. in /mnt/c/Users/fkubicsek/Downloads/CPP_kód_fejlesztése/fejlesztoi_main/Bubble_dynamics_simulation_CPP/submodules/sundials/src/cvode/cvode.c:3725: cvHandleFailure(); ID=6851;
2026.09.29 10:55:30: ERROR (cvode) CVODE error code -15: At t = 75047.3, unable to satisfy inequality constraints. in /mnt/c/Users/fkubicsek/Downloads/CPP_kód_fejlesztése/fejlesztoi_main/Bubble_dynamics_simulation_CPP/submodules/sundials/src/cvode/cvode.c:3725: cvHandleFailure(); ID=6913;
2026.09.29 10:55:30: ERROR (cvode) CVODE error code -15: At t = 76831.9, unable to satisfy inequality constraints. in /mnt/c/Users/fkubicsek/Downloads/CPP_kód_fejlesztése/fejlesztoi_main/Bubble_dynamics_simulation_CPP/submodules/sundials/src/cvode/cvode.c:3725: cvHandleFailure(); ID=6917;
2026.09.29 10:55:30: ERROR (cvode) CVODE error code -15: At t = 77579.1, unable to satisfy inequality constraints. in /mnt/c/Users/fkubicsek/Downloads/CPP_kód_fejlesztése/fejlesztoi_main/Bubble_dynamics_simulation_CPP/submodules/sundials/src/cvode/cvode.c:3725: cvHandleFailure(); ID=6919;
2026.09.29 10:55:32: ERROR (cvode) CVODE error code -15: At t = 90631.7, unable to satisfy inequality constraints. in /mnt/c/Users/fkubicsek/Downloads/CPP_kód_fejlesztése/fejlesztoi_main/Bubble_dynamics_simulation_CPP/submodules/sundials/src/cvode/cvode.c:3725: cvHandleFailure(); ID=6970;
2026.09.29 10:55:34: ERROR (cvode) CVODE error code -15: At t = 654853, unable to satisfy inequality constraints. in /mnt/c/Users/fkubicsek/Downloads/CPP_kód_fejlesztése/fejlesztoi_main/Bubble_dynamics_simulation_CPP/submodules/sundials/src/cvode/cvode.c:3725: cvHandleFailure(); ID=7004;
2026.09.29 10:55:34: ERROR (cvode) CVODE error code -15: At t = 77300.5, unable to satisfy inequality constraints. in /mnt/c/Users/fkubicsek/Downloads/CPP_kód_fejlesztése/fejlesztoi_main/Bubble_dynamics_simulation_CPP/submodules/sundials/src/cvode/cvode.c:3725: cvHandleFailure(); ID=7016;
2026.09.29 10:55:34: ERROR (cvode) CVODE error code -15: At t = 78618, unable to satisfy inequality constraints. in /mnt/c/Users/fkubicsek/Downloads/CPP_kód_fejlesztése/fejlesztoi_main/Bubble_dynamics_simulation_CPP/submodules/sundials/src/cvode/cvode.c:3725: cvHandleFailure(); ID=7020;
2026.09.29 10:55:40: ERROR (cvode) CVODE error code -15: At t = 77253.6, unable to satisfy inequality constraints. in /mnt/c/Users/fkubicsek/Downloads/CPP_kód_fejlesztése/fejlesztoi_main/Bubble_dynamics_simulation_CPP/submodules/sundials/src/cvode/cvode.c:3725: cvHandleFailure(); ID=7115;
2026.09.29 10:55:40: ERROR (cvode) CVODE error code -15: At t = 78213.2, unable to satisfy inequality constraints. in /mnt/c/Users/fkubicsek/Downloads/CPP_kód_fejlesztése/fejlesztoi_main/Bubble_dynamics_simulation_CPP/submodules/sundials/src/cvode/cvode.c:3725: cvHandleFailure(); ID=7117;
2026.09.29 10:55:40: ERROR (cvode) CVODE error code -15: At t = 79119.1, unable to satisfy inequality constraints. in /mnt/c/Users/fkubicsek/Downloads/CPP_kód_fejlesztése/fejlesztoi_main/Bubble_dynamics_simulation_CPP/submodules/sundials/src/cvode/cvode.c:3725: cvHandleFailure(); ID=7119;
2026.09.29 10:55:44: ERROR (cvode) CVODE error code -15: At t = 78320.6, unable to satisfy inequality constraints. in /mnt/c/Users/fkubicsek/Downloads/CPP_kód_fejlesztése/fejlesztoi_main/Bubble_dynamics_simulation_CPP/submodules/sundials/src/cvode/cvode.c:3725: cvHandleFailure(); ID=7216;
2026.09.29 10:55:44: ERROR (cvode) CVODE error code -15: At t = 79180, unable to satisfy inequality constraints. in /mnt/c/Users/fkubicsek/Downloads/CPP_kód_fejlesztése/fejlesztoi_main/Bubble_dynamics_simulation_CPP/submodules/sundials/src/cvode/cvode.c:3725: cvHandleFailure(); ID=7218;
2026.09.29 10:55:44: ERROR (cvode) CVODE error code -15: At t = 79448.8, unable to satisfy inequality constraints. in /mnt/c/Users/fkubicsek/Downloads/CPP_kód_fejlesztése/fejlesztoi_main/Bubble_dynamics_simulation_CPP/submodules/sundials/src/cvode/cvode.c:3725: cvHandleFailure(); ID=7219;
2026.09.29 10:55:48: ERROR (cvode) CVODE error code -15: At t = 276687, unable to satisfy inequality constraints. in /mnt/c/Users/fkubicsek/Downloads/CPP_kód_fejlesztése/fejlesztoi_main/Bubble_dynamics_simulation_CPP/submodules/sundials/src/cvode/cvode.c:3725: cvHandleFailure(); ID=7306;
2026.09.29 10:55:49: ERROR (cvode) CVODE error code -15: At t = 78704.6, unable to satisfy inequality constraints. in /mnt/c/Users/fkubicsek/Downloads/CPP_kód_fejlesztése/fejlesztoi_main/Bubble_dynamics_simulation_CPP/submodules/sundials/src/cvode/cvode.c:3725: cvHandleFailure(); ID=7315;
2026.09.29 10:55:49: ERROR (cvode) CVODE error code -15: At t = 79374.8, unable to satisfy inequality constraints. in /mnt/c/Users/fkubicsek/Downloads/CPP_kód_fejlesztése/fejlesztoi_main/Bubble_dynamics_simulation_CPP/submodules/sundials/src/cvode/cvode.c:3725: cvHandleFailure(); ID=7317;
2026.09.29 10:55:49: ERROR (cvode) CVODE error code -15: At t = 80691.7, unable to satisfy inequality constraints. in /mnt/c/Users/fkubicsek/Downloads/CPP_kód_fejlesztése/fejlesztoi_main/Bubble_dynamics_simulation_CPP/submodules/sundials/src/cvode/cvode.c:3725: cvHandleFailure(); ID=7320;
2026.09.29 10:55:49: ERROR (cvode) CVODE error code -15: At t = 80858.8, unable to satisfy inequality constraints. in /mnt/c/Users/fkubicsek/Downloads/CPP_kód_fejlesztése/fejlesztoi_main/Bubble_dynamics_simulation_CPP/submodules/sundials/src/cvode/cvode.c:3725: cvHandleFailure(); ID=7321;
2026.09.29 10:55:49: ERROR (cvode) CVODE error code -15: At t = 81986.3, unable to satisfy inequality constraints. in /mnt/c/Users/fkubicsek/Downloads/CPP_kód_fejlesztése/fejlesztoi_main/Bubble_dynamics_simulation_CPP/submodules/sundials/src/cvode/cvode.c:3725: cvHandleFailure(); ID=7324;
2026.09.29 10:55:52: ERROR (cvode) CVODE error code -15: At t = 323594, unable to satisfy inequality constraints. in /mnt/c/Users/fkubicsek/Downloads/CPP_kód_fejlesztése/fejlesztoi_main/Bubble_dynamics_simulation_CPP/submodules/sundials/src/cvode/cvode.c:3725: cvHandleFailure(); ID=7402;
2026.09.29 10:55:53: ERROR (cvode) CVODE error code -15: At t = 79509.3, unable to satisfy inequality constraints. in /mnt/c/Users/fkubicsek/Downloads/CPP_kód_fejlesztése/fejlesztoi_main/Bubble_dynamics_simulation_CPP/submodules/sundials/src/cvode/cvode.c:3725: cvHandleFailure(); ID=7415;
2026.09.29 10:55:53: ERROR (cvode) CVODE error code -15: At t = 81821.4, unable to satisfy inequality constraints. in /mnt/c/Users/fkubicsek/Downloads/CPP_kód_fejlesztése/fejlesztoi_main/Bubble_dynamics_simulation_CPP/submodules/sundials/src/cvode/cvode.c:3725: cvHandleFailure(); ID=7422;
2026.09.29 10:55:53: ERROR (cvode) CVODE error code -15: At t = 82387.9, unable to satisfy inequality constraints. in /mnt/c/Users/fkubicsek/Downloads/CPP_kód_fejlesztése/fejlesztoi_main/Bubble_dynamics_simulation_CPP/submodules/sundials/src/cvode/cvode.c:3725: cvHandleFailure(); ID=7423;
2026.09.29 10:55:53: ERROR (cvode) CVODE error code -15: At t = 82510.8, unable to satisfy inequality constraints. in /mnt/c/Users/fkubicsek/Downloads/CPP_kód_fejlesztése/fejlesztoi_main/Bubble_dynamics_simulation_CPP/submodules/sundials/src/cvode/cvode.c:3725: cvHandleFailure(); ID=7424;
2026.09.29 10:55:53: ERROR (cvode) CVODE error code -15: At t = 83424.4, unable to satisfy inequality constraints. in /mnt/c/Users/fkubicsek/Downloads/CPP_kód_fejlesztése/fejlesztoi_main/Bubble_dynamics_simulation_CPP/submodules/sundials/src/cvode/cvode.c:3725: cvHandleFailure(); ID=7427;
2026.09.29 10:55:53: ERROR (cvode) CVODE error code -15: At t = 83710.2, unable to satisfy inequality constraints. in /mnt/c/Users/fkubicsek/Downloads/CPP_kód_fejlesztése/fejlesztoi_main/Bubble_dynamics_simulation_CPP/submodules/sundials/src/cvode/cvode.c:3725: cvHandleFailure(); ID=7428;
2026.09.29 10:55:56: ERROR (cvode) CVODE error code -15: At t = 266662, unable to satisfy inequality constraints. in /mnt/c/Users/fkubicsek/Downloads/CPP_kód_fejlesztése/fejlesztoi_main/Bubble_dynamics_simulation_CPP/submodules/sundials/src/cvode/cvode.c:3725: cvHandleFailure(); ID=7503;
2026.09.29 10:55:57: ERROR (cvode) CVODE error code -15: At t = 80331.4, unable to satisfy inequality constraints. in /mnt/c/Users/fkubicsek/Downloads/CPP_kód_fejlesztése/fejlesztoi_main/Bubble_dynamics_simulation_CPP/submodules/sundials/src/cvode/cvode.c:3725: cvHandleFailure(); ID=7515;
2026.09.29 10:55:57: ERROR (cvode) CVODE error code -15: At t = 80631, unable to satisfy inequality constraints. in /mnt/c/Users/fkubicsek/Downloads/CPP_kód_fejlesztése/fejlesztoi_main/Bubble_dynamics_simulation_CPP/submodules/sundials/src/cvode/cvode.c:3725: cvHandleFailure(); ID=7516;
2026.09.29 10:55:57: ERROR (cvode) CVODE error code -15: At t = 81302.7, unable to satisfy inequality constraints. in /mnt/c/Users/fkubicsek/Downloads/CPP_kód_fejlesztése/fejlesztoi_main/Bubble_dynamics_simulation_CPP/submodules/sundials/src/cvode/cvode.c:3725: cvHandleFailure(); ID=7517;
2026.09.29 10:55:57: ERROR (cvode) CVODE error code -15: At t = 81569.4, unable to satisfy inequality constraints. in /mnt/c/Users/fkubicsek/Downloads/CPP_kód_fejlesztése/fejlesztoi_main/Bubble_dynamics_simulation_CPP/submodules/sundials/src/cvode/cvode.c:3725: cvHandleFailure(); ID=7519;
2026.09.29 10:55:57: ERROR (cvode) CVODE error code -15: At t = 82617.6, unable to satisfy inequality constraints. in /mnt/c/Users/fkubicsek/Downloads/CPP_kód_fejlesztése/fejlesztoi_main/Bubble_dynamics_simulation_CPP/submodules/sundials/src/cvode/cvode.c:3725: cvHandleFailure(); ID=7522;
2026.09.29 10:55:57: ERROR (cvode) CVODE error code -15: At t = 83443.1, unable to satisfy inequality constraints. in /mnt/c/Users/fkubicsek/Downloads/CPP_kód_fejlesztése/fejlesztoi_main/Bubble_dynamics_simulation_CPP/submodules/sundials/src/cvode/cvode.c:3725: cvHandleFailure(); ID=7525;
2026.09.29 10:55:57: WARNING (odefun) Negative R or T: R=-107.279863;   T=-7142.863927 in ./src/ode_fun.cpp:108: check_before_call(); ID=7535;
2026.09.29 10:55:57: WARNING (odefun) Negative R or T: R=0.585532;   T=-2.122929 in ./src/ode_fun.cpp:108: check_before_call(); ID=7535;
2026.09.29 10:55:57: ERROR (cvode) CVODE error code -15: At t = 86307.3, unable to satisfy inequality constraints. in /mnt/c/Users/fkubicsek/Downloads/CPP_kód_fejlesztése/fejlesztoi_main/Bubble_dynamics_simulation_CPP/submodules/sundials/src/cvode/cvode.c:3725: cvHandleFailure(); ID=7535;
2026.09.29 10:56:00: ERROR (cvode) CVODE error code -15: At t = 257868, unable to satisfy inequality constraints. in /mnt/c/Users/fkubicsek/Downloads/CPP_kód_fejlesztése/fejlesztoi_main/Bubble_dynamics_simulation_CPP/submodules/sundials/src/cvode/cvode.c:3725: cvHandleFailure(); ID=7601;
2026.09.29 10:56:00: ERROR (cvode) CVODE error code -15: At t = 298688, unable to satisfy inequality constraints. in /mnt/c/Users/fkubicsek/Downloads/CPP_kód_fejlesztése/fejlesztoi_main/Bubble_dynamics_simulation_CPP/submodules/sundials/src/cvode/cvode.c:3725: cvHandleFailure(); ID=7602;
2026.09.29 10:56:00: ERROR (cvode) CVODE error code -15: At t = 708090, unable to satisfy inequality constraints. in /mnt/c/Users/fkubicsek/Downloads/CPP_kód_fejlesztése/fejlesztoi_main/Bubble_dynamics_simulation_CPP/submodules/sundials/src/cvode/cvode.c:3725: cvHandleFailure(); ID=7606;
2026.09.29 10:56:01: ERROR (cvode) CVODE error code -15: At t = 627584, unable to satisfy inequality constraints. in /mnt/c/Users/fkubicsek/Downloads/CPP_kód_fejlesztése/fejlesztoi_main/Bubble_dynamics_simulation_CPP/submodules/sundials/src/cvode/cvode.c:3725: cvHandleFailure(); ID=7605;
2026.09.29 10:56:01: ERROR (cvode) CVODE error code -15: At t = 775892, unable to satisfy inequality constraints. in /mnt/c/Users/fkubicsek/Downloads/CPP_kód_fejlesztése/fejlesztoi_main/Bubble_dynamics_simulation_CPP/submodules/sundials/src/cvode/cvode.c:3725: cvHandleFailure(); ID=7607;
2026.09.29 10:56:01: ERROR (cvode) CVODE error code -15: At t = 81501.6, unable to satisfy inequality constraints. in /mnt/c/Users/fkubicsek/Downloads/CPP_kód_fejlesztése/fejlesztoi_main/Bubble_dynamics_simulation_CPP/submodules/sundials/src/cvode/cvode.c:3725: cvHandleFailure(); ID=7616;
2026.09.29 10:56:01: ERROR (cvode) CVODE error code -15: At t = 82372.4, unable to satisfy inequality constraints. in /mnt/c/Users/fkubicsek/Downloads/CPP_kód_fejlesztése/fejlesztoi_main/Bubble_dynamics_simulation_CPP/submodules/sundials/src/cvode/cvode.c:3725: cvHandleFailure(); ID=7619;
2026.09.29 10:56:01: ERROR (cvode) CVODE error code -15: At t = 84716.2, unable to satisfy inequality constraints. in /mnt/c/Users/fkubicsek/Downloads/CPP_kód_fejlesztése/fejlesztoi_main/Bubble_dynamics_simulation_CPP/submodules/sundials/src/cvode/cvode.c:3725: cvHandleFailure(); ID=7627;
2026.09.29 10:56:01: ERROR (cvode) CVODE error code -15: At t = 85560.5, unable to satisfy inequality constraints. in /mnt/c/Users/fkubicsek/Downloads/CPP_kód_fejlesztése/fejlesztoi_main/Bubble_dynamics_simulation_CPP/submodules/sundials/src/cvode/cvode.c:3725: cvHandleFailure(); ID=7629;
2026.09.29 10:56:01: ERROR (cvode) CVODE error code -15: At t = 85931.7, unable to satisfy inequality constraints. in /mnt/c/Users/fkubicsek/Downloads/CPP_kód_fejlesztése/fejlesztoi_main/Bubble_dynamics_simulation_CPP/submodules/sundials/src/cvode/cvode.c:3725: cvHandleFailure(); ID=7631;
2026.09.29 10:56:05: ERROR (cvode) CVODE error code -15: At t = 814724, unable to satisfy inequality constraints. in /mnt/c/Users/fkubicsek/Downloads/CPP_kód_fejlesztése/fejlesztoi_main/Bubble_dynamics_simulation_CPP/submodules/sundials/src/cvode/cvode.c:3725: cvHandleFailure(); ID=7708;
2026.09.29 10:56:06: ERROR (cvode) CVODE error code -15: At t = 84830.6, unable to satisfy inequality constraints. in /mnt/c/Users/fkubicsek/Downloads/CPP_kód_fejlesztése/fejlesztoi_main/Bubble_dynamics_simulation_CPP/submodules/sundials/src/cvode/cvode.c:3725: cvHandleFailure(); ID=7724;
2026.09.29 10:56:06: ERROR (cvode) CVODE error code -15: At t = 85456.4, unable to satisfy inequality constraints. in /mnt/c/Users/fkubicsek/Downloads/CPP_kód_fejlesztése/fejlesztoi_main/Bubble_dynamics_simulation_CPP/submodules/sundials/src/cvode/cvode.c:3725: cvHandleFailure(); ID=7727;
2026.09.29 10:56:06: ERROR (cvode) CVODE error code -15: At t = 85694.5, unable to satisfy inequality constraints. in /mnt/c/Users/fkubicsek/Downloads/CPP_kód_fejlesztése/fejlesztoi_main/Bubble_dynamics_simulation_CPP/submodules/sundials/src/cvode/cvode.c:3725: cvHandleFailure(); ID=7728;
2026.09.29 10:56:06: ERROR (cvode) CVODE error code -15: At t = 86548.7, unable to satisfy inequality constraints. in /mnt/c/Users/fkubicsek/Downloads/CPP_kód_fejlesztése/fejlesztoi_main/Bubble_dynamics_simulation_CPP/submodules/sundials/src/cvode/cvode.c:3725: cvHandleFailure(); ID=7730;
2026.09.29 10:56:06: ERROR (cvode) CVODE error code -15: At t = 86758.7, unable to satisfy inequality constraints. in /mnt/c/Users/fkubicsek/Downloads/CPP_kód_fejlesztése/fejlesztoi_main/Bubble_dynamics_simulation_CPP/submodules/sundials/src/cvode/cvode.c:3725: cvHandleFailure(); ID=7732;
2026.09.29 10:56:06: ERROR (cvode) CVODE error code -15: At t = 88098, unable to satisfy inequality constraints. in /mnt/c/Users/fkubicsek/Downloads/CPP_kód_fejlesztése/fejlesztoi_main/Bubble_dynamics_simulation_CPP/submodules/sundials/src/cvode/cvode.c:3725: cvHandleFailure(); ID=7739;
2026.09.29 10:56:08: ERROR (cvode) CVODE error code -15: At t = 97364.5, unable to satisfy inequality constraints. in /mnt/c/Users/fkubicsek/Downloads/CPP_kód_fejlesztése/fejlesztoi_main/Bubble_dynamics_simulation_CPP/submodules/sundials/src/cvode/cvode.c:3725: cvHandleFailure(); ID=7791;
2026.09.29 10:56:09: ERROR (cvode) CVODE error code -15: At t = 780860, unable to satisfy inequality constraints. in /mnt/c/Users/fkubicsek/Downloads/CPP_kód_fejlesztése/fejlesztoi_main/Bubble_dynamics_simulation_CPP/submodules/sundials/src/cvode/cvode.c:3725: cvHandleFailure(); ID=7800;
2026.09.29 10:56:09: ERROR (cvode) CVODE error code -15: At t = 732101, unable to satisfy inequality constraints. in /mnt/c/Users/fkubicsek/Downloads/CPP_kód_fejlesztése/fejlesztoi_main/Bubble_dynamics_simulation_CPP/submodules/sundials/src/cvode/cvode.c:3725: cvHandleFailure(); ID=7801;
2026.09.29 10:56:09: ERROR (cvode) CVODE error code -15: At t = 373037, unable to satisfy inequality constraints. in /mnt/c/Users/fkubicsek/Downloads/CPP_kód_fejlesztése/fejlesztoi_main/Bubble_dynamics_simulation_CPP/submodules/sundials/src/cvode/cvode.c:3725: cvHandleFailure(); ID=7809;
2026.09.29 10:56:09: ERROR (cvode) CVODE error code -15: At t = 576961, unable to satisfy inequality constraints. in /mnt/c/Users/fkubicsek/Downloads/CPP_kód_fejlesztése/fejlesztoi_main/Bubble_dynamics_simulation_CPP/submodules/sundials/src/cvode/cvode.c:3725: cvHandleFailure(); ID=7807;
2026.09.29 10:56:09: ERROR (cvode) CVODE error code -15: At t = 633566, unable to satisfy inequality constraints. in /mnt/c/Users/fkubicsek/Downloads/CPP_kód_fejlesztése/fejlesztoi_main/Bubble_dynamics_simulation_CPP/submodules/sundials/src/cvode/cvode.c:3725: cvHandleFailure(); ID=7808;
2026.09.29 10:56:10: ERROR (cvode) CVODE error code -15: At t = 648728, unable to satisfy inequality constraints. in /mnt/c/Users/fkubicsek/Downloads/CPP_kód_fejlesztése/fejlesztoi_main/Bubble_dynamics_simulation_CPP/submodules/sundials/src/cvode/cvode.c:3725: cvHandleFailure(); ID=7816;
2026.09.29 10:56:10: ERROR (cvode) CVODE error code -15: At t = 980155, unable to satisfy inequality constraints. in /mnt/c/Users/fkubicsek/Downloads/CPP_kód_fejlesztése/fejlesztoi_main/Bubble_dynamics_simulation_CPP/submodules/sundials/src/cvode/cvode.c:3725: cvHandleFailure(); ID=7813;
2026.09.29 10:56:10: ERROR (cvode) CVODE error code -15: At t = 84432.5, unable to satisfy inequality constraints. in /mnt/c/Users/fkubicsek/Downloads/CPP_kód_fejlesztése/fejlesztoi_main/Bubble_dynamics_simulation_CPP/submodules/sundials/src/cvode/cvode.c:3725: cvHandleFailure(); ID=7820;
2026.09.29 10:56:10: ERROR (cvode) CVODE error code -15: At t = 85406.8, unable to satisfy inequality constraints. in /mnt/c/Users/fkubicsek/Downloads/CPP_kód_fejlesztése/fejlesztoi_main/Bubble_dynamics_simulation_CPP/submodules/sundials/src/cvode/cvode.c:3725: cvHandleFailure(); ID=7824;
2026.09.29 10:56:10: ERROR (cvode) CVODE error code -15: At t = 86081.8, unable to satisfy inequality constraints. in /mnt/c/Users/fkubicsek/Downloads/CPP_kód_fejlesztése/fejlesztoi_main/Bubble_dynamics_simulation_CPP/submodules/sundials/src/cvode/cvode.c:3725: cvHandleFailure(); ID=7825;
2026.09.29 10:56:10: ERROR (cvode) CVODE error code -15: At t = 85959.9, unable to satisfy inequality constraints. in /mnt/c/Users/fkubicsek/Downloads/CPP_kód_fejlesztése/fejlesztoi_main/Bubble_dynamics_simulation_CPP/submodules/sundials/src/cvode/cvode.c:3725: cvHandleFailure(); ID=7826;
2026.09.29 10:56:10: ERROR (cvode) CVODE error code -15: At t = 86419.8, unable to satisfy inequality constraints. in /mnt/c/Users/fkubicsek/Downloads/CPP_kód_fejlesztése/fejlesztoi_main/Bubble_dynamics_simulation_CPP/submodules/sundials/src/cvode/cvode.c:3725: cvHandleFailure(); ID=7828;
2026.09.29 10:56:10: ERROR (cvode) CVODE error code -15: At t = 87266.1, unable to satisfy inequality constraints. in /mnt/c/Users/fkubicsek/Downloads/CPP_kód_fejlesztése/fejlesztoi_main/Bubble_dynamics_simulation_CPP/submodules/sundials/src/cvode/cvode.c:3725: cvHandleFailure(); ID=7831;
2026.09.29 10:56:11: ERROR (cvode) CVODE error code -15: At t = 90318.4, unable to satisfy inequality constraints. in /mnt/c/Users/fkubicsek/Downloads/CPP_kód_fejlesztése/fejlesztoi_main/Bubble_dynamics_simulation_CPP/submodules/sundials/src/cvode/cvode.c:3725: cvHandleFailure(); ID=7844;
2026.09.29 10:56:15: ERROR (cvode) CVODE error code -15: At t = 99273.9, unable to satisfy inequality constraints. in /mnt/c/Users/fkubicsek/Downloads/CPP_kód_fejlesztése/fejlesztoi_main/Bubble_dynamics_simulation_CPP/submodules/sundials/src/cvode/cvode.c:3725: cvHandleFailure(); ID=7901;
2026.09.29 10:56:15: WARNING (postprocess) Dissipated energy is negative: -0.000019 in ./src/ode_solution.cpp:309: postprocess(); ID=7901;
2026.09.29 10:56:15: ERROR (cvode) CVODE error code -15: At t = 532927, unable to satisfy inequality constraints. in /mnt/c/Users/fkubicsek/Downloads/CPP_kód_fejlesztése/fejlesztoi_main/Bubble_dynamics_simulation_CPP/submodules/sundials/src/cvode/cvode.c:3725: cvHandleFailure(); ID=7902;
2026.09.29 10:56:15: ERROR (cvode) CVODE error code -15: At t = 537210, unable to satisfy inequality constraints. in /mnt/c/Users/fkubicsek/Downloads/CPP_kód_fejlesztése/fejlesztoi_main/Bubble_dynamics_simulation_CPP/submodules/sundials/src/cvode/cvode.c:3725: cvHandleFailure(); ID=7904;
2026.09.29 10:56:15: ERROR (cvode) CVODE error code -15: At t = 660651, unable to satisfy inequality constraints. in /mnt/c/Users/fkubicsek/Downloads/CPP_kód_fejlesztése/fejlesztoi_main/Bubble_dynamics_simulation_CPP/submodules/sundials/src/cvode/cvode.c:3725: cvHandleFailure(); ID=7910;
2026.09.29 10:56:15: ERROR (cvode) CVODE error code -15: At t = 84639.4, unable to satisfy inequality constraints. in /mnt/c/Users/fkubicsek/Downloads/CPP_kód_fejlesztése/fejlesztoi_main/Bubble_dynamics_simulation_CPP/submodules/sundials/src/cvode/cvode.c:3725: cvHandleFailure(); ID=7918;
2026.09.29 10:56:15: ERROR (cvode) CVODE error code -15: At t = 84944.1, unable to satisfy inequality constraints. in /mnt/c/Users/fkubicsek/Downloads/CPP_kód_fejlesztése/fejlesztoi_main/Bubble_dynamics_simulation_CPP/submodules/sundials/src/cvode/cvode.c:3725: cvHandleFailure(); ID=7919;
2026.09.29 10:56:15: ERROR (cvode) CVODE error code -15: At t = 85263.4, unable to satisfy inequality constraints. in /mnt/c/Users/fkubicsek/Downloads/CPP_kód_fejlesztése/fejlesztoi_main/Bubble_dynamics_simulation_CPP/submodules/sundials/src/cvode/cvode.c:3725: cvHandleFailure(); ID=7920;
2026.09.29 10:56:15: ERROR (cvode) CVODE error code -15: At t = 1.39244e+06, unable to satisfy inequality constraints. in /mnt/c/Users/fkubicsek/Downloads/CPP_kód_fejlesztése/fejlesztoi_main/Bubble_dynamics_simulation_CPP/submodules/sundials/src/cvode/cvode.c:3725: cvHandleFailure(); ID=7917;
2026.09.29 10:56:15: ERROR (cvode) CVODE error code -15: At t = 87139.8, unable to satisfy inequality constraints. in /mnt/c/Users/fkubicsek/Downloads/CPP_kód_fejlesztése/fejlesztoi_main/Bubble_dynamics_simulation_CPP/submodules/sundials/src/cvode/cvode.c:3725: cvHandleFailure(); ID=7927;
2026.09.29 10:56:15: ERROR (cvode) CVODE error code -15: At t = 87454, unable to satisfy inequality constraints. in /mnt/c/Users/fkubicsek/Downloads/CPP_kód_fejlesztése/fejlesztoi_main/Bubble_dynamics_simulation_CPP/submodules/sundials/src/cvode/cvode.c:3725: cvHandleFailure(); ID=7928;
2026.09.29 10:56:16: ERROR (cvode) CVODE error code -15: At t = 87935.6, unable to satisfy inequality constraints. in /mnt/c/Users/fkubicsek/Downloads/CPP_kód_fejlesztése/fejlesztoi_main/Bubble_dynamics_simulation_CPP/submodules/sundials/src/cvode/cvode.c:3725: cvHandleFailure(); ID=7931;
2026.09.29 10:56:16: ERROR (cvode) CVODE error code -15: At t = 88678.4, unable to satisfy inequality constraints. in /mnt/c/Users/fkubicsek/Downloads/CPP_kód_fejlesztése/fejlesztoi_main/Bubble_dynamics_simulation_CPP/submodules/sundials/src/cvode/cvode.c:3725: cvHandleFailure(); ID=7933;
2026.09.29 10:56:16: ERROR (cvode) CVODE error code -15: At t = 88985.1, unable to satisfy inequality constraints. in /mnt/c/Users/fkubicsek/Downloads/CPP_kód_fejlesztése/fejlesztoi_main/Bubble_dynamics_simulation_CPP/submodules/sundials/src/cvode/cvode.c:3725: cvHandleFailure(); ID=7935;
2026.09.29 10:56:16: ERROR (cvode) CVODE error code -15: At t = 89526.7, unable to satisfy inequality constraints. in /mnt/c/Users/fkubicsek/Downloads/CPP_kód_fejlesztése/fejlesztoi_main/Bubble_dynamics_simulation_CPP/submodules/sundials/src/cvode/cvode.c:3725: cvHandleFailure(); ID=7936;
2026.09.29 10:56:16: ERROR (cvode) CVODE error code -15: At t = 89537.6, unable to satisfy inequality constraints. in /mnt/c/Users/fkubicsek/Downloads/CPP_kód_fejlesztése/fejlesztoi_main/Bubble_dynamics_simulation_CPP/submodules/sundials/src/cvode/cvode.c:3725: cvHandleFailure(); ID=7937;
2026.09.29 10:56:16: ERROR (cvode) CVODE error code -15: At t = 89692.9, unable to satisfy inequality constraints. in /mnt/c/Users/fkubicsek/Downloads/CPP_kód_fejlesztése/fejlesztoi_main/Bubble_dynamics_simulation_CPP/submodules/sundials/src/cvode/cvode.c:3725: cvHandleFailure(); ID=7938;
2026.09.29 10:56:19: ERROR (cvode) CVODE error code -15: At t = 640996, unable to satisfy inequality constraints. in /mnt/c/Users/fkubicsek/Downloads/CPP_kód_fejlesztése/fejlesztoi_main/Bubble_dynamics_simulation_CPP/submodules/sundials/src/cvode/cvode.c:3725: cvHandleFailure(); ID=8000;
2026.09.29 10:56:19: ERROR (cvode) CVODE error code -15: At t = 397457, unable to satisfy inequality constraints. in /mnt/c/Users/fkubicsek/Downloads/CPP_kód_fejlesztése/fejlesztoi_main/Bubble_dynamics_simulation_CPP/submodules/sundials/src/cvode/cvode.c:3725: cvHandleFailure(); ID=8003;
2026.09.29 10:56:19: ERROR (cvode) CVODE error code -15: At t = 84612.6, unable to satisfy inequality constraints. in /mnt/c/Users/fkubicsek/Downloads/CPP_kód_fejlesztése/fejlesztoi_main/Bubble_dynamics_simulation_CPP/submodules/sundials/src/cvode/cvode.c:3725: cvHandleFailure(); ID=8014;
2026.09.29 10:56:19: ERROR (cvode) CVODE error code -15: At t = 575147, unable to satisfy inequality constraints. in /mnt/c/Users/fkubicsek/Downloads/CPP_kód_fejlesztése/fejlesztoi_main/Bubble_dynamics_simulation_CPP/submodules/sundials/src/cvode/cvode.c:3725: cvHandleFailure(); ID=8013;
2026.09.29 10:56:20: ERROR (cvode) CVODE error code -15: At t = 86149.8, unable to satisfy inequality constraints. in /mnt/c/Users/fkubicsek/Downloads/CPP_kód_fejlesztése/fejlesztoi_main/Bubble_dynamics_simulation_CPP/submodules/sundials/src/cvode/cvode.c:3725: cvHandleFailure(); ID=8020;
2026.09.29 10:56:20: ERROR (cvode) CVODE error code -15: At t = 87277.7, unable to satisfy inequality constraints. in /mnt/c/Users/fkubicsek/Downloads/CPP_kód_fejlesztése/fejlesztoi_main/Bubble_dynamics_simulation_CPP/submodules/sundials/src/cvode/cvode.c:3725: cvHandleFailure(); ID=8024;
2026.09.29 10:56:20: ERROR (cvode) CVODE error code -15: At t = 1.1395e+06, unable to satisfy inequality constraints. in /mnt/c/Users/fkubicsek/Downloads/CPP_kód_fejlesztése/fejlesztoi_main/Bubble_dynamics_simulation_CPP/submodules/sundials/src/cvode/cvode.c:3725: cvHandleFailure(); ID=8017;
2026.09.29 10:56:20: ERROR (cvode) CVODE error code -15: At t = 88920.5, unable to satisfy inequality constraints. in /mnt/c/Users/fkubicsek/Downloads/CPP_kód_fejlesztése/fejlesztoi_main/Bubble_dynamics_simulation_CPP/submodules/sundials/src/cvode/cvode.c:3725: cvHandleFailure(); ID=8031;
2026.09.29 10:56:20: ERROR (cvode) CVODE error code -15: At t = 89914.9, unable to satisfy inequality constraints. in /mnt/c/Users/fkubicsek/Downloads/CPP_kód_fejlesztése/fejlesztoi_main/Bubble_dynamics_simulation_CPP/submodules/sundials/src/cvode/cvode.c:3725: cvHandleFailure(); ID=8036;
2026.09.29 10:56:20: ERROR (cvode) CVODE error code -15: At t = 90784.4, unable to satisfy inequality constraints. in /mnt/c/Users/fkubicsek/Downloads/CPP_kód_fejlesztése/fejlesztoi_main/Bubble_dynamics_simulation_CPP/submodules/sundials/src/cvode/cvode.c:3725: cvHandleFailure(); ID=8038;
2026.09.29 10:56:20: ERROR (cvode) CVODE error code -15: At t = 90757.9, unable to satisfy inequality constraints. in /mnt/c/Users/fkubicsek/Downloads/CPP_kód_fejlesztése/fejlesztoi_main/Bubble_dynamics_simulation_CPP/submodules/sundials/src/cvode/cvode.c:3725: cvHandleFailure(); ID=8039;
2026.09.29 10:56:20: ERROR (cvode) CVODE error code -15: At t = 91189.1, unable to satisfy inequality constraints. in /mnt/c/Users/fkubicsek/Downloads/CPP_kód_fejlesztése/fejlesztoi_main/Bubble_dynamics_simulation_CPP/submodules/sundials/src/cvode/cvode.c:3725: cvHandleFailure(); ID=8040;
2026.09.29 10:56:20: ERROR (cvode) CVODE error code -15: At t = 91398.2, unable to satisfy inequality constraints. in /mnt/c/Users/fkubicsek/Downloads/CPP_kód_fejlesztése/fejlesztoi_main/Bubble_dynamics_simulation_CPP/submodules/sundials/src/cvode/cvode.c:3725: cvHandleFailure(); ID=8042;
2026.09.29 10:56:23: ERROR (cvode) CVODE error code -15: At t = 93045.8, unable to satisfy inequality constraints. in /mnt/c/Users/fkubicsek/Downloads/CPP_kód_fejlesztése/fejlesztoi_main/Bubble_dynamics_simulation_CPP/submodules/sundials/src/cvode/cvode.c:3725: cvHandleFailure(); ID=8102;
2026.09.29 10:56:23: ERROR (cvode) CVODE error code -15: At t = 654451, unable to satisfy inequality constraints. in /mnt/c/Users/fkubicsek/Downloads/CPP_kód_fejlesztése/fejlesztoi_main/Bubble_dynamics_simulation_CPP/submodules/sundials/src/cvode/cvode.c:3725: cvHandleFailure(); ID=8100;
2026.09.29 10:56:23: ERROR (cvode) CVODE error code -15: At t = 106847, unable to satisfy inequality constraints. in /mnt/c/Users/fkubicsek/Downloads/CPP_kód_fejlesztése/fejlesztoi_main/Bubble_dynamics_simulation_CPP/submodules/sundials/src/cvode/cvode.c:3725: cvHandleFailure(); ID=8105;
2026.09.29 10:56:23: WARNING (postprocess) Dissipated energy is negative: -0.000022 in ./src/ode_solution.cpp:309: postprocess(); ID=8105;
2026.09.29 10:56:23: WARNING (postprocess) Energy demand is negative: -41414098.270523 in ./src/ode_solution.cpp:381: postprocess(); ID=8105;
2026.09.29 10:56:23: ERROR (cvode) CVODE error code -15: At t = 605596, unable to satisfy inequality constraints. in /mnt/c/Users/fkubicsek/Downloads/CPP_kód_fejlesztése/fejlesztoi_main/Bubble_dynamics_simulation_CPP/submodules/sundials/src/cvode/cvode.c:3725: cvHandleFailure(); ID=8104;
2026.09.29 10:56:23: ERROR (cvode) CVODE error code -15: At t = 481367, unable to satisfy inequality constraints. in /mnt/c/Users/fkubicsek/Downloads/CPP_kód_fejlesztése/fejlesztoi_main/Bubble_dynamics_simulation_CPP/submodules/sundials/src/cvode/cvode.c:3725: cvHandleFailure(); ID=8107;
2026.09.29 10:56:23: ERROR (cvode) CVODE error code -4: At t = 179988 and h = 0.812874, the corrector convergence test failed repeatedly or with |h| = hmin. in /mnt/c/Users/fkubicsek/Downloads/CPP_kód_fejlesztése/fejlesztoi_main/Bubble_dynamics_simulation_CPP/submodules/sundials/src/cvode/cvode.c:3682: cvHandleFailure(); ID=8109;
2026.09.29 10:56:23: ERROR (cvode) CVODE error code -15: At t = 94424.1, unable to satisfy inequality constraints. in /mnt/c/Users/fkubicsek/Downloads/CPP_kód_fejlesztése/fejlesztoi_main/Bubble_dynamics_simulation_CPP/submodules/sundials/src/cvode/cvode.c:3725: cvHandleFailure(); ID=8110;
2026.09.29 10:56:23: ERROR (cvode) CVODE error code -15: At t = 592530, unable to satisfy inequality constraints. in /mnt/c/Users/fkubicsek/Downloads/CPP_kód_fejlesztése/fejlesztoi_main/Bubble_dynamics_simulation_CPP/submodules/sundials/src/cvode/cvode.c:3725: cvHandleFailure(); ID=8106;
2026.09.29 10:56:24: ERROR (cvode) CVODE error code -15: At t = 822499, unable to satisfy inequality constraints. in /mnt/c/Users/fkubicsek/Downloads/CPP_kód_fejlesztése/fejlesztoi_main/Bubble_dynamics_simulation_CPP/submodules/sundials/src/cvode/cvode.c:3725: cvHandleFailure(); ID=8108;
2026.09.29 10:56:24: ERROR (cvode) CVODE error code -15: At t = 607446, unable to satisfy inequality constraints. in /mnt/c/Users/fkubicsek/Downloads/CPP_kód_fejlesztése/fejlesztoi_main/Bubble_dynamics_simulation_CPP/submodules/sundials/src/cvode/cvode.c:3725: cvHandleFailure(); ID=8114;
2026.09.29 10:56:24: ERROR (cvode) CVODE error code -15: At t = 86878, unable to satisfy inequality constraints. in /mnt/c/Users/fkubicsek/Downloads/CPP_kód_fejlesztése/fejlesztoi_main/Bubble_dynamics_simulation_CPP/submodules/sundials/src/cvode/cvode.c:3725: cvHandleFailure(); ID=8119;
2026.09.29 10:56:24: ERROR (cvode) CVODE error code -15: At t = 1.06518e+06, unable to satisfy inequality constraints. in /mnt/c/Users/fkubicsek/Downloads/CPP_kód_fejlesztése/fejlesztoi_main/Bubble_dynamics_simulation_CPP/submodules/sundials/src/cvode/cvode.c:3725: cvHandleFailure(); ID=8113;
2026.09.29 10:56:24: ERROR (cvode) CVODE error code -15: At t = 1.26299e+06, unable to satisfy inequality constraints. in /mnt/c/Users/fkubicsek/Downloads/CPP_kód_fejlesztése/fejlesztoi_main/Bubble_dynamics_simulation_CPP/submodules/sundials/src/cvode/cvode.c:3725: cvHandleFailure(); ID=8111;
2026.09.29 10:56:24: ERROR (cvode) CVODE error code -15: At t = 1.2499e+06, unable to satisfy inequality constraints. in /mnt/c/Users/fkubicsek/Downloads/CPP_kód_fejlesztése/fejlesztoi_main/Bubble_dynamics_simulation_CPP/submodules/sundials/src/cvode/cvode.c:3725: cvHandleFailure(); ID=8112;
2026.09.29 10:56:24: ERROR (cvode) CVODE error code -15: At t = 87681, unable to satisfy inequality constraints. in /mnt/c/Users/fkubicsek/Downloads/CPP_kód_fejlesztése/fejlesztoi_main/Bubble_dynamics_simulation_CPP/submodules/sundials/src/cvode/cvode.c:3725: cvHandleFailure(); ID=8122;
2026.09.29 10:56:24: ERROR (cvode) CVODE error code -4: At t = 902980 and h = 49.5616, the corrector convergence test failed repeatedly or with |h| = hmin. in /mnt/c/Users/fkubicsek/Downloads/CPP_kód_fejlesztése/fejlesztoi_main/Bubble_dynamics_simulation_CPP/submodules/sundials/src/cvode/cvode.c:3682: cvHandleFailure(); ID=8118;
2026.09.29 10:56:24: ERROR (cvode) CVODE error code -15: At t = 88324.8, unable to satisfy inequality constraints. in /mnt/c/Users/fkubicsek/Downloads/CPP_kód_fejlesztése/fejlesztoi_main/Bubble_dynamics_simulation_CPP/submodules/sundials/src/cvode/cvode.c:3725: cvHandleFailure(); ID=8125;
2026.09.29 10:56:24: ERROR (cvode) CVODE error code -15: At t = 884486, unable to satisfy inequality constraints. in /mnt/c/Users/fkubicsek/Downloads/CPP_kód_fejlesztése/fejlesztoi_main/Bubble_dynamics_simulation_CPP/submodules/sundials/src/cvode/cvode.c:3725: cvHandleFailure(); ID=8120;
2026.09.29 10:56:24: ERROR (cvode) CVODE error code -15: At t = 89353.4, unable to satisfy inequality constraints. in /mnt/c/Users/fkubicsek/Downloads/CPP_kód_fejlesztése/fejlesztoi_main/Bubble_dynamics_simulation_CPP/submodules/sundials/src/cvode/cvode.c:3725: cvHandleFailure(); ID=8129;
2026.09.29 10:56:24: ERROR (cvode) CVODE error code -15: At t = 89871.3, unable to satisfy inequality constraints. in /mnt/c/Users/fkubicsek/Downloads/CPP_kód_fejlesztése/fejlesztoi_main/Bubble_dynamics_simulation_CPP/submodules/sundials/src/cvode/cvode.c:3725: cvHandleFailure(); ID=8132;
2026.09.29 10:56:24: ERROR (cvode) CVODE error code -15: At t = 90440, unable to satisfy inequality constraints. in /mnt/c/Users/fkubicsek/Downloads/CPP_kód_fejlesztése/fejlesztoi_main/Bubble_dynamics_simulation_CPP/submodules/sundials/src/cvode/cvode.c:3725: cvHandleFailure(); ID=8134;
2026.09.29 10:56:24: ERROR (cvode) CVODE error code -15: At t = 90661.6, unable to satisfy inequality constraints. in /mnt/c/Users/fkubicsek/Downloads/CPP_kód_fejlesztése/fejlesztoi_main/Bubble_dynamics_simulation_CPP/submodules/sundials/src/cvode/cvode.c:3725: cvHandleFailure(); ID=8136;
2026.09.29 10:56:24: ERROR (cvode) CVODE error code -15: At t = 91822, unable to satisfy inequality constraints. in /mnt/c/Users/fkubicsek/Downloads/CPP_kód_fejlesztése/fejlesztoi_main/Bubble_dynamics_simulation_CPP/submodules/sundials/src/cvode/cvode.c:3725: cvHandleFailure(); ID=8139;
2026.09.29 10:56:25: ERROR (cvode) CVODE error code -15: At t = 92567.1, unable to satisfy inequality constraints. in /mnt/c/Users/fkubicsek/Downloads/CPP_kód_fejlesztése/fejlesztoi_main/Bubble_dynamics_simulation_CPP/submodules/sundials/src/cvode/cvode.c:3725: cvHandleFailure(); ID=8143;
2026.09.29 10:56:25: ERROR (cvode) CVODE error code -15: At t = 92817.9, unable to satisfy inequality constraints. in /mnt/c/Users/fkubicsek/Downloads/CPP_kód_fejlesztése/fejlesztoi_main/Bubble_dynamics_simulation_CPP/submodules/sundials/src/cvode/cvode.c:3725: cvHandleFailure(); ID=8145;
2026.09.29 10:56:25: ERROR (cvode) CVODE error code -15: At t = 94653.5, unable to satisfy inequality constraints. in /mnt/c/Users/fkubicsek/Downloads/CPP_kód_fejlesztése/fejlesztoi_main/Bubble_dynamics_simulation_CPP/submodules/sundials/src/cvode/cvode.c:3725: cvHandleFailure(); ID=8155;
2026.09.29 10:56:27: ERROR (cvode) CVODE error code -15: At t = 391017, unable to satisfy inequality constraints. in /mnt/c/Users/fkubicsek/Downloads/CPP_kód_fejlesztése/fejlesztoi_main/Bubble_dynamics_simulation_CPP/submodules/sundials/src/cvode/cvode.c:3725: cvHandleFailure(); ID=8200;
2026.09.29 10:56:27: ERROR (cvode) CVODE error code -4: At t = 106789 and h = 3.40892, the corrector convergence test failed repeatedly or with |h| = hmin. in /mnt/c/Users/fkubicsek/Downloads/CPP_kód_fejlesztése/fejlesztoi_main/Bubble_dynamics_simulation_CPP/submodules/sundials/src/cvode/cvode.c:3682: cvHandleFailure(); ID=8201;
2026.09.29 10:56:27: WARNING (postprocess) Dissipated energy is negative: -0.000062 in ./src/ode_solution.cpp:309: postprocess(); ID=8201;
2026.09.29 10:56:27: WARNING (postprocess) Energy demand is negative: -30213291.746197 in ./src/ode_solution.cpp:381: postprocess(); ID=8201;
2026.09.29 10:56:27: ERROR (cvode) CVODE error code -15: At t = 134052, unable to satisfy inequality constraints. in /mnt/c/Users/fkubicsek/Downloads/CPP_kód_fejlesztése/fejlesztoi_main/Bubble_dynamics_simulation_CPP/submodules/sundials/src/cvode/cvode.c:3725: cvHandleFailure(); ID=8204;
2026.09.29 10:56:27: WARNING (postprocess) Dissipated energy is negative: -0.000038 in ./src/ode_solution.cpp:309: postprocess(); ID=8204;
2026.09.29 10:56:27: WARNING (postprocess) Energy demand is negative: -57396484683195077361664.000000 in ./src/ode_solution.cpp:381: postprocess(); ID=8204;
2026.09.29 10:56:27: ERROR (cvode) CVODE error code -15: At t = 97931.1, unable to satisfy inequality constraints. in /mnt/c/Users/fkubicsek/Downloads/CPP_kód_fejlesztése/fejlesztoi_main/Bubble_dynamics_simulation_CPP/submodules/sundials/src/cvode/cvode.c:3725: cvHandleFailure(); ID=8206;
2026.09.29 10:56:27: ERROR (cvode) CVODE error code -15: At t = 94919.9, unable to satisfy inequality constraints. in /mnt/c/Users/fkubicsek/Downloads/CPP_kód_fejlesztése/fejlesztoi_main/Bubble_dynamics_simulation_CPP/submodules/sundials/src/cvode/cvode.c:3725: cvHandleFailure(); ID=8207;
2026.09.29 10:56:27: ERROR (cvode) CVODE error code -15: At t = 409331, unable to satisfy inequality constraints. in /mnt/c/Users/fkubicsek/Downloads/CPP_kód_fejlesztése/fejlesztoi_main/Bubble_dynamics_simulation_CPP/submodules/sundials/src/cvode/cvode.c:3725: cvHandleFailure(); ID=8210;
2026.09.29 10:56:27: ERROR (cvode) CVODE error code -15: At t = 423767, unable to satisfy inequality constraints. in /mnt/c/Users/fkubicsek/Downloads/CPP_kód_fejlesztése/fejlesztoi_main/Bubble_dynamics_simulation_CPP/submodules/sundials/src/cvode/cvode.c:3725: cvHandleFailure(); ID=8208;
2026.09.29 10:56:27: ERROR (cvode) CVODE error code -15: At t = 101110, unable to satisfy inequality constraints. in /mnt/c/Users/fkubicsek/Downloads/CPP_kód_fejlesztése/fejlesztoi_main/Bubble_dynamics_simulation_CPP/submodules/sundials/src/cvode/cvode.c:3725: cvHandleFailure(); ID=8212;
2026.09.29 10:56:27: ERROR (cvode) CVODE error code -15: At t = 810424, unable to satisfy inequality constraints. in /mnt/c/Users/fkubicsek/Downloads/CPP_kód_fejlesztése/fejlesztoi_main/Bubble_dynamics_simulation_CPP/submodules/sundials/src/cvode/cvode.c:3725: cvHandleFailure(); ID=8205;
2026.09.29 10:56:27: ERROR (cvode) CVODE error code -15: At t = 99430.7, unable to satisfy inequality constraints. in /mnt/c/Users/fkubicsek/Downloads/CPP_kód_fejlesztése/fejlesztoi_main/Bubble_dynamics_simulation_CPP/submodules/sundials/src/cvode/cvode.c:3725: cvHandleFailure(); ID=8213;
2026.09.29 10:56:27: ERROR (cvode) CVODE error code -15: At t = 446791, unable to satisfy inequality constraints. in /mnt/c/Users/fkubicsek/Downloads/CPP_kód_fejlesztése/fejlesztoi_main/Bubble_dynamics_simulation_CPP/submodules/sundials/src/cvode/cvode.c:3725: cvHandleFailure(); ID=8211;
2026.09.29 10:56:27: ERROR (cvode) CVODE error code -15: At t = 1.55911e+06, unable to satisfy inequality constraints. in /mnt/c/Users/fkubicsek/Downloads/CPP_kód_fejlesztése/fejlesztoi_main/Bubble_dynamics_simulation_CPP/submodules/sundials/src/cvode/cvode.c:3725: cvHandleFailure(); ID=8203;
2026.09.29 10:56:28: ERROR (cvode) CVODE error code -15: At t = 666068, unable to satisfy inequality constraints. in /mnt/c/Users/fkubicsek/Downloads/CPP_kód_fejlesztése/fejlesztoi_main/Bubble_dynamics_simulation_CPP/submodules/sundials/src/cvode/cvode.c:3725: cvHandleFailure(); ID=8215;
2026.09.29 10:56:28: ERROR (cvode) CVODE error code -15: At t = 666437, unable to satisfy inequality constraints. in /mnt/c/Users/fkubicsek/Downloads/CPP_kód_fejlesztése/fejlesztoi_main/Bubble_dynamics_simulation_CPP/submodules/sundials/src/cvode/cvode.c:3725: cvHandleFailure(); ID=8216;
2026.09.29 10:56:28: ERROR (cvode) CVODE error code -15: At t = 1.30112e+06, unable to satisfy inequality constraints. in /mnt/c/Users/fkubicsek/Downloads/CPP_kód_fejlesztése/fejlesztoi_main/Bubble_dynamics_simulation_CPP/submodules/sundials/src/cvode/cvode.c:3725: cvHandleFailure(); ID=8209;
2026.09.29 10:56:28: ERROR (cvode) CVODE error code -15: At t = 651719, unable to satisfy inequality constraints. in /mnt/c/Users/fkubicsek/Downloads/CPP_kód_fejlesztése/fejlesztoi_main/Bubble_dynamics_simulation_CPP/submodules/sundials/src/cvode/cvode.c:3725: cvHandleFailure(); ID=8219;
2026.09.29 10:56:28: ERROR (cvode) CVODE error code -15: At t = 89605.8, unable to satisfy inequality constraints. in /mnt/c/Users/fkubicsek/Downloads/CPP_kód_fejlesztése/fejlesztoi_main/Bubble_dynamics_simulation_CPP/submodules/sundials/src/cvode/cvode.c:3725: cvHandleFailure(); ID=8224;
2026.09.29 10:56:28: ERROR (cvode) CVODE error code -15: At t = 1.37995e+06, unable to satisfy inequality constraints. in /mnt/c/Users/fkubicsek/Downloads/CPP_kód_fejlesztése/fejlesztoi_main/Bubble_dynamics_simulation_CPP/submodules/sundials/src/cvode/cvode.c:3725: cvHandleFailure(); ID=8214;
2026.09.29 10:56:28: ERROR (cvode) CVODE error code -15: At t = 1.51504e+06, unable to satisfy inequality constraints. in /mnt/c/Users/fkubicsek/Downloads/CPP_kód_fejlesztése/fejlesztoi_main/Bubble_dynamics_simulation_CPP/submodules/sundials/src/cvode/cvode.c:3725: cvHandleFailure(); ID=8218;
2026.09.29 10:56:28: ERROR (cvode) CVODE error code -15: At t = 1.84216e+06, unable to satisfy inequality constraints. in /mnt/c/Users/fkubicsek/Downloads/CPP_kód_fejlesztése/fejlesztoi_main/Bubble_dynamics_simulation_CPP/submodules/sundials/src/cvode/cvode.c:3725: cvHandleFailure(); ID=8222;
2026.09.29 10:56:28: ERROR (cvode) CVODE error code -15: At t = 90125.7, unable to satisfy inequality constraints. in /mnt/c/Users/fkubicsek/Downloads/CPP_kód_fejlesztése/fejlesztoi_main/Bubble_dynamics_simulation_CPP/submodules/sundials/src/cvode/cvode.c:3725: cvHandleFailure(); ID=8228;
2026.09.29 10:56:28: ERROR (cvode) CVODE error code -15: At t = 1.38249e+06, unable to satisfy inequality constraints. in /mnt/c/Users/fkubicsek/Downloads/CPP_kód_fejlesztése/fejlesztoi_main/Bubble_dynamics_simulation_CPP/submodules/sundials/src/cvode/cvode.c:3725: cvHandleFailure(); ID=8225;
2026.09.29 10:56:28: ERROR (cvode) CVODE error code -15: At t = 90601, unable to satisfy inequality constraints. in /mnt/c/Users/fkubicsek/Downloads/CPP_kód_fejlesztése/fejlesztoi_main/Bubble_dynamics_simulation_CPP/submodules/sundials/src/cvode/cvode.c:3725: cvHandleFailure(); ID=8231;
2026.09.29 10:56:28: ERROR (cvode) CVODE error code -15: At t = 91343, unable to satisfy inequality constraints. in /mnt/c/Users/fkubicsek/Downloads/CPP_kód_fejlesztése/fejlesztoi_main/Bubble_dynamics_simulation_CPP/submodules/sundials/src/cvode/cvode.c:3725: cvHandleFailure(); ID=8234;
2026.09.29 10:56:28: ERROR (cvode) CVODE error code -15: At t = 91356.4, unable to satisfy inequality constraints. in /mnt/c/Users/fkubicsek/Downloads/CPP_kód_fejlesztése/fejlesztoi_main/Bubble_dynamics_simulation_CPP/submodules/sundials/src/cvode/cvode.c:3725: cvHandleFailure(); ID=8235;
2026.09.29 10:56:28: ERROR (cvode) CVODE error code -15: At t = 91594.1, unable to satisfy inequality constraints. in /mnt/c/Users/fkubicsek/Downloads/CPP_kód_fejlesztése/fejlesztoi_main/Bubble_dynamics_simulation_CPP/submodules/sundials/src/cvode/cvode.c:3725: cvHandleFailure(); ID=8236;
2026.09.29 10:56:28: ERROR (cvode) CVODE error code -15: At t = 91904.6, unable to satisfy inequality constraints. in /mnt/c/Users/fkubicsek/Downloads/CPP_kód_fejlesztése/fejlesztoi_main/Bubble_dynamics_simulation_CPP/submodules/sundials/src/cvode/cvode.c:3725: cvHandleFailure(); ID=8237;
2026.09.29 10:56:28: ERROR (cvode) CVODE error code -15: At t = 92448.7, unable to satisfy inequality constraints. in /mnt/c/Users/fkubicsek/Downloads/CPP_kód_fejlesztése/fejlesztoi_main/Bubble_dynamics_simulation_CPP/submodules/sundials/src/cvode/cvode.c:3725: cvHandleFailure(); ID=8239;
2026.09.29 10:56:28: ERROR (cvode) CVODE error code -15: At t = 93260.3, unable to satisfy inequality constraints. in /mnt/c/Users/fkubicsek/Downloads/CPP_kód_fejlesztése/fejlesztoi_main/Bubble_dynamics_simulation_CPP/submodules/sundials/src/cvode/cvode.c:3725: cvHandleFailure(); ID=8242;
2026.09.29 10:56:28: ERROR (cvode) CVODE error code -15: At t = 93573.5, unable to satisfy inequality constraints. in /mnt/c/Users/fkubicsek/Downloads/CPP_kód_fejlesztése/fejlesztoi_main/Bubble_dynamics_simulation_CPP/submodules/sundials/src/cvode/cvode.c:3725: cvHandleFailure(); ID=8246;
2026.09.29 10:56:28: ERROR (cvode) CVODE error code -15: At t = 93832.4, unable to satisfy inequality constraints. in /mnt/c/Users/fkubicsek/Downloads/CPP_kód_fejlesztése/fejlesztoi_main/Bubble_dynamics_simulation_CPP/submodules/sundials/src/cvode/cvode.c:3725: cvHandleFailure(); ID=8245;
2026.09.29 10:56:28: ERROR (cvode) CVODE error code -15: At t = 94308.7, unable to satisfy inequality constraints. in /mnt/c/Users/fkubicsek/Downloads/CPP_kód_fejlesztése/fejlesztoi_main/Bubble_dynamics_simulation_CPP/submodules/sundials/src/cvode/cvode.c:3725: cvHandleFailure(); ID=8249;
2026.09.29 10:56:28: ERROR (cvode) CVODE error code -15: At t = 94136.6, unable to satisfy inequality constraints. in /mnt/c/Users/fkubicsek/Downloads/CPP_kód_fejlesztése/fejlesztoi_main/Bubble_dynamics_simulation_CPP/submodules/sundials/src/cvode/cvode.c:3725: cvHandleFailure(); ID=8248;
2026.09.29 10:56:28: ERROR (cvode) CVODE error code -15: At t = 94439.7, unable to satisfy inequality constraints. in /mnt/c/Users/fkubicsek/Downloads/CPP_kód_fejlesztése/fejlesztoi_main/Bubble_dynamics_simulation_CPP/submodules/sundials/src/cvode/cvode.c:3725: cvHandleFailure(); ID=8250;
2026.09.29 10:56:31: ERROR (cvode) CVODE error code -15: At t = 103540, unable to satisfy inequality constraints. in /mnt/c/Users/fkubicsek/Downloads/CPP_kód_fejlesztése/fejlesztoi_main/Bubble_dynamics_simulation_CPP/submodules/sundials/src/cvode/cvode.c:3725: cvHandleFailure(); ID=8300;
2026.09.29 10:56:31: WARNING (postprocess) Dissipated energy is negative: -0.000065 in ./src/ode_solution.cpp:309: postprocess(); ID=8300;
2026.09.29 10:56:31: ERROR (cvode) CVODE error code -15: At t = 107330, unable to satisfy inequality constraints. in /mnt/c/Users/fkubicsek/Downloads/CPP_kód_fejlesztése/fejlesztoi_main/Bubble_dynamics_simulation_CPP/submodules/sundials/src/cvode/cvode.c:3725: cvHandleFailure(); ID=8301;
2026.09.29 10:56:31: WARNING (postprocess) Dissipated energy is negative: -0.000076 in ./src/ode_solution.cpp:309: postprocess(); ID=8301;
2026.09.29 10:56:31: WARNING (postprocess) Energy demand is negative: -53051084.399653 in ./src/ode_solution.cpp:381: postprocess(); ID=8301;
2026.09.29 10:56:31: ERROR (cvode) CVODE error code -15: At t = 102633, unable to satisfy inequality constraints. in /mnt/c/Users/fkubicsek/Downloads/CPP_kód_fejlesztése/fejlesztoi_main/Bubble_dynamics_simulation_CPP/submodules/sundials/src/cvode/cvode.c:3725: cvHandleFailure(); ID=8302;
2026.09.29 10:56:31: WARNING (postprocess) Dissipated energy is negative: -0.000047 in ./src/ode_solution.cpp:309: postprocess(); ID=8302;
2026.09.29 10:56:31: WARNING (postprocess) Energy demand is negative: -57665638.858925 in ./src/ode_solution.cpp:381: postprocess(); ID=8302;
2026.09.29 10:56:31: ERROR (cvode) CVODE error code -15: At t = 95598.4, unable to satisfy inequality constraints. in /mnt/c/Users/fkubicsek/Downloads/CPP_kód_fejlesztése/fejlesztoi_main/Bubble_dynamics_simulation_CPP/submodules/sundials/src/cvode/cvode.c:3725: cvHandleFailure(); ID=8303;
2026.09.29 10:56:31: ERROR (cvode) CVODE error code -15: At t = 116641, unable to satisfy inequality constraints. in /mnt/c/Users/fkubicsek/Downloads/CPP_kód_fejlesztése/fejlesztoi_main/Bubble_dynamics_simulation_CPP/submodules/sundials/src/cvode/cvode.c:3725: cvHandleFailure(); ID=8306;
2026.09.29 10:56:31: WARNING (postprocess) Dissipated energy is negative: -0.000063 in ./src/ode_solution.cpp:309: postprocess(); ID=8306;
2026.09.29 10:56:31: WARNING (postprocess) Energy demand is negative: -59725264.716644 in ./src/ode_solution.cpp:381: postprocess(); ID=8306;
2026.09.29 10:56:31: ERROR (cvode) CVODE error code -15: At t = 108344, unable to satisfy inequality constraints. in /mnt/c/Users/fkubicsek/Downloads/CPP_kód_fejlesztése/fejlesztoi_main/Bubble_dynamics_simulation_CPP/submodules/sundials/src/cvode/cvode.c:3725: cvHandleFailure(); ID=8309;
2026.09.29 10:56:31: WARNING (postprocess) Dissipated energy is negative: -0.000010 in ./src/ode_solution.cpp:309: postprocess(); ID=8309;
2026.09.29 10:56:31: ERROR (cvode) CVODE error code -15: At t = 149870, unable to satisfy inequality constraints. in /mnt/c/Users/fkubicsek/Downloads/CPP_kód_fejlesztése/fejlesztoi_main/Bubble_dynamics_simulation_CPP/submodules/sundials/src/cvode/cvode.c:3725: cvHandleFailure(); ID=8310;
2026.09.29 10:56:31: ERROR (cvode) CVODE error code -15: At t = 795749, unable to satisfy inequality constraints. in /mnt/c/Users/fkubicsek/Downloads/CPP_kód_fejlesztése/fejlesztoi_main/Bubble_dynamics_simulation_CPP/submodules/sundials/src/cvode/cvode.c:3725: cvHandleFailure(); ID=8307;
2026.09.29 10:56:31: ERROR (cvode) CVODE error code -15: At t = 506170, unable to satisfy inequality constraints. in /mnt/c/Users/fkubicsek/Downloads/CPP_kód_fejlesztése/fejlesztoi_main/Bubble_dynamics_simulation_CPP/submodules/sundials/src/cvode/cvode.c:3725: cvHandleFailure(); ID=8308;
2026.09.29 10:56:31: ERROR (cvode) CVODE error code -15: At t = 724183, unable to satisfy inequality constraints. in /mnt/c/Users/fkubicsek/Downloads/CPP_kód_fejlesztése/fejlesztoi_main/Bubble_dynamics_simulation_CPP/submodules/sundials/src/cvode/cvode.c:3725: cvHandleFailure(); ID=8304;
2026.09.29 10:56:31: ERROR (cvode) CVODE error code -15: At t = 514616, unable to satisfy inequality constraints. in /mnt/c/Users/fkubicsek/Downloads/CPP_kód_fejlesztése/fejlesztoi_main/Bubble_dynamics_simulation_CPP/submodules/sundials/src/cvode/cvode.c:3725: cvHandleFailure(); ID=8314;
2026.09.29 10:56:31: ERROR (cvode) CVODE error code -15: At t = 1.00346e+06, unable to satisfy inequality constraints. in /mnt/c/Users/fkubicsek/Downloads/CPP_kód_fejlesztése/fejlesztoi_main/Bubble_dynamics_simulation_CPP/submodules/sundials/src/cvode/cvode.c:3725: cvHandleFailure(); ID=8311;
2026.09.29 10:56:31: ERROR (cvode) CVODE error code -15: At t = 597819, unable to satisfy inequality constraints. in /mnt/c/Users/fkubicsek/Downloads/CPP_kód_fejlesztése/fejlesztoi_main/Bubble_dynamics_simulation_CPP/submodules/sundials/src/cvode/cvode.c:3725: cvHandleFailure(); ID=8316;
2026.09.29 10:56:31: ERROR (cvode) CVODE error code -15: At t = 1.2247e+08, unable to satisfy inequality constraints. in /mnt/c/Users/fkubicsek/Downloads/CPP_kód_fejlesztése/fejlesztoi_main/Bubble_dynamics_simulation_CPP/submodules/sundials/src/cvode/cvode.c:3725: cvHandleFailure(); ID=8305;
2026.09.29 10:56:31: ERROR (cvode) CVODE error code -15: At t = 1.93333e+06, unable to satisfy inequality constraints. in /mnt/c/Users/fkubicsek/Downloads/CPP_kód_fejlesztése/fejlesztoi_main/Bubble_dynamics_simulation_CPP/submodules/sundials/src/cvode/cvode.c:3725: cvHandleFailure(); ID=8313;
2026.09.29 10:56:31: ERROR (cvode) CVODE error code -15: At t = 884997, unable to satisfy inequality constraints. in /mnt/c/Users/fkubicsek/Downloads/CPP_kód_fejlesztése/fejlesztoi_main/Bubble_dynamics_simulation_CPP/submodules/sundials/src/cvode/cvode.c:3725: cvHandleFailure(); ID=8318;
2026.09.29 10:56:31: ERROR (cvode) CVODE error code -15: At t = 89711.5, unable to satisfy inequality constraints. in /mnt/c/Users/fkubicsek/Downloads/CPP_kód_fejlesztése/fejlesztoi_main/Bubble_dynamics_simulation_CPP/submodules/sundials/src/cvode/cvode.c:3725: cvHandleFailure(); ID=8322;
2026.09.29 10:56:31: ERROR (cvode) CVODE error code -15: At t = 89902.6, unable to satisfy inequality constraints. in /mnt/c/Users/fkubicsek/Downloads/CPP_kód_fejlesztése/fejlesztoi_main/Bubble_dynamics_simulation_CPP/submodules/sundials/src/cvode/cvode.c:3725: cvHandleFailure(); ID=8323;
2026.09.29 10:56:32: ERROR (cvode) CVODE error code -15: At t = 695393, unable to satisfy inequality constraints. in /mnt/c/Users/fkubicsek/Downloads/CPP_kód_fejlesztése/fejlesztoi_main/Bubble_dynamics_simulation_CPP/submodules/sundials/src/cvode/cvode.c:3725: cvHandleFailure(); ID=8320;
2026.09.29 10:56:32: ERROR (cvode) CVODE error code -15: At t = 91390.8, unable to satisfy inequality constraints. in /mnt/c/Users/fkubicsek/Downloads/CPP_kód_fejlesztése/fejlesztoi_main/Bubble_dynamics_simulation_CPP/submodules/sundials/src/cvode/cvode.c:3725: cvHandleFailure(); ID=8327;
2026.09.29 10:56:32: ERROR (cvode) CVODE error code -15: At t = 1.17228e+06, unable to satisfy inequality constraints. in /mnt/c/Users/fkubicsek/Downloads/CPP_kód_fejlesztése/fejlesztoi_main/Bubble_dynamics_simulation_CPP/submodules/sundials/src/cvode/cvode.c:3725: cvHandleFailure(); ID=8319;
2026.09.29 10:56:32: ERROR (cvode) CVODE error code -15: At t = 91270.3, unable to satisfy inequality constraints. in /mnt/c/Users/fkubicsek/Downloads/CPP_kód_fejlesztése/fejlesztoi_main/Bubble_dynamics_simulation_CPP/submodules/sundials/src/cvode/cvode.c:3725: cvHandleFailure(); ID=8329;
2026.09.29 10:56:32: ERROR (cvode) CVODE error code -15: At t = 91276.2, unable to satisfy inequality constraints. in /mnt/c/Users/fkubicsek/Downloads/CPP_kód_fejlesztése/fejlesztoi_main/Bubble_dynamics_simulation_CPP/submodules/sundials/src/cvode/cvode.c:3725: cvHandleFailure(); ID=8330;
2026.09.29 10:56:32: ERROR (cvode) CVODE error code -15: At t = 91770.4, unable to satisfy inequality constraints. in /mnt/c/Users/fkubicsek/Downloads/CPP_kód_fejlesztése/fejlesztoi_main/Bubble_dynamics_simulation_CPP/submodules/sundials/src/cvode/cvode.c:3725: cvHandleFailure(); ID=8331;
2026.09.29 10:56:32: WARNING (odefun) Negative R or T: R=-704168441228.311401;   T=5657991118697.329102 in ./src/ode_fun.cpp:108: check_before_call(); ID=8332;
2026.09.29 10:56:32: WARNING (odefun) Negative R or T: R=-696365547.728527;   T=5574851620.166222 in ./src/ode_fun.cpp:108: check_before_call(); ID=8332;
2026.09.29 10:56:32: WARNING (odefun) Negative R or T: R=-716088.390679;   T=5644630.437288 in ./src/ode_fun.cpp:108: check_before_call(); ID=8332;
2026.09.29 10:56:32: WARNING (odefun) Negative R or T: R=-883.591408;   T=6428.965323 in ./src/ode_fun.cpp:108: check_before_call(); ID=8332;
2026.09.29 10:56:32: WARNING (odefun) Negative R or T: R=-2.460578;   T=14.964239 in ./src/ode_fun.cpp:108: check_before_call(); ID=8332;
2026.09.29 10:56:32: ERROR (cvode) CVODE error code -15: At t = 173613, unable to satisfy inequality constraints. in /mnt/c/Users/fkubicsek/Downloads/CPP_kód_fejlesztése/fejlesztoi_main/Bubble_dynamics_simulation_CPP/submodules/sundials/src/cvode/cvode.c:3725: cvHandleFailure(); ID=8332;
2026.09.29 10:56:32: ERROR (cvode) CVODE error code -15: At t = 92242.2, unable to satisfy inequality constraints. in /mnt/c/Users/fkubicsek/Downloads/CPP_kód_fejlesztése/fejlesztoi_main/Bubble_dynamics_simulation_CPP/submodules/sundials/src/cvode/cvode.c:3725: cvHandleFailure(); ID=8334;
2026.09.29 10:56:32: ERROR (cvode) CVODE error code -15: At t = 161539, unable to satisfy inequality constraints. in /mnt/c/Users/fkubicsek/Downloads/CPP_kód_fejlesztése/fejlesztoi_main/Bubble_dynamics_simulation_CPP/submodules/sundials/src/cvode/cvode.c:3725: cvHandleFailure(); ID=8328;
2026.09.29 10:56:32: ERROR (cvode) CVODE error code -15: At t = 92546.2, unable to satisfy inequality constraints. in /mnt/c/Users/fkubicsek/Downloads/CPP_kód_fejlesztése/fejlesztoi_main/Bubble_dynamics_simulation_CPP/submodules/sundials/src/cvode/cvode.c:3725: cvHandleFailure(); ID=8336;
2026.09.29 10:56:32: ERROR (cvode) CVODE error code -15: At t = 92716.7, unable to satisfy inequality constraints. in /mnt/c/Users/fkubicsek/Downloads/CPP_kód_fejlesztése/fejlesztoi_main/Bubble_dynamics_simulation_CPP/submodules/sundials/src/cvode/cvode.c:3725: cvHandleFailure(); ID=8337;
2026.09.29 10:56:32: ERROR (cvode) CVODE error code -15: At t = 93330.9, unable to satisfy inequality constraints. in /mnt/c/Users/fkubicsek/Downloads/CPP_kód_fejlesztése/fejlesztoi_main/Bubble_dynamics_simulation_CPP/submodules/sundials/src/cvode/cvode.c:3725: cvHandleFailure(); ID=8339;
2026.09.29 10:56:32: ERROR (cvode) CVODE error code -15: At t = 93387.2, unable to satisfy inequality constraints. in /mnt/c/Users/fkubicsek/Downloads/CPP_kód_fejlesztése/fejlesztoi_main/Bubble_dynamics_simulation_CPP/submodules/sundials/src/cvode/cvode.c:3725: cvHandleFailure(); ID=8340;
2026.09.29 10:56:32: ERROR (cvode) CVODE error code -15: At t = 94227.7, unable to satisfy inequality constraints. in /mnt/c/Users/fkubicsek/Downloads/CPP_kód_fejlesztése/fejlesztoi_main/Bubble_dynamics_simulation_CPP/submodules/sundials/src/cvode/cvode.c:3725: cvHandleFailure(); ID=8341;
2026.09.29 10:56:32: ERROR (cvode) CVODE error code -15: At t = 901832, unable to satisfy inequality constraints. in /mnt/c/Users/fkubicsek/Downloads/CPP_kód_fejlesztése/fejlesztoi_main/Bubble_dynamics_simulation_CPP/submodules/sundials/src/cvode/cvode.c:3725: cvHandleFailure(); ID=8326;
2026.09.29 10:56:32: ERROR (cvode) CVODE error code -15: At t = 94061.7, unable to satisfy inequality constraints. in /mnt/c/Users/fkubicsek/Downloads/CPP_kód_fejlesztése/fejlesztoi_main/Bubble_dynamics_simulation_CPP/submodules/sundials/src/cvode/cvode.c:3725: cvHandleFailure(); ID=8343;
2026.09.29 10:56:32: ERROR (cvode) CVODE error code -15: At t = 94204.6, unable to satisfy inequality constraints. in /mnt/c/Users/fkubicsek/Downloads/CPP_kód_fejlesztése/fejlesztoi_main/Bubble_dynamics_simulation_CPP/submodules/sundials/src/cvode/cvode.c:3725: cvHandleFailure(); ID=8345;
2026.09.29 10:56:32: ERROR (cvode) CVODE error code -15: At t = 95025.1, unable to satisfy inequality constraints. in /mnt/c/Users/fkubicsek/Downloads/CPP_kód_fejlesztése/fejlesztoi_main/Bubble_dynamics_simulation_CPP/submodules/sundials/src/cvode/cvode.c:3725: cvHandleFailure(); ID=8347;
2026.09.29 10:56:32: ERROR (cvode) CVODE error code -15: At t = 95090.2, unable to satisfy inequality constraints. in /mnt/c/Users/fkubicsek/Downloads/CPP_kód_fejlesztése/fejlesztoi_main/Bubble_dynamics_simulation_CPP/submodules/sundials/src/cvode/cvode.c:3725: cvHandleFailure(); ID=8349;
2026.09.29 10:56:32: ERROR (cvode) CVODE error code -15: At t = 95780.2, unable to satisfy inequality constraints. in /mnt/c/Users/fkubicsek/Downloads/CPP_kód_fejlesztése/fejlesztoi_main/Bubble_dynamics_simulation_CPP/submodules/sundials/src/cvode/cvode.c:3725: cvHandleFailure(); ID=8351;
2026.09.29 10:56:32: ERROR (cvode) CVODE error code -15: At t = 95589.2, unable to satisfy inequality constraints. in /mnt/c/Users/fkubicsek/Downloads/CPP_kód_fejlesztése/fejlesztoi_main/Bubble_dynamics_simulation_CPP/submodules/sundials/src/cvode/cvode.c:3725: cvHandleFailure(); ID=8352;
2026.09.29 10:56:32: ERROR (cvode) CVODE error code -15: At t = 95685.7, unable to satisfy inequality constraints. in /mnt/c/Users/fkubicsek/Downloads/CPP_kód_fejlesztése/fejlesztoi_main/Bubble_dynamics_simulation_CPP/submodules/sundials/src/cvode/cvode.c:3725: cvHandleFailure(); ID=8353;
2026.09.29 10:56:32: ERROR (cvode) CVODE error code -15: At t = 97157.7, unable to satisfy inequality constraints. in /mnt/c/Users/fkubicsek/Downloads/CPP_kód_fejlesztése/fejlesztoi_main/Bubble_dynamics_simulation_CPP/submodules/sundials/src/cvode/cvode.c:3725: cvHandleFailure(); ID=8358;
2026.09.29 10:56:33: ERROR (odefun) x_dimless_dot[1] is NaN. t_dimless = 9.83804159408039559e+04;    x_dimless = {3.18857856516879312e-01, 1.52429977239481877e+46, 5.03909462541537323e+01, 0.00000000000000000e+00, 5.32314245814810441e-04, 7.47638891127023975e-01, -7.23918856896526826e-13, 0.00000000000000000e+00, 5.16735481916746508e-21, 2.49534478714520391e-01, -1.61146679040670050e-10, 8.01940284826465212e-10, -1.13158534300852572e-09, -4.84172662565022887e-12, -9.71446137795590309e-04, 9.64518312365967223e-04, 5.45560537598755691e-08, 4.54397029845986233e-03};    x_dimless_dot = {1.52429977239481903e+46, -nan, 1.36690953256999458e+56, 0.00000000000000000e+00, -1.74873659568950441e+28, 1.84854123254994398e+54, 1.84854123254994398e+54, 0.00000000000000000e+00, 1.52403555013572106e+27, -8.21106873461016557e+36, 2.00044538033192308e+49, -1.59057049464770669e+34, 1.33084469162008703e+25, 2.00585811050924488e+43, -3.69706246068620213e+54, -2.00044337447463074e+49, -2.00044538033110088e+49, -nan} in ./src/ode_fun.cpp:140: check_after_call(); ID=8369;
2026.09.29 10:56:33: ERROR (cvode) CVODE error code -10: At t = 97718.9 repeated recoverable right-hand side function errors. in /mnt/c/Users/fkubicsek/Downloads/CPP_kód_fejlesztése/fejlesztoi_main/Bubble_dynamics_simulation_CPP/submodules/sundials/src/cvode/cvode.c:3702: cvHandleFailure(); ID=8369;
2026.09.29 10:56:34: ERROR (cvode) CVODE error code -15: At t = 434148, unable to satisfy inequality constraints. in /mnt/c/Users/fkubicsek/Downloads/CPP_kód_fejlesztése/fejlesztoi_main/Bubble_dynamics_simulation_CPP/submodules/sundials/src/cvode/cvode.c:3725: cvHandleFailure(); ID=8400;
2026.09.29 10:56:34: ERROR (cvode) CVODE error code -15: At t = 154477, unable to satisfy inequality constraints. in /mnt/c/Users/fkubicsek/Downloads/CPP_kód_fejlesztése/fejlesztoi_main/Bubble_dynamics_simulation_CPP/submodules/sundials/src/cvode/cvode.c:3725: cvHandleFailure(); ID=8401;
2026.09.29 10:56:34: ERROR (cvode) CVODE error code -15: At t = 449161, unable to satisfy inequality constraints. in /mnt/c/Users/fkubicsek/Downloads/CPP_kód_fejlesztése/fejlesztoi_main/Bubble_dynamics_simulation_CPP/submodules/sundials/src/cvode/cvode.c:3725: cvHandleFailure(); ID=8404;
2026.09.29 10:56:34: ERROR (cvode) CVODE error code -15: At t = 445986, unable to satisfy inequality constraints. in /mnt/c/Users/fkubicsek/Downloads/CPP_kód_fejlesztése/fejlesztoi_main/Bubble_dynamics_simulation_CPP/submodules/sundials/src/cvode/cvode.c:3725: cvHandleFailure(); ID=8405;
2026.09.29 10:56:34: ERROR (cvode) CVODE error code -15: At t = 824545, unable to satisfy inequality constraints. in /mnt/c/Users/fkubicsek/Downloads/CPP_kód_fejlesztése/fejlesztoi_main/Bubble_dynamics_simulation_CPP/submodules/sundials/src/cvode/cvode.c:3725: cvHandleFailure(); ID=8402;
2026.09.29 10:56:34: ERROR (cvode) CVODE error code -15: At t = 105807, unable to satisfy inequality constraints. in /mnt/c/Users/fkubicsek/Downloads/CPP_kód_fejlesztése/fejlesztoi_main/Bubble_dynamics_simulation_CPP/submodules/sundials/src/cvode/cvode.c:3725: cvHandleFailure(); ID=8410;
2026.09.29 10:56:34: ERROR (cvode) CVODE error code -15: At t = 840450, unable to satisfy inequality constraints. in /mnt/c/Users/fkubicsek/Downloads/CPP_kód_fejlesztése/fejlesztoi_main/Bubble_dynamics_simulation_CPP/submodules/sundials/src/cvode/cvode.c:3725: cvHandleFailure(); ID=8406;
2026.09.29 10:56:34: ERROR (cvode) CVODE error code -15: At t = 681781, unable to satisfy inequality constraints. in /mnt/c/Users/fkubicsek/Downloads/CPP_kód_fejlesztése/fejlesztoi_main/Bubble_dynamics_simulation_CPP/submodules/sundials/src/cvode/cvode.c:3725: cvHandleFailure(); ID=8409;
2026.09.29 10:56:34: ERROR (cvode) CVODE error code -15: At t = 201161, unable to satisfy inequality constraints. in /mnt/c/Users/fkubicsek/Downloads/CPP_kód_fejlesztése/fejlesztoi_main/Bubble_dynamics_simulation_CPP/submodules/sundials/src/cvode/cvode.c:3725: cvHandleFailure(); ID=8414;
2026.09.29 10:56:34: ERROR (cvode) CVODE error code -15: At t = 614609, unable to satisfy inequality constraints. in /mnt/c/Users/fkubicsek/Downloads/CPP_kód_fejlesztése/fejlesztoi_main/Bubble_dynamics_simulation_CPP/submodules/sundials/src/cvode/cvode.c:3725: cvHandleFailure(); ID=8413;
2026.09.29 10:56:34: ERROR (cvode) CVODE error code -15: At t = 101083, unable to satisfy inequality constraints. in /mnt/c/Users/fkubicsek/Downloads/CPP_kód_fejlesztése/fejlesztoi_main/Bubble_dynamics_simulation_CPP/submodules/sundials/src/cvode/cvode.c:3725: cvHandleFailure(); ID=8415;
2026.09.29 10:56:34: ERROR (cvode) CVODE error code -15: At t = 612754, unable to satisfy inequality constraints. in /mnt/c/Users/fkubicsek/Downloads/CPP_kód_fejlesztése/fejlesztoi_main/Bubble_dynamics_simulation_CPP/submodules/sundials/src/cvode/cvode.c:3725: cvHandleFailure(); ID=8411;
2026.09.29 10:56:34: ERROR (cvode) CVODE error code -15: At t = 1.72318e+06, unable to satisfy inequality constraints. in /mnt/c/Users/fkubicsek/Downloads/CPP_kód_fejlesztése/fejlesztoi_main/Bubble_dynamics_simulation_CPP/submodules/sundials/src/cvode/cvode.c:3725: cvHandleFailure(); ID=8407;
2026.09.29 10:56:34: ERROR (cvode) CVODE error code -15: At t = 831680, unable to satisfy inequality constraints. in /mnt/c/Users/fkubicsek/Downloads/CPP_kód_fejlesztése/fejlesztoi_main/Bubble_dynamics_simulation_CPP/submodules/sundials/src/cvode/cvode.c:3725: cvHandleFailure(); ID=8408;
2026.09.29 10:56:34: ERROR (cvode) CVODE error code -15: At t = 90839.4, unable to satisfy inequality constraints. in /mnt/c/Users/fkubicsek/Downloads/CPP_kód_fejlesztése/fejlesztoi_main/Bubble_dynamics_simulation_CPP/submodules/sundials/src/cvode/cvode.c:3725: cvHandleFailure(); ID=8422;
2026.09.29 10:56:34: ERROR (cvode) CVODE error code -15: At t = 619565, unable to satisfy inequality constraints. in /mnt/c/Users/fkubicsek/Downloads/CPP_kód_fejlesztése/fejlesztoi_main/Bubble_dynamics_simulation_CPP/submodules/sundials/src/cvode/cvode.c:3725: cvHandleFailure(); ID=8416;
2026.09.29 10:56:34: ERROR (cvode) CVODE error code -15: At t = 627967, unable to satisfy inequality constraints. in /mnt/c/Users/fkubicsek/Downloads/CPP_kód_fejlesztése/fejlesztoi_main/Bubble_dynamics_simulation_CPP/submodules/sundials/src/cvode/cvode.c:3725: cvHandleFailure(); ID=8419;
2026.09.29 10:56:34: ERROR (cvode) CVODE error code -15: At t = 845201, unable to satisfy inequality constraints. in /mnt/c/Users/fkubicsek/Downloads/CPP_kód_fejlesztése/fejlesztoi_main/Bubble_dynamics_simulation_CPP/submodules/sundials/src/cvode/cvode.c:3725: cvHandleFailure(); ID=8418;
2026.09.29 10:56:34: ERROR (cvode) CVODE error code -15: At t = 547367, unable to satisfy inequality constraints. in /mnt/c/Users/fkubicsek/Downloads/CPP_kód_fejlesztése/fejlesztoi_main/Bubble_dynamics_simulation_CPP/submodules/sundials/src/cvode/cvode.c:3725: cvHandleFailure(); ID=8421;
2026.09.29 10:56:34: ERROR (cvode) CVODE error code -15: At t = 91945.5, unable to satisfy inequality constraints. in /mnt/c/Users/fkubicsek/Downloads/CPP_kód_fejlesztése/fejlesztoi_main/Bubble_dynamics_simulation_CPP/submodules/sundials/src/cvode/cvode.c:3725: cvHandleFailure(); ID=8427;
2026.09.29 10:56:34: ERROR (cvode) CVODE error code -15: At t = 1.14797e+06, unable to satisfy inequality constraints. in /mnt/c/Users/fkubicsek/Downloads/CPP_kód_fejlesztése/fejlesztoi_main/Bubble_dynamics_simulation_CPP/submodules/sundials/src/cvode/cvode.c:3725: cvHandleFailure(); ID=8417;
2026.09.29 10:56:34: ERROR (cvode) CVODE error code -15: At t = 92124.4, unable to satisfy inequality constraints. in /mnt/c/Users/fkubicsek/Downloads/CPP_kód_fejlesztése/fejlesztoi_main/Bubble_dynamics_simulation_CPP/submodules/sundials/src/cvode/cvode.c:3725: cvHandleFailure(); ID=8429;
2026.09.29 10:56:34: ERROR (cvode) CVODE error code -15: At t = 92843.8, unable to satisfy inequality constraints. in /mnt/c/Users/fkubicsek/Downloads/CPP_kód_fejlesztése/fejlesztoi_main/Bubble_dynamics_simulation_CPP/submodules/sundials/src/cvode/cvode.c:3725: cvHandleFailure(); ID=8431;
2026.09.29 10:56:35: ERROR (cvode) CVODE error code -15: At t = 773521, unable to satisfy inequality constraints. in /mnt/c/Users/fkubicsek/Downloads/CPP_kód_fejlesztése/fejlesztoi_main/Bubble_dynamics_simulation_CPP/submodules/sundials/src/cvode/cvode.c:3725: cvHandleFailure(); ID=8424;
2026.09.29 10:56:35: ERROR (cvode) CVODE error code -15: At t = 641372, unable to satisfy inequality constraints. in /mnt/c/Users/fkubicsek/Downloads/CPP_kód_fejlesztése/fejlesztoi_main/Bubble_dynamics_simulation_CPP/submodules/sundials/src/cvode/cvode.c:3725: cvHandleFailure(); ID=8428;
2026.09.29 10:56:35: ERROR (cvode) CVODE error code -15: At t = 1.44854e+06, unable to satisfy inequality constraints. in /mnt/c/Users/fkubicsek/Downloads/CPP_kód_fejlesztése/fejlesztoi_main/Bubble_dynamics_simulation_CPP/submodules/sundials/src/cvode/cvode.c:3725: cvHandleFailure(); ID=8423;
2026.09.29 10:56:35: ERROR (cvode) CVODE error code -15: At t = 93257.3, unable to satisfy inequality constraints. in /mnt/c/Users/fkubicsek/Downloads/CPP_kód_fejlesztése/fejlesztoi_main/Bubble_dynamics_simulation_CPP/submodules/sundials/src/cvode/cvode.c:3725: cvHandleFailure(); ID=8434;
2026.09.29 10:56:35: ERROR (cvode) CVODE error code -15: At t = 93316.7, unable to satisfy inequality constraints. in /mnt/c/Users/fkubicsek/Downloads/CPP_kód_fejlesztése/fejlesztoi_main/Bubble_dynamics_simulation_CPP/submodules/sundials/src/cvode/cvode.c:3725: cvHandleFailure(); ID=8435;
2026.09.29 10:56:35: ERROR (cvode) CVODE error code -15: At t = 1.04275e+06, unable to satisfy inequality constraints. in /mnt/c/Users/fkubicsek/Downloads/CPP_kód_fejlesztése/fejlesztoi_main/Bubble_dynamics_simulation_CPP/submodules/sundials/src/cvode/cvode.c:3725: cvHandleFailure(); ID=8426;
2026.09.29 10:56:35: ERROR (cvode) CVODE error code -15: At t = 94054.8, unable to satisfy inequality constraints. in /mnt/c/Users/fkubicsek/Downloads/CPP_kód_fejlesztése/fejlesztoi_main/Bubble_dynamics_simulation_CPP/submodules/sundials/src/cvode/cvode.c:3725: cvHandleFailure(); ID=8437;
2026.09.29 10:56:35: ERROR (cvode) CVODE error code -15: At t = 94858.4, unable to satisfy inequality constraints. in /mnt/c/Users/fkubicsek/Downloads/CPP_kód_fejlesztése/fejlesztoi_main/Bubble_dynamics_simulation_CPP/submodules/sundials/src/cvode/cvode.c:3725: cvHandleFailure(); ID=8441;
2026.09.29 10:56:35: ERROR (cvode) CVODE error code -15: At t = 95247.2, unable to satisfy inequality constraints. in /mnt/c/Users/fkubicsek/Downloads/CPP_kód_fejlesztése/fejlesztoi_main/Bubble_dynamics_simulation_CPP/submodules/sundials/src/cvode/cvode.c:3725: cvHandleFailure(); ID=8443;
2026.09.29 10:56:35: ERROR (cvode) CVODE error code -15: At t = 95225.8, unable to satisfy inequality constraints. in /mnt/c/Users/fkubicsek/Downloads/CPP_kód_fejlesztése/fejlesztoi_main/Bubble_dynamics_simulation_CPP/submodules/sundials/src/cvode/cvode.c:3725: cvHandleFailure(); ID=8444;
2026.09.29 10:56:35: ERROR (cvode) CVODE error code -15: At t = 95677.9, unable to satisfy inequality constraints. in /mnt/c/Users/fkubicsek/Downloads/CPP_kód_fejlesztése/fejlesztoi_main/Bubble_dynamics_simulation_CPP/submodules/sundials/src/cvode/cvode.c:3725: cvHandleFailure(); ID=8446;
2026.09.29 10:56:35: ERROR (cvode) CVODE error code -15: At t = 95814.5, unable to satisfy inequality constraints. in /mnt/c/Users/fkubicsek/Downloads/CPP_kód_fejlesztése/fejlesztoi_main/Bubble_dynamics_simulation_CPP/submodules/sundials/src/cvode/cvode.c:3725: cvHandleFailure(); ID=8448;
2026.09.29 10:56:35: ERROR (cvode) CVODE error code -15: At t = 96162.5, unable to satisfy inequality constraints. in /mnt/c/Users/fkubicsek/Downloads/CPP_kód_fejlesztése/fejlesztoi_main/Bubble_dynamics_simulation_CPP/submodules/sundials/src/cvode/cvode.c:3725: cvHandleFailure(); ID=8449;
2026.09.29 10:56:35: ERROR (cvode) CVODE error code -15: At t = 96331.3, unable to satisfy inequality constraints. in /mnt/c/Users/fkubicsek/Downloads/CPP_kód_fejlesztése/fejlesztoi_main/Bubble_dynamics_simulation_CPP/submodules/sundials/src/cvode/cvode.c:3725: cvHandleFailure(); ID=8450;
2026.09.29 10:56:35: ERROR (cvode) CVODE error code -15: At t = 96809.5, unable to satisfy inequality constraints. in /mnt/c/Users/fkubicsek/Downloads/CPP_kód_fejlesztése/fejlesztoi_main/Bubble_dynamics_simulation_CPP/submodules/sundials/src/cvode/cvode.c:3725: cvHandleFailure(); ID=8453;
2026.09.29 10:56:35: ERROR (cvode) CVODE error code -15: At t = 97009.4, unable to satisfy inequality constraints. in /mnt/c/Users/fkubicsek/Downloads/CPP_kód_fejlesztése/fejlesztoi_main/Bubble_dynamics_simulation_CPP/submodules/sundials/src/cvode/cvode.c:3725: cvHandleFailure(); ID=8454;
2026.09.29 10:56:35: ERROR (cvode) CVODE error code -15: At t = 96995, unable to satisfy inequality constraints. in /mnt/c/Users/fkubicsek/Downloads/CPP_kód_fejlesztése/fejlesztoi_main/Bubble_dynamics_simulation_CPP/submodules/sundials/src/cvode/cvode.c:3725: cvHandleFailure(); ID=8456;
2026.09.29 10:56:35: ERROR (cvode) CVODE error code -15: At t = 97425.1, unable to satisfy inequality constraints. in /mnt/c/Users/fkubicsek/Downloads/CPP_kód_fejlesztése/fejlesztoi_main/Bubble_dynamics_simulation_CPP/submodules/sundials/src/cvode/cvode.c:3725: cvHandleFailure(); ID=8458;
2026.09.29 10:56:35: ERROR (cvode) CVODE error code -15: At t = 97761.6, unable to satisfy inequality constraints. in /mnt/c/Users/fkubicsek/Downloads/CPP_kód_fejlesztése/fejlesztoi_main/Bubble_dynamics_simulation_CPP/submodules/sundials/src/cvode/cvode.c:3725: cvHandleFailure(); ID=8459;
2026.09.29 10:56:35: ERROR (cvode) CVODE error code -15: At t = 98328.3, unable to satisfy inequality constraints. in /mnt/c/Users/fkubicsek/Downloads/CPP_kód_fejlesztése/fejlesztoi_main/Bubble_dynamics_simulation_CPP/submodules/sundials/src/cvode/cvode.c:3725: cvHandleFailure(); ID=8460;
2026.09.29 10:56:35: ERROR (cvode) CVODE error code -15: At t = 99135.1, unable to satisfy inequality constraints. in /mnt/c/Users/fkubicsek/Downloads/CPP_kód_fejlesztése/fejlesztoi_main/Bubble_dynamics_simulation_CPP/submodules/sundials/src/cvode/cvode.c:3725: cvHandleFailure(); ID=8465;
2026.09.29 10:56:37: ERROR (cvode) CVODE error code -15: At t = 198575, unable to satisfy inequality constraints. in /mnt/c/Users/fkubicsek/Downloads/CPP_kód_fejlesztése/fejlesztoi_main/Bubble_dynamics_simulation_CPP/submodules/sundials/src/cvode/cvode.c:3725: cvHandleFailure(); ID=8501;
2026.09.29 10:56:37: WARNING (postprocess) Dissipated energy is negative: -0.000015 in ./src/ode_solution.cpp:309: postprocess(); ID=8501;
2026.09.29 10:56:37: WARNING (postprocess) Energy demand is negative: -4368040.469448 in ./src/ode_solution.cpp:381: postprocess(); ID=8501;
2026.09.29 10:56:37: ERROR (cvode) CVODE error code -15: At t = 98797.7, unable to satisfy inequality constraints. in /mnt/c/Users/fkubicsek/Downloads/CPP_kód_fejlesztése/fejlesztoi_main/Bubble_dynamics_simulation_CPP/submodules/sundials/src/cvode/cvode.c:3725: cvHandleFailure(); ID=8502;
2026.09.29 10:56:37: ERROR (cvode) CVODE error code -15: At t = 463312, unable to satisfy inequality constraints. in /mnt/c/Users/fkubicsek/Downloads/CPP_kód_fejlesztése/fejlesztoi_main/Bubble_dynamics_simulation_CPP/submodules/sundials/src/cvode/cvode.c:3725: cvHandleFailure(); ID=8500;
2026.09.29 10:56:37: ERROR (cvode) CVODE error code -15: At t = 128457, unable to satisfy inequality constraints. in /mnt/c/Users/fkubicsek/Downloads/CPP_kód_fejlesztése/fejlesztoi_main/Bubble_dynamics_simulation_CPP/submodules/sundials/src/cvode/cvode.c:3725: cvHandleFailure(); ID=8503;
2026.09.29 10:56:37: WARNING (postprocess) Dissipated energy is negative: -0.000149 in ./src/ode_solution.cpp:309: postprocess(); ID=8503;
2026.09.29 10:56:37: ERROR (cvode) CVODE error code -15: At t = 387624, unable to satisfy inequality constraints. in /mnt/c/Users/fkubicsek/Downloads/CPP_kód_fejlesztése/fejlesztoi_main/Bubble_dynamics_simulation_CPP/submodules/sundials/src/cvode/cvode.c:3725: cvHandleFailure(); ID=8504;
2026.09.29 10:56:37: ERROR (cvode) CVODE error code -15: At t = 145489, unable to satisfy inequality constraints. in /mnt/c/Users/fkubicsek/Downloads/CPP_kód_fejlesztése/fejlesztoi_main/Bubble_dynamics_simulation_CPP/submodules/sundials/src/cvode/cvode.c:3725: cvHandleFailure(); ID=8508;
2026.09.29 10:56:37: WARNING (postprocess) Dissipated energy is negative: -0.000096 in ./src/ode_solution.cpp:309: postprocess(); ID=8508;
2026.09.29 10:56:37: WARNING (postprocess) Energy demand is negative: -141652408660680421408768.000000 in ./src/ode_solution.cpp:381: postprocess(); ID=8508;
2026.09.29 10:56:37: ERROR (cvode) CVODE error code -15: At t = 388181, unable to satisfy inequality constraints. in /mnt/c/Users/fkubicsek/Downloads/CPP_kód_fejlesztése/fejlesztoi_main/Bubble_dynamics_simulation_CPP/submodules/sundials/src/cvode/cvode.c:3725: cvHandleFailure(); ID=8509;
2026.09.29 10:56:37: ERROR (cvode) CVODE error code -15: At t = 112276, unable to satisfy inequality constraints. in /mnt/c/Users/fkubicsek/Downloads/CPP_kód_fejlesztése/fejlesztoi_main/Bubble_dynamics_simulation_CPP/submodules/sundials/src/cvode/cvode.c:3725: cvHandleFailure(); ID=8510;
2026.09.29 10:56:37: WARNING (postprocess) Dissipated energy is negative: -0.000045 in ./src/ode_solution.cpp:309: postprocess(); ID=8510;
2026.09.29 10:56:37: ERROR (cvode) CVODE error code -15: At t = 1.01252e+06, unable to satisfy inequality constraints. in /mnt/c/Users/fkubicsek/Downloads/CPP_kód_fejlesztése/fejlesztoi_main/Bubble_dynamics_simulation_CPP/submodules/sundials/src/cvode/cvode.c:3725: cvHandleFailure(); ID=8507;
2026.09.29 10:56:37: ERROR (cvode) CVODE error code -15: At t = 945450, unable to satisfy inequality constraints. in /mnt/c/Users/fkubicsek/Downloads/CPP_kód_fejlesztése/fejlesztoi_main/Bubble_dynamics_simulation_CPP/submodules/sundials/src/cvode/cvode.c:3725: cvHandleFailure(); ID=8506;
2026.09.29 10:56:37: ERROR (cvode) CVODE error code -15: At t = 112390, unable to satisfy inequality constraints. in /mnt/c/Users/fkubicsek/Downloads/CPP_kód_fejlesztése/fejlesztoi_main/Bubble_dynamics_simulation_CPP/submodules/sundials/src/cvode/cvode.c:3725: cvHandleFailure(); ID=8514;
2026.09.29 10:56:37: ERROR (cvode) CVODE error code -15: At t = 547648, unable to satisfy inequality constraints. in /mnt/c/Users/fkubicsek/Downloads/CPP_kód_fejlesztése/fejlesztoi_main/Bubble_dynamics_simulation_CPP/submodules/sundials/src/cvode/cvode.c:3725: cvHandleFailure(); ID=8511;
2026.09.29 10:56:37: ERROR (cvode) CVODE error code -15: At t = 630931, unable to satisfy inequality constraints. in /mnt/c/Users/fkubicsek/Downloads/CPP_kód_fejlesztése/fejlesztoi_main/Bubble_dynamics_simulation_CPP/submodules/sundials/src/cvode/cvode.c:3725: cvHandleFailure(); ID=8512;
2026.09.29 10:56:37: ERROR (cvode) CVODE error code -15: At t = 877425, unable to satisfy inequality constraints. in /mnt/c/Users/fkubicsek/Downloads/CPP_kód_fejlesztése/fejlesztoi_main/Bubble_dynamics_simulation_CPP/submodules/sundials/src/cvode/cvode.c:3725: cvHandleFailure(); ID=8517;
2026.09.29 10:56:37: ERROR (cvode) CVODE error code -15: At t = 1.07999e+06, unable to satisfy inequality constraints. in /mnt/c/Users/fkubicsek/Downloads/CPP_kód_fejlesztése/fejlesztoi_main/Bubble_dynamics_simulation_CPP/submodules/sundials/src/cvode/cvode.c:3725: cvHandleFailure(); ID=8519;
2026.09.29 10:56:37: ERROR (cvode) CVODE error code -15: At t = 816961, unable to satisfy inequality constraints. in /mnt/c/Users/fkubicsek/Downloads/CPP_kód_fejlesztése/fejlesztoi_main/Bubble_dynamics_simulation_CPP/submodules/sundials/src/cvode/cvode.c:3725: cvHandleFailure(); ID=8521;
2026.09.29 10:56:37: ERROR (cvode) CVODE error code -15: At t = 645058, unable to satisfy inequality constraints. in /mnt/c/Users/fkubicsek/Downloads/CPP_kód_fejlesztése/fejlesztoi_main/Bubble_dynamics_simulation_CPP/submodules/sundials/src/cvode/cvode.c:3725: cvHandleFailure(); ID=8522;
2026.09.29 10:56:37: ERROR (cvode) CVODE error code -15: At t = 7.0011e+07, unable to satisfy inequality constraints. in /mnt/c/Users/fkubicsek/Downloads/CPP_kód_fejlesztése/fejlesztoi_main/Bubble_dynamics_simulation_CPP/submodules/sundials/src/cvode/cvode.c:3725: cvHandleFailure(); ID=8515;
2026.09.29 10:56:38: ERROR (cvode) CVODE error code -15: At t = 741018, unable to satisfy inequality constraints. in /mnt/c/Users/fkubicsek/Downloads/CPP_kód_fejlesztése/fejlesztoi_main/Bubble_dynamics_simulation_CPP/submodules/sundials/src/cvode/cvode.c:3725: cvHandleFailure(); ID=8527;
2026.09.29 10:56:38: ERROR (cvode) CVODE error code -15: At t = 745469, unable to satisfy inequality constraints. in /mnt/c/Users/fkubicsek/Downloads/CPP_kód_fejlesztése/fejlesztoi_main/Bubble_dynamics_simulation_CPP/submodules/sundials/src/cvode/cvode.c:3725: cvHandleFailure(); ID=8526;
2026.09.29 10:56:38: ERROR (cvode) CVODE error code -15: At t = 1.6026e+06, unable to satisfy inequality constraints. in /mnt/c/Users/fkubicsek/Downloads/CPP_kód_fejlesztése/fejlesztoi_main/Bubble_dynamics_simulation_CPP/submodules/sundials/src/cvode/cvode.c:3725: cvHandleFailure(); ID=8523;
2026.09.29 10:56:38: ERROR (cvode) CVODE error code -15: At t = 94042.5, unable to satisfy inequality constraints. in /mnt/c/Users/fkubicsek/Downloads/CPP_kód_fejlesztése/fejlesztoi_main/Bubble_dynamics_simulation_CPP/submodules/sundials/src/cvode/cvode.c:3725: cvHandleFailure(); ID=8533;
2026.09.29 10:56:38: ERROR (cvode) CVODE error code -15: At t = 94281.8, unable to satisfy inequality constraints. in /mnt/c/Users/fkubicsek/Downloads/CPP_kód_fejlesztése/fejlesztoi_main/Bubble_dynamics_simulation_CPP/submodules/sundials/src/cvode/cvode.c:3725: cvHandleFailure(); ID=8534;
2026.09.29 10:56:38: ERROR (cvode) CVODE error code -15: At t = 1.43396e+06, unable to satisfy inequality constraints. in /mnt/c/Users/fkubicsek/Downloads/CPP_kód_fejlesztése/fejlesztoi_main/Bubble_dynamics_simulation_CPP/submodules/sundials/src/cvode/cvode.c:3725: cvHandleFailure(); ID=8525;
2026.09.29 10:56:38: ERROR (cvode) CVODE error code -15: At t = 94712.3, unable to satisfy inequality constraints. in /mnt/c/Users/fkubicsek/Downloads/CPP_kód_fejlesztése/fejlesztoi_main/Bubble_dynamics_simulation_CPP/submodules/sundials/src/cvode/cvode.c:3725: cvHandleFailure(); ID=8536;
2026.09.29 10:56:38: ERROR (cvode) CVODE error code -15: At t = 589361, unable to satisfy inequality constraints. in /mnt/c/Users/fkubicsek/Downloads/CPP_kód_fejlesztése/fejlesztoi_main/Bubble_dynamics_simulation_CPP/submodules/sundials/src/cvode/cvode.c:3725: cvHandleFailure(); ID=8530;
2026.09.29 10:56:38: ERROR (cvode) CVODE error code -15: At t = 835278, unable to satisfy inequality constraints. in /mnt/c/Users/fkubicsek/Downloads/CPP_kód_fejlesztése/fejlesztoi_main/Bubble_dynamics_simulation_CPP/submodules/sundials/src/cvode/cvode.c:3725: cvHandleFailure(); ID=8529;
2026.09.29 10:56:38: ERROR (cvode) CVODE error code -15: At t = 95473, unable to satisfy inequality constraints. in /mnt/c/Users/fkubicsek/Downloads/CPP_kód_fejlesztése/fejlesztoi_main/Bubble_dynamics_simulation_CPP/submodules/sundials/src/cvode/cvode.c:3725: cvHandleFailure(); ID=8540;
2026.09.29 10:56:38: ERROR (cvode) CVODE error code -15: At t = 95577.8, unable to satisfy inequality constraints. in /mnt/c/Users/fkubicsek/Downloads/CPP_kód_fejlesztése/fejlesztoi_main/Bubble_dynamics_simulation_CPP/submodules/sundials/src/cvode/cvode.c:3725: cvHandleFailure(); ID=8541;
2026.09.29 10:56:38: ERROR (cvode) CVODE error code -15: At t = 95859.5, unable to satisfy inequality constraints. in /mnt/c/Users/fkubicsek/Downloads/CPP_kód_fejlesztése/fejlesztoi_main/Bubble_dynamics_simulation_CPP/submodules/sundials/src/cvode/cvode.c:3725: cvHandleFailure(); ID=8542;
2026.09.29 10:56:38: ERROR (cvode) CVODE error code -15: At t = 96036, unable to satisfy inequality constraints. in /mnt/c/Users/fkubicsek/Downloads/CPP_kód_fejlesztése/fejlesztoi_main/Bubble_dynamics_simulation_CPP/submodules/sundials/src/cvode/cvode.c:3725: cvHandleFailure(); ID=8543;
2026.09.29 10:56:38: ERROR (cvode) CVODE error code -15: At t = 95969.4, unable to satisfy inequality constraints. in /mnt/c/Users/fkubicsek/Downloads/CPP_kód_fejlesztése/fejlesztoi_main/Bubble_dynamics_simulation_CPP/submodules/sundials/src/cvode/cvode.c:3725: cvHandleFailure(); ID=8544;
2026.09.29 10:56:38: ERROR (cvode) CVODE error code -15: At t = 96304.8, unable to satisfy inequality constraints. in /mnt/c/Users/fkubicsek/Downloads/CPP_kód_fejlesztése/fejlesztoi_main/Bubble_dynamics_simulation_CPP/submodules/sundials/src/cvode/cvode.c:3725: cvHandleFailure(); ID=8545;
2026.09.29 10:56:38: ERROR (cvode) CVODE error code -15: At t = 96437.7, unable to satisfy inequality constraints. in /mnt/c/Users/fkubicsek/Downloads/CPP_kód_fejlesztése/fejlesztoi_main/Bubble_dynamics_simulation_CPP/submodules/sundials/src/cvode/cvode.c:3725: cvHandleFailure(); ID=8547;
2026.09.29 10:56:38: ERROR (cvode) CVODE error code -15: At t = 96857.5, unable to satisfy inequality constraints. in /mnt/c/Users/fkubicsek/Downloads/CPP_kód_fejlesztése/fejlesztoi_main/Bubble_dynamics_simulation_CPP/submodules/sundials/src/cvode/cvode.c:3725: cvHandleFailure(); ID=8549;
2026.09.29 10:56:38: ERROR (cvode) CVODE error code -15: At t = 97150.2, unable to satisfy inequality constraints. in /mnt/c/Users/fkubicsek/Downloads/CPP_kód_fejlesztése/fejlesztoi_main/Bubble_dynamics_simulation_CPP/submodules/sundials/src/cvode/cvode.c:3725: cvHandleFailure(); ID=8550;
2026.09.29 10:56:38: ERROR (cvode) CVODE error code -15: At t = 97237, unable to satisfy inequality constraints. in /mnt/c/Users/fkubicsek/Downloads/CPP_kód_fejlesztése/fejlesztoi_main/Bubble_dynamics_simulation_CPP/submodules/sundials/src/cvode/cvode.c:3725: cvHandleFailure(); ID=8552;
2026.09.29 10:56:38: ERROR (cvode) CVODE error code -15: At t = 205004, unable to satisfy inequality constraints. in /mnt/c/Users/fkubicsek/Downloads/CPP_kód_fejlesztése/fejlesztoi_main/Bubble_dynamics_simulation_CPP/submodules/sundials/src/cvode/cvode.c:3725: cvHandleFailure(); ID=8553;
2026.09.29 10:56:38: ERROR (cvode) CVODE error code -15: At t = 97683.4, unable to satisfy inequality constraints. in /mnt/c/Users/fkubicsek/Downloads/CPP_kód_fejlesztése/fejlesztoi_main/Bubble_dynamics_simulation_CPP/submodules/sundials/src/cvode/cvode.c:3725: cvHandleFailure(); ID=8554;
2026.09.29 10:56:38: ERROR (cvode) CVODE error code -15: At t = 98788.6, unable to satisfy inequality constraints. in /mnt/c/Users/fkubicsek/Downloads/CPP_kód_fejlesztése/fejlesztoi_main/Bubble_dynamics_simulation_CPP/submodules/sundials/src/cvode/cvode.c:3725: cvHandleFailure(); ID=8558;
2026.09.29 10:56:38: ERROR (cvode) CVODE error code -15: At t = 98947, unable to satisfy inequality constraints. in /mnt/c/Users/fkubicsek/Downloads/CPP_kód_fejlesztése/fejlesztoi_main/Bubble_dynamics_simulation_CPP/submodules/sundials/src/cvode/cvode.c:3725: cvHandleFailure(); ID=8559;
2026.09.29 10:56:38: ERROR (cvode) CVODE error code -15: At t = 98778.7, unable to satisfy inequality constraints. in /mnt/c/Users/fkubicsek/Downloads/CPP_kód_fejlesztése/fejlesztoi_main/Bubble_dynamics_simulation_CPP/submodules/sundials/src/cvode/cvode.c:3725: cvHandleFailure(); ID=8560;
2026.09.29 10:56:38: ERROR (cvode) CVODE error code -15: At t = 99185, unable to satisfy inequality constraints. in /mnt/c/Users/fkubicsek/Downloads/CPP_kód_fejlesztése/fejlesztoi_main/Bubble_dynamics_simulation_CPP/submodules/sundials/src/cvode/cvode.c:3725: cvHandleFailure(); ID=8561;
2026.09.29 10:56:38: ERROR (cvode) CVODE error code -15: At t = 99119.8, unable to satisfy inequality constraints. in /mnt/c/Users/fkubicsek/Downloads/CPP_kód_fejlesztése/fejlesztoi_main/Bubble_dynamics_simulation_CPP/submodules/sundials/src/cvode/cvode.c:3725: cvHandleFailure(); ID=8562;
2026.09.29 10:56:38: ERROR (cvode) CVODE error code -15: At t = 99262.3, unable to satisfy inequality constraints. in /mnt/c/Users/fkubicsek/Downloads/CPP_kód_fejlesztése/fejlesztoi_main/Bubble_dynamics_simulation_CPP/submodules/sundials/src/cvode/cvode.c:3725: cvHandleFailure(); ID=8563;
2026.09.29 10:56:38: ERROR (cvode) CVODE error code -15: At t = 99541.8, unable to satisfy inequality constraints. in /mnt/c/Users/fkubicsek/Downloads/CPP_kód_fejlesztése/fejlesztoi_main/Bubble_dynamics_simulation_CPP/submodules/sundials/src/cvode/cvode.c:3725: cvHandleFailure(); ID=8564;
2026.09.29 10:56:38: ERROR (cvode) CVODE error code -15: At t = 99619.4, unable to satisfy inequality constraints. in /mnt/c/Users/fkubicsek/Downloads/CPP_kód_fejlesztése/fejlesztoi_main/Bubble_dynamics_simulation_CPP/submodules/sundials/src/cvode/cvode.c:3725: cvHandleFailure(); ID=8565;
2026.09.29 10:56:38: ERROR (cvode) CVODE error code -15: At t = 100486, unable to satisfy inequality constraints. in /mnt/c/Users/fkubicsek/Downloads/CPP_kód_fejlesztése/fejlesztoi_main/Bubble_dynamics_simulation_CPP/submodules/sundials/src/cvode/cvode.c:3725: cvHandleFailure(); ID=8569;
2026.09.29 10:56:39: ERROR (cvode) CVODE error code -15: At t = 101493, unable to satisfy inequality constraints. in /mnt/c/Users/fkubicsek/Downloads/CPP_kód_fejlesztése/fejlesztoi_main/Bubble_dynamics_simulation_CPP/submodules/sundials/src/cvode/cvode.c:3725: cvHandleFailure(); ID=8578;
2026.09.29 10:56:40: ERROR (cvode) CVODE error code -15: At t = 151709, unable to satisfy inequality constraints. in /mnt/c/Users/fkubicsek/Downloads/CPP_kód_fejlesztése/fejlesztoi_main/Bubble_dynamics_simulation_CPP/submodules/sundials/src/cvode/cvode.c:3725: cvHandleFailure(); ID=8601;
2026.09.29 10:56:40: WARNING (postprocess) Dissipated energy is negative: -0.000151 in ./src/ode_solution.cpp:309: postprocess(); ID=8601;
2026.09.29 10:56:40: WARNING (postprocess) Energy demand is negative: -807831917.100783 in ./src/ode_solution.cpp:381: postprocess(); ID=8601;
2026.09.29 10:56:40: ERROR (cvode) CVODE error code -15: At t = 114936, unable to satisfy inequality constraints. in /mnt/c/Users/fkubicsek/Downloads/CPP_kód_fejlesztése/fejlesztoi_main/Bubble_dynamics_simulation_CPP/submodules/sundials/src/cvode/cvode.c:3725: cvHandleFailure(); ID=8602;
2026.09.29 10:56:40: WARNING (postprocess) Dissipated energy is negative: -0.000148 in ./src/ode_solution.cpp:309: postprocess(); ID=8602;
2026.09.29 10:56:40: WARNING (postprocess) Energy demand is negative: -901129963.784276 in ./src/ode_solution.cpp:381: postprocess(); ID=8602;
2026.09.29 10:56:40: ERROR (cvode) CVODE error code -15: At t = 108751, unable to satisfy inequality constraints. in /mnt/c/Users/fkubicsek/Downloads/CPP_kód_fejlesztése/fejlesztoi_main/Bubble_dynamics_simulation_CPP/submodules/sundials/src/cvode/cvode.c:3725: cvHandleFailure(); ID=8603;
2026.09.29 10:56:40: WARNING (postprocess) Dissipated energy is negative: -0.000099 in ./src/ode_solution.cpp:309: postprocess(); ID=8603;
2026.09.29 10:56:40: ERROR (cvode) CVODE error code -15: At t = 103154, unable to satisfy inequality constraints. in /mnt/c/Users/fkubicsek/Downloads/CPP_kód_fejlesztése/fejlesztoi_main/Bubble_dynamics_simulation_CPP/submodules/sundials/src/cvode/cvode.c:3725: cvHandleFailure(); ID=8604;
2026.09.29 10:56:40: WARNING (postprocess) Dissipated energy is negative: -0.000025 in ./src/ode_solution.cpp:309: postprocess(); ID=8604;
2026.09.29 10:56:40: WARNING (postprocess) Energy demand is negative: -21438472.867226 in ./src/ode_solution.cpp:381: postprocess(); ID=8604;
2026.09.29 10:56:40: ERROR (cvode) CVODE error code -4: At t = 110014 and h = 30.8726, the corrector convergence test failed repeatedly or with |h| = hmin. in /mnt/c/Users/fkubicsek/Downloads/CPP_kód_fejlesztése/fejlesztoi_main/Bubble_dynamics_simulation_CPP/submodules/sundials/src/cvode/cvode.c:3682: cvHandleFailure(); ID=8605;
2026.09.29 10:56:40: WARNING (postprocess) Dissipated energy is negative: -0.000095 in ./src/ode_solution.cpp:309: postprocess(); ID=8605;
2026.09.29 10:56:40: ERROR (cvode) CVODE error code -15: At t = 467699, unable to satisfy inequality constraints. in /mnt/c/Users/fkubicsek/Downloads/CPP_kód_fejlesztése/fejlesztoi_main/Bubble_dynamics_simulation_CPP/submodules/sundials/src/cvode/cvode.c:3725: cvHandleFailure(); ID=8600;
2026.09.29 10:56:40: ERROR (cvode) CVODE error code -15: At t = 105222, unable to satisfy inequality constraints. in /mnt/c/Users/fkubicsek/Downloads/CPP_kód_fejlesztése/fejlesztoi_main/Bubble_dynamics_simulation_CPP/submodules/sundials/src/cvode/cvode.c:3725: cvHandleFailure(); ID=8607;
2026.09.29 10:56:40: WARNING (postprocess) Dissipated energy is negative: -0.000027 in ./src/ode_solution.cpp:309: postprocess(); ID=8607;
2026.09.29 10:56:40: WARNING (postprocess) Energy demand is negative: -69136749827216732323840.000000 in ./src/ode_solution.cpp:381: postprocess(); ID=8607;
2026.09.29 10:56:40: ERROR (cvode) CVODE error code -15: At t = 105367, unable to satisfy inequality constraints. in /mnt/c/Users/fkubicsek/Downloads/CPP_kód_fejlesztése/fejlesztoi_main/Bubble_dynamics_simulation_CPP/submodules/sundials/src/cvode/cvode.c:3725: cvHandleFailure(); ID=8609;
2026.09.29 10:56:40: WARNING (postprocess) Dissipated energy is negative: -0.000006 in ./src/ode_solution.cpp:309: postprocess(); ID=8609;
2026.09.29 10:56:40: ERROR (cvode) CVODE error code -15: At t = 201117, unable to satisfy inequality constraints. in /mnt/c/Users/fkubicsek/Downloads/CPP_kód_fejlesztése/fejlesztoi_main/Bubble_dynamics_simulation_CPP/submodules/sundials/src/cvode/cvode.c:3725: cvHandleFailure(); ID=8608;
2026.09.29 10:56:40: ERROR (cvode) CVODE error code -15: At t = 108307, unable to satisfy inequality constraints. in /mnt/c/Users/fkubicsek/Downloads/CPP_kód_fejlesztése/fejlesztoi_main/Bubble_dynamics_simulation_CPP/submodules/sundials/src/cvode/cvode.c:3725: cvHandleFailure(); ID=8610;
2026.09.29 10:56:40: WARNING (postprocess) Dissipated energy is negative: -0.000028 in ./src/ode_solution.cpp:309: postprocess(); ID=8610;
2026.09.29 10:56:40: WARNING (postprocess) Energy demand is negative: -198912031.792775 in ./src/ode_solution.cpp:381: postprocess(); ID=8610;
2026.09.29 10:56:40: ERROR (cvode) CVODE error code -15: At t = 104503, unable to satisfy inequality constraints. in /mnt/c/Users/fkubicsek/Downloads/CPP_kód_fejlesztése/fejlesztoi_main/Bubble_dynamics_simulation_CPP/submodules/sundials/src/cvode/cvode.c:3725: cvHandleFailure(); ID=8612;
2026.09.29 10:56:40: ERROR (cvode) CVODE error code -15: At t = 107084, unable to satisfy inequality constraints. in /mnt/c/Users/fkubicsek/Downloads/CPP_kód_fejlesztése/fejlesztoi_main/Bubble_dynamics_simulation_CPP/submodules/sundials/src/cvode/cvode.c:3725: cvHandleFailure(); ID=8615;
2026.09.29 10:56:40: ERROR (cvode) CVODE error code -15: At t = 109701, unable to satisfy inequality constraints. in /mnt/c/Users/fkubicsek/Downloads/CPP_kód_fejlesztése/fejlesztoi_main/Bubble_dynamics_simulation_CPP/submodules/sundials/src/cvode/cvode.c:3725: cvHandleFailure(); ID=8614;
2026.09.29 10:56:40: ERROR (cvode) CVODE error code -15: At t = 910335, unable to satisfy inequality constraints. in /mnt/c/Users/fkubicsek/Downloads/CPP_kód_fejlesztése/fejlesztoi_main/Bubble_dynamics_simulation_CPP/submodules/sundials/src/cvode/cvode.c:3725: cvHandleFailure(); ID=8606;
2026.09.29 10:56:40: ERROR (cvode) CVODE error code -15: At t = 109830, unable to satisfy inequality constraints. in /mnt/c/Users/fkubicsek/Downloads/CPP_kód_fejlesztése/fejlesztoi_main/Bubble_dynamics_simulation_CPP/submodules/sundials/src/cvode/cvode.c:3725: cvHandleFailure(); ID=8617;
2026.09.29 10:56:40: ERROR (cvode) CVODE error code -15: At t = 667590, unable to satisfy inequality constraints. in /mnt/c/Users/fkubicsek/Downloads/CPP_kód_fejlesztése/fejlesztoi_main/Bubble_dynamics_simulation_CPP/submodules/sundials/src/cvode/cvode.c:3725: cvHandleFailure(); ID=8611;
2026.09.29 10:56:40: ERROR (cvode) CVODE error code -15: At t = 584068, unable to satisfy inequality constraints. in /mnt/c/Users/fkubicsek/Downloads/CPP_kód_fejlesztése/fejlesztoi_main/Bubble_dynamics_simulation_CPP/submodules/sundials/src/cvode/cvode.c:3725: cvHandleFailure(); ID=8618;
2026.09.29 10:56:40: ERROR (cvode) CVODE error code -15: At t = 599290, unable to satisfy inequality constraints. in /mnt/c/Users/fkubicsek/Downloads/CPP_kód_fejlesztése/fejlesztoi_main/Bubble_dynamics_simulation_CPP/submodules/sundials/src/cvode/cvode.c:3725: cvHandleFailure(); ID=8619;
2026.09.29 10:56:40: ERROR (cvode) CVODE error code -15: At t = 1.33392e+06, unable to satisfy inequality constraints. in /mnt/c/Users/fkubicsek/Downloads/CPP_kód_fejlesztése/fejlesztoi_main/Bubble_dynamics_simulation_CPP/submodules/sundials/src/cvode/cvode.c:3725: cvHandleFailure(); ID=8616;
2026.09.29 10:56:40: ERROR (cvode) CVODE error code -4: At t = 783979 and h = 168.467, the corrector convergence test failed repeatedly or with |h| = hmin. in /mnt/c/Users/fkubicsek/Downloads/CPP_kód_fejlesztése/fejlesztoi_main/Bubble_dynamics_simulation_CPP/submodules/sundials/src/cvode/cvode.c:3682: cvHandleFailure(); ID=8620;
2026.09.29 10:56:40: ERROR (cvode) CVODE error code -15: At t = 1.16333e+06, unable to satisfy inequality constraints. in /mnt/c/Users/fkubicsek/Downloads/CPP_kód_fejlesztése/fejlesztoi_main/Bubble_dynamics_simulation_CPP/submodules/sundials/src/cvode/cvode.c:3725: cvHandleFailure(); ID=8623;
2026.09.29 10:56:40: ERROR (cvode) CVODE error code -15: At t = 1.71346e+06, unable to satisfy inequality constraints. in /mnt/c/Users/fkubicsek/Downloads/CPP_kód_fejlesztése/fejlesztoi_main/Bubble_dynamics_simulation_CPP/submodules/sundials/src/cvode/cvode.c:3725: cvHandleFailure(); ID=8625;
2026.09.29 10:56:40: ERROR (cvode) CVODE error code -15: At t = 858013, unable to satisfy inequality constraints. in /mnt/c/Users/fkubicsek/Downloads/CPP_kód_fejlesztése/fejlesztoi_main/Bubble_dynamics_simulation_CPP/submodules/sundials/src/cvode/cvode.c:3725: cvHandleFailure(); ID=8628;
2026.09.29 10:56:40: ERROR (cvode) CVODE error code -15: At t = 1.09563e+06, unable to satisfy inequality constraints. in /mnt/c/Users/fkubicsek/Downloads/CPP_kód_fejlesztése/fejlesztoi_main/Bubble_dynamics_simulation_CPP/submodules/sundials/src/cvode/cvode.c:3725: cvHandleFailure(); ID=8627;
2026.09.29 10:56:40: ERROR (cvode) CVODE error code -15: At t = 1.26187e+06, unable to satisfy inequality constraints. in /mnt/c/Users/fkubicsek/Downloads/CPP_kód_fejlesztése/fejlesztoi_main/Bubble_dynamics_simulation_CPP/submodules/sundials/src/cvode/cvode.c:3725: cvHandleFailure(); ID=8626;
2026.09.29 10:56:41: ERROR (cvode) CVODE error code -15: At t = 775453, unable to satisfy inequality constraints. in /mnt/c/Users/fkubicsek/Downloads/CPP_kód_fejlesztése/fejlesztoi_main/Bubble_dynamics_simulation_CPP/submodules/sundials/src/cvode/cvode.c:3725: cvHandleFailure(); ID=8629;
2026.09.29 10:56:41: ERROR (cvode) CVODE error code -15: At t = 96052.9, unable to satisfy inequality constraints. in /mnt/c/Users/fkubicsek/Downloads/CPP_kód_fejlesztése/fejlesztoi_main/Bubble_dynamics_simulation_CPP/submodules/sundials/src/cvode/cvode.c:3725: cvHandleFailure(); ID=8637;
2026.09.29 10:56:41: ERROR (cvode) CVODE error code -15: At t = 242150, unable to satisfy inequality constraints. in /mnt/c/Users/fkubicsek/Downloads/CPP_kód_fejlesztése/fejlesztoi_main/Bubble_dynamics_simulation_CPP/submodules/sundials/src/cvode/cvode.c:3725: cvHandleFailure(); ID=8636;
2026.09.29 10:56:41: ERROR (cvode) CVODE error code -15: At t = 800420, unable to satisfy inequality constraints. in /mnt/c/Users/fkubicsek/Downloads/CPP_kód_fejlesztése/fejlesztoi_main/Bubble_dynamics_simulation_CPP/submodules/sundials/src/cvode/cvode.c:3725: cvHandleFailure(); ID=8630;
2026.09.29 10:56:41: ERROR (cvode) CVODE error code -15: At t = 96371.1, unable to satisfy inequality constraints. in /mnt/c/Users/fkubicsek/Downloads/CPP_kód_fejlesztése/fejlesztoi_main/Bubble_dynamics_simulation_CPP/submodules/sundials/src/cvode/cvode.c:3725: cvHandleFailure(); ID=8639;
2026.09.29 10:56:41: ERROR (cvode) CVODE error code -15: At t = 810706, unable to satisfy inequality constraints. in /mnt/c/Users/fkubicsek/Downloads/CPP_kód_fejlesztése/fejlesztoi_main/Bubble_dynamics_simulation_CPP/submodules/sundials/src/cvode/cvode.c:3725: cvHandleFailure(); ID=8633;
2026.09.29 10:56:41: ERROR (cvode) CVODE error code -15: At t = 774233, unable to satisfy inequality constraints. in /mnt/c/Users/fkubicsek/Downloads/CPP_kód_fejlesztése/fejlesztoi_main/Bubble_dynamics_simulation_CPP/submodules/sundials/src/cvode/cvode.c:3725: cvHandleFailure(); ID=8632;
2026.09.29 10:56:41: ERROR (cvode) CVODE error code -15: At t = 97349.8, unable to satisfy inequality constraints. in /mnt/c/Users/fkubicsek/Downloads/CPP_kód_fejlesztése/fejlesztoi_main/Bubble_dynamics_simulation_CPP/submodules/sundials/src/cvode/cvode.c:3725: cvHandleFailure(); ID=8642;
2026.09.29 10:56:41: ERROR (cvode) CVODE error code -15: At t = 97091.8, unable to satisfy inequality constraints. in /mnt/c/Users/fkubicsek/Downloads/CPP_kód_fejlesztése/fejlesztoi_main/Bubble_dynamics_simulation_CPP/submodules/sundials/src/cvode/cvode.c:3725: cvHandleFailure(); ID=8643;
2026.09.29 10:56:41: ERROR (cvode) CVODE error code -15: At t = 1.2059e+06, unable to satisfy inequality constraints. in /mnt/c/Users/fkubicsek/Downloads/CPP_kód_fejlesztése/fejlesztoi_main/Bubble_dynamics_simulation_CPP/submodules/sundials/src/cvode/cvode.c:3725: cvHandleFailure(); ID=8631;
2026.09.29 10:56:41: ERROR (cvode) CVODE error code -15: At t = 1.27047e+06, unable to satisfy inequality constraints. in /mnt/c/Users/fkubicsek/Downloads/CPP_kód_fejlesztése/fejlesztoi_main/Bubble_dynamics_simulation_CPP/submodules/sundials/src/cvode/cvode.c:3725: cvHandleFailure(); ID=8635;
2026.09.29 10:56:41: ERROR (cvode) CVODE error code -15: At t = 97735.4, unable to satisfy inequality constraints. in /mnt/c/Users/fkubicsek/Downloads/CPP_kód_fejlesztése/fejlesztoi_main/Bubble_dynamics_simulation_CPP/submodules/sundials/src/cvode/cvode.c:3725: cvHandleFailure(); ID=8646;
2026.09.29 10:56:41: ERROR (cvode) CVODE error code -15: At t = 97504.8, unable to satisfy inequality constraints. in /mnt/c/Users/fkubicsek/Downloads/CPP_kód_fejlesztése/fejlesztoi_main/Bubble_dynamics_simulation_CPP/submodules/sundials/src/cvode/cvode.c:3725: cvHandleFailure(); ID=8647;
2026.09.29 10:56:41: ERROR (cvode) CVODE error code -15: At t = 97813.6, unable to satisfy inequality constraints. in /mnt/c/Users/fkubicsek/Downloads/CPP_kód_fejlesztése/fejlesztoi_main/Bubble_dynamics_simulation_CPP/submodules/sundials/src/cvode/cvode.c:3725: cvHandleFailure(); ID=8649;
2026.09.29 10:56:41: ERROR (cvode) CVODE error code -15: At t = 98168.5, unable to satisfy inequality constraints. in /mnt/c/Users/fkubicsek/Downloads/CPP_kód_fejlesztése/fejlesztoi_main/Bubble_dynamics_simulation_CPP/submodules/sundials/src/cvode/cvode.c:3725: cvHandleFailure(); ID=8650;
2026.09.29 10:56:41: ERROR (cvode) CVODE error code -15: At t = 1.1151e+06, unable to satisfy inequality constraints. in /mnt/c/Users/fkubicsek/Downloads/CPP_kód_fejlesztése/fejlesztoi_main/Bubble_dynamics_simulation_CPP/submodules/sundials/src/cvode/cvode.c:3725: cvHandleFailure(); ID=8638;
2026.09.29 10:56:41: ERROR (cvode) CVODE error code -15: At t = 98336.2, unable to satisfy inequality constraints. in /mnt/c/Users/fkubicsek/Downloads/CPP_kód_fejlesztése/fejlesztoi_main/Bubble_dynamics_simulation_CPP/submodules/sundials/src/cvode/cvode.c:3725: cvHandleFailure(); ID=8652;
2026.09.29 10:56:41: ERROR (cvode) CVODE error code -15: At t = 406077, unable to satisfy inequality constraints. in /mnt/c/Users/fkubicsek/Downloads/CPP_kód_fejlesztése/fejlesztoi_main/Bubble_dynamics_simulation_CPP/submodules/sundials/src/cvode/cvode.c:3725: cvHandleFailure(); ID=8648;
2026.09.29 10:56:41: ERROR (cvode) CVODE error code -15: At t = 98523.2, unable to satisfy inequality constraints. in /mnt/c/Users/fkubicsek/Downloads/CPP_kód_fejlesztése/fejlesztoi_main/Bubble_dynamics_simulation_CPP/submodules/sundials/src/cvode/cvode.c:3725: cvHandleFailure(); ID=8653;
2026.09.29 10:56:41: ERROR (cvode) CVODE error code -15: At t = 99357.8, unable to satisfy inequality constraints. in /mnt/c/Users/fkubicsek/Downloads/CPP_kód_fejlesztése/fejlesztoi_main/Bubble_dynamics_simulation_CPP/submodules/sundials/src/cvode/cvode.c:3725: cvHandleFailure(); ID=8657;
2026.09.29 10:56:41: ERROR (cvode) CVODE error code -15: At t = 99903.7, unable to satisfy inequality constraints. in /mnt/c/Users/fkubicsek/Downloads/CPP_kód_fejlesztése/fejlesztoi_main/Bubble_dynamics_simulation_CPP/submodules/sundials/src/cvode/cvode.c:3725: cvHandleFailure(); ID=8659;
2026.09.29 10:56:41: ERROR (cvode) CVODE error code -15: At t = 99573.1, unable to satisfy inequality constraints. in /mnt/c/Users/fkubicsek/Downloads/CPP_kód_fejlesztése/fejlesztoi_main/Bubble_dynamics_simulation_CPP/submodules/sundials/src/cvode/cvode.c:3725: cvHandleFailure(); ID=8660;
2026.09.29 10:56:41: ERROR (cvode) CVODE error code -15: At t = 100095, unable to satisfy inequality constraints. in /mnt/c/Users/fkubicsek/Downloads/CPP_kód_fejlesztése/fejlesztoi_main/Bubble_dynamics_simulation_CPP/submodules/sundials/src/cvode/cvode.c:3725: cvHandleFailure(); ID=8662;
2026.09.29 10:56:41: ERROR (cvode) CVODE error code -15: At t = 100511, unable to satisfy inequality constraints. in /mnt/c/Users/fkubicsek/Downloads/CPP_kód_fejlesztése/fejlesztoi_main/Bubble_dynamics_simulation_CPP/submodules/sundials/src/cvode/cvode.c:3725: cvHandleFailure(); ID=8664;
2026.09.29 10:56:41: ERROR (cvode) CVODE error code -15: At t = 100435, unable to satisfy inequality constraints. in /mnt/c/Users/fkubicsek/Downloads/CPP_kód_fejlesztése/fejlesztoi_main/Bubble_dynamics_simulation_CPP/submodules/sundials/src/cvode/cvode.c:3725: cvHandleFailure(); ID=8665;
2026.09.29 10:56:41: ERROR (cvode) CVODE error code -15: At t = 100772, unable to satisfy inequality constraints. in /mnt/c/Users/fkubicsek/Downloads/CPP_kód_fejlesztése/fejlesztoi_main/Bubble_dynamics_simulation_CPP/submodules/sundials/src/cvode/cvode.c:3725: cvHandleFailure(); ID=8666;
2026.09.29 10:56:41: ERROR (cvode) CVODE error code -15: At t = 101107, unable to satisfy inequality constraints. in /mnt/c/Users/fkubicsek/Downloads/CPP_kód_fejlesztése/fejlesztoi_main/Bubble_dynamics_simulation_CPP/submodules/sundials/src/cvode/cvode.c:3725: cvHandleFailure(); ID=8667;
2026.09.29 10:56:41: ERROR (cvode) CVODE error code -15: At t = 101419, unable to satisfy inequality constraints. in /mnt/c/Users/fkubicsek/Downloads/CPP_kód_fejlesztése/fejlesztoi_main/Bubble_dynamics_simulation_CPP/submodules/sundials/src/cvode/cvode.c:3725: cvHandleFailure(); ID=8670;
2026.09.29 10:56:41: ERROR (cvode) CVODE error code -15: At t = 101180, unable to satisfy inequality constraints. in /mnt/c/Users/fkubicsek/Downloads/CPP_kód_fejlesztése/fejlesztoi_main/Bubble_dynamics_simulation_CPP/submodules/sundials/src/cvode/cvode.c:3725: cvHandleFailure(); ID=8671;
2026.09.29 10:56:41: ERROR (cvode) CVODE error code -15: At t = 101767, unable to satisfy inequality constraints. in /mnt/c/Users/fkubicsek/Downloads/CPP_kód_fejlesztése/fejlesztoi_main/Bubble_dynamics_simulation_CPP/submodules/sundials/src/cvode/cvode.c:3725: cvHandleFailure(); ID=8672;
2026.09.29 10:56:41: ERROR (cvode) CVODE error code -15: At t = 101789, unable to satisfy inequality constraints. in /mnt/c/Users/fkubicsek/Downloads/CPP_kód_fejlesztése/fejlesztoi_main/Bubble_dynamics_simulation_CPP/submodules/sundials/src/cvode/cvode.c:3725: cvHandleFailure(); ID=8674;
2026.09.29 10:56:41: ERROR (cvode) CVODE error code -15: At t = 101398, unable to satisfy inequality constraints. in /mnt/c/Users/fkubicsek/Downloads/CPP_kód_fejlesztése/fejlesztoi_main/Bubble_dynamics_simulation_CPP/submodules/sundials/src/cvode/cvode.c:3725: cvHandleFailure(); ID=8676;
2026.09.29 10:56:42: ERROR (cvode) CVODE error code -15: At t = 103492, unable to satisfy inequality constraints. in /mnt/c/Users/fkubicsek/Downloads/CPP_kód_fejlesztése/fejlesztoi_main/Bubble_dynamics_simulation_CPP/submodules/sundials/src/cvode/cvode.c:3725: cvHandleFailure(); ID=8689;
2026.09.29 10:56:42: ERROR (cvode) CVODE error code -15: At t = 106157, unable to satisfy inequality constraints. in /mnt/c/Users/fkubicsek/Downloads/CPP_kód_fejlesztése/fejlesztoi_main/Bubble_dynamics_simulation_CPP/submodules/sundials/src/cvode/cvode.c:3725: cvHandleFailure(); ID=8701;
2026.09.29 10:56:42: WARNING (postprocess) Dissipated energy is negative: -0.000077 in ./src/ode_solution.cpp:309: postprocess(); ID=8701;
2026.09.29 10:56:42: WARNING (postprocess) Energy demand is negative: -65559886.783550 in ./src/ode_solution.cpp:381: postprocess(); ID=8701;
2026.09.29 10:56:42: ERROR (cvode) CVODE error code -15: At t = 109441, unable to satisfy inequality constraints. in /mnt/c/Users/fkubicsek/Downloads/CPP_kód_fejlesztése/fejlesztoi_main/Bubble_dynamics_simulation_CPP/submodules/sundials/src/cvode/cvode.c:3725: cvHandleFailure(); ID=8700;
2026.09.29 10:56:42: WARNING (postprocess) Dissipated energy is negative: -0.000126 in ./src/ode_solution.cpp:309: postprocess(); ID=8700;
2026.09.29 10:56:42: ERROR (cvode) CVODE error code -15: At t = 110040, unable to satisfy inequality constraints. in /mnt/c/Users/fkubicsek/Downloads/CPP_kód_fejlesztése/fejlesztoi_main/Bubble_dynamics_simulation_CPP/submodules/sundials/src/cvode/cvode.c:3725: cvHandleFailure(); ID=8702;
2026.09.29 10:56:42: WARNING (postprocess) Dissipated energy is negative: -0.000122 in ./src/ode_solution.cpp:309: postprocess(); ID=8702;
2026.09.29 10:56:42: ERROR (cvode) CVODE error code -15: At t = 106936, unable to satisfy inequality constraints. in /mnt/c/Users/fkubicsek/Downloads/CPP_kód_fejlesztése/fejlesztoi_main/Bubble_dynamics_simulation_CPP/submodules/sundials/src/cvode/cvode.c:3725: cvHandleFailure(); ID=8703;
2026.09.29 10:56:43: WARNING (postprocess) Dissipated energy is negative: -0.000076 in ./src/ode_solution.cpp:309: postprocess(); ID=8703;
2026.09.29 10:56:43: WARNING (postprocess) Energy demand is negative: -48617653.390538 in ./src/ode_solution.cpp:381: postprocess(); ID=8703;
2026.09.29 10:56:43: ERROR (cvode) CVODE error code -15: At t = 121118, unable to satisfy inequality constraints. in /mnt/c/Users/fkubicsek/Downloads/CPP_kód_fejlesztése/fejlesztoi_main/Bubble_dynamics_simulation_CPP/submodules/sundials/src/cvode/cvode.c:3725: cvHandleFailure(); ID=8704;
2026.09.29 10:56:43: WARNING (postprocess) Dissipated energy is negative: -0.000187 in ./src/ode_solution.cpp:309: postprocess(); ID=8704;
2026.09.29 10:56:43: WARNING (postprocess) Energy demand is negative: -28897596474.030659 in ./src/ode_solution.cpp:381: postprocess(); ID=8704;
2026.09.29 10:56:43: ERROR (cvode) CVODE error code -15: At t = 112607, unable to satisfy inequality constraints. in /mnt/c/Users/fkubicsek/Downloads/CPP_kód_fejlesztése/fejlesztoi_main/Bubble_dynamics_simulation_CPP/submodules/sundials/src/cvode/cvode.c:3725: cvHandleFailure(); ID=8706;
2026.09.29 10:56:43: WARNING (postprocess) Dissipated energy is negative: -0.000118 in ./src/ode_solution.cpp:309: postprocess(); ID=8706;
2026.09.29 10:56:43: WARNING (postprocess) Energy demand is negative: -263659377868957328343040.000000 in ./src/ode_solution.cpp:381: postprocess(); ID=8706;
2026.09.29 10:56:43: ERROR (cvode) CVODE error code -15: At t = 603108, unable to satisfy inequality constraints. in /mnt/c/Users/fkubicsek/Downloads/CPP_kód_fejlesztése/fejlesztoi_main/Bubble_dynamics_simulation_CPP/submodules/sundials/src/cvode/cvode.c:3725: cvHandleFailure(); ID=8705;
2026.09.29 10:56:43: ERROR (cvode) CVODE error code -15: At t = 107056, unable to satisfy inequality constraints. in /mnt/c/Users/fkubicsek/Downloads/CPP_kód_fejlesztése/fejlesztoi_main/Bubble_dynamics_simulation_CPP/submodules/sundials/src/cvode/cvode.c:3725: cvHandleFailure(); ID=8708;
2026.09.29 10:56:43: WARNING (postprocess) Dissipated energy is negative: -0.000034 in ./src/ode_solution.cpp:309: postprocess(); ID=8708;
2026.09.29 10:56:43: WARNING (postprocess) Energy demand is negative: -35501493.356597 in ./src/ode_solution.cpp:381: postprocess(); ID=8708;
2026.09.29 10:56:43: ERROR (cvode) CVODE error code -15: At t = 403282, unable to satisfy inequality constraints. in /mnt/c/Users/fkubicsek/Downloads/CPP_kód_fejlesztése/fejlesztoi_main/Bubble_dynamics_simulation_CPP/submodules/sundials/src/cvode/cvode.c:3725: cvHandleFailure(); ID=8707;
2026.09.29 10:56:43: ERROR (cvode) CVODE error code -15: At t = 103841, unable to satisfy inequality constraints. in /mnt/c/Users/fkubicsek/Downloads/CPP_kód_fejlesztése/fejlesztoi_main/Bubble_dynamics_simulation_CPP/submodules/sundials/src/cvode/cvode.c:3725: cvHandleFailure(); ID=8713;
2026.09.29 10:56:43: ERROR (cvode) CVODE error code -15: At t = 502474, unable to satisfy inequality constraints. in /mnt/c/Users/fkubicsek/Downloads/CPP_kód_fejlesztése/fejlesztoi_main/Bubble_dynamics_simulation_CPP/submodules/sundials/src/cvode/cvode.c:3725: cvHandleFailure(); ID=8709;
2026.09.29 10:56:43: ERROR (cvode) CVODE error code -15: At t = 119225, unable to satisfy inequality constraints. in /mnt/c/Users/fkubicsek/Downloads/CPP_kód_fejlesztése/fejlesztoi_main/Bubble_dynamics_simulation_CPP/submodules/sundials/src/cvode/cvode.c:3725: cvHandleFailure(); ID=8714;
2026.09.29 10:56:43: WARNING (postprocess) Dissipated energy is negative: -0.000074 in ./src/ode_solution.cpp:309: postprocess(); ID=8714;
2026.09.29 10:56:43: WARNING (postprocess) Energy demand is negative: -395529049.669493 in ./src/ode_solution.cpp:381: postprocess(); ID=8714;
2026.09.29 10:56:43: ERROR (cvode) CVODE error code -15: At t = 418517, unable to satisfy inequality constraints. in /mnt/c/Users/fkubicsek/Downloads/CPP_kód_fejlesztése/fejlesztoi_main/Bubble_dynamics_simulation_CPP/submodules/sundials/src/cvode/cvode.c:3725: cvHandleFailure(); ID=8710;
2026.09.29 10:56:43: ERROR (cvode) CVODE error code -15: At t = 108136, unable to satisfy inequality constraints. in /mnt/c/Users/fkubicsek/Downloads/CPP_kód_fejlesztése/fejlesztoi_main/Bubble_dynamics_simulation_CPP/submodules/sundials/src/cvode/cvode.c:3725: cvHandleFailure(); ID=8715;
2026.09.29 10:56:43: ERROR (cvode) CVODE error code -15: At t = 598219, unable to satisfy inequality constraints. in /mnt/c/Users/fkubicsek/Downloads/CPP_kód_fejlesztése/fejlesztoi_main/Bubble_dynamics_simulation_CPP/submodules/sundials/src/cvode/cvode.c:3725: cvHandleFailure(); ID=8712;
2026.09.29 10:56:43: ERROR (cvode) CVODE error code -15: At t = 526395, unable to satisfy inequality constraints. in /mnt/c/Users/fkubicsek/Downloads/CPP_kód_fejlesztése/fejlesztoi_main/Bubble_dynamics_simulation_CPP/submodules/sundials/src/cvode/cvode.c:3725: cvHandleFailure(); ID=8716;
2026.09.29 10:56:43: ERROR (cvode) CVODE error code -15: At t = 608174, unable to satisfy inequality constraints. in /mnt/c/Users/fkubicsek/Downloads/CPP_kód_fejlesztése/fejlesztoi_main/Bubble_dynamics_simulation_CPP/submodules/sundials/src/cvode/cvode.c:3725: cvHandleFailure(); ID=8718;
2026.09.29 10:56:43: ERROR (cvode) CVODE error code -15: At t = 783374, unable to satisfy inequality constraints. in /mnt/c/Users/fkubicsek/Downloads/CPP_kód_fejlesztése/fejlesztoi_main/Bubble_dynamics_simulation_CPP/submodules/sundials/src/cvode/cvode.c:3725: cvHandleFailure(); ID=8717;
2026.09.29 10:56:43: WARNING (odefun) Negative R or T: R=-341.826931;   T=3653.563267 in ./src/ode_fun.cpp:108: check_before_call(); ID=8723;
2026.09.29 10:56:43: WARNING (odefun) Negative R or T: R=-1.162163;   T=10.406184 in ./src/ode_fun.cpp:108: check_before_call(); ID=8723;
2026.09.29 10:56:43: ERROR (cvode) CVODE error code -15: At t = 437624, unable to satisfy inequality constraints. in /mnt/c/Users/fkubicsek/Downloads/CPP_kód_fejlesztése/fejlesztoi_main/Bubble_dynamics_simulation_CPP/submodules/sundials/src/cvode/cvode.c:3725: cvHandleFailure(); ID=8720;
2026.09.29 10:56:43: ERROR (cvode) CVODE error code -15: At t = 1.04792e+06, unable to satisfy inequality constraints. in /mnt/c/Users/fkubicsek/Downloads/CPP_kód_fejlesztése/fejlesztoi_main/Bubble_dynamics_simulation_CPP/submodules/sundials/src/cvode/cvode.c:3725: cvHandleFailure(); ID=8719;
2026.09.29 10:56:43: ERROR (cvode) CVODE error code -15: At t = 557986, unable to satisfy inequality constraints. in /mnt/c/Users/fkubicsek/Downloads/CPP_kód_fejlesztése/fejlesztoi_main/Bubble_dynamics_simulation_CPP/submodules/sundials/src/cvode/cvode.c:3725: cvHandleFailure(); ID=8722;
2026.09.29 10:56:43: ERROR (cvode) CVODE error code -15: At t = 1.30507e+06, unable to satisfy inequality constraints. in /mnt/c/Users/fkubicsek/Downloads/CPP_kód_fejlesztése/fejlesztoi_main/Bubble_dynamics_simulation_CPP/submodules/sundials/src/cvode/cvode.c:3725: cvHandleFailure(); ID=8721;
2026.09.29 10:56:43: ERROR (cvode) CVODE error code -15: At t = 96044.3, unable to satisfy inequality constraints. in /mnt/c/Users/fkubicsek/Downloads/CPP_kód_fejlesztése/fejlesztoi_main/Bubble_dynamics_simulation_CPP/submodules/sundials/src/cvode/cvode.c:3725: cvHandleFailure(); ID=8730;
2026.09.29 10:56:43: ERROR (cvode) CVODE error code -15: At t = 835213, unable to satisfy inequality constraints. in /mnt/c/Users/fkubicsek/Downloads/CPP_kód_fejlesztése/fejlesztoi_main/Bubble_dynamics_simulation_CPP/submodules/sundials/src/cvode/cvode.c:3725: cvHandleFailure(); ID=8723;
2026.09.29 10:56:43: ERROR (cvode) CVODE error code -15: At t = 705201, unable to satisfy inequality constraints. in /mnt/c/Users/fkubicsek/Downloads/CPP_kód_fejlesztése/fejlesztoi_main/Bubble_dynamics_simulation_CPP/submodules/sundials/src/cvode/cvode.c:3725: cvHandleFailure(); ID=8726;
2026.09.29 10:56:43: ERROR (cvode) CVODE error code -15: At t = 885944, unable to satisfy inequality constraints. in /mnt/c/Users/fkubicsek/Downloads/CPP_kód_fejlesztése/fejlesztoi_main/Bubble_dynamics_simulation_CPP/submodules/sundials/src/cvode/cvode.c:3725: cvHandleFailure(); ID=8724;
2026.09.29 10:56:43: ERROR (cvode) CVODE error code -15: At t = 812859, unable to satisfy inequality constraints. in /mnt/c/Users/fkubicsek/Downloads/CPP_kód_fejlesztése/fejlesztoi_main/Bubble_dynamics_simulation_CPP/submodules/sundials/src/cvode/cvode.c:3725: cvHandleFailure(); ID=8725;
2026.09.29 10:56:43: ERROR (cvode) CVODE error code -15: At t = 96747, unable to satisfy inequality constraints. in /mnt/c/Users/fkubicsek/Downloads/CPP_kód_fejlesztése/fejlesztoi_main/Bubble_dynamics_simulation_CPP/submodules/sundials/src/cvode/cvode.c:3725: cvHandleFailure(); ID=8734;
2026.09.29 10:56:43: ERROR (cvode) CVODE error code -15: At t = 96864.8, unable to satisfy inequality constraints. in /mnt/c/Users/fkubicsek/Downloads/CPP_kód_fejlesztése/fejlesztoi_main/Bubble_dynamics_simulation_CPP/submodules/sundials/src/cvode/cvode.c:3725: cvHandleFailure(); ID=8735;
2026.09.29 10:56:43: ERROR (cvode) CVODE error code -15: At t = 810815, unable to satisfy inequality constraints. in /mnt/c/Users/fkubicsek/Downloads/CPP_kód_fejlesztése/fejlesztoi_main/Bubble_dynamics_simulation_CPP/submodules/sundials/src/cvode/cvode.c:3725: cvHandleFailure(); ID=8727;
2026.09.29 10:56:43: ERROR (cvode) CVODE error code -15: At t = 97209.9, unable to satisfy inequality constraints. in /mnt/c/Users/fkubicsek/Downloads/CPP_kód_fejlesztése/fejlesztoi_main/Bubble_dynamics_simulation_CPP/submodules/sundials/src/cvode/cvode.c:3725: cvHandleFailure(); ID=8738;
2026.09.29 10:56:43: ERROR (cvode) CVODE error code -15: At t = 97522, unable to satisfy inequality constraints. in /mnt/c/Users/fkubicsek/Downloads/CPP_kód_fejlesztése/fejlesztoi_main/Bubble_dynamics_simulation_CPP/submodules/sundials/src/cvode/cvode.c:3725: cvHandleFailure(); ID=8739;
2026.09.29 10:56:43: ERROR (cvode) CVODE error code -15: At t = 721331, unable to satisfy inequality constraints. in /mnt/c/Users/fkubicsek/Downloads/CPP_kód_fejlesztése/fejlesztoi_main/Bubble_dynamics_simulation_CPP/submodules/sundials/src/cvode/cvode.c:3725: cvHandleFailure(); ID=8732;
2026.09.29 10:56:43: ERROR (cvode) CVODE error code -15: At t = 97651.8, unable to satisfy inequality constraints. in /mnt/c/Users/fkubicsek/Downloads/CPP_kód_fejlesztése/fejlesztoi_main/Bubble_dynamics_simulation_CPP/submodules/sundials/src/cvode/cvode.c:3725: cvHandleFailure(); ID=8740;
2026.09.29 10:56:43: ERROR (cvode) CVODE error code -15: At t = 97873.8, unable to satisfy inequality constraints. in /mnt/c/Users/fkubicsek/Downloads/CPP_kód_fejlesztése/fejlesztoi_main/Bubble_dynamics_simulation_CPP/submodules/sundials/src/cvode/cvode.c:3725: cvHandleFailure(); ID=8742;
2026.09.29 10:56:43: ERROR (cvode) CVODE error code -15: At t = 1.151e+06, unable to satisfy inequality constraints. in /mnt/c/Users/fkubicsek/Downloads/CPP_kód_fejlesztése/fejlesztoi_main/Bubble_dynamics_simulation_CPP/submodules/sundials/src/cvode/cvode.c:3725: cvHandleFailure(); ID=8731;
2026.09.29 10:56:43: ERROR (cvode) CVODE error code -15: At t = 1.31549e+06, unable to satisfy inequality constraints. in /mnt/c/Users/fkubicsek/Downloads/CPP_kód_fejlesztése/fejlesztoi_main/Bubble_dynamics_simulation_CPP/submodules/sundials/src/cvode/cvode.c:3725: cvHandleFailure(); ID=8728;
2026.09.29 10:56:43: ERROR (cvode) CVODE error code -15: At t = 98465, unable to satisfy inequality constraints. in /mnt/c/Users/fkubicsek/Downloads/CPP_kód_fejlesztése/fejlesztoi_main/Bubble_dynamics_simulation_CPP/submodules/sundials/src/cvode/cvode.c:3725: cvHandleFailure(); ID=8744;
2026.09.29 10:56:43: ERROR (cvode) CVODE error code -15: At t = 658080, unable to satisfy inequality constraints. in /mnt/c/Users/fkubicsek/Downloads/CPP_kód_fejlesztése/fejlesztoi_main/Bubble_dynamics_simulation_CPP/submodules/sundials/src/cvode/cvode.c:3725: cvHandleFailure(); ID=8736;
2026.09.29 10:56:43: ERROR (cvode) CVODE error code -15: At t = 98455.9, unable to satisfy inequality constraints. in /mnt/c/Users/fkubicsek/Downloads/CPP_kód_fejlesztése/fejlesztoi_main/Bubble_dynamics_simulation_CPP/submodules/sundials/src/cvode/cvode.c:3725: cvHandleFailure(); ID=8746;
2026.09.29 10:56:43: ERROR (cvode) CVODE error code -15: At t = 1.07238e+06, unable to satisfy inequality constraints. in /mnt/c/Users/fkubicsek/Downloads/CPP_kód_fejlesztése/fejlesztoi_main/Bubble_dynamics_simulation_CPP/submodules/sundials/src/cvode/cvode.c:3725: cvHandleFailure(); ID=8733;
2026.09.29 10:56:43: ERROR (cvode) CVODE error code -15: At t = 98739.2, unable to satisfy inequality constraints. in /mnt/c/Users/fkubicsek/Downloads/CPP_kód_fejlesztése/fejlesztoi_main/Bubble_dynamics_simulation_CPP/submodules/sundials/src/cvode/cvode.c:3725: cvHandleFailure(); ID=8747;
2026.09.29 10:56:43: ERROR (cvode) CVODE error code -15: At t = 1.25562e+06, unable to satisfy inequality constraints. in /mnt/c/Users/fkubicsek/Downloads/CPP_kód_fejlesztése/fejlesztoi_main/Bubble_dynamics_simulation_CPP/submodules/sundials/src/cvode/cvode.c:3725: cvHandleFailure(); ID=8741;
2026.09.29 10:56:43: ERROR (cvode) CVODE error code -15: At t = 1.25801e+06, unable to satisfy inequality constraints. in /mnt/c/Users/fkubicsek/Downloads/CPP_kód_fejlesztése/fejlesztoi_main/Bubble_dynamics_simulation_CPP/submodules/sundials/src/cvode/cvode.c:3725: cvHandleFailure(); ID=8743;
2026.09.29 10:56:43: ERROR (cvode) CVODE error code -15: At t = 99606.2, unable to satisfy inequality constraints. in /mnt/c/Users/fkubicsek/Downloads/CPP_kód_fejlesztése/fejlesztoi_main/Bubble_dynamics_simulation_CPP/submodules/sundials/src/cvode/cvode.c:3725: cvHandleFailure(); ID=8752;
2026.09.29 10:56:43: ERROR (cvode) CVODE error code -15: At t = 100170, unable to satisfy inequality constraints. in /mnt/c/Users/fkubicsek/Downloads/CPP_kód_fejlesztése/fejlesztoi_main/Bubble_dynamics_simulation_CPP/submodules/sundials/src/cvode/cvode.c:3725: cvHandleFailure(); ID=8755;
2026.09.29 10:56:44: ERROR (cvode) CVODE error code -15: At t = 100130, unable to satisfy inequality constraints. in /mnt/c/Users/fkubicsek/Downloads/CPP_kód_fejlesztése/fejlesztoi_main/Bubble_dynamics_simulation_CPP/submodules/sundials/src/cvode/cvode.c:3725: cvHandleFailure(); ID=8757;
2026.09.29 10:56:44: ERROR (cvode) CVODE error code -15: At t = 100684, unable to satisfy inequality constraints. in /mnt/c/Users/fkubicsek/Downloads/CPP_kód_fejlesztése/fejlesztoi_main/Bubble_dynamics_simulation_CPP/submodules/sundials/src/cvode/cvode.c:3725: cvHandleFailure(); ID=8760;
2026.09.29 10:56:44: ERROR (cvode) CVODE error code -15: At t = 101073, unable to satisfy inequality constraints. in /mnt/c/Users/fkubicsek/Downloads/CPP_kód_fejlesztése/fejlesztoi_main/Bubble_dynamics_simulation_CPP/submodules/sundials/src/cvode/cvode.c:3725: cvHandleFailure(); ID=8762;
2026.09.29 10:56:44: ERROR (cvode) CVODE error code -4: At t = 101731 and h = 1065.4, the corrector convergence test failed repeatedly or with |h| = hmin. in /mnt/c/Users/fkubicsek/Downloads/CPP_kód_fejlesztése/fejlesztoi_main/Bubble_dynamics_simulation_CPP/submodules/sundials/src/cvode/cvode.c:3682: cvHandleFailure(); ID=8765;
2026.09.29 10:56:44: ERROR (cvode) CVODE error code -15: At t = 101539, unable to satisfy inequality constraints. in /mnt/c/Users/fkubicsek/Downloads/CPP_kód_fejlesztése/fejlesztoi_main/Bubble_dynamics_simulation_CPP/submodules/sundials/src/cvode/cvode.c:3725: cvHandleFailure(); ID=8766;
2026.09.29 10:56:44: ERROR (cvode) CVODE error code -15: At t = 101926, unable to satisfy inequality constraints. in /mnt/c/Users/fkubicsek/Downloads/CPP_kód_fejlesztése/fejlesztoi_main/Bubble_dynamics_simulation_CPP/submodules/sundials/src/cvode/cvode.c:3725: cvHandleFailure(); ID=8767;
2026.09.29 10:56:44: ERROR (cvode) CVODE error code -15: At t = 102680, unable to satisfy inequality constraints. in /mnt/c/Users/fkubicsek/Downloads/CPP_kód_fejlesztése/fejlesztoi_main/Bubble_dynamics_simulation_CPP/submodules/sundials/src/cvode/cvode.c:3725: cvHandleFailure(); ID=8768;
2026.09.29 10:56:44: ERROR (cvode) CVODE error code -15: At t = 102197, unable to satisfy inequality constraints. in /mnt/c/Users/fkubicsek/Downloads/CPP_kód_fejlesztése/fejlesztoi_main/Bubble_dynamics_simulation_CPP/submodules/sundials/src/cvode/cvode.c:3725: cvHandleFailure(); ID=8769;
2026.09.29 10:56:44: ERROR (cvode) CVODE error code -15: At t = 102456, unable to satisfy inequality constraints. in /mnt/c/Users/fkubicsek/Downloads/CPP_kód_fejlesztése/fejlesztoi_main/Bubble_dynamics_simulation_CPP/submodules/sundials/src/cvode/cvode.c:3725: cvHandleFailure(); ID=8772;
2026.09.29 10:56:44: ERROR (cvode) CVODE error code -15: At t = 102388, unable to satisfy inequality constraints. in /mnt/c/Users/fkubicsek/Downloads/CPP_kód_fejlesztése/fejlesztoi_main/Bubble_dynamics_simulation_CPP/submodules/sundials/src/cvode/cvode.c:3725: cvHandleFailure(); ID=8771;
2026.09.29 10:56:44: ERROR (cvode) CVODE error code -15: At t = 103633, unable to satisfy inequality constraints. in /mnt/c/Users/fkubicsek/Downloads/CPP_kód_fejlesztése/fejlesztoi_main/Bubble_dynamics_simulation_CPP/submodules/sundials/src/cvode/cvode.c:3725: cvHandleFailure(); ID=8773;
2026.09.29 10:56:44: ERROR (cvode) CVODE error code -15: At t = 102741, unable to satisfy inequality constraints. in /mnt/c/Users/fkubicsek/Downloads/CPP_kód_fejlesztése/fejlesztoi_main/Bubble_dynamics_simulation_CPP/submodules/sundials/src/cvode/cvode.c:3725: cvHandleFailure(); ID=8775;
2026.09.29 10:56:44: ERROR (cvode) CVODE error code -15: At t = 103093, unable to satisfy inequality constraints. in /mnt/c/Users/fkubicsek/Downloads/CPP_kód_fejlesztése/fejlesztoi_main/Bubble_dynamics_simulation_CPP/submodules/sundials/src/cvode/cvode.c:3725: cvHandleFailure(); ID=8777;
2026.09.29 10:56:44: ERROR (cvode) CVODE error code -15: At t = 103258, unable to satisfy inequality constraints. in /mnt/c/Users/fkubicsek/Downloads/CPP_kód_fejlesztése/fejlesztoi_main/Bubble_dynamics_simulation_CPP/submodules/sundials/src/cvode/cvode.c:3725: cvHandleFailure(); ID=8778;
2026.09.29 10:56:44: ERROR (cvode) CVODE error code -15: At t = 103128, unable to satisfy inequality constraints. in /mnt/c/Users/fkubicsek/Downloads/CPP_kód_fejlesztése/fejlesztoi_main/Bubble_dynamics_simulation_CPP/submodules/sundials/src/cvode/cvode.c:3725: cvHandleFailure(); ID=8779;
2026.09.29 10:56:44: ERROR (cvode) CVODE error code -15: At t = 103793, unable to satisfy inequality constraints. in /mnt/c/Users/fkubicsek/Downloads/CPP_kód_fejlesztése/fejlesztoi_main/Bubble_dynamics_simulation_CPP/submodules/sundials/src/cvode/cvode.c:3725: cvHandleFailure(); ID=8780;
2026.09.29 10:56:44: ERROR (cvode) CVODE error code -15: At t = 104681, unable to satisfy inequality constraints. in /mnt/c/Users/fkubicsek/Downloads/CPP_kód_fejlesztése/fejlesztoi_main/Bubble_dynamics_simulation_CPP/submodules/sundials/src/cvode/cvode.c:3725: cvHandleFailure(); ID=8785;
2026.09.29 10:56:44: ERROR (cvode) CVODE error code -15: At t = 104368, unable to satisfy inequality constraints. in /mnt/c/Users/fkubicsek/Downloads/CPP_kód_fejlesztése/fejlesztoi_main/Bubble_dynamics_simulation_CPP/submodules/sundials/src/cvode/cvode.c:3725: cvHandleFailure(); ID=8786;
2026.09.29 10:56:44: ERROR (cvode) CVODE error code -15: At t = 105411, unable to satisfy inequality constraints. in /mnt/c/Users/fkubicsek/Downloads/CPP_kód_fejlesztése/fejlesztoi_main/Bubble_dynamics_simulation_CPP/submodules/sundials/src/cvode/cvode.c:3725: cvHandleFailure(); ID=8794;
2026.09.29 10:56:46: ERROR (cvode) CVODE error code -15: At t = 105640, unable to satisfy inequality constraints. in /mnt/c/Users/fkubicsek/Downloads/CPP_kód_fejlesztése/fejlesztoi_main/Bubble_dynamics_simulation_CPP/submodules/sundials/src/cvode/cvode.c:3725: cvHandleFailure(); ID=8797;
2026.09.29 10:56:46: ERROR (cvode) CVODE error code -15: At t = 406701, unable to satisfy inequality constraints. in /mnt/c/Users/fkubicsek/Downloads/CPP_kód_fejlesztése/fejlesztoi_main/Bubble_dynamics_simulation_CPP/submodules/sundials/src/cvode/cvode.c:3725: cvHandleFailure(); ID=8800;
2026.09.29 10:56:46: ERROR (cvode) CVODE error code -15: At t = 104800, unable to satisfy inequality constraints. in /mnt/c/Users/fkubicsek/Downloads/CPP_kód_fejlesztése/fejlesztoi_main/Bubble_dynamics_simulation_CPP/submodules/sundials/src/cvode/cvode.c:3725: cvHandleFailure(); ID=8802;
2026.09.29 10:56:46: WARNING (postprocess) Dissipated energy is negative: -0.000012 in ./src/ode_solution.cpp:309: postprocess(); ID=8802;
2026.09.29 10:56:46: WARNING (postprocess) Energy demand is negative: -13496262.198249 in ./src/ode_solution.cpp:381: postprocess(); ID=8802;
2026.09.29 10:56:46: ERROR (cvode) CVODE error code -4: At t = 109931 and h = 0.0763967, the corrector convergence test failed repeatedly or with |h| = hmin. in /mnt/c/Users/fkubicsek/Downloads/CPP_kód_fejlesztése/fejlesztoi_main/Bubble_dynamics_simulation_CPP/submodules/sundials/src/cvode/cvode.c:3682: cvHandleFailure(); ID=8803;
2026.09.29 10:56:46: WARNING (postprocess) Dissipated energy is negative: -0.000110 in ./src/ode_solution.cpp:309: postprocess(); ID=8803;
2026.09.29 10:56:46: WARNING (postprocess) Energy demand is negative: -289912511.949806 in ./src/ode_solution.cpp:381: postprocess(); ID=8803;
2026.09.29 10:56:46: ERROR (cvode) CVODE error code -15: At t = 105798, unable to satisfy inequality constraints. in /mnt/c/Users/fkubicsek/Downloads/CPP_kód_fejlesztése/fejlesztoi_main/Bubble_dynamics_simulation_CPP/submodules/sundials/src/cvode/cvode.c:3725: cvHandleFailure(); ID=8804;
2026.09.29 10:56:46: WARNING (postprocess) Dissipated energy is negative: -0.000023 in ./src/ode_solution.cpp:309: postprocess(); ID=8804;
2026.09.29 10:56:46: WARNING (postprocess) Energy demand is negative: -27834344.694579 in ./src/ode_solution.cpp:381: postprocess(); ID=8804;
2026.09.29 10:56:46: ERROR (cvode) CVODE error code -15: At t = 409546, unable to satisfy inequality constraints. in /mnt/c/Users/fkubicsek/Downloads/CPP_kód_fejlesztése/fejlesztoi_main/Bubble_dynamics_simulation_CPP/submodules/sundials/src/cvode/cvode.c:3725: cvHandleFailure(); ID=8801;
2026.09.29 10:56:46: ERROR (cvode) CVODE error code -15: At t = 215031, unable to satisfy inequality constraints. in /mnt/c/Users/fkubicsek/Downloads/CPP_kód_fejlesztése/fejlesztoi_main/Bubble_dynamics_simulation_CPP/submodules/sundials/src/cvode/cvode.c:3725: cvHandleFailure(); ID=8805;
2026.09.29 10:56:46: ERROR (cvode) CVODE error code -15: At t = 121709, unable to satisfy inequality constraints. in /mnt/c/Users/fkubicsek/Downloads/CPP_kód_fejlesztése/fejlesztoi_main/Bubble_dynamics_simulation_CPP/submodules/sundials/src/cvode/cvode.c:3725: cvHandleFailure(); ID=8806;
2026.09.29 10:56:46: WARNING (postprocess) Dissipated energy is negative: -0.000202 in ./src/ode_solution.cpp:309: postprocess(); ID=8806;
2026.09.29 10:56:46: ERROR (cvode) CVODE error code -15: At t = 106115, unable to satisfy inequality constraints. in /mnt/c/Users/fkubicsek/Downloads/CPP_kód_fejlesztése/fejlesztoi_main/Bubble_dynamics_simulation_CPP/submodules/sundials/src/cvode/cvode.c:3725: cvHandleFailure(); ID=8809;
2026.09.29 10:56:46: ERROR (cvode) CVODE error code -15: At t = 215981, unable to satisfy inequality constraints. in /mnt/c/Users/fkubicsek/Downloads/CPP_kód_fejlesztése/fejlesztoi_main/Bubble_dynamics_simulation_CPP/submodules/sundials/src/cvode/cvode.c:3725: cvHandleFailure(); ID=8807;
2026.09.29 10:56:46: ERROR (cvode) CVODE error code -15: At t = 105002, unable to satisfy inequality constraints. in /mnt/c/Users/fkubicsek/Downloads/CPP_kód_fejlesztése/fejlesztoi_main/Bubble_dynamics_simulation_CPP/submodules/sundials/src/cvode/cvode.c:3725: cvHandleFailure(); ID=8812;
2026.09.29 10:56:46: ERROR (cvode) CVODE error code -15: At t = 106553, unable to satisfy inequality constraints. in /mnt/c/Users/fkubicsek/Downloads/CPP_kód_fejlesztése/fejlesztoi_main/Bubble_dynamics_simulation_CPP/submodules/sundials/src/cvode/cvode.c:3725: cvHandleFailure(); ID=8813;
2026.09.29 10:56:46: ERROR (cvode) CVODE error code -4: At t = 442710 and h = 928.145, the corrector convergence test failed repeatedly or with |h| = hmin. in /mnt/c/Users/fkubicsek/Downloads/CPP_kód_fejlesztése/fejlesztoi_main/Bubble_dynamics_simulation_CPP/submodules/sundials/src/cvode/cvode.c:3682: cvHandleFailure(); ID=8808;
2026.09.29 10:56:46: ERROR (cvode) CVODE error code -15: At t = 106447, unable to satisfy inequality constraints. in /mnt/c/Users/fkubicsek/Downloads/CPP_kód_fejlesztése/fejlesztoi_main/Bubble_dynamics_simulation_CPP/submodules/sundials/src/cvode/cvode.c:3725: cvHandleFailure(); ID=8815;
2026.09.29 10:56:46: ERROR (cvode) CVODE error code -15: At t = 426424, unable to satisfy inequality constraints. in /mnt/c/Users/fkubicsek/Downloads/CPP_kód_fejlesztése/fejlesztoi_main/Bubble_dynamics_simulation_CPP/submodules/sundials/src/cvode/cvode.c:3725: cvHandleFailure(); ID=8810;
2026.09.29 10:56:46: ERROR (cvode) CVODE error code -15: At t = 116001, unable to satisfy inequality constraints. in /mnt/c/Users/fkubicsek/Downloads/CPP_kód_fejlesztése/fejlesztoi_main/Bubble_dynamics_simulation_CPP/submodules/sundials/src/cvode/cvode.c:3725: cvHandleFailure(); ID=8814;
2026.09.29 10:56:46: WARNING (postprocess) Dissipated energy is negative: -0.000073 in ./src/ode_solution.cpp:309: postprocess(); ID=8814;
2026.09.29 10:56:46: WARNING (postprocess) Energy demand is negative: -119795081.896902 in ./src/ode_solution.cpp:381: postprocess(); ID=8814;
2026.09.29 10:56:46: ERROR (cvode) CVODE error code -15: At t = 338193, unable to satisfy inequality constraints. in /mnt/c/Users/fkubicsek/Downloads/CPP_kód_fejlesztése/fejlesztoi_main/Bubble_dynamics_simulation_CPP/submodules/sundials/src/cvode/cvode.c:3725: cvHandleFailure(); ID=8818;
2026.09.29 10:56:46: ERROR (cvode) CVODE error code -15: At t = 331237, unable to satisfy inequality constraints. in /mnt/c/Users/fkubicsek/Downloads/CPP_kód_fejlesztése/fejlesztoi_main/Bubble_dynamics_simulation_CPP/submodules/sundials/src/cvode/cvode.c:3725: cvHandleFailure(); ID=8819;
2026.09.29 10:56:46: ERROR (cvode) CVODE error code -15: At t = 110126, unable to satisfy inequality constraints. in /mnt/c/Users/fkubicsek/Downloads/CPP_kód_fejlesztése/fejlesztoi_main/Bubble_dynamics_simulation_CPP/submodules/sundials/src/cvode/cvode.c:3725: cvHandleFailure(); ID=8823;
2026.09.29 10:56:46: ERROR (cvode) CVODE error code -15: At t = 730023, unable to satisfy inequality constraints. in /mnt/c/Users/fkubicsek/Downloads/CPP_kód_fejlesztése/fejlesztoi_main/Bubble_dynamics_simulation_CPP/submodules/sundials/src/cvode/cvode.c:3725: cvHandleFailure(); ID=8816;
2026.09.29 10:56:46: ERROR (cvode) CVODE error code -15: At t = 638174, unable to satisfy inequality constraints. in /mnt/c/Users/fkubicsek/Downloads/CPP_kód_fejlesztése/fejlesztoi_main/Bubble_dynamics_simulation_CPP/submodules/sundials/src/cvode/cvode.c:3725: cvHandleFailure(); ID=8817;
2026.09.29 10:56:46: ERROR (cvode) CVODE error code -15: At t = 637671, unable to satisfy inequality constraints. in /mnt/c/Users/fkubicsek/Downloads/CPP_kód_fejlesztése/fejlesztoi_main/Bubble_dynamics_simulation_CPP/submodules/sundials/src/cvode/cvode.c:3725: cvHandleFailure(); ID=8820;
2026.09.29 10:56:46: ERROR (cvode) CVODE error code -15: At t = 135090, unable to satisfy inequality constraints. in /mnt/c/Users/fkubicsek/Downloads/CPP_kód_fejlesztése/fejlesztoi_main/Bubble_dynamics_simulation_CPP/submodules/sundials/src/cvode/cvode.c:3725: cvHandleFailure(); ID=8822;
2026.09.29 10:56:46: WARNING (postprocess) Dissipated energy is negative: -0.000045 in ./src/ode_solution.cpp:309: postprocess(); ID=8822;
2026.09.29 10:56:46: WARNING (postprocess) Energy demand is negative: -14510686941200563306496.000000 in ./src/ode_solution.cpp:381: postprocess(); ID=8822;
2026.09.29 10:56:46: ERROR (cvode) CVODE error code -15: At t = 636564, unable to satisfy inequality constraints. in /mnt/c/Users/fkubicsek/Downloads/CPP_kód_fejlesztése/fejlesztoi_main/Bubble_dynamics_simulation_CPP/submodules/sundials/src/cvode/cvode.c:3725: cvHandleFailure(); ID=8821;
2026.09.29 10:56:46: ERROR (cvode) CVODE error code -15: At t = 191067, unable to satisfy inequality constraints. in /mnt/c/Users/fkubicsek/Downloads/CPP_kód_fejlesztése/fejlesztoi_main/Bubble_dynamics_simulation_CPP/submodules/sundials/src/cvode/cvode.c:3725: cvHandleFailure(); ID=8830;
2026.09.29 10:56:46: ERROR (cvode) CVODE error code -15: At t = 770089, unable to satisfy inequality constraints. in /mnt/c/Users/fkubicsek/Downloads/CPP_kód_fejlesztése/fejlesztoi_main/Bubble_dynamics_simulation_CPP/submodules/sundials/src/cvode/cvode.c:3725: cvHandleFailure(); ID=8825;
2026.09.29 10:56:46: ERROR (cvode) CVODE error code -15: At t = 97808.2, unable to satisfy inequality constraints. in /mnt/c/Users/fkubicsek/Downloads/CPP_kód_fejlesztése/fejlesztoi_main/Bubble_dynamics_simulation_CPP/submodules/sundials/src/cvode/cvode.c:3725: cvHandleFailure(); ID=8833;
2026.09.29 10:56:46: ERROR (cvode) CVODE error code -15: At t = 834750, unable to satisfy inequality constraints. in /mnt/c/Users/fkubicsek/Downloads/CPP_kód_fejlesztése/fejlesztoi_main/Bubble_dynamics_simulation_CPP/submodules/sundials/src/cvode/cvode.c:3725: cvHandleFailure(); ID=8824;
2026.09.29 10:56:46: ERROR (cvode) CVODE error code -15: At t = 97964.8, unable to satisfy inequality constraints. in /mnt/c/Users/fkubicsek/Downloads/CPP_kód_fejlesztése/fejlesztoi_main/Bubble_dynamics_simulation_CPP/submodules/sundials/src/cvode/cvode.c:3725: cvHandleFailure(); ID=8834;
2026.09.29 10:56:46: ERROR (cvode) CVODE error code -15: At t = 551289, unable to satisfy inequality constraints. in /mnt/c/Users/fkubicsek/Downloads/CPP_kód_fejlesztése/fejlesztoi_main/Bubble_dynamics_simulation_CPP/submodules/sundials/src/cvode/cvode.c:3725: cvHandleFailure(); ID=8828;
2026.09.29 10:56:46: ERROR (cvode) CVODE error code -15: At t = 729570, unable to satisfy inequality constraints. in /mnt/c/Users/fkubicsek/Downloads/CPP_kód_fejlesztése/fejlesztoi_main/Bubble_dynamics_simulation_CPP/submodules/sundials/src/cvode/cvode.c:3725: cvHandleFailure(); ID=8826;
2026.09.29 10:56:47: ERROR (cvode) CVODE error code -15: At t = 1.00789e+06, unable to satisfy inequality constraints. in /mnt/c/Users/fkubicsek/Downloads/CPP_kód_fejlesztése/fejlesztoi_main/Bubble_dynamics_simulation_CPP/submodules/sundials/src/cvode/cvode.c:3725: cvHandleFailure(); ID=8827;
2026.09.29 10:56:47: ERROR (cvode) CVODE error code -15: At t = 1.10765e+06, unable to satisfy inequality constraints. in /mnt/c/Users/fkubicsek/Downloads/CPP_kód_fejlesztése/fejlesztoi_main/Bubble_dynamics_simulation_CPP/submodules/sundials/src/cvode/cvode.c:3725: cvHandleFailure(); ID=8829;
2026.09.29 10:56:47: ERROR (cvode) CVODE error code -4: At t = 836385 and h = 66.3562, the corrector convergence test failed repeatedly or with |h| = hmin. in /mnt/c/Users/fkubicsek/Downloads/CPP_kód_fejlesztése/fejlesztoi_main/Bubble_dynamics_simulation_CPP/submodules/sundials/src/cvode/cvode.c:3682: cvHandleFailure(); ID=8832;
2026.09.29 10:56:47: ERROR (cvode) CVODE error code -15: At t = 98786.5, unable to satisfy inequality constraints. in /mnt/c/Users/fkubicsek/Downloads/CPP_kód_fejlesztése/fejlesztoi_main/Bubble_dynamics_simulation_CPP/submodules/sundials/src/cvode/cvode.c:3725: cvHandleFailure(); ID=8840;
2026.09.29 10:56:47: ERROR (cvode) CVODE error code -15: At t = 933457, unable to satisfy inequality constraints. in /mnt/c/Users/fkubicsek/Downloads/CPP_kód_fejlesztése/fejlesztoi_main/Bubble_dynamics_simulation_CPP/submodules/sundials/src/cvode/cvode.c:3725: cvHandleFailure(); ID=8831;
2026.09.29 10:56:47: ERROR (cvode) CVODE error code -15: At t = 99140.4, unable to satisfy inequality constraints. in /mnt/c/Users/fkubicsek/Downloads/CPP_kód_fejlesztése/fejlesztoi_main/Bubble_dynamics_simulation_CPP/submodules/sundials/src/cvode/cvode.c:3725: cvHandleFailure(); ID=8842;
2026.09.29 10:56:47: ERROR (cvode) CVODE error code -15: At t = 753710, unable to satisfy inequality constraints. in /mnt/c/Users/fkubicsek/Downloads/CPP_kód_fejlesztése/fejlesztoi_main/Bubble_dynamics_simulation_CPP/submodules/sundials/src/cvode/cvode.c:3725: cvHandleFailure(); ID=8835;
2026.09.29 10:56:47: ERROR (cvode) CVODE error code -15: At t = 1.03119e+06, unable to satisfy inequality constraints. in /mnt/c/Users/fkubicsek/Downloads/CPP_kód_fejlesztése/fejlesztoi_main/Bubble_dynamics_simulation_CPP/submodules/sundials/src/cvode/cvode.c:3725: cvHandleFailure(); ID=8837;
2026.09.29 10:56:47: ERROR (cvode) CVODE error code -15: At t = 1.32679e+06, unable to satisfy inequality constraints. in /mnt/c/Users/fkubicsek/Downloads/CPP_kód_fejlesztése/fejlesztoi_main/Bubble_dynamics_simulation_CPP/submodules/sundials/src/cvode/cvode.c:3725: cvHandleFailure(); ID=8836;
2026.09.29 10:56:47: ERROR (cvode) CVODE error code -15: At t = 934686, unable to satisfy inequality constraints. in /mnt/c/Users/fkubicsek/Downloads/CPP_kód_fejlesztése/fejlesztoi_main/Bubble_dynamics_simulation_CPP/submodules/sundials/src/cvode/cvode.c:3725: cvHandleFailure(); ID=8838;
2026.09.29 10:56:47: ERROR (cvode) CVODE error code -15: At t = 100241, unable to satisfy inequality constraints. in /mnt/c/Users/fkubicsek/Downloads/CPP_kód_fejlesztése/fejlesztoi_main/Bubble_dynamics_simulation_CPP/submodules/sundials/src/cvode/cvode.c:3725: cvHandleFailure(); ID=8848;
2026.09.29 10:56:47: ERROR (cvode) CVODE error code -15: At t = 100258, unable to satisfy inequality constraints. in /mnt/c/Users/fkubicsek/Downloads/CPP_kód_fejlesztése/fejlesztoi_main/Bubble_dynamics_simulation_CPP/submodules/sundials/src/cvode/cvode.c:3725: cvHandleFailure(); ID=8849;
2026.09.29 10:56:47: ERROR (cvode) CVODE error code -15: At t = 100305, unable to satisfy inequality constraints. in /mnt/c/Users/fkubicsek/Downloads/CPP_kód_fejlesztése/fejlesztoi_main/Bubble_dynamics_simulation_CPP/submodules/sundials/src/cvode/cvode.c:3725: cvHandleFailure(); ID=8850;
2026.09.29 10:56:47: ERROR (cvode) CVODE error code -15: At t = 1.39918e+06, unable to satisfy inequality constraints. in /mnt/c/Users/fkubicsek/Downloads/CPP_kód_fejlesztése/fejlesztoi_main/Bubble_dynamics_simulation_CPP/submodules/sundials/src/cvode/cvode.c:3725: cvHandleFailure(); ID=8839;
2026.09.29 10:56:47: ERROR (cvode) CVODE error code -15: At t = 100849, unable to satisfy inequality constraints. in /mnt/c/Users/fkubicsek/Downloads/CPP_kód_fejlesztése/fejlesztoi_main/Bubble_dynamics_simulation_CPP/submodules/sundials/src/cvode/cvode.c:3725: cvHandleFailure(); ID=8852;
2026.09.29 10:56:47: ERROR (cvode) CVODE error code -15: At t = 1.11288e+06, unable to satisfy inequality constraints. in /mnt/c/Users/fkubicsek/Downloads/CPP_kód_fejlesztése/fejlesztoi_main/Bubble_dynamics_simulation_CPP/submodules/sundials/src/cvode/cvode.c:3725: cvHandleFailure(); ID=8841;
2026.09.29 10:56:47: ERROR (cvode) CVODE error code -15: At t = 100850, unable to satisfy inequality constraints. in /mnt/c/Users/fkubicsek/Downloads/CPP_kód_fejlesztése/fejlesztoi_main/Bubble_dynamics_simulation_CPP/submodules/sundials/src/cvode/cvode.c:3725: cvHandleFailure(); ID=8853;
2026.09.29 10:56:47: ERROR (cvode) CVODE error code -15: At t = 972202, unable to satisfy inequality constraints. in /mnt/c/Users/fkubicsek/Downloads/CPP_kód_fejlesztése/fejlesztoi_main/Bubble_dynamics_simulation_CPP/submodules/sundials/src/cvode/cvode.c:3725: cvHandleFailure(); ID=8844;
2026.09.29 10:56:47: ERROR (cvode) CVODE error code -15: At t = 100884, unable to satisfy inequality constraints. in /mnt/c/Users/fkubicsek/Downloads/CPP_kód_fejlesztése/fejlesztoi_main/Bubble_dynamics_simulation_CPP/submodules/sundials/src/cvode/cvode.c:3725: cvHandleFailure(); ID=8855;
2026.09.29 10:56:47: ERROR (cvode) CVODE error code -15: At t = 101395, unable to satisfy inequality constraints. in /mnt/c/Users/fkubicsek/Downloads/CPP_kód_fejlesztése/fejlesztoi_main/Bubble_dynamics_simulation_CPP/submodules/sundials/src/cvode/cvode.c:3725: cvHandleFailure(); ID=8854;
2026.09.29 10:56:47: ERROR (cvode) CVODE error code -15: At t = 101939, unable to satisfy inequality constraints. in /mnt/c/Users/fkubicsek/Downloads/CPP_kód_fejlesztése/fejlesztoi_main/Bubble_dynamics_simulation_CPP/submodules/sundials/src/cvode/cvode.c:3725: cvHandleFailure(); ID=8857;
2026.09.29 10:56:47: ERROR (cvode) CVODE error code -15: At t = 101340, unable to satisfy inequality constraints. in /mnt/c/Users/fkubicsek/Downloads/CPP_kód_fejlesztése/fejlesztoi_main/Bubble_dynamics_simulation_CPP/submodules/sundials/src/cvode/cvode.c:3725: cvHandleFailure(); ID=8858;
2026.09.29 10:56:47: ERROR (cvode) CVODE error code -15: At t = 101860, unable to satisfy inequality constraints. in /mnt/c/Users/fkubicsek/Downloads/CPP_kód_fejlesztése/fejlesztoi_main/Bubble_dynamics_simulation_CPP/submodules/sundials/src/cvode/cvode.c:3725: cvHandleFailure(); ID=8859;
2026.09.29 10:56:47: ERROR (cvode) CVODE error code -15: At t = 101876, unable to satisfy inequality constraints. in /mnt/c/Users/fkubicsek/Downloads/CPP_kód_fejlesztése/fejlesztoi_main/Bubble_dynamics_simulation_CPP/submodules/sundials/src/cvode/cvode.c:3725: cvHandleFailure(); ID=8861;
2026.09.29 10:56:47: ERROR (cvode) CVODE error code -15: At t = 1.04006e+06, unable to satisfy inequality constraints. in /mnt/c/Users/fkubicsek/Downloads/CPP_kód_fejlesztése/fejlesztoi_main/Bubble_dynamics_simulation_CPP/submodules/sundials/src/cvode/cvode.c:3725: cvHandleFailure(); ID=8847;
2026.09.29 10:56:47: ERROR (cvode) CVODE error code -15: At t = 1.82523e+06, unable to satisfy inequality constraints. in /mnt/c/Users/fkubicsek/Downloads/CPP_kód_fejlesztése/fejlesztoi_main/Bubble_dynamics_simulation_CPP/submodules/sundials/src/cvode/cvode.c:3725: cvHandleFailure(); ID=8845;
2026.09.29 10:56:47: ERROR (cvode) CVODE error code -15: At t = 102411, unable to satisfy inequality constraints. in /mnt/c/Users/fkubicsek/Downloads/CPP_kód_fejlesztése/fejlesztoi_main/Bubble_dynamics_simulation_CPP/submodules/sundials/src/cvode/cvode.c:3725: cvHandleFailure(); ID=8865;
2026.09.29 10:56:47: ERROR (cvode) CVODE error code -15: At t = 102640, unable to satisfy inequality constraints. in /mnt/c/Users/fkubicsek/Downloads/CPP_kód_fejlesztése/fejlesztoi_main/Bubble_dynamics_simulation_CPP/submodules/sundials/src/cvode/cvode.c:3725: cvHandleFailure(); ID=8866;
2026.09.29 10:56:47: ERROR (cvode) CVODE error code -15: At t = 102964, unable to satisfy inequality constraints. in /mnt/c/Users/fkubicsek/Downloads/CPP_kód_fejlesztése/fejlesztoi_main/Bubble_dynamics_simulation_CPP/submodules/sundials/src/cvode/cvode.c:3725: cvHandleFailure(); ID=8867;
2026.09.29 10:56:47: ERROR (cvode) CVODE error code -15: At t = 102936, unable to satisfy inequality constraints. in /mnt/c/Users/fkubicsek/Downloads/CPP_kód_fejlesztése/fejlesztoi_main/Bubble_dynamics_simulation_CPP/submodules/sundials/src/cvode/cvode.c:3725: cvHandleFailure(); ID=8868;
2026.09.29 10:56:47: ERROR (cvode) CVODE error code -15: At t = 103093, unable to satisfy inequality constraints. in /mnt/c/Users/fkubicsek/Downloads/CPP_kód_fejlesztése/fejlesztoi_main/Bubble_dynamics_simulation_CPP/submodules/sundials/src/cvode/cvode.c:3725: cvHandleFailure(); ID=8869;
2026.09.29 10:56:47: ERROR (cvode) CVODE error code -15: At t = 103800, unable to satisfy inequality constraints. in /mnt/c/Users/fkubicsek/Downloads/CPP_kód_fejlesztése/fejlesztoi_main/Bubble_dynamics_simulation_CPP/submodules/sundials/src/cvode/cvode.c:3725: cvHandleFailure(); ID=8874;
2026.09.29 10:56:47: ERROR (cvode) CVODE error code -15: At t = 104335, unable to satisfy inequality constraints. in /mnt/c/Users/fkubicsek/Downloads/CPP_kód_fejlesztése/fejlesztoi_main/Bubble_dynamics_simulation_CPP/submodules/sundials/src/cvode/cvode.c:3725: cvHandleFailure(); ID=8876;
2026.09.29 10:56:47: ERROR (cvode) CVODE error code -15: At t = 104414, unable to satisfy inequality constraints. in /mnt/c/Users/fkubicsek/Downloads/CPP_kód_fejlesztése/fejlesztoi_main/Bubble_dynamics_simulation_CPP/submodules/sundials/src/cvode/cvode.c:3725: cvHandleFailure(); ID=8877;
2026.09.29 10:56:47: ERROR (cvode) CVODE error code -15: At t = 104331, unable to satisfy inequality constraints. in /mnt/c/Users/fkubicsek/Downloads/CPP_kód_fejlesztése/fejlesztoi_main/Bubble_dynamics_simulation_CPP/submodules/sundials/src/cvode/cvode.c:3725: cvHandleFailure(); ID=8878;
2026.09.29 10:56:47: ERROR (cvode) CVODE error code -15: At t = 103679, unable to satisfy inequality constraints. in /mnt/c/Users/fkubicsek/Downloads/CPP_kód_fejlesztése/fejlesztoi_main/Bubble_dynamics_simulation_CPP/submodules/sundials/src/cvode/cvode.c:3725: cvHandleFailure(); ID=8880;
2026.09.29 10:56:47: ERROR (cvode) CVODE error code -15: At t = 104875, unable to satisfy inequality constraints. in /mnt/c/Users/fkubicsek/Downloads/CPP_kód_fejlesztése/fejlesztoi_main/Bubble_dynamics_simulation_CPP/submodules/sundials/src/cvode/cvode.c:3725: cvHandleFailure(); ID=8881;
2026.09.29 10:56:47: ERROR (cvode) CVODE error code -15: At t = 104847, unable to satisfy inequality constraints. in /mnt/c/Users/fkubicsek/Downloads/CPP_kód_fejlesztése/fejlesztoi_main/Bubble_dynamics_simulation_CPP/submodules/sundials/src/cvode/cvode.c:3725: cvHandleFailure(); ID=8883;
2026.09.29 10:56:48: ERROR (cvode) CVODE error code -15: At t = 105724, unable to satisfy inequality constraints. in /mnt/c/Users/fkubicsek/Downloads/CPP_kód_fejlesztése/fejlesztoi_main/Bubble_dynamics_simulation_CPP/submodules/sundials/src/cvode/cvode.c:3725: cvHandleFailure(); ID=8887;
2026.09.29 10:56:48: ERROR (cvode) CVODE error code -15: At t = 105793, unable to satisfy inequality constraints. in /mnt/c/Users/fkubicsek/Downloads/CPP_kód_fejlesztése/fejlesztoi_main/Bubble_dynamics_simulation_CPP/submodules/sundials/src/cvode/cvode.c:3725: cvHandleFailure(); ID=8888;
2026.09.29 10:56:48: ERROR (cvode) CVODE error code -15: At t = 106018, unable to satisfy inequality constraints. in /mnt/c/Users/fkubicsek/Downloads/CPP_kód_fejlesztése/fejlesztoi_main/Bubble_dynamics_simulation_CPP/submodules/sundials/src/cvode/cvode.c:3725: cvHandleFailure(); ID=8889;
2026.09.29 10:56:48: ERROR (cvode) CVODE error code -15: At t = 106128, unable to satisfy inequality constraints. in /mnt/c/Users/fkubicsek/Downloads/CPP_kód_fejlesztése/fejlesztoi_main/Bubble_dynamics_simulation_CPP/submodules/sundials/src/cvode/cvode.c:3725: cvHandleFailure(); ID=8894;
2026.09.29 10:56:48: ERROR (cvode) CVODE error code -15: At t = 126338, unable to satisfy inequality constraints. in /mnt/c/Users/fkubicsek/Downloads/CPP_kód_fejlesztése/fejlesztoi_main/Bubble_dynamics_simulation_CPP/submodules/sundials/src/cvode/cvode.c:3725: cvHandleFailure(); ID=8900;
2026.09.29 10:56:48: WARNING (postprocess) Dissipated energy is negative: -0.000290 in ./src/ode_solution.cpp:309: postprocess(); ID=8900;
2026.09.29 10:56:48: WARNING (postprocess) Energy demand is negative: -246167585.118704 in ./src/ode_solution.cpp:381: postprocess(); ID=8900;
2026.09.29 10:56:48: ERROR (cvode) CVODE error code -15: At t = 120391, unable to satisfy inequality constraints. in /mnt/c/Users/fkubicsek/Downloads/CPP_kód_fejlesztése/fejlesztoi_main/Bubble_dynamics_simulation_CPP/submodules/sundials/src/cvode/cvode.c:3725: cvHandleFailure(); ID=8901;
2026.09.29 10:56:48: WARNING (postprocess) Dissipated energy is negative: -0.000244 in ./src/ode_solution.cpp:309: postprocess(); ID=8901;
2026.09.29 10:56:48: ERROR (cvode) CVODE error code -15: At t = 109247, unable to satisfy inequality constraints. in /mnt/c/Users/fkubicsek/Downloads/CPP_kód_fejlesztése/fejlesztoi_main/Bubble_dynamics_simulation_CPP/submodules/sundials/src/cvode/cvode.c:3725: cvHandleFailure(); ID=8903;
2026.09.29 10:56:48: WARNING (postprocess) Dissipated energy is negative: -0.000074 in ./src/ode_solution.cpp:309: postprocess(); ID=8903;
2026.09.29 10:56:48: WARNING (postprocess) Energy demand is negative: -121981903.591193 in ./src/ode_solution.cpp:381: postprocess(); ID=8903;
2026.09.29 10:56:48: ERROR (cvode) CVODE error code -15: At t = 111532, unable to satisfy inequality constraints. in /mnt/c/Users/fkubicsek/Downloads/CPP_kód_fejlesztése/fejlesztoi_main/Bubble_dynamics_simulation_CPP/submodules/sundials/src/cvode/cvode.c:3725: cvHandleFailure(); ID=8902;
2026.09.29 10:56:48: WARNING (postprocess) Dissipated energy is negative: -0.000126 in ./src/ode_solution.cpp:309: postprocess(); ID=8902;
2026.09.29 10:56:48: ERROR (cvode) CVODE error code -15: At t = 117443, unable to satisfy inequality constraints. in /mnt/c/Users/fkubicsek/Downloads/CPP_kód_fejlesztése/fejlesztoi_main/Bubble_dynamics_simulation_CPP/submodules/sundials/src/cvode/cvode.c:3725: cvHandleFailure(); ID=8905;
2026.09.29 10:56:48: WARNING (postprocess) Dissipated energy is negative: -0.000194 in ./src/ode_solution.cpp:309: postprocess(); ID=8905;
2026.09.29 10:56:48: WARNING (postprocess) Energy demand is negative: -498697565.779269 in ./src/ode_solution.cpp:381: postprocess(); ID=8905;
2026.09.29 10:56:48: ERROR (cvode) CVODE error code -15: At t = 112926, unable to satisfy inequality constraints. in /mnt/c/Users/fkubicsek/Downloads/CPP_kód_fejlesztése/fejlesztoi_main/Bubble_dynamics_simulation_CPP/submodules/sundials/src/cvode/cvode.c:3725: cvHandleFailure(); ID=8904;
2026.09.29 10:56:48: WARNING (postprocess) Dissipated energy is negative: -0.000140 in ./src/ode_solution.cpp:309: postprocess(); ID=8904;
2026.09.29 10:56:48: WARNING (postprocess) Energy demand is negative: -217805612.458031 in ./src/ode_solution.cpp:381: postprocess(); ID=8904;
2026.09.29 10:56:48: ERROR (cvode) CVODE error code -15: At t = 116443, unable to satisfy inequality constraints. in /mnt/c/Users/fkubicsek/Downloads/CPP_kód_fejlesztése/fejlesztoi_main/Bubble_dynamics_simulation_CPP/submodules/sundials/src/cvode/cvode.c:3725: cvHandleFailure(); ID=8907;
2026.09.29 10:56:48: WARNING (postprocess) Dissipated energy is negative: -0.000167 in ./src/ode_solution.cpp:309: postprocess(); ID=8907;
2026.09.29 10:56:48: WARNING (postprocess) Energy demand is negative: -283827470664268242747392.000000 in ./src/ode_solution.cpp:381: postprocess(); ID=8907;
2026.09.29 10:56:48: ERROR (cvode) CVODE error code -15: At t = 109087, unable to satisfy inequality constraints. in /mnt/c/Users/fkubicsek/Downloads/CPP_kód_fejlesztése/fejlesztoi_main/Bubble_dynamics_simulation_CPP/submodules/sundials/src/cvode/cvode.c:3725: cvHandleFailure(); ID=8909;
2026.09.29 10:56:48: WARNING (postprocess) Dissipated energy is negative: -0.000021 in ./src/ode_solution.cpp:309: postprocess(); ID=8909;
2026.09.29 10:56:48: WARNING (postprocess) Energy demand is negative: -29284956.753544 in ./src/ode_solution.cpp:381: postprocess(); ID=8909;
2026.09.29 10:56:48: ERROR (cvode) CVODE error code -15: At t = 270447, unable to satisfy inequality constraints. in /mnt/c/Users/fkubicsek/Downloads/CPP_kód_fejlesztése/fejlesztoi_main/Bubble_dynamics_simulation_CPP/submodules/sundials/src/cvode/cvode.c:3725: cvHandleFailure(); ID=8906;
2026.09.29 10:56:48: WARNING (postprocess) Dissipated energy is negative: -0.000090 in ./src/ode_solution.cpp:309: postprocess(); ID=8906;
2026.09.29 10:56:48: WARNING (postprocess) Energy demand is negative: -550066293.743780 in ./src/ode_solution.cpp:381: postprocess(); ID=8906;
2026.09.29 10:56:48: ERROR (cvode) CVODE error code -15: At t = 110711, unable to satisfy inequality constraints. in /mnt/c/Users/fkubicsek/Downloads/CPP_kód_fejlesztése/fejlesztoi_main/Bubble_dynamics_simulation_CPP/submodules/sundials/src/cvode/cvode.c:3725: cvHandleFailure(); ID=8912;
2026.09.29 10:56:48: WARNING (postprocess) Dissipated energy is negative: -0.000025 in ./src/ode_solution.cpp:309: postprocess(); ID=8912;
2026.09.29 10:56:48: WARNING (postprocess) Energy demand is negative: -22310827.073678 in ./src/ode_solution.cpp:381: postprocess(); ID=8912;
2026.09.29 10:56:48: ERROR (cvode) CVODE error code -15: At t = 553472, unable to satisfy inequality constraints. in /mnt/c/Users/fkubicsek/Downloads/CPP_kód_fejlesztése/fejlesztoi_main/Bubble_dynamics_simulation_CPP/submodules/sundials/src/cvode/cvode.c:3725: cvHandleFailure(); ID=8908;
2026.09.29 10:56:49: ERROR (cvode) CVODE error code -15: At t = 114015, unable to satisfy inequality constraints. in /mnt/c/Users/fkubicsek/Downloads/CPP_kód_fejlesztése/fejlesztoi_main/Bubble_dynamics_simulation_CPP/submodules/sundials/src/cvode/cvode.c:3725: cvHandleFailure(); ID=8913;
2026.09.29 10:56:49: WARNING (postprocess) Dissipated energy is negative: -0.000072 in ./src/ode_solution.cpp:309: postprocess(); ID=8913;
2026.09.29 10:56:49: WARNING (postprocess) Energy demand is negative: -64893853.630561 in ./src/ode_solution.cpp:381: postprocess(); ID=8913;
2026.09.29 10:56:49: ERROR (cvode) CVODE error code -15: At t = 488295, unable to satisfy inequality constraints. in /mnt/c/Users/fkubicsek/Downloads/CPP_kód_fejlesztése/fejlesztoi_main/Bubble_dynamics_simulation_CPP/submodules/sundials/src/cvode/cvode.c:3725: cvHandleFailure(); ID=8911;
2026.09.29 10:56:49: ERROR (cvode) CVODE error code -15: At t = 560868, unable to satisfy inequality constraints. in /mnt/c/Users/fkubicsek/Downloads/CPP_kód_fejlesztése/fejlesztoi_main/Bubble_dynamics_simulation_CPP/submodules/sundials/src/cvode/cvode.c:3725: cvHandleFailure(); ID=8910;
2026.09.29 10:56:49: ERROR (cvode) CVODE error code -15: At t = 229048, unable to satisfy inequality constraints. in /mnt/c/Users/fkubicsek/Downloads/CPP_kód_fejlesztése/fejlesztoi_main/Bubble_dynamics_simulation_CPP/submodules/sundials/src/cvode/cvode.c:3725: cvHandleFailure(); ID=8914;
2026.09.29 10:56:49: ERROR (cvode) CVODE error code -15: At t = 111164, unable to satisfy inequality constraints. in /mnt/c/Users/fkubicsek/Downloads/CPP_kód_fejlesztése/fejlesztoi_main/Bubble_dynamics_simulation_CPP/submodules/sundials/src/cvode/cvode.c:3725: cvHandleFailure(); ID=8917;
2026.09.29 10:56:49: ERROR (cvode) CVODE error code -15: At t = 108728, unable to satisfy inequality constraints. in /mnt/c/Users/fkubicsek/Downloads/CPP_kód_fejlesztése/fejlesztoi_main/Bubble_dynamics_simulation_CPP/submodules/sundials/src/cvode/cvode.c:3725: cvHandleFailure(); ID=8918;
2026.09.29 10:56:49: ERROR (cvode) CVODE error code -15: At t = 236246, unable to satisfy inequality constraints. in /mnt/c/Users/fkubicsek/Downloads/CPP_kód_fejlesztése/fejlesztoi_main/Bubble_dynamics_simulation_CPP/submodules/sundials/src/cvode/cvode.c:3725: cvHandleFailure(); ID=8921;
2026.09.29 10:56:49: ERROR (cvode) CVODE error code -15: At t = 753020, unable to satisfy inequality constraints. in /mnt/c/Users/fkubicsek/Downloads/CPP_kód_fejlesztése/fejlesztoi_main/Bubble_dynamics_simulation_CPP/submodules/sundials/src/cvode/cvode.c:3725: cvHandleFailure(); ID=8915;
2026.09.29 10:56:49: ERROR (cvode) CVODE error code -15: At t = 111338, unable to satisfy inequality constraints. in /mnt/c/Users/fkubicsek/Downloads/CPP_kód_fejlesztése/fejlesztoi_main/Bubble_dynamics_simulation_CPP/submodules/sundials/src/cvode/cvode.c:3725: cvHandleFailure(); ID=8925;
2026.09.29 10:56:49: ERROR (cvode) CVODE error code -15: At t = 356540, unable to satisfy inequality constraints. in /mnt/c/Users/fkubicsek/Downloads/CPP_kód_fejlesztése/fejlesztoi_main/Bubble_dynamics_simulation_CPP/submodules/sundials/src/cvode/cvode.c:3725: cvHandleFailure(); ID=8922;
2026.09.29 10:56:49: ERROR (cvode) CVODE error code -15: At t = 649316, unable to satisfy inequality constraints. in /mnt/c/Users/fkubicsek/Downloads/CPP_kód_fejlesztése/fejlesztoi_main/Bubble_dynamics_simulation_CPP/submodules/sundials/src/cvode/cvode.c:3725: cvHandleFailure(); ID=8920;
2026.09.29 10:56:49: ERROR (cvode) CVODE error code -15: At t = 1.13887e+06, unable to satisfy inequality constraints. in /mnt/c/Users/fkubicsek/Downloads/CPP_kód_fejlesztése/fejlesztoi_main/Bubble_dynamics_simulation_CPP/submodules/sundials/src/cvode/cvode.c:3725: cvHandleFailure(); ID=8916;
2026.09.29 10:56:49: ERROR (cvode) CVODE error code -15: At t = 586076, unable to satisfy inequality constraints. in /mnt/c/Users/fkubicsek/Downloads/CPP_kód_fejlesztése/fejlesztoi_main/Bubble_dynamics_simulation_CPP/submodules/sundials/src/cvode/cvode.c:3725: cvHandleFailure(); ID=8923;
2026.09.29 10:56:49: ERROR (cvode) CVODE error code -15: At t = 121312, unable to satisfy inequality constraints. in /mnt/c/Users/fkubicsek/Downloads/CPP_kód_fejlesztése/fejlesztoi_main/Bubble_dynamics_simulation_CPP/submodules/sundials/src/cvode/cvode.c:3725: cvHandleFailure(); ID=8928;
2026.09.29 10:56:49: ERROR (cvode) CVODE error code -15: At t = 863342, unable to satisfy inequality constraints. in /mnt/c/Users/fkubicsek/Downloads/CPP_kód_fejlesztése/fejlesztoi_main/Bubble_dynamics_simulation_CPP/submodules/sundials/src/cvode/cvode.c:3725: cvHandleFailure(); ID=8919;
2026.09.29 10:56:49: WARNING (odefun) Negative R or T: R=-0.358208;   T=6.008997 in ./src/ode_fun.cpp:108: check_before_call(); ID=8931;
2026.09.29 10:56:49: ERROR (odefun) x_dimless_dot[1] is NaN. t_dimless = 5.55952244935721159e+05;    x_dimless = {5.89432822335005380e-02, 1.89269926177693262e-04, 8.03113393263968156e+00, 0.00000000000000000e+00, -1.43525162637247263e-04, 7.48603698044487342e-01, 5.24415637129596682e-17, 0.00000000000000000e+00, -1.38606203110937481e-15, 2.49534562230218748e-01, -2.64072605034488023e-13, -2.43371417798609911e-12, 2.23837793557680708e-15, -7.88790865817824841e-08, -1.41137403897516887e-04, 1.43475812486019494e-04, -8.73664615377977376e-15, 8.57544944148836211e-03};    x_dimless_dot = {1.89269926177693262e-04, -nan, 9.47778895942304622e+00, 0.00000000000000000e+00, -4.25082099945735647e-01, 2.48074875671563083e-01, 4.00621752509794137e-07, 0.00000000000000000e+00, 3.33534116008486739e-07, -3.82348466433665681e-06, 6.70007869882938844e-05, -8.16948242999159689e-07, -3.71654009656835417e-10, 7.94246126379585912e-04, 6.92148925772455570e-02, -7.01426145765390863e-02, 3.81056521951507198e-06, -nan} in ./src/ode_fun.cpp:140: check_after_call(); ID=8927;
2026.09.29 10:56:49: ERROR (cvode) CVODE error code -10: At t = 508650 repeated recoverable right-hand side function errors. in /mnt/c/Users/fkubicsek/Downloads/CPP_kód_fejlesztése/fejlesztoi_main/Bubble_dynamics_simulation_CPP/submodules/sundials/src/cvode/cvode.c:3702: cvHandleFailure(); ID=8927;
2026.09.29 10:56:49: ERROR (cvode) CVODE error code -15: At t = 678660, unable to satisfy inequality constraints. in /mnt/c/Users/fkubicsek/Downloads/CPP_kód_fejlesztése/fejlesztoi_main/Bubble_dynamics_simulation_CPP/submodules/sundials/src/cvode/cvode.c:3725: cvHandleFailure(); ID=8926;
2026.09.29 10:56:49: ERROR (cvode) CVODE error code -15: At t = 864073, unable to satisfy inequality constraints. in /mnt/c/Users/fkubicsek/Downloads/CPP_kód_fejlesztése/fejlesztoi_main/Bubble_dynamics_simulation_CPP/submodules/sundials/src/cvode/cvode.c:3725: cvHandleFailure(); ID=8924;
2026.09.29 10:56:49: ERROR (cvode) CVODE error code -15: At t = 113356, unable to satisfy inequality constraints. in /mnt/c/Users/fkubicsek/Downloads/CPP_kód_fejlesztése/fejlesztoi_main/Bubble_dynamics_simulation_CPP/submodules/sundials/src/cvode/cvode.c:3725: cvHandleFailure(); ID=8935;
2026.09.29 10:56:49: ERROR (cvode) CVODE error code -15: At t = 772411, unable to satisfy inequality constraints. in /mnt/c/Users/fkubicsek/Downloads/CPP_kód_fejlesztése/fejlesztoi_main/Bubble_dynamics_simulation_CPP/submodules/sundials/src/cvode/cvode.c:3725: cvHandleFailure(); ID=8929;
2026.09.29 10:56:49: ERROR (cvode) CVODE error code -15: At t = 774423, unable to satisfy inequality constraints. in /mnt/c/Users/fkubicsek/Downloads/CPP_kód_fejlesztése/fejlesztoi_main/Bubble_dynamics_simulation_CPP/submodules/sundials/src/cvode/cvode.c:3725: cvHandleFailure(); ID=8932;
2026.09.29 10:56:49: ERROR (cvode) CVODE error code -15: At t = 665915, unable to satisfy inequality constraints. in /mnt/c/Users/fkubicsek/Downloads/CPP_kód_fejlesztése/fejlesztoi_main/Bubble_dynamics_simulation_CPP/submodules/sundials/src/cvode/cvode.c:3725: cvHandleFailure(); ID=8933;
2026.09.29 10:56:49: ERROR (cvode) CVODE error code -15: At t = 970231, unable to satisfy inequality constraints. in /mnt/c/Users/fkubicsek/Downloads/CPP_kód_fejlesztése/fejlesztoi_main/Bubble_dynamics_simulation_CPP/submodules/sundials/src/cvode/cvode.c:3725: cvHandleFailure(); ID=8930;
2026.09.29 10:56:49: ERROR (cvode) CVODE error code -15: At t = 109285, unable to satisfy inequality constraints. in /mnt/c/Users/fkubicsek/Downloads/CPP_kód_fejlesztése/fejlesztoi_main/Bubble_dynamics_simulation_CPP/submodules/sundials/src/cvode/cvode.c:3725: cvHandleFailure(); ID=8941;
2026.09.29 10:56:49: ERROR (cvode) CVODE error code -15: At t = 1.16864e+06, unable to satisfy inequality constraints. in /mnt/c/Users/fkubicsek/Downloads/CPP_kód_fejlesztése/fejlesztoi_main/Bubble_dynamics_simulation_CPP/submodules/sundials/src/cvode/cvode.c:3725: cvHandleFailure(); ID=8931;
2026.09.29 10:56:49: ERROR (cvode) CVODE error code -15: At t = 101055, unable to satisfy inequality constraints. in /mnt/c/Users/fkubicsek/Downloads/CPP_kód_fejlesztése/fejlesztoi_main/Bubble_dynamics_simulation_CPP/submodules/sundials/src/cvode/cvode.c:3725: cvHandleFailure(); ID=8943;
2026.09.29 10:56:49: ERROR (cvode) CVODE error code -15: At t = 971684, unable to satisfy inequality constraints. in /mnt/c/Users/fkubicsek/Downloads/CPP_kód_fejlesztése/fejlesztoi_main/Bubble_dynamics_simulation_CPP/submodules/sundials/src/cvode/cvode.c:3725: cvHandleFailure(); ID=8934;
2026.09.29 10:56:49: ERROR (cvode) CVODE error code -15: At t = 244340, unable to satisfy inequality constraints. in /mnt/c/Users/fkubicsek/Downloads/CPP_kód_fejlesztése/fejlesztoi_main/Bubble_dynamics_simulation_CPP/submodules/sundials/src/cvode/cvode.c:3725: cvHandleFailure(); ID=8942;
2026.09.29 10:56:49: ERROR (cvode) CVODE error code -15: At t = 688012, unable to satisfy inequality constraints. in /mnt/c/Users/fkubicsek/Downloads/CPP_kód_fejlesztése/fejlesztoi_main/Bubble_dynamics_simulation_CPP/submodules/sundials/src/cvode/cvode.c:3725: cvHandleFailure(); ID=8938;
2026.09.29 10:56:49: ERROR (cvode) CVODE error code -15: At t = 100928, unable to satisfy inequality constraints. in /mnt/c/Users/fkubicsek/Downloads/CPP_kód_fejlesztése/fejlesztoi_main/Bubble_dynamics_simulation_CPP/submodules/sundials/src/cvode/cvode.c:3725: cvHandleFailure(); ID=8945;
2026.09.29 10:56:49: ERROR (cvode) CVODE error code -15: At t = 101006, unable to satisfy inequality constraints. in /mnt/c/Users/fkubicsek/Downloads/CPP_kód_fejlesztése/fejlesztoi_main/Bubble_dynamics_simulation_CPP/submodules/sundials/src/cvode/cvode.c:3725: cvHandleFailure(); ID=8946;
2026.09.29 10:56:49: ERROR (cvode) CVODE error code -15: At t = 963694, unable to satisfy inequality constraints. in /mnt/c/Users/fkubicsek/Downloads/CPP_kód_fejlesztése/fejlesztoi_main/Bubble_dynamics_simulation_CPP/submodules/sundials/src/cvode/cvode.c:3725: cvHandleFailure(); ID=8937;
2026.09.29 10:56:49: ERROR (cvode) CVODE error code -15: At t = 101852, unable to satisfy inequality constraints. in /mnt/c/Users/fkubicsek/Downloads/CPP_kód_fejlesztése/fejlesztoi_main/Bubble_dynamics_simulation_CPP/submodules/sundials/src/cvode/cvode.c:3725: cvHandleFailure(); ID=8948;
2026.09.29 10:56:49: ERROR (cvode) CVODE error code -15: At t = 101825, unable to satisfy inequality constraints. in /mnt/c/Users/fkubicsek/Downloads/CPP_kód_fejlesztése/fejlesztoi_main/Bubble_dynamics_simulation_CPP/submodules/sundials/src/cvode/cvode.c:3725: cvHandleFailure(); ID=8951;
2026.09.29 10:56:49: ERROR (cvode) CVODE error code -15: At t = 101538, unable to satisfy inequality constraints. in /mnt/c/Users/fkubicsek/Downloads/CPP_kód_fejlesztése/fejlesztoi_main/Bubble_dynamics_simulation_CPP/submodules/sundials/src/cvode/cvode.c:3725: cvHandleFailure(); ID=8950;
2026.09.29 10:56:49: ERROR (cvode) CVODE error code -15: At t = 909847, unable to satisfy inequality constraints. in /mnt/c/Users/fkubicsek/Downloads/CPP_kód_fejlesztése/fejlesztoi_main/Bubble_dynamics_simulation_CPP/submodules/sundials/src/cvode/cvode.c:3725: cvHandleFailure(); ID=8939;
2026.09.29 10:56:49: ERROR (cvode) CVODE error code -15: At t = 1.6881e+06, unable to satisfy inequality constraints. in /mnt/c/Users/fkubicsek/Downloads/CPP_kód_fejlesztése/fejlesztoi_main/Bubble_dynamics_simulation_CPP/submodules/sundials/src/cvode/cvode.c:3725: cvHandleFailure(); ID=8936;
2026.09.29 10:56:49: ERROR (cvode) CVODE error code -15: At t = 102902, unable to satisfy inequality constraints. in /mnt/c/Users/fkubicsek/Downloads/CPP_kód_fejlesztése/fejlesztoi_main/Bubble_dynamics_simulation_CPP/submodules/sundials/src/cvode/cvode.c:3725: cvHandleFailure(); ID=8954;
2026.09.29 10:56:49: ERROR (cvode) CVODE error code -15: At t = 1.17339e+06, unable to satisfy inequality constraints. in /mnt/c/Users/fkubicsek/Downloads/CPP_kód_fejlesztése/fejlesztoi_main/Bubble_dynamics_simulation_CPP/submodules/sundials/src/cvode/cvode.c:3725: cvHandleFailure(); ID=8940;
2026.09.29 10:56:49: ERROR (cvode) CVODE error code -15: At t = 102521, unable to satisfy inequality constraints. in /mnt/c/Users/fkubicsek/Downloads/CPP_kód_fejlesztése/fejlesztoi_main/Bubble_dynamics_simulation_CPP/submodules/sundials/src/cvode/cvode.c:3725: cvHandleFailure(); ID=8956;
2026.09.29 10:56:49: ERROR (cvode) CVODE error code -15: At t = 679277, unable to satisfy inequality constraints. in /mnt/c/Users/fkubicsek/Downloads/CPP_kód_fejlesztése/fejlesztoi_main/Bubble_dynamics_simulation_CPP/submodules/sundials/src/cvode/cvode.c:3725: cvHandleFailure(); ID=8944;
2026.09.29 10:56:49: ERROR (cvode) CVODE error code -15: At t = 102485, unable to satisfy inequality constraints. in /mnt/c/Users/fkubicsek/Downloads/CPP_kód_fejlesztése/fejlesztoi_main/Bubble_dynamics_simulation_CPP/submodules/sundials/src/cvode/cvode.c:3725: cvHandleFailure(); ID=8957;
2026.09.29 10:56:49: ERROR (cvode) CVODE error code -15: At t = 208470, unable to satisfy inequality constraints. in /mnt/c/Users/fkubicsek/Downloads/CPP_kód_fejlesztése/fejlesztoi_main/Bubble_dynamics_simulation_CPP/submodules/sundials/src/cvode/cvode.c:3725: cvHandleFailure(); ID=8955;
2026.09.29 10:56:49: ERROR (cvode) CVODE error code -15: At t = 102943, unable to satisfy inequality constraints. in /mnt/c/Users/fkubicsek/Downloads/CPP_kód_fejlesztése/fejlesztoi_main/Bubble_dynamics_simulation_CPP/submodules/sundials/src/cvode/cvode.c:3725: cvHandleFailure(); ID=8959;
2026.09.29 10:56:49: ERROR (cvode) CVODE error code -15: At t = 103104, unable to satisfy inequality constraints. in /mnt/c/Users/fkubicsek/Downloads/CPP_kód_fejlesztése/fejlesztoi_main/Bubble_dynamics_simulation_CPP/submodules/sundials/src/cvode/cvode.c:3725: cvHandleFailure(); ID=8962;
2026.09.29 10:56:49: ERROR (cvode) CVODE error code -15: At t = 993965, unable to satisfy inequality constraints. in /mnt/c/Users/fkubicsek/Downloads/CPP_kód_fejlesztése/fejlesztoi_main/Bubble_dynamics_simulation_CPP/submodules/sundials/src/cvode/cvode.c:3725: cvHandleFailure(); ID=8953;
2026.09.29 10:56:49: ERROR (cvode) CVODE error code -15: At t = 1.17709e+06, unable to satisfy inequality constraints. in /mnt/c/Users/fkubicsek/Downloads/CPP_kód_fejlesztése/fejlesztoi_main/Bubble_dynamics_simulation_CPP/submodules/sundials/src/cvode/cvode.c:3725: cvHandleFailure(); ID=8949;
2026.09.29 10:56:49: ERROR (cvode) CVODE error code -15: At t = 103751, unable to satisfy inequality constraints. in /mnt/c/Users/fkubicsek/Downloads/CPP_kód_fejlesztése/fejlesztoi_main/Bubble_dynamics_simulation_CPP/submodules/sundials/src/cvode/cvode.c:3725: cvHandleFailure(); ID=8965;
2026.09.29 10:56:49: ERROR (cvode) CVODE error code -15: At t = 229297, unable to satisfy inequality constraints. in /mnt/c/Users/fkubicsek/Downloads/CPP_kód_fejlesztése/fejlesztoi_main/Bubble_dynamics_simulation_CPP/submodules/sundials/src/cvode/cvode.c:3725: cvHandleFailure(); ID=8963;
2026.09.29 10:56:49: ERROR (cvode) CVODE error code -15: At t = 103937, unable to satisfy inequality constraints. in /mnt/c/Users/fkubicsek/Downloads/CPP_kód_fejlesztése/fejlesztoi_main/Bubble_dynamics_simulation_CPP/submodules/sundials/src/cvode/cvode.c:3725: cvHandleFailure(); ID=8967;
2026.09.29 10:56:49: ERROR (cvode) CVODE error code -15: At t = 104052, unable to satisfy inequality constraints. in /mnt/c/Users/fkubicsek/Downloads/CPP_kód_fejlesztése/fejlesztoi_main/Bubble_dynamics_simulation_CPP/submodules/sundials/src/cvode/cvode.c:3725: cvHandleFailure(); ID=8966;
2026.09.29 10:56:49: ERROR (cvode) CVODE error code -15: At t = 1.26528e+06, unable to satisfy inequality constraints. in /mnt/c/Users/fkubicsek/Downloads/CPP_kód_fejlesztése/fejlesztoi_main/Bubble_dynamics_simulation_CPP/submodules/sundials/src/cvode/cvode.c:3725: cvHandleFailure(); ID=8952;
2026.09.29 10:56:49: ERROR (cvode) CVODE error code -15: At t = 1.1865e+06, unable to satisfy inequality constraints. in /mnt/c/Users/fkubicsek/Downloads/CPP_kód_fejlesztése/fejlesztoi_main/Bubble_dynamics_simulation_CPP/submodules/sundials/src/cvode/cvode.c:3725: cvHandleFailure(); ID=8947;
2026.09.29 10:56:49: ERROR (cvode) CVODE error code -15: At t = 104342, unable to satisfy inequality constraints. in /mnt/c/Users/fkubicsek/Downloads/CPP_kód_fejlesztése/fejlesztoi_main/Bubble_dynamics_simulation_CPP/submodules/sundials/src/cvode/cvode.c:3725: cvHandleFailure(); ID=8969;
2026.09.29 10:56:49: ERROR (cvode) CVODE error code -15: At t = 105181, unable to satisfy inequality constraints. in /mnt/c/Users/fkubicsek/Downloads/CPP_kód_fejlesztése/fejlesztoi_main/Bubble_dynamics_simulation_CPP/submodules/sundials/src/cvode/cvode.c:3725: cvHandleFailure(); ID=8971;
2026.09.29 10:56:49: ERROR (cvode) CVODE error code -15: At t = 104817, unable to satisfy inequality constraints. in /mnt/c/Users/fkubicsek/Downloads/CPP_kód_fejlesztése/fejlesztoi_main/Bubble_dynamics_simulation_CPP/submodules/sundials/src/cvode/cvode.c:3725: cvHandleFailure(); ID=8972;
2026.09.29 10:56:49: ERROR (cvode) CVODE error code -15: At t = 105207, unable to satisfy inequality constraints. in /mnt/c/Users/fkubicsek/Downloads/CPP_kód_fejlesztése/fejlesztoi_main/Bubble_dynamics_simulation_CPP/submodules/sundials/src/cvode/cvode.c:3725: cvHandleFailure(); ID=8977;
2026.09.29 10:56:50: ERROR (cvode) CVODE error code -15: At t = 105859, unable to satisfy inequality constraints. in /mnt/c/Users/fkubicsek/Downloads/CPP_kód_fejlesztése/fejlesztoi_main/Bubble_dynamics_simulation_CPP/submodules/sundials/src/cvode/cvode.c:3725: cvHandleFailure(); ID=8981;
2026.09.29 10:56:50: ERROR (cvode) CVODE error code -15: At t = 106212, unable to satisfy inequality constraints. in /mnt/c/Users/fkubicsek/Downloads/CPP_kód_fejlesztése/fejlesztoi_main/Bubble_dynamics_simulation_CPP/submodules/sundials/src/cvode/cvode.c:3725: cvHandleFailure(); ID=8984;
2026.09.29 10:56:50: ERROR (cvode) CVODE error code -15: At t = 106544, unable to satisfy inequality constraints. in /mnt/c/Users/fkubicsek/Downloads/CPP_kód_fejlesztése/fejlesztoi_main/Bubble_dynamics_simulation_CPP/submodules/sundials/src/cvode/cvode.c:3725: cvHandleFailure(); ID=8985;
2026.09.29 10:56:50: ERROR (cvode) CVODE error code -15: At t = 106581, unable to satisfy inequality constraints. in /mnt/c/Users/fkubicsek/Downloads/CPP_kód_fejlesztése/fejlesztoi_main/Bubble_dynamics_simulation_CPP/submodules/sundials/src/cvode/cvode.c:3725: cvHandleFailure(); ID=8986;
2026.09.29 10:56:50: ERROR (cvode) CVODE error code -15: At t = 106613, unable to satisfy inequality constraints. in /mnt/c/Users/fkubicsek/Downloads/CPP_kód_fejlesztése/fejlesztoi_main/Bubble_dynamics_simulation_CPP/submodules/sundials/src/cvode/cvode.c:3725: cvHandleFailure(); ID=8987;
2026.09.29 10:56:50: ERROR (cvode) CVODE error code -15: At t = 106567, unable to satisfy inequality constraints. in /mnt/c/Users/fkubicsek/Downloads/CPP_kód_fejlesztése/fejlesztoi_main/Bubble_dynamics_simulation_CPP/submodules/sundials/src/cvode/cvode.c:3725: cvHandleFailure(); ID=8988;
2026.09.29 10:56:50: ERROR (cvode) CVODE error code -15: At t = 107046, unable to satisfy inequality constraints. in /mnt/c/Users/fkubicsek/Downloads/CPP_kód_fejlesztése/fejlesztoi_main/Bubble_dynamics_simulation_CPP/submodules/sundials/src/cvode/cvode.c:3725: cvHandleFailure(); ID=8989;
2026.09.29 10:56:50: ERROR (cvode) CVODE error code -15: At t = 107387, unable to satisfy inequality constraints. in /mnt/c/Users/fkubicsek/Downloads/CPP_kód_fejlesztése/fejlesztoi_main/Bubble_dynamics_simulation_CPP/submodules/sundials/src/cvode/cvode.c:3725: cvHandleFailure(); ID=8991;
2026.09.29 10:56:50: ERROR (cvode) CVODE error code -15: At t = 107564, unable to satisfy inequality constraints. in /mnt/c/Users/fkubicsek/Downloads/CPP_kód_fejlesztése/fejlesztoi_main/Bubble_dynamics_simulation_CPP/submodules/sundials/src/cvode/cvode.c:3725: cvHandleFailure(); ID=8994;
2026.09.29 10:56:50: ERROR (cvode) CVODE error code -15: At t = 108464, unable to satisfy inequality constraints. in /mnt/c/Users/fkubicsek/Downloads/CPP_kód_fejlesztése/fejlesztoi_main/Bubble_dynamics_simulation_CPP/submodules/sundials/src/cvode/cvode.c:3725: cvHandleFailure(); ID=9000;
2026.09.29 10:56:50: WARNING (postprocess) Dissipated energy is negative: -0.000000 in ./src/ode_solution.cpp:309: postprocess(); ID=9000;
2026.09.29 10:56:50: WARNING (postprocess) Energy demand is negative: -174732.992252 in ./src/ode_solution.cpp:381: postprocess(); ID=9000;
2026.09.29 10:56:50: ERROR (cvode) CVODE error code -15: At t = 109405, unable to satisfy inequality constraints. in /mnt/c/Users/fkubicsek/Downloads/CPP_kód_fejlesztése/fejlesztoi_main/Bubble_dynamics_simulation_CPP/submodules/sundials/src/cvode/cvode.c:3725: cvHandleFailure(); ID=9002;
2026.09.29 10:56:50: WARNING (postprocess) Dissipated energy is negative: -0.000027 in ./src/ode_solution.cpp:309: postprocess(); ID=9002;
2026.09.29 10:56:50: WARNING (postprocess) Energy demand is negative: -27362392.946484 in ./src/ode_solution.cpp:381: postprocess(); ID=9002;
2026.09.29 10:56:50: ERROR (cvode) CVODE error code -15: At t = 439777, unable to satisfy inequality constraints. in /mnt/c/Users/fkubicsek/Downloads/CPP_kód_fejlesztése/fejlesztoi_main/Bubble_dynamics_simulation_CPP/submodules/sundials/src/cvode/cvode.c:3725: cvHandleFailure(); ID=9001;
2026.09.29 10:56:50: ERROR (cvode) CVODE error code -15: At t = 242780, unable to satisfy inequality constraints. in /mnt/c/Users/fkubicsek/Downloads/CPP_kód_fejlesztése/fejlesztoi_main/Bubble_dynamics_simulation_CPP/submodules/sundials/src/cvode/cvode.c:3725: cvHandleFailure(); ID=9003;
2026.09.29 10:56:50: WARNING (postprocess) Dissipated energy is negative: -0.000170 in ./src/ode_solution.cpp:309: postprocess(); ID=9003;
2026.09.29 10:56:50: ERROR (cvode) CVODE error code -15: At t = 346823, unable to satisfy inequality constraints. in /mnt/c/Users/fkubicsek/Downloads/CPP_kód_fejlesztése/fejlesztoi_main/Bubble_dynamics_simulation_CPP/submodules/sundials/src/cvode/cvode.c:3725: cvHandleFailure(); ID=9004;
2026.09.29 10:56:50: ERROR (cvode) CVODE error code -15: At t = 111052, unable to satisfy inequality constraints. in /mnt/c/Users/fkubicsek/Downloads/CPP_kód_fejlesztése/fejlesztoi_main/Bubble_dynamics_simulation_CPP/submodules/sundials/src/cvode/cvode.c:3725: cvHandleFailure(); ID=9006;
2026.09.29 10:56:50: WARNING (postprocess) Dissipated energy is negative: -0.000056 in ./src/ode_solution.cpp:309: postprocess(); ID=9006;
2026.09.29 10:56:50: WARNING (postprocess) Energy demand is negative: -11785392.569761 in ./src/ode_solution.cpp:381: postprocess(); ID=9006;
2026.09.29 10:56:50: ERROR (cvode) CVODE error code -15: At t = 112026, unable to satisfy inequality constraints. in /mnt/c/Users/fkubicsek/Downloads/CPP_kód_fejlesztése/fejlesztoi_main/Bubble_dynamics_simulation_CPP/submodules/sundials/src/cvode/cvode.c:3725: cvHandleFailure(); ID=9009;
2026.09.29 10:56:50: WARNING (postprocess) Dissipated energy is negative: -0.000058 in ./src/ode_solution.cpp:309: postprocess(); ID=9009;
2026.09.29 10:56:50: WARNING (postprocess) Energy demand is negative: -21634611.716464 in ./src/ode_solution.cpp:381: postprocess(); ID=9009;
2026.09.29 10:56:50: WARNING (odefun) Negative R or T: R=-29.306656;   T=632.045626 in ./src/ode_fun.cpp:108: check_before_call(); ID=9007;
2026.09.29 10:56:50: ERROR (odefun) x_dimless_dot[1] is NaN. t_dimless = 3.25103847021419788e+05;    x_dimless = {7.00501572712861620e-02, -5.38782641092385158e-05, 3.54922663583026265e+00, 0.00000000000000000e+00, -1.25825261521708341e-05, 7.48603696579406175e-01, 1.99382926816106987e-19, 0.00000000000000000e+00, 1.62114719752852687e-16, 2.49534565783639584e-01, 4.99132802986309699e-17, 5.80635863335867568e-15, 6.58267707313128480e-16, 7.32794827819061510e-11, -1.25903307922011376e-05, 1.25835685533687997e-05, -2.10320257522780737e-16, 3.41647643655108163e-03};    x_dimless_dot = {-5.38782641092385158e-05, -nan, 1.15347183095574213e+00, 0.00000000000000000e+00, -1.78304659834212093e-02, 2.62562328063504081e-04, 3.95720641579363291e-11, 0.00000000000000000e+00, -6.55075785781435487e-12, 1.98250343221192296e-08, 3.69346093625511993e-09, -2.28459606316330653e-11, 1.25776489796303380e-16, 3.64799680087967642e-07, -1.73061055956307205e-02, 1.73057333821270871e-02, -1.98250343365994432e-08, -nan} in ./src/ode_fun.cpp:140: check_after_call(); ID=9007;
2026.09.29 10:56:50: ERROR (cvode) CVODE error code -10: At t = 293607 repeated recoverable right-hand side function errors. in /mnt/c/Users/fkubicsek/Downloads/CPP_kód_fejlesztése/fejlesztoi_main/Bubble_dynamics_simulation_CPP/submodules/sundials/src/cvode/cvode.c:3702: cvHandleFailure(); ID=9007;
2026.09.29 10:56:51: ERROR (cvode) CVODE error code -15: At t = 115244, unable to satisfy inequality constraints. in /mnt/c/Users/fkubicsek/Downloads/CPP_kód_fejlesztése/fejlesztoi_main/Bubble_dynamics_simulation_CPP/submodules/sundials/src/cvode/cvode.c:3725: cvHandleFailure(); ID=9011;
2026.09.29 10:56:51: WARNING (postprocess) Dissipated energy is negative: -0.000111 in ./src/ode_solution.cpp:309: postprocess(); ID=9011;
2026.09.29 10:56:51: WARNING (postprocess) Energy demand is negative: -489975999.409933 in ./src/ode_solution.cpp:381: postprocess(); ID=9011;
2026.09.29 10:56:51: ERROR (cvode) CVODE error code -15: At t = 676347, unable to satisfy inequality constraints. in /mnt/c/Users/fkubicsek/Downloads/CPP_kód_fejlesztése/fejlesztoi_main/Bubble_dynamics_simulation_CPP/submodules/sundials/src/cvode/cvode.c:3725: cvHandleFailure(); ID=9008;
2026.09.29 10:56:51: ERROR (cvode) CVODE error code -15: At t = 459605, unable to satisfy inequality constraints. in /mnt/c/Users/fkubicsek/Downloads/CPP_kód_fejlesztése/fejlesztoi_main/Bubble_dynamics_simulation_CPP/submodules/sundials/src/cvode/cvode.c:3725: cvHandleFailure(); ID=9010;
2026.09.29 10:56:51: ERROR (cvode) CVODE error code -15: At t = 112555, unable to satisfy inequality constraints. in /mnt/c/Users/fkubicsek/Downloads/CPP_kód_fejlesztése/fejlesztoi_main/Bubble_dynamics_simulation_CPP/submodules/sundials/src/cvode/cvode.c:3725: cvHandleFailure(); ID=9016;
2026.09.29 10:56:51: ERROR (cvode) CVODE error code -15: At t = 972743, unable to satisfy inequality constraints. in /mnt/c/Users/fkubicsek/Downloads/CPP_kód_fejlesztése/fejlesztoi_main/Bubble_dynamics_simulation_CPP/submodules/sundials/src/cvode/cvode.c:3725: cvHandleFailure(); ID=9005;
2026.09.29 10:56:51: ERROR (cvode) CVODE error code -15: At t = 567356, unable to satisfy inequality constraints. in /mnt/c/Users/fkubicsek/Downloads/CPP_kód_fejlesztése/fejlesztoi_main/Bubble_dynamics_simulation_CPP/submodules/sundials/src/cvode/cvode.c:3725: cvHandleFailure(); ID=9012;
2026.09.29 10:56:51: ERROR (cvode) CVODE error code -15: At t = 459778, unable to satisfy inequality constraints. in /mnt/c/Users/fkubicsek/Downloads/CPP_kód_fejlesztése/fejlesztoi_main/Bubble_dynamics_simulation_CPP/submodules/sundials/src/cvode/cvode.c:3725: cvHandleFailure(); ID=9013;
2026.09.29 10:56:51: ERROR (cvode) CVODE error code -15: At t = 244411, unable to satisfy inequality constraints. in /mnt/c/Users/fkubicsek/Downloads/CPP_kód_fejlesztése/fejlesztoi_main/Bubble_dynamics_simulation_CPP/submodules/sundials/src/cvode/cvode.c:3725: cvHandleFailure(); ID=9015;
2026.09.29 10:56:51: ERROR (cvode) CVODE error code -15: At t = 110129, unable to satisfy inequality constraints. in /mnt/c/Users/fkubicsek/Downloads/CPP_kód_fejlesztése/fejlesztoi_main/Bubble_dynamics_simulation_CPP/submodules/sundials/src/cvode/cvode.c:3725: cvHandleFailure(); ID=9019;
2026.09.29 10:56:51: ERROR (cvode) CVODE error code -15: At t = 122626, unable to satisfy inequality constraints. in /mnt/c/Users/fkubicsek/Downloads/CPP_kód_fejlesztése/fejlesztoi_main/Bubble_dynamics_simulation_CPP/submodules/sundials/src/cvode/cvode.c:3725: cvHandleFailure(); ID=9017;
2026.09.29 10:56:51: WARNING (postprocess) Dissipated energy is negative: -0.000143 in ./src/ode_solution.cpp:309: postprocess(); ID=9017;
2026.09.29 10:56:51: WARNING (postprocess) Energy demand is negative: -141081735597130952736768.000000 in ./src/ode_solution.cpp:381: postprocess(); ID=9017;
2026.09.29 10:56:51: ERROR (cvode) CVODE error code -15: At t = 111557, unable to satisfy inequality constraints. in /mnt/c/Users/fkubicsek/Downloads/CPP_kód_fejlesztése/fejlesztoi_main/Bubble_dynamics_simulation_CPP/submodules/sundials/src/cvode/cvode.c:3725: cvHandleFailure(); ID=9020;
2026.09.29 10:56:51: ERROR (cvode) CVODE error code -15: At t = 110984, unable to satisfy inequality constraints. in /mnt/c/Users/fkubicsek/Downloads/CPP_kód_fejlesztése/fejlesztoi_main/Bubble_dynamics_simulation_CPP/submodules/sundials/src/cvode/cvode.c:3725: cvHandleFailure(); ID=9021;
2026.09.29 10:56:51: ERROR (cvode) CVODE error code -15: At t = 112887, unable to satisfy inequality constraints. in /mnt/c/Users/fkubicsek/Downloads/CPP_kód_fejlesztése/fejlesztoi_main/Bubble_dynamics_simulation_CPP/submodules/sundials/src/cvode/cvode.c:3725: cvHandleFailure(); ID=9022;
2026.09.29 10:56:51: ERROR (cvode) CVODE error code -15: At t = 112750, unable to satisfy inequality constraints. in /mnt/c/Users/fkubicsek/Downloads/CPP_kód_fejlesztése/fejlesztoi_main/Bubble_dynamics_simulation_CPP/submodules/sundials/src/cvode/cvode.c:3725: cvHandleFailure(); ID=9023;
2026.09.29 10:56:51: ERROR (cvode) CVODE error code -15: At t = 575116, unable to satisfy inequality constraints. in /mnt/c/Users/fkubicsek/Downloads/CPP_kód_fejlesztése/fejlesztoi_main/Bubble_dynamics_simulation_CPP/submodules/sundials/src/cvode/cvode.c:3725: cvHandleFailure(); ID=9014;
2026.09.29 10:56:51: ERROR (cvode) CVODE error code -15: At t = 195607, unable to satisfy inequality constraints. in /mnt/c/Users/fkubicsek/Downloads/CPP_kód_fejlesztése/fejlesztoi_main/Bubble_dynamics_simulation_CPP/submodules/sundials/src/cvode/cvode.c:3725: cvHandleFailure(); ID=9027;
2026.09.29 10:56:51: ERROR (cvode) CVODE error code -15: At t = 111551, unable to satisfy inequality constraints. in /mnt/c/Users/fkubicsek/Downloads/CPP_kód_fejlesztése/fejlesztoi_main/Bubble_dynamics_simulation_CPP/submodules/sundials/src/cvode/cvode.c:3725: cvHandleFailure(); ID=9030;
2026.09.29 10:56:51: ERROR (cvode) CVODE error code -4: At t = 195561 and h = 188.597, the corrector convergence test failed repeatedly or with |h| = hmin. in /mnt/c/Users/fkubicsek/Downloads/CPP_kód_fejlesztése/fejlesztoi_main/Bubble_dynamics_simulation_CPP/submodules/sundials/src/cvode/cvode.c:3682: cvHandleFailure(); ID=9028;
2026.09.29 10:56:51: ERROR (cvode) CVODE error code -15: At t = 319801, unable to satisfy inequality constraints. in /mnt/c/Users/fkubicsek/Downloads/CPP_kód_fejlesztése/fejlesztoi_main/Bubble_dynamics_simulation_CPP/submodules/sundials/src/cvode/cvode.c:3725: cvHandleFailure(); ID=9029;
2026.09.29 10:56:51: ERROR (cvode) CVODE error code -15: At t = 570438, unable to satisfy inequality constraints. in /mnt/c/Users/fkubicsek/Downloads/CPP_kód_fejlesztése/fejlesztoi_main/Bubble_dynamics_simulation_CPP/submodules/sundials/src/cvode/cvode.c:3725: cvHandleFailure(); ID=9018;
2026.09.29 10:56:51: ERROR (cvode) CVODE error code -15: At t = 686571, unable to satisfy inequality constraints. in /mnt/c/Users/fkubicsek/Downloads/CPP_kód_fejlesztése/fejlesztoi_main/Bubble_dynamics_simulation_CPP/submodules/sundials/src/cvode/cvode.c:3725: cvHandleFailure(); ID=9024;
2026.09.29 10:56:51: ERROR (cvode) CVODE error code -15: At t = 243620, unable to satisfy inequality constraints. in /mnt/c/Users/fkubicsek/Downloads/CPP_kód_fejlesztése/fejlesztoi_main/Bubble_dynamics_simulation_CPP/submodules/sundials/src/cvode/cvode.c:3725: cvHandleFailure(); ID=9033;
2026.09.29 10:56:51: ERROR (cvode) CVODE error code -15: At t = 113275, unable to satisfy inequality constraints. in /mnt/c/Users/fkubicsek/Downloads/CPP_kód_fejlesztése/fejlesztoi_main/Bubble_dynamics_simulation_CPP/submodules/sundials/src/cvode/cvode.c:3725: cvHandleFailure(); ID=9037;
2026.09.29 10:56:51: ERROR (cvode) CVODE error code -15: At t = 618588, unable to satisfy inequality constraints. in /mnt/c/Users/fkubicsek/Downloads/CPP_kód_fejlesztése/fejlesztoi_main/Bubble_dynamics_simulation_CPP/submodules/sundials/src/cvode/cvode.c:3725: cvHandleFailure(); ID=9032;
2026.09.29 10:56:51: ERROR (cvode) CVODE error code -4: At t = 984985 and h = 51.7354, the corrector convergence test failed repeatedly or with |h| = hmin. in /mnt/c/Users/fkubicsek/Downloads/CPP_kód_fejlesztése/fejlesztoi_main/Bubble_dynamics_simulation_CPP/submodules/sundials/src/cvode/cvode.c:3682: cvHandleFailure(); ID=9025;
2026.09.29 10:56:51: ERROR (cvode) CVODE error code -15: At t = 892445, unable to satisfy inequality constraints. in /mnt/c/Users/fkubicsek/Downloads/CPP_kód_fejlesztése/fejlesztoi_main/Bubble_dynamics_simulation_CPP/submodules/sundials/src/cvode/cvode.c:3725: cvHandleFailure(); ID=9026;
2026.09.29 10:56:51: ERROR (cvode) CVODE error code -15: At t = 485636, unable to satisfy inequality constraints. in /mnt/c/Users/fkubicsek/Downloads/CPP_kód_fejlesztése/fejlesztoi_main/Bubble_dynamics_simulation_CPP/submodules/sundials/src/cvode/cvode.c:3725: cvHandleFailure(); ID=9035;
2026.09.29 10:56:51: ERROR (cvode) CVODE error code -15: At t = 115624, unable to satisfy inequality constraints. in /mnt/c/Users/fkubicsek/Downloads/CPP_kód_fejlesztése/fejlesztoi_main/Bubble_dynamics_simulation_CPP/submodules/sundials/src/cvode/cvode.c:3725: cvHandleFailure(); ID=9038;
2026.09.29 10:56:51: ERROR (cvode) CVODE error code -15: At t = 1.00509e+06, unable to satisfy inequality constraints. in /mnt/c/Users/fkubicsek/Downloads/CPP_kód_fejlesztése/fejlesztoi_main/Bubble_dynamics_simulation_CPP/submodules/sundials/src/cvode/cvode.c:3725: cvHandleFailure(); ID=9031;
2026.09.29 10:56:51: ERROR (cvode) CVODE error code -15: At t = 798114, unable to satisfy inequality constraints. in /mnt/c/Users/fkubicsek/Downloads/CPP_kód_fejlesztése/fejlesztoi_main/Bubble_dynamics_simulation_CPP/submodules/sundials/src/cvode/cvode.c:3725: cvHandleFailure(); ID=9034;
2026.09.29 10:56:51: ERROR (cvode) CVODE error code -15: At t = 603399, unable to satisfy inequality constraints. in /mnt/c/Users/fkubicsek/Downloads/CPP_kód_fejlesztése/fejlesztoi_main/Bubble_dynamics_simulation_CPP/submodules/sundials/src/cvode/cvode.c:3725: cvHandleFailure(); ID=9036;
2026.09.29 10:56:51: ERROR (cvode) CVODE error code -15: At t = 117799, unable to satisfy inequality constraints. in /mnt/c/Users/fkubicsek/Downloads/CPP_kód_fejlesztése/fejlesztoi_main/Bubble_dynamics_simulation_CPP/submodules/sundials/src/cvode/cvode.c:3725: cvHandleFailure(); ID=9045;
2026.09.29 10:56:51: ERROR (cvode) CVODE error code -15: At t = 102531, unable to satisfy inequality constraints. in /mnt/c/Users/fkubicsek/Downloads/CPP_kód_fejlesztése/fejlesztoi_main/Bubble_dynamics_simulation_CPP/submodules/sundials/src/cvode/cvode.c:3725: cvHandleFailure(); ID=9047;
2026.09.29 10:56:51: ERROR (cvode) CVODE error code -15: At t = 186054, unable to satisfy inequality constraints. in /mnt/c/Users/fkubicsek/Downloads/CPP_kód_fejlesztése/fejlesztoi_main/Bubble_dynamics_simulation_CPP/submodules/sundials/src/cvode/cvode.c:3725: cvHandleFailure(); ID=9046;
2026.09.29 10:56:51: ERROR (cvode) CVODE error code -15: At t = 741984, unable to satisfy inequality constraints. in /mnt/c/Users/fkubicsek/Downloads/CPP_kód_fejlesztése/fejlesztoi_main/Bubble_dynamics_simulation_CPP/submodules/sundials/src/cvode/cvode.c:3725: cvHandleFailure(); ID=9041;
2026.09.29 10:56:51: ERROR (cvode) CVODE error code -15: At t = 917739, unable to satisfy inequality constraints. in /mnt/c/Users/fkubicsek/Downloads/CPP_kód_fejlesztése/fejlesztoi_main/Bubble_dynamics_simulation_CPP/submodules/sundials/src/cvode/cvode.c:3725: cvHandleFailure(); ID=9040;
2026.09.29 10:56:51: ERROR (cvode) CVODE error code -15: At t = 819558, unable to satisfy inequality constraints. in /mnt/c/Users/fkubicsek/Downloads/CPP_kód_fejlesztése/fejlesztoi_main/Bubble_dynamics_simulation_CPP/submodules/sundials/src/cvode/cvode.c:3725: cvHandleFailure(); ID=9044;
2026.09.29 10:56:51: ERROR (cvode) CVODE error code -15: At t = 103955, unable to satisfy inequality constraints. in /mnt/c/Users/fkubicsek/Downloads/CPP_kód_fejlesztése/fejlesztoi_main/Bubble_dynamics_simulation_CPP/submodules/sundials/src/cvode/cvode.c:3725: cvHandleFailure(); ID=9051;
2026.09.29 10:56:51: ERROR (cvode) CVODE error code -15: At t = 103197, unable to satisfy inequality constraints. in /mnt/c/Users/fkubicsek/Downloads/CPP_kód_fejlesztése/fejlesztoi_main/Bubble_dynamics_simulation_CPP/submodules/sundials/src/cvode/cvode.c:3725: cvHandleFailure(); ID=9053;
2026.09.29 10:56:51: ERROR (cvode) CVODE error code -15: At t = 1.22585e+06, unable to satisfy inequality constraints. in /mnt/c/Users/fkubicsek/Downloads/CPP_kód_fejlesztése/fejlesztoi_main/Bubble_dynamics_simulation_CPP/submodules/sundials/src/cvode/cvode.c:3725: cvHandleFailure(); ID=9039;
2026.09.29 10:56:51: ERROR (cvode) CVODE error code -15: At t = 104379, unable to satisfy inequality constraints. in /mnt/c/Users/fkubicsek/Downloads/CPP_kód_fejlesztése/fejlesztoi_main/Bubble_dynamics_simulation_CPP/submodules/sundials/src/cvode/cvode.c:3725: cvHandleFailure(); ID=9055;
2026.09.29 10:56:51: ERROR (cvode) CVODE error code -15: At t = 1.60394e+06, unable to satisfy inequality constraints. in /mnt/c/Users/fkubicsek/Downloads/CPP_kód_fejlesztése/fejlesztoi_main/Bubble_dynamics_simulation_CPP/submodules/sundials/src/cvode/cvode.c:3725: cvHandleFailure(); ID=9043;
2026.09.29 10:56:51: ERROR (cvode) CVODE error code -15: At t = 830200, unable to satisfy inequality constraints. in /mnt/c/Users/fkubicsek/Downloads/CPP_kód_fejlesztése/fejlesztoi_main/Bubble_dynamics_simulation_CPP/submodules/sundials/src/cvode/cvode.c:3725: cvHandleFailure(); ID=9048;
2026.09.29 10:56:51: ERROR (cvode) CVODE error code -15: At t = 378576, unable to satisfy inequality constraints. in /mnt/c/Users/fkubicsek/Downloads/CPP_kód_fejlesztése/fejlesztoi_main/Bubble_dynamics_simulation_CPP/submodules/sundials/src/cvode/cvode.c:3725: cvHandleFailure(); ID=9054;
2026.09.29 10:56:51: ERROR (cvode) CVODE error code -15: At t = 103933, unable to satisfy inequality constraints. in /mnt/c/Users/fkubicsek/Downloads/CPP_kód_fejlesztése/fejlesztoi_main/Bubble_dynamics_simulation_CPP/submodules/sundials/src/cvode/cvode.c:3725: cvHandleFailure(); ID=9058;
2026.09.29 10:56:51: ERROR (cvode) CVODE error code -15: At t = 831322, unable to satisfy inequality constraints. in /mnt/c/Users/fkubicsek/Downloads/CPP_kód_fejlesztése/fejlesztoi_main/Bubble_dynamics_simulation_CPP/submodules/sundials/src/cvode/cvode.c:3725: cvHandleFailure(); ID=9052;
2026.09.29 10:56:51: ERROR (cvode) CVODE error code -15: At t = 1.32348e+06, unable to satisfy inequality constraints. in /mnt/c/Users/fkubicsek/Downloads/CPP_kód_fejlesztése/fejlesztoi_main/Bubble_dynamics_simulation_CPP/submodules/sundials/src/cvode/cvode.c:3725: cvHandleFailure(); ID=9050;
2026.09.29 10:56:51: ERROR (cvode) CVODE error code -15: At t = 1.53489e+06, unable to satisfy inequality constraints. in /mnt/c/Users/fkubicsek/Downloads/CPP_kód_fejlesztése/fejlesztoi_main/Bubble_dynamics_simulation_CPP/submodules/sundials/src/cvode/cvode.c:3725: cvHandleFailure(); ID=9049;
2026.09.29 10:56:51: ERROR (cvode) CVODE error code -15: At t = 830783, unable to satisfy inequality constraints. in /mnt/c/Users/fkubicsek/Downloads/CPP_kód_fejlesztése/fejlesztoi_main/Bubble_dynamics_simulation_CPP/submodules/sundials/src/cvode/cvode.c:3725: cvHandleFailure(); ID=9057;
2026.09.29 10:56:51: ERROR (cvode) CVODE error code -15: At t = 105121, unable to satisfy inequality constraints. in /mnt/c/Users/fkubicsek/Downloads/CPP_kód_fejlesztése/fejlesztoi_main/Bubble_dynamics_simulation_CPP/submodules/sundials/src/cvode/cvode.c:3725: cvHandleFailure(); ID=9065;
2026.09.29 10:56:51: ERROR (cvode) CVODE error code -15: At t = 1.15872e+06, unable to satisfy inequality constraints. in /mnt/c/Users/fkubicsek/Downloads/CPP_kód_fejlesztése/fejlesztoi_main/Bubble_dynamics_simulation_CPP/submodules/sundials/src/cvode/cvode.c:3725: cvHandleFailure(); ID=9056;
2026.09.29 10:56:51: ERROR (cvode) CVODE error code -15: At t = 105182, unable to satisfy inequality constraints. in /mnt/c/Users/fkubicsek/Downloads/CPP_kód_fejlesztése/fejlesztoi_main/Bubble_dynamics_simulation_CPP/submodules/sundials/src/cvode/cvode.c:3725: cvHandleFailure(); ID=9066;
2026.09.29 10:56:51: ERROR (cvode) CVODE error code -15: At t = 105361, unable to satisfy inequality constraints. in /mnt/c/Users/fkubicsek/Downloads/CPP_kód_fejlesztése/fejlesztoi_main/Bubble_dynamics_simulation_CPP/submodules/sundials/src/cvode/cvode.c:3725: cvHandleFailure(); ID=9067;
2026.09.29 10:56:51: ERROR (cvode) CVODE error code -15: At t = 1.13796e+06, unable to satisfy inequality constraints. in /mnt/c/Users/fkubicsek/Downloads/CPP_kód_fejlesztése/fejlesztoi_main/Bubble_dynamics_simulation_CPP/submodules/sundials/src/cvode/cvode.c:3725: cvHandleFailure(); ID=9059;
2026.09.29 10:56:51: ERROR (cvode) CVODE error code -15: At t = 105514, unable to satisfy inequality constraints. in /mnt/c/Users/fkubicsek/Downloads/CPP_kód_fejlesztése/fejlesztoi_main/Bubble_dynamics_simulation_CPP/submodules/sundials/src/cvode/cvode.c:3725: cvHandleFailure(); ID=9069;
2026.09.29 10:56:51: ERROR (cvode) CVODE error code -15: At t = 105383, unable to satisfy inequality constraints. in /mnt/c/Users/fkubicsek/Downloads/CPP_kód_fejlesztése/fejlesztoi_main/Bubble_dynamics_simulation_CPP/submodules/sundials/src/cvode/cvode.c:3725: cvHandleFailure(); ID=9070;
2026.09.29 10:56:51: ERROR (cvode) CVODE error code -15: At t = 105494, unable to satisfy inequality constraints. in /mnt/c/Users/fkubicsek/Downloads/CPP_kód_fejlesztése/fejlesztoi_main/Bubble_dynamics_simulation_CPP/submodules/sundials/src/cvode/cvode.c:3725: cvHandleFailure(); ID=9071;
2026.09.29 10:56:51: ERROR (cvode) CVODE error code -15: At t = 1.82993e+06, unable to satisfy inequality constraints. in /mnt/c/Users/fkubicsek/Downloads/CPP_kód_fejlesztése/fejlesztoi_main/Bubble_dynamics_simulation_CPP/submodules/sundials/src/cvode/cvode.c:3725: cvHandleFailure(); ID=9060;
2026.09.29 10:56:52: ERROR (cvode) CVODE error code -4: At t = 3.443e+06 and h = 2313.98, the corrector convergence test failed repeatedly or with |h| = hmin. in /mnt/c/Users/fkubicsek/Downloads/CPP_kód_fejlesztése/fejlesztoi_main/Bubble_dynamics_simulation_CPP/submodules/sundials/src/cvode/cvode.c:3682: cvHandleFailure(); ID=9063;
2026.09.29 10:56:52: ERROR (cvode) CVODE error code -15: At t = 106407, unable to satisfy inequality constraints. in /mnt/c/Users/fkubicsek/Downloads/CPP_kód_fejlesztése/fejlesztoi_main/Bubble_dynamics_simulation_CPP/submodules/sundials/src/cvode/cvode.c:3725: cvHandleFailure(); ID=9077;
2026.09.29 10:56:52: ERROR (cvode) CVODE error code -15: At t = 106629, unable to satisfy inequality constraints. in /mnt/c/Users/fkubicsek/Downloads/CPP_kód_fejlesztése/fejlesztoi_main/Bubble_dynamics_simulation_CPP/submodules/sundials/src/cvode/cvode.c:3725: cvHandleFailure(); ID=9079;
2026.09.29 10:56:52: ERROR (cvode) CVODE error code -15: At t = 106832, unable to satisfy inequality constraints. in /mnt/c/Users/fkubicsek/Downloads/CPP_kód_fejlesztése/fejlesztoi_main/Bubble_dynamics_simulation_CPP/submodules/sundials/src/cvode/cvode.c:3725: cvHandleFailure(); ID=9080;
2026.09.29 10:56:52: ERROR (cvode) CVODE error code -15: At t = 106762, unable to satisfy inequality constraints. in /mnt/c/Users/fkubicsek/Downloads/CPP_kód_fejlesztése/fejlesztoi_main/Bubble_dynamics_simulation_CPP/submodules/sundials/src/cvode/cvode.c:3725: cvHandleFailure(); ID=9081;
2026.09.29 10:56:52: ERROR (cvode) CVODE error code -15: At t = 107599, unable to satisfy inequality constraints. in /mnt/c/Users/fkubicsek/Downloads/CPP_kód_fejlesztése/fejlesztoi_main/Bubble_dynamics_simulation_CPP/submodules/sundials/src/cvode/cvode.c:3725: cvHandleFailure(); ID=9082;
2026.09.29 10:56:52: ERROR (cvode) CVODE error code -15: At t = 107461, unable to satisfy inequality constraints. in /mnt/c/Users/fkubicsek/Downloads/CPP_kód_fejlesztése/fejlesztoi_main/Bubble_dynamics_simulation_CPP/submodules/sundials/src/cvode/cvode.c:3725: cvHandleFailure(); ID=9084;
2026.09.29 10:56:52: ERROR (cvode) CVODE error code -15: At t = 107561, unable to satisfy inequality constraints. in /mnt/c/Users/fkubicsek/Downloads/CPP_kód_fejlesztése/fejlesztoi_main/Bubble_dynamics_simulation_CPP/submodules/sundials/src/cvode/cvode.c:3725: cvHandleFailure(); ID=9085;
2026.09.29 10:56:52: ERROR (cvode) CVODE error code -15: At t = 108032, unable to satisfy inequality constraints. in /mnt/c/Users/fkubicsek/Downloads/CPP_kód_fejlesztése/fejlesztoi_main/Bubble_dynamics_simulation_CPP/submodules/sundials/src/cvode/cvode.c:3725: cvHandleFailure(); ID=9087;
2026.09.29 10:56:52: ERROR (cvode) CVODE error code -15: At t = 107799, unable to satisfy inequality constraints. in /mnt/c/Users/fkubicsek/Downloads/CPP_kód_fejlesztése/fejlesztoi_main/Bubble_dynamics_simulation_CPP/submodules/sundials/src/cvode/cvode.c:3725: cvHandleFailure(); ID=9089;
2026.09.29 10:56:52: ERROR (cvode) CVODE error code -15: At t = 108304, unable to satisfy inequality constraints. in /mnt/c/Users/fkubicsek/Downloads/CPP_kód_fejlesztése/fejlesztoi_main/Bubble_dynamics_simulation_CPP/submodules/sundials/src/cvode/cvode.c:3725: cvHandleFailure(); ID=9090;
2026.09.29 10:56:52: ERROR (cvode) CVODE error code -15: At t = 109034, unable to satisfy inequality constraints. in /mnt/c/Users/fkubicsek/Downloads/CPP_kód_fejlesztése/fejlesztoi_main/Bubble_dynamics_simulation_CPP/submodules/sundials/src/cvode/cvode.c:3725: cvHandleFailure(); ID=9091;
2026.09.29 10:56:52: ERROR (cvode) CVODE error code -15: At t = 108401, unable to satisfy inequality constraints. in /mnt/c/Users/fkubicsek/Downloads/CPP_kód_fejlesztése/fejlesztoi_main/Bubble_dynamics_simulation_CPP/submodules/sundials/src/cvode/cvode.c:3725: cvHandleFailure(); ID=9092;
2026.09.29 10:56:52: ERROR (cvode) CVODE error code -15: At t = 109148, unable to satisfy inequality constraints. in /mnt/c/Users/fkubicsek/Downloads/CPP_kód_fejlesztése/fejlesztoi_main/Bubble_dynamics_simulation_CPP/submodules/sundials/src/cvode/cvode.c:3725: cvHandleFailure(); ID=9097;
2026.09.29 10:56:52: ERROR (cvode) CVODE error code -15: At t = 108835, unable to satisfy inequality constraints. in /mnt/c/Users/fkubicsek/Downloads/CPP_kód_fejlesztése/fejlesztoi_main/Bubble_dynamics_simulation_CPP/submodules/sundials/src/cvode/cvode.c:3725: cvHandleFailure(); ID=9098;
2026.09.29 10:56:52: ERROR (cvode) CVODE error code -15: At t = 109336, unable to satisfy inequality constraints. in /mnt/c/Users/fkubicsek/Downloads/CPP_kód_fejlesztése/fejlesztoi_main/Bubble_dynamics_simulation_CPP/submodules/sundials/src/cvode/cvode.c:3725: cvHandleFailure(); ID=9099;
2026.09.29 10:56:52: ERROR (cvode) CVODE error code -15: At t = 127443, unable to satisfy inequality constraints. in /mnt/c/Users/fkubicsek/Downloads/CPP_kód_fejlesztése/fejlesztoi_main/Bubble_dynamics_simulation_CPP/submodules/sundials/src/cvode/cvode.c:3725: cvHandleFailure(); ID=9100;
2026.09.29 10:56:52: WARNING (postprocess) Dissipated energy is negative: -0.000347 in ./src/ode_solution.cpp:309: postprocess(); ID=9100;
2026.09.29 10:56:52: WARNING (postprocess) Energy demand is negative: -296797032465934827126784.000000 in ./src/ode_solution.cpp:381: postprocess(); ID=9100;
2026.09.29 10:56:52: ERROR (cvode) CVODE error code -15: At t = 112211, unable to satisfy inequality constraints. in /mnt/c/Users/fkubicsek/Downloads/CPP_kód_fejlesztése/fejlesztoi_main/Bubble_dynamics_simulation_CPP/submodules/sundials/src/cvode/cvode.c:3725: cvHandleFailure(); ID=9101;
2026.09.29 10:56:52: WARNING (postprocess) Dissipated energy is negative: -0.000046 in ./src/ode_solution.cpp:309: postprocess(); ID=9101;
2026.09.29 10:56:52: WARNING (postprocess) Energy demand is negative: -32354919.637007 in ./src/ode_solution.cpp:381: postprocess(); ID=9101;
2026.09.29 10:56:52: ERROR (cvode) CVODE error code -15: At t = 114573, unable to satisfy inequality constraints. in /mnt/c/Users/fkubicsek/Downloads/CPP_kód_fejlesztése/fejlesztoi_main/Bubble_dynamics_simulation_CPP/submodules/sundials/src/cvode/cvode.c:3725: cvHandleFailure(); ID=9102;
2026.09.29 10:56:52: WARNING (postprocess) Dissipated energy is negative: -0.000120 in ./src/ode_solution.cpp:309: postprocess(); ID=9102;
2026.09.29 10:56:52: WARNING (postprocess) Energy demand is negative: -69979922.995150 in ./src/ode_solution.cpp:381: postprocess(); ID=9102;
2026.09.29 10:56:52: ERROR (cvode) CVODE error code -15: At t = 111924, unable to satisfy inequality constraints. in /mnt/c/Users/fkubicsek/Downloads/CPP_kód_fejlesztése/fejlesztoi_main/Bubble_dynamics_simulation_CPP/submodules/sundials/src/cvode/cvode.c:3725: cvHandleFailure(); ID=9103;
2026.09.29 10:56:52: WARNING (postprocess) Dissipated energy is negative: -0.000030 in ./src/ode_solution.cpp:309: postprocess(); ID=9103;
2026.09.29 10:56:52: WARNING (postprocess) Energy demand is negative: -29184203.086615 in ./src/ode_solution.cpp:381: postprocess(); ID=9103;
2026.09.29 10:56:52: ERROR (cvode) CVODE error code -15: At t = 121350, unable to satisfy inequality constraints. in /mnt/c/Users/fkubicsek/Downloads/CPP_kód_fejlesztése/fejlesztoi_main/Bubble_dynamics_simulation_CPP/submodules/sundials/src/cvode/cvode.c:3725: cvHandleFailure(); ID=9105;
2026.09.29 10:56:52: WARNING (postprocess) Dissipated energy is negative: -0.000254 in ./src/ode_solution.cpp:309: postprocess(); ID=9105;
2026.09.29 10:56:52: WARNING (postprocess) Energy demand is negative: -867912890521813726003200.000000 in ./src/ode_solution.cpp:381: postprocess(); ID=9105;
2026.09.29 10:56:52: ERROR (cvode) CVODE error code -15: At t = 117307, unable to satisfy inequality constraints. in /mnt/c/Users/fkubicsek/Downloads/CPP_kód_fejlesztése/fejlesztoi_main/Bubble_dynamics_simulation_CPP/submodules/sundials/src/cvode/cvode.c:3725: cvHandleFailure(); ID=9104;
2026.09.29 10:56:52: WARNING (postprocess) Dissipated energy is negative: -0.000182 in ./src/ode_solution.cpp:309: postprocess(); ID=9104;
2026.09.29 10:56:52: WARNING (postprocess) Energy demand is negative: -103074985.002553 in ./src/ode_solution.cpp:381: postprocess(); ID=9104;
2026.09.29 10:56:52: ERROR (cvode) CVODE error code -15: At t = 119978, unable to satisfy inequality constraints. in /mnt/c/Users/fkubicsek/Downloads/CPP_kód_fejlesztése/fejlesztoi_main/Bubble_dynamics_simulation_CPP/submodules/sundials/src/cvode/cvode.c:3725: cvHandleFailure(); ID=9106;
2026.09.29 10:56:52: WARNING (postprocess) Dissipated energy is negative: -0.000226 in ./src/ode_solution.cpp:309: postprocess(); ID=9106;
2026.09.29 10:56:52: WARNING (postprocess) Energy demand is negative: -90370542.709844 in ./src/ode_solution.cpp:381: postprocess(); ID=9106;
2026.09.29 10:56:52: ERROR (cvode) CVODE error code -15: At t = 115300, unable to satisfy inequality constraints. in /mnt/c/Users/fkubicsek/Downloads/CPP_kód_fejlesztése/fejlesztoi_main/Bubble_dynamics_simulation_CPP/submodules/sundials/src/cvode/cvode.c:3725: cvHandleFailure(); ID=9108;
2026.09.29 10:56:52: ERROR (cvode) CVODE error code -15: At t = 114799, unable to satisfy inequality constraints. in /mnt/c/Users/fkubicsek/Downloads/CPP_kód_fejlesztése/fejlesztoi_main/Bubble_dynamics_simulation_CPP/submodules/sundials/src/cvode/cvode.c:3725: cvHandleFailure(); ID=9109;
2026.09.29 10:56:52: WARNING (postprocess) Dissipated energy is negative: -0.000111 in ./src/ode_solution.cpp:309: postprocess(); ID=9108;
2026.09.29 10:56:52: WARNING (postprocess) Dissipated energy is negative: -0.000090 in ./src/ode_solution.cpp:309: postprocess(); ID=9109;
2026.09.29 10:56:52: WARNING (postprocess) Energy demand is negative: -74926007.450171 in ./src/ode_solution.cpp:381: postprocess(); ID=9109;
2026.09.29 10:56:52: WARNING (postprocess) Energy demand is negative: -41642124.765039 in ./src/ode_solution.cpp:381: postprocess(); ID=9108;
2026.09.29 10:56:52: ERROR (cvode) CVODE error code -4: At t = 123615 and h = 141.389, the corrector convergence test failed repeatedly or with |h| = hmin. in /mnt/c/Users/fkubicsek/Downloads/CPP_kód_fejlesztése/fejlesztoi_main/Bubble_dynamics_simulation_CPP/submodules/sundials/src/cvode/cvode.c:3682: cvHandleFailure(); ID=9110;
2026.09.29 10:56:52: WARNING (postprocess) Dissipated energy is negative: -0.000254 in ./src/ode_solution.cpp:309: postprocess(); ID=9110;
2026.09.29 10:56:52: WARNING (postprocess) Energy demand is negative: -165104384.673578 in ./src/ode_solution.cpp:381: postprocess(); ID=9110;
2026.09.29 10:56:52: ERROR (cvode) CVODE error code -15: At t = 112588, unable to satisfy inequality constraints. in /mnt/c/Users/fkubicsek/Downloads/CPP_kód_fejlesztése/fejlesztoi_main/Bubble_dynamics_simulation_CPP/submodules/sundials/src/cvode/cvode.c:3725: cvHandleFailure(); ID=9112;
2026.09.29 10:56:52: ERROR (cvode) CVODE error code -15: At t = 113248, unable to satisfy inequality constraints. in /mnt/c/Users/fkubicsek/Downloads/CPP_kód_fejlesztése/fejlesztoi_main/Bubble_dynamics_simulation_CPP/submodules/sundials/src/cvode/cvode.c:3725: cvHandleFailure(); ID=9111;
2026.09.29 10:56:52: WARNING (postprocess) Dissipated energy is negative: -0.000024 in ./src/ode_solution.cpp:309: postprocess(); ID=9111;
2026.09.29 10:56:52: WARNING (postprocess) Energy demand is negative: -43654715.433055 in ./src/ode_solution.cpp:381: postprocess(); ID=9111;
2026.09.29 10:56:52: ERROR (cvode) CVODE error code -15: At t = 118149, unable to satisfy inequality constraints. in /mnt/c/Users/fkubicsek/Downloads/CPP_kód_fejlesztése/fejlesztoi_main/Bubble_dynamics_simulation_CPP/submodules/sundials/src/cvode/cvode.c:3725: cvHandleFailure(); ID=9113;
2026.09.29 10:56:52: WARNING (postprocess) Dissipated energy is negative: -0.000135 in ./src/ode_solution.cpp:309: postprocess(); ID=9113;
2026.09.29 10:56:52: WARNING (postprocess) Energy demand is negative: -44577088.346637 in ./src/ode_solution.cpp:381: postprocess(); ID=9113;
2026.09.29 10:56:52: ERROR (cvode) CVODE error code -15: At t = 131003, unable to satisfy inequality constraints. in /mnt/c/Users/fkubicsek/Downloads/CPP_kód_fejlesztése/fejlesztoi_main/Bubble_dynamics_simulation_CPP/submodules/sundials/src/cvode/cvode.c:3725: cvHandleFailure(); ID=9115;
2026.09.29 10:56:52: WARNING (postprocess) Dissipated energy is negative: -0.000284 in ./src/ode_solution.cpp:309: postprocess(); ID=9115;
2026.09.29 10:56:52: ERROR (cvode) CVODE error code -15: At t = 476355, unable to satisfy inequality constraints. in /mnt/c/Users/fkubicsek/Downloads/CPP_kód_fejlesztése/fejlesztoi_main/Bubble_dynamics_simulation_CPP/submodules/sundials/src/cvode/cvode.c:3725: cvHandleFailure(); ID=9107;
2026.09.29 10:56:52: WARNING (postprocess) Energy demand is negative: -15442790495.156725 in ./src/ode_solution.cpp:381: postprocess(); ID=9115;
2026.09.29 10:56:52: ERROR (cvode) CVODE error code -15: At t = 112643, unable to satisfy inequality constraints. in /mnt/c/Users/fkubicsek/Downloads/CPP_kód_fejlesztése/fejlesztoi_main/Bubble_dynamics_simulation_CPP/submodules/sundials/src/cvode/cvode.c:3725: cvHandleFailure(); ID=9116;
2026.09.29 10:56:52: ERROR (cvode) CVODE error code -15: At t = 112362, unable to satisfy inequality constraints. in /mnt/c/Users/fkubicsek/Downloads/CPP_kód_fejlesztése/fejlesztoi_main/Bubble_dynamics_simulation_CPP/submodules/sundials/src/cvode/cvode.c:3725: cvHandleFailure(); ID=9119;
2026.09.29 10:56:52: ERROR (cvode) CVODE error code -15: At t = 114911, unable to satisfy inequality constraints. in /mnt/c/Users/fkubicsek/Downloads/CPP_kód_fejlesztése/fejlesztoi_main/Bubble_dynamics_simulation_CPP/submodules/sundials/src/cvode/cvode.c:3725: cvHandleFailure(); ID=9117;
2026.09.29 10:56:52: WARNING (postprocess) Dissipated energy is negative: -0.000006 in ./src/ode_solution.cpp:309: postprocess(); ID=9117;
2026.09.29 10:56:52: WARNING (postprocess) Energy demand is negative: -5574199.464994 in ./src/ode_solution.cpp:381: postprocess(); ID=9117;
2026.09.29 10:56:52: ERROR (cvode) CVODE error code -15: At t = 118852, unable to satisfy inequality constraints. in /mnt/c/Users/fkubicsek/Downloads/CPP_kód_fejlesztése/fejlesztoi_main/Bubble_dynamics_simulation_CPP/submodules/sundials/src/cvode/cvode.c:3725: cvHandleFailure(); ID=9122;
2026.09.29 10:56:52: WARNING (postprocess) Dissipated energy is negative: -0.000027 in ./src/ode_solution.cpp:309: postprocess(); ID=9122;
2026.09.29 10:56:52: WARNING (postprocess) Energy demand is negative: -17337940.656675 in ./src/ode_solution.cpp:381: postprocess(); ID=9122;
2026.09.29 10:56:52: ERROR (cvode) CVODE error code -15: At t = 115042, unable to satisfy inequality constraints. in /mnt/c/Users/fkubicsek/Downloads/CPP_kód_fejlesztése/fejlesztoi_main/Bubble_dynamics_simulation_CPP/submodules/sundials/src/cvode/cvode.c:3725: cvHandleFailure(); ID=9125;
2026.09.29 10:56:52: ERROR (cvode) CVODE error code -15: At t = 150329, unable to satisfy inequality constraints. in /mnt/c/Users/fkubicsek/Downloads/CPP_kód_fejlesztése/fejlesztoi_main/Bubble_dynamics_simulation_CPP/submodules/sundials/src/cvode/cvode.c:3725: cvHandleFailure(); ID=9118;
2026.09.29 10:56:52: ERROR (cvode) CVODE error code -15: At t = 249092, unable to satisfy inequality constraints. in /mnt/c/Users/fkubicsek/Downloads/CPP_kód_fejlesztése/fejlesztoi_main/Bubble_dynamics_simulation_CPP/submodules/sundials/src/cvode/cvode.c:3725: cvHandleFailure(); ID=9121;
2026.09.29 10:56:52: WARNING (postprocess) Dissipated energy is negative: -0.000340 in ./src/ode_solution.cpp:309: postprocess(); ID=9118;
2026.09.29 10:56:53: WARNING (postprocess) Energy demand is negative: -6890811419.400753 in ./src/ode_solution.cpp:381: postprocess(); ID=9118;
2026.09.29 10:56:53: ERROR (cvode) CVODE error code -15: At t = 122319, unable to satisfy inequality constraints. in /mnt/c/Users/fkubicsek/Downloads/CPP_kód_fejlesztése/fejlesztoi_main/Bubble_dynamics_simulation_CPP/submodules/sundials/src/cvode/cvode.c:3725: cvHandleFailure(); ID=9126;
2026.09.29 10:56:53: WARNING (postprocess) Dissipated energy is negative: -0.000018 in ./src/ode_solution.cpp:309: postprocess(); ID=9126;
2026.09.29 10:56:53: WARNING (postprocess) Energy demand is negative: -2501884.388714 in ./src/ode_solution.cpp:381: postprocess(); ID=9126;
2026.09.29 10:56:53: ERROR (cvode) CVODE error code -15: At t = 112064, unable to satisfy inequality constraints. in /mnt/c/Users/fkubicsek/Downloads/CPP_kód_fejlesztése/fejlesztoi_main/Bubble_dynamics_simulation_CPP/submodules/sundials/src/cvode/cvode.c:3725: cvHandleFailure(); ID=9127;
2026.09.29 10:56:53: ERROR (cvode) CVODE error code -15: At t = 119221, unable to satisfy inequality constraints. in /mnt/c/Users/fkubicsek/Downloads/CPP_kód_fejlesztése/fejlesztoi_main/Bubble_dynamics_simulation_CPP/submodules/sundials/src/cvode/cvode.c:3725: cvHandleFailure(); ID=9128;
2026.09.29 10:56:53: ERROR (cvode) CVODE error code -15: At t = 702419, unable to satisfy inequality constraints. in /mnt/c/Users/fkubicsek/Downloads/CPP_kód_fejlesztése/fejlesztoi_main/Bubble_dynamics_simulation_CPP/submodules/sundials/src/cvode/cvode.c:3725: cvHandleFailure(); ID=9114;
2026.09.29 10:56:53: ERROR (cvode) CVODE error code -15: At t = 119029, unable to satisfy inequality constraints. in /mnt/c/Users/fkubicsek/Downloads/CPP_kód_fejlesztése/fejlesztoi_main/Bubble_dynamics_simulation_CPP/submodules/sundials/src/cvode/cvode.c:3725: cvHandleFailure(); ID=9129;
2026.09.29 10:56:53: ERROR (cvode) CVODE error code -15: At t = 599819, unable to satisfy inequality constraints. in /mnt/c/Users/fkubicsek/Downloads/CPP_kód_fejlesztése/fejlesztoi_main/Bubble_dynamics_simulation_CPP/submodules/sundials/src/cvode/cvode.c:3725: cvHandleFailure(); ID=9120;
2026.09.29 10:56:53: ERROR (cvode) CVODE error code -15: At t = 118187, unable to satisfy inequality constraints. in /mnt/c/Users/fkubicsek/Downloads/CPP_kód_fejlesztése/fejlesztoi_main/Bubble_dynamics_simulation_CPP/submodules/sundials/src/cvode/cvode.c:3725: cvHandleFailure(); ID=9131;
2026.09.29 10:56:53: ERROR (cvode) CVODE error code -15: At t = 718337, unable to satisfy inequality constraints. in /mnt/c/Users/fkubicsek/Downloads/CPP_kód_fejlesztése/fejlesztoi_main/Bubble_dynamics_simulation_CPP/submodules/sundials/src/cvode/cvode.c:3725: cvHandleFailure(); ID=9123;
2026.09.29 10:56:53: ERROR (cvode) CVODE error code -15: At t = 129331, unable to satisfy inequality constraints. in /mnt/c/Users/fkubicsek/Downloads/CPP_kód_fejlesztése/fejlesztoi_main/Bubble_dynamics_simulation_CPP/submodules/sundials/src/cvode/cvode.c:3725: cvHandleFailure(); ID=9132;
2026.09.29 10:56:53: ERROR (cvode) CVODE error code -15: At t = 544116, unable to satisfy inequality constraints. in /mnt/c/Users/fkubicsek/Downloads/CPP_kód_fejlesztése/fejlesztoi_main/Bubble_dynamics_simulation_CPP/submodules/sundials/src/cvode/cvode.c:3725: cvHandleFailure(); ID=9124;
2026.09.29 10:56:53: ERROR (cvode) CVODE error code -15: At t = 115683, unable to satisfy inequality constraints. in /mnt/c/Users/fkubicsek/Downloads/CPP_kód_fejlesztése/fejlesztoi_main/Bubble_dynamics_simulation_CPP/submodules/sundials/src/cvode/cvode.c:3725: cvHandleFailure(); ID=9139;
2026.09.29 10:56:53: ERROR (cvode) CVODE error code -15: At t = 127172, unable to satisfy inequality constraints. in /mnt/c/Users/fkubicsek/Downloads/CPP_kód_fejlesztése/fejlesztoi_main/Bubble_dynamics_simulation_CPP/submodules/sundials/src/cvode/cvode.c:3725: cvHandleFailure(); ID=9138;
2026.09.29 10:56:53: ERROR (cvode) CVODE error code -15: At t = 928147, unable to satisfy inequality constraints. in /mnt/c/Users/fkubicsek/Downloads/CPP_kód_fejlesztése/fejlesztoi_main/Bubble_dynamics_simulation_CPP/submodules/sundials/src/cvode/cvode.c:3725: cvHandleFailure(); ID=9130;
2026.09.29 10:56:53: ERROR (cvode) CVODE error code -15: At t = 513281, unable to satisfy inequality constraints. in /mnt/c/Users/fkubicsek/Downloads/CPP_kód_fejlesztése/fejlesztoi_main/Bubble_dynamics_simulation_CPP/submodules/sundials/src/cvode/cvode.c:3725: cvHandleFailure(); ID=9137;
2026.09.29 10:56:53: ERROR (cvode) CVODE error code -15: At t = 118906, unable to satisfy inequality constraints. in /mnt/c/Users/fkubicsek/Downloads/CPP_kód_fejlesztése/fejlesztoi_main/Bubble_dynamics_simulation_CPP/submodules/sundials/src/cvode/cvode.c:3725: cvHandleFailure(); ID=9140;
2026.09.29 10:56:53: ERROR (cvode) CVODE error code -15: At t = 130317, unable to satisfy inequality constraints. in /mnt/c/Users/fkubicsek/Downloads/CPP_kód_fejlesztése/fejlesztoi_main/Bubble_dynamics_simulation_CPP/submodules/sundials/src/cvode/cvode.c:3725: cvHandleFailure(); ID=9141;
2026.09.29 10:56:53: ERROR (cvode) CVODE error code -15: At t = 880730, unable to satisfy inequality constraints. in /mnt/c/Users/fkubicsek/Downloads/CPP_kód_fejlesztése/fejlesztoi_main/Bubble_dynamics_simulation_CPP/submodules/sundials/src/cvode/cvode.c:3725: cvHandleFailure(); ID=9134;
2026.09.29 10:56:53: ERROR (cvode) CVODE error code -15: At t = 1.04124e+06, unable to satisfy inequality constraints. in /mnt/c/Users/fkubicsek/Downloads/CPP_kód_fejlesztése/fejlesztoi_main/Bubble_dynamics_simulation_CPP/submodules/sundials/src/cvode/cvode.c:3725: cvHandleFailure(); ID=9136;
2026.09.29 10:56:53: ERROR (cvode) CVODE error code -15: At t = 115773, unable to satisfy inequality constraints. in /mnt/c/Users/fkubicsek/Downloads/CPP_kód_fejlesztése/fejlesztoi_main/Bubble_dynamics_simulation_CPP/submodules/sundials/src/cvode/cvode.c:3725: cvHandleFailure(); ID=9145;
2026.09.29 10:56:53: ERROR (cvode) CVODE error code -15: At t = 365727, unable to satisfy inequality constraints. in /mnt/c/Users/fkubicsek/Downloads/CPP_kód_fejlesztése/fejlesztoi_main/Bubble_dynamics_simulation_CPP/submodules/sundials/src/cvode/cvode.c:3725: cvHandleFailure(); ID=9142;
2026.09.29 10:56:53: ERROR (cvode) CVODE error code -15: At t = 105501, unable to satisfy inequality constraints. in /mnt/c/Users/fkubicsek/Downloads/CPP_kód_fejlesztése/fejlesztoi_main/Bubble_dynamics_simulation_CPP/submodules/sundials/src/cvode/cvode.c:3725: cvHandleFailure(); ID=9148;
2026.09.29 10:56:53: ERROR (cvode) CVODE error code -15: At t = 105852, unable to satisfy inequality constraints. in /mnt/c/Users/fkubicsek/Downloads/CPP_kód_fejlesztése/fejlesztoi_main/Bubble_dynamics_simulation_CPP/submodules/sundials/src/cvode/cvode.c:3725: cvHandleFailure(); ID=9149;
2026.09.29 10:56:53: ERROR (cvode) CVODE error code -15: At t = 1.26529e+06, unable to satisfy inequality constraints. in /mnt/c/Users/fkubicsek/Downloads/CPP_kód_fejlesztése/fejlesztoi_main/Bubble_dynamics_simulation_CPP/submodules/sundials/src/cvode/cvode.c:3725: cvHandleFailure(); ID=9133;
2026.09.29 10:56:53: ERROR (cvode) CVODE error code -15: At t = 105473, unable to satisfy inequality constraints. in /mnt/c/Users/fkubicsek/Downloads/CPP_kód_fejlesztése/fejlesztoi_main/Bubble_dynamics_simulation_CPP/submodules/sundials/src/cvode/cvode.c:3725: cvHandleFailure(); ID=9151;
2026.09.29 10:56:53: ERROR (cvode) CVODE error code -15: At t = 1.77063e+06, unable to satisfy inequality constraints. in /mnt/c/Users/fkubicsek/Downloads/CPP_kód_fejlesztése/fejlesztoi_main/Bubble_dynamics_simulation_CPP/submodules/sundials/src/cvode/cvode.c:3725: cvHandleFailure(); ID=9135;
2026.09.29 10:56:53: ERROR (cvode) CVODE error code -15: At t = 259513, unable to satisfy inequality constraints. in /mnt/c/Users/fkubicsek/Downloads/CPP_kód_fejlesztése/fejlesztoi_main/Bubble_dynamics_simulation_CPP/submodules/sundials/src/cvode/cvode.c:3725: cvHandleFailure(); ID=9147;
2026.09.29 10:56:53: ERROR (cvode) CVODE error code -15: At t = 386365, unable to satisfy inequality constraints. in /mnt/c/Users/fkubicsek/Downloads/CPP_kód_fejlesztése/fejlesztoi_main/Bubble_dynamics_simulation_CPP/submodules/sundials/src/cvode/cvode.c:3725: cvHandleFailure(); ID=9146;
2026.09.29 10:56:53: ERROR (cvode) CVODE error code -15: At t = 105116, unable to satisfy inequality constraints. in /mnt/c/Users/fkubicsek/Downloads/CPP_kód_fejlesztése/fejlesztoi_main/Bubble_dynamics_simulation_CPP/submodules/sundials/src/cvode/cvode.c:3725: cvHandleFailure(); ID=9154;
2026.09.29 10:56:53: ERROR (cvode) CVODE error code -15: At t = 401894, unable to satisfy inequality constraints. in /mnt/c/Users/fkubicsek/Downloads/CPP_kód_fejlesztése/fejlesztoi_main/Bubble_dynamics_simulation_CPP/submodules/sundials/src/cvode/cvode.c:3725: cvHandleFailure(); ID=9150;
2026.09.29 10:56:53: ERROR (cvode) CVODE error code -15: At t = 125216, unable to satisfy inequality constraints. in /mnt/c/Users/fkubicsek/Downloads/CPP_kód_fejlesztése/fejlesztoi_main/Bubble_dynamics_simulation_CPP/submodules/sundials/src/cvode/cvode.c:3725: cvHandleFailure(); ID=9157;
2026.09.29 10:56:53: ERROR (cvode) CVODE error code -15: At t = 853596, unable to satisfy inequality constraints. in /mnt/c/Users/fkubicsek/Downloads/CPP_kód_fejlesztése/fejlesztoi_main/Bubble_dynamics_simulation_CPP/submodules/sundials/src/cvode/cvode.c:3725: cvHandleFailure(); ID=9144;
2026.09.29 10:56:53: ERROR (cvode) CVODE error code -15: At t = 106280, unable to satisfy inequality constraints. in /mnt/c/Users/fkubicsek/Downloads/CPP_kód_fejlesztése/fejlesztoi_main/Bubble_dynamics_simulation_CPP/submodules/sundials/src/cvode/cvode.c:3725: cvHandleFailure(); ID=9158;
2026.09.29 10:56:53: ERROR (cvode) CVODE error code -15: At t = 1.16075e+06, unable to satisfy inequality constraints. in /mnt/c/Users/fkubicsek/Downloads/CPP_kód_fejlesztése/fejlesztoi_main/Bubble_dynamics_simulation_CPP/submodules/sundials/src/cvode/cvode.c:3725: cvHandleFailure(); ID=9143;
2026.09.29 10:56:53: ERROR (cvode) CVODE error code -15: At t = 393170, unable to satisfy inequality constraints. in /mnt/c/Users/fkubicsek/Downloads/CPP_kód_fejlesztése/fejlesztoi_main/Bubble_dynamics_simulation_CPP/submodules/sundials/src/cvode/cvode.c:3725: cvHandleFailure(); ID=9155;
2026.09.29 10:56:53: ERROR (cvode) CVODE error code -15: At t = 120664, unable to satisfy inequality constraints. in /mnt/c/Users/fkubicsek/Downloads/CPP_kód_fejlesztése/fejlesztoi_main/Bubble_dynamics_simulation_CPP/submodules/sundials/src/cvode/cvode.c:3725: cvHandleFailure(); ID=9160;
2026.09.29 10:56:53: ERROR (cvode) CVODE error code -15: At t = 106344, unable to satisfy inequality constraints. in /mnt/c/Users/fkubicsek/Downloads/CPP_kód_fejlesztése/fejlesztoi_main/Bubble_dynamics_simulation_CPP/submodules/sundials/src/cvode/cvode.c:3725: cvHandleFailure(); ID=9164;
2026.09.29 10:56:53: ERROR (cvode) CVODE error code -15: At t = 106223, unable to satisfy inequality constraints. in /mnt/c/Users/fkubicsek/Downloads/CPP_kód_fejlesztése/fejlesztoi_main/Bubble_dynamics_simulation_CPP/submodules/sundials/src/cvode/cvode.c:3725: cvHandleFailure(); ID=9165;
2026.09.29 10:56:53: ERROR (cvode) CVODE error code -15: At t = 106485, unable to satisfy inequality constraints. in /mnt/c/Users/fkubicsek/Downloads/CPP_kód_fejlesztése/fejlesztoi_main/Bubble_dynamics_simulation_CPP/submodules/sundials/src/cvode/cvode.c:3725: cvHandleFailure(); ID=9166;
2026.09.29 10:56:53: ERROR (cvode) CVODE error code -15: At t = 396356, unable to satisfy inequality constraints. in /mnt/c/Users/fkubicsek/Downloads/CPP_kód_fejlesztése/fejlesztoi_main/Bubble_dynamics_simulation_CPP/submodules/sundials/src/cvode/cvode.c:3725: cvHandleFailure(); ID=9159;
2026.09.29 10:56:53: ERROR (cvode) CVODE error code -15: At t = 106447, unable to satisfy inequality constraints. in /mnt/c/Users/fkubicsek/Downloads/CPP_kód_fejlesztése/fejlesztoi_main/Bubble_dynamics_simulation_CPP/submodules/sundials/src/cvode/cvode.c:3725: cvHandleFailure(); ID=9167;
2026.09.29 10:56:53: ERROR (cvode) CVODE error code -15: At t = 106654, unable to satisfy inequality constraints. in /mnt/c/Users/fkubicsek/Downloads/CPP_kód_fejlesztése/fejlesztoi_main/Bubble_dynamics_simulation_CPP/submodules/sundials/src/cvode/cvode.c:3725: cvHandleFailure(); ID=9168;
2026.09.29 10:56:53: ERROR (cvode) CVODE error code -15: At t = 106919, unable to satisfy inequality constraints. in /mnt/c/Users/fkubicsek/Downloads/CPP_kód_fejlesztése/fejlesztoi_main/Bubble_dynamics_simulation_CPP/submodules/sundials/src/cvode/cvode.c:3725: cvHandleFailure(); ID=9169;
2026.09.29 10:56:53: ERROR (cvode) CVODE error code -15: At t = 105535, unable to satisfy inequality constraints. in /mnt/c/Users/fkubicsek/Downloads/CPP_kód_fejlesztése/fejlesztoi_main/Bubble_dynamics_simulation_CPP/submodules/sundials/src/cvode/cvode.c:3725: cvHandleFailure(); ID=9170;
2026.09.29 10:56:53: ERROR (cvode) CVODE error code -15: At t = 1.07357e+06, unable to satisfy inequality constraints. in /mnt/c/Users/fkubicsek/Downloads/CPP_kód_fejlesztése/fejlesztoi_main/Bubble_dynamics_simulation_CPP/submodules/sundials/src/cvode/cvode.c:3725: cvHandleFailure(); ID=9156;
2026.09.29 10:56:53: ERROR (cvode) CVODE error code -15: At t = 1.27642e+06, unable to satisfy inequality constraints. in /mnt/c/Users/fkubicsek/Downloads/CPP_kód_fejlesztése/fejlesztoi_main/Bubble_dynamics_simulation_CPP/submodules/sundials/src/cvode/cvode.c:3725: cvHandleFailure(); ID=9152;
2026.09.29 10:56:53: ERROR (cvode) CVODE error code -15: At t = 108042, unable to satisfy inequality constraints. in /mnt/c/Users/fkubicsek/Downloads/CPP_kód_fejlesztése/fejlesztoi_main/Bubble_dynamics_simulation_CPP/submodules/sundials/src/cvode/cvode.c:3725: cvHandleFailure(); ID=9173;
2026.09.29 10:56:53: ERROR (cvode) CVODE error code -15: At t = 107439, unable to satisfy inequality constraints. in /mnt/c/Users/fkubicsek/Downloads/CPP_kód_fejlesztése/fejlesztoi_main/Bubble_dynamics_simulation_CPP/submodules/sundials/src/cvode/cvode.c:3725: cvHandleFailure(); ID=9175;
2026.09.29 10:56:53: ERROR (cvode) CVODE error code -15: At t = 862812, unable to satisfy inequality constraints. in /mnt/c/Users/fkubicsek/Downloads/CPP_kód_fejlesztése/fejlesztoi_main/Bubble_dynamics_simulation_CPP/submodules/sundials/src/cvode/cvode.c:3725: cvHandleFailure(); ID=9162;
2026.09.29 10:56:53: ERROR (cvode) CVODE error code -15: At t = 107850, unable to satisfy inequality constraints. in /mnt/c/Users/fkubicsek/Downloads/CPP_kód_fejlesztése/fejlesztoi_main/Bubble_dynamics_simulation_CPP/submodules/sundials/src/cvode/cvode.c:3725: cvHandleFailure(); ID=9176;
2026.09.29 10:56:53: ERROR (cvode) CVODE error code -15: At t = 855469, unable to satisfy inequality constraints. in /mnt/c/Users/fkubicsek/Downloads/CPP_kód_fejlesztése/fejlesztoi_main/Bubble_dynamics_simulation_CPP/submodules/sundials/src/cvode/cvode.c:3725: cvHandleFailure(); ID=9163;
2026.09.29 10:56:53: ERROR (cvode) CVODE error code -15: At t = 107852, unable to satisfy inequality constraints. in /mnt/c/Users/fkubicsek/Downloads/CPP_kód_fejlesztése/fejlesztoi_main/Bubble_dynamics_simulation_CPP/submodules/sundials/src/cvode/cvode.c:3725: cvHandleFailure(); ID=9178;
2026.09.29 10:56:53: WARNING (odefun) Negative R or T: R=-1.030151;   T=-75.664354 in ./src/ode_fun.cpp:108: check_before_call(); ID=9174;
2026.09.29 10:56:53: ERROR (cvode) CVODE error code -15: At t = 108037, unable to satisfy inequality constraints. in /mnt/c/Users/fkubicsek/Downloads/CPP_kód_fejlesztése/fejlesztoi_main/Bubble_dynamics_simulation_CPP/submodules/sundials/src/cvode/cvode.c:3725: cvHandleFailure(); ID=9179;
2026.09.29 10:56:53: ERROR (cvode) CVODE error code -15: At t = 108213, unable to satisfy inequality constraints. in /mnt/c/Users/fkubicsek/Downloads/CPP_kód_fejlesztése/fejlesztoi_main/Bubble_dynamics_simulation_CPP/submodules/sundials/src/cvode/cvode.c:3725: cvHandleFailure(); ID=9181;
2026.09.29 10:56:53: ERROR (cvode) CVODE error code -15: At t = 251980, unable to satisfy inequality constraints. in /mnt/c/Users/fkubicsek/Downloads/CPP_kód_fejlesztése/fejlesztoi_main/Bubble_dynamics_simulation_CPP/submodules/sundials/src/cvode/cvode.c:3725: cvHandleFailure(); ID=9183;
2026.09.29 10:56:53: ERROR (cvode) CVODE error code -15: At t = 108709, unable to satisfy inequality constraints. in /mnt/c/Users/fkubicsek/Downloads/CPP_kód_fejlesztése/fejlesztoi_main/Bubble_dynamics_simulation_CPP/submodules/sundials/src/cvode/cvode.c:3725: cvHandleFailure(); ID=9186;
2026.09.29 10:56:53: ERROR (cvode) CVODE error code -15: At t = 110325, unable to satisfy inequality constraints. in /mnt/c/Users/fkubicsek/Downloads/CPP_kód_fejlesztése/fejlesztoi_main/Bubble_dynamics_simulation_CPP/submodules/sundials/src/cvode/cvode.c:3725: cvHandleFailure(); ID=9187;
2026.09.29 10:56:53: ERROR (cvode) CVODE error code -15: At t = 109072, unable to satisfy inequality constraints. in /mnt/c/Users/fkubicsek/Downloads/CPP_kód_fejlesztése/fejlesztoi_main/Bubble_dynamics_simulation_CPP/submodules/sundials/src/cvode/cvode.c:3725: cvHandleFailure(); ID=9188;
2026.09.29 10:56:53: ERROR (cvode) CVODE error code -15: At t = 108893, unable to satisfy inequality constraints. in /mnt/c/Users/fkubicsek/Downloads/CPP_kód_fejlesztése/fejlesztoi_main/Bubble_dynamics_simulation_CPP/submodules/sundials/src/cvode/cvode.c:3725: cvHandleFailure(); ID=9189;
2026.09.29 10:56:53: ERROR (cvode) CVODE error code -15: At t = 109467, unable to satisfy inequality constraints. in /mnt/c/Users/fkubicsek/Downloads/CPP_kód_fejlesztése/fejlesztoi_main/Bubble_dynamics_simulation_CPP/submodules/sundials/src/cvode/cvode.c:3725: cvHandleFailure(); ID=9190;
2026.09.29 10:56:53: ERROR (cvode) CVODE error code -15: At t = 109445, unable to satisfy inequality constraints. in /mnt/c/Users/fkubicsek/Downloads/CPP_kód_fejlesztése/fejlesztoi_main/Bubble_dynamics_simulation_CPP/submodules/sundials/src/cvode/cvode.c:3725: cvHandleFailure(); ID=9191;
2026.09.29 10:56:53: ERROR (cvode) CVODE error code -15: At t = 110835, unable to satisfy inequality constraints. in /mnt/c/Users/fkubicsek/Downloads/CPP_kód_fejlesztése/fejlesztoi_main/Bubble_dynamics_simulation_CPP/submodules/sundials/src/cvode/cvode.c:3725: cvHandleFailure(); ID=9194;
2026.09.29 10:56:53: ERROR (cvode) CVODE error code -15: At t = 109679, unable to satisfy inequality constraints. in /mnt/c/Users/fkubicsek/Downloads/CPP_kód_fejlesztése/fejlesztoi_main/Bubble_dynamics_simulation_CPP/submodules/sundials/src/cvode/cvode.c:3725: cvHandleFailure(); ID=9195;
2026.09.29 10:56:53: ERROR (cvode) CVODE error code -15: At t = 110508, unable to satisfy inequality constraints. in /mnt/c/Users/fkubicsek/Downloads/CPP_kód_fejlesztése/fejlesztoi_main/Bubble_dynamics_simulation_CPP/submodules/sundials/src/cvode/cvode.c:3725: cvHandleFailure(); ID=9196;
2026.09.29 10:56:53: ERROR (cvode) CVODE error code -15: At t = 109880, unable to satisfy inequality constraints. in /mnt/c/Users/fkubicsek/Downloads/CPP_kód_fejlesztése/fejlesztoi_main/Bubble_dynamics_simulation_CPP/submodules/sundials/src/cvode/cvode.c:3725: cvHandleFailure(); ID=9197;
2026.09.29 10:56:53: ERROR (cvode) CVODE error code -15: At t = 110245, unable to satisfy inequality constraints. in /mnt/c/Users/fkubicsek/Downloads/CPP_kód_fejlesztése/fejlesztoi_main/Bubble_dynamics_simulation_CPP/submodules/sundials/src/cvode/cvode.c:3725: cvHandleFailure(); ID=9198;
2026.09.29 10:56:53: ERROR (cvode) CVODE error code -15: At t = 123877, unable to satisfy inequality constraints. in /mnt/c/Users/fkubicsek/Downloads/CPP_kód_fejlesztése/fejlesztoi_main/Bubble_dynamics_simulation_CPP/submodules/sundials/src/cvode/cvode.c:3725: cvHandleFailure(); ID=9200;
2026.09.29 10:56:53: WARNING (postprocess) Dissipated energy is negative: -0.000297 in ./src/ode_solution.cpp:309: postprocess(); ID=9200;
2026.09.29 10:56:53: WARNING (postprocess) Energy demand is negative: -358911199.398939 in ./src/ode_solution.cpp:381: postprocess(); ID=9200;
2026.09.29 10:56:53: ERROR (cvode) CVODE error code -15: At t = 381655, unable to satisfy inequality constraints. in /mnt/c/Users/fkubicsek/Downloads/CPP_kód_fejlesztése/fejlesztoi_main/Bubble_dynamics_simulation_CPP/submodules/sundials/src/cvode/cvode.c:3725: cvHandleFailure(); ID=9201;
2026.09.29 10:56:53: WARNING (postprocess) Dissipated energy is negative: -0.000190 in ./src/ode_solution.cpp:309: postprocess(); ID=9201;
2026.09.29 10:56:53: WARNING (postprocess) Energy demand is negative: -1275551987.767176 in ./src/ode_solution.cpp:381: postprocess(); ID=9201;
2026.09.29 10:56:53: ERROR (cvode) CVODE error code -15: At t = 358088, unable to satisfy inequality constraints. in /mnt/c/Users/fkubicsek/Downloads/CPP_kód_fejlesztése/fejlesztoi_main/Bubble_dynamics_simulation_CPP/submodules/sundials/src/cvode/cvode.c:3725: cvHandleFailure(); ID=9202;
2026.09.29 10:56:53: ERROR (cvode) CVODE error code -15: At t = 375186, unable to satisfy inequality constraints. in /mnt/c/Users/fkubicsek/Downloads/CPP_kód_fejlesztése/fejlesztoi_main/Bubble_dynamics_simulation_CPP/submodules/sundials/src/cvode/cvode.c:3725: cvHandleFailure(); ID=9203;
2026.09.29 10:56:53: WARNING (postprocess) Dissipated energy is negative: -0.000120 in ./src/ode_solution.cpp:309: postprocess(); ID=9203;
2026.09.29 10:56:53: WARNING (postprocess) Energy demand is negative: -88468169.287088 in ./src/ode_solution.cpp:381: postprocess(); ID=9203;
2026.09.29 10:56:53: ERROR (cvode) CVODE error code -15: At t = 241360, unable to satisfy inequality constraints. in /mnt/c/Users/fkubicsek/Downloads/CPP_kód_fejlesztése/fejlesztoi_main/Bubble_dynamics_simulation_CPP/submodules/sundials/src/cvode/cvode.c:3725: cvHandleFailure(); ID=9204;
2026.09.29 10:56:53: ERROR (cvode) CVODE error code -15: At t = 120110, unable to satisfy inequality constraints. in /mnt/c/Users/fkubicsek/Downloads/CPP_kód_fejlesztése/fejlesztoi_main/Bubble_dynamics_simulation_CPP/submodules/sundials/src/cvode/cvode.c:3725: cvHandleFailure(); ID=9205;
2026.09.29 10:56:53: WARNING (postprocess) Dissipated energy is negative: -0.000208 in ./src/ode_solution.cpp:309: postprocess(); ID=9205;
2026.09.29 10:56:53: WARNING (postprocess) Energy demand is negative: -97086892.827384 in ./src/ode_solution.cpp:381: postprocess(); ID=9205;
2026.09.29 10:56:53: ERROR (cvode) CVODE error code -15: At t = 115491, unable to satisfy inequality constraints. in /mnt/c/Users/fkubicsek/Downloads/CPP_kód_fejlesztése/fejlesztoi_main/Bubble_dynamics_simulation_CPP/submodules/sundials/src/cvode/cvode.c:3725: cvHandleFailure(); ID=9206;
2026.09.29 10:56:53: WARNING (postprocess) Dissipated energy is negative: -0.000061 in ./src/ode_solution.cpp:309: postprocess(); ID=9206;
2026.09.29 10:56:53: WARNING (postprocess) Energy demand is negative: -72111304.320325 in ./src/ode_solution.cpp:381: postprocess(); ID=9206;
2026.09.29 10:56:53: ERROR (cvode) CVODE error code -15: At t = 118139, unable to satisfy inequality constraints. in /mnt/c/Users/fkubicsek/Downloads/CPP_kód_fejlesztése/fejlesztoi_main/Bubble_dynamics_simulation_CPP/submodules/sundials/src/cvode/cvode.c:3725: cvHandleFailure(); ID=9207;
2026.09.29 10:56:53: WARNING (postprocess) Dissipated energy is negative: -0.000146 in ./src/ode_solution.cpp:309: postprocess(); ID=9207;
2026.09.29 10:56:53: ERROR (cvode) CVODE error code -15: At t = 116329, unable to satisfy inequality constraints. in /mnt/c/Users/fkubicsek/Downloads/CPP_kód_fejlesztése/fejlesztoi_main/Bubble_dynamics_simulation_CPP/submodules/sundials/src/cvode/cvode.c:3725: cvHandleFailure(); ID=9208;
2026.09.29 10:56:53: WARNING (postprocess) Dissipated energy is negative: -0.000082 in ./src/ode_solution.cpp:309: postprocess(); ID=9208;
2026.09.29 10:56:53: WARNING (postprocess) Energy demand is negative: -48365854.225625 in ./src/ode_solution.cpp:381: postprocess(); ID=9207;
2026.09.29 10:56:53: WARNING (postprocess) Energy demand is negative: -25487238.045546 in ./src/ode_solution.cpp:381: postprocess(); ID=9208;
2026.09.29 10:56:53: ERROR (cvode) CVODE error code -15: At t = 116498, unable to satisfy inequality constraints. in /mnt/c/Users/fkubicsek/Downloads/CPP_kód_fejlesztése/fejlesztoi_main/Bubble_dynamics_simulation_CPP/submodules/sundials/src/cvode/cvode.c:3725: cvHandleFailure(); ID=9212;
2026.09.29 10:56:53: WARNING (postprocess) Dissipated energy is negative: -0.000059 in ./src/ode_solution.cpp:309: postprocess(); ID=9212;
2026.09.29 10:56:53: WARNING (postprocess) Energy demand is negative: -19292374.577119 in ./src/ode_solution.cpp:381: postprocess(); ID=9212;
2026.09.29 10:56:53: ERROR (cvode) CVODE error code -15: At t = 243828, unable to satisfy inequality constraints. in /mnt/c/Users/fkubicsek/Downloads/CPP_kód_fejlesztése/fejlesztoi_main/Bubble_dynamics_simulation_CPP/submodules/sundials/src/cvode/cvode.c:3725: cvHandleFailure(); ID=9210;
2026.09.29 10:56:53: ERROR (cvode) CVODE error code -15: At t = 117408, unable to satisfy inequality constraints. in /mnt/c/Users/fkubicsek/Downloads/CPP_kód_fejlesztése/fejlesztoi_main/Bubble_dynamics_simulation_CPP/submodules/sundials/src/cvode/cvode.c:3725: cvHandleFailure(); ID=9213;
2026.09.29 10:56:53: WARNING (postprocess) Dissipated energy is negative: -0.000081 in ./src/ode_solution.cpp:309: postprocess(); ID=9213;
2026.09.29 10:56:53: WARNING (postprocess) Energy demand is negative: -28754566.457792 in ./src/ode_solution.cpp:381: postprocess(); ID=9213;
2026.09.29 10:56:53: ERROR (cvode) CVODE error code -15: At t = 247148, unable to satisfy inequality constraints. in /mnt/c/Users/fkubicsek/Downloads/CPP_kód_fejlesztése/fejlesztoi_main/Bubble_dynamics_simulation_CPP/submodules/sundials/src/cvode/cvode.c:3725: cvHandleFailure(); ID=9211;
2026.09.29 10:56:53: ERROR (cvode) CVODE error code -15: At t = 115188, unable to satisfy inequality constraints. in /mnt/c/Users/fkubicsek/Downloads/CPP_kód_fejlesztése/fejlesztoi_main/Bubble_dynamics_simulation_CPP/submodules/sundials/src/cvode/cvode.c:3725: cvHandleFailure(); ID=9214;
2026.09.29 10:56:53: ERROR (cvode) CVODE error code -15: At t = 115590, unable to satisfy inequality constraints. in /mnt/c/Users/fkubicsek/Downloads/CPP_kód_fejlesztése/fejlesztoi_main/Bubble_dynamics_simulation_CPP/submodules/sundials/src/cvode/cvode.c:3725: cvHandleFailure(); ID=9215;
2026.09.29 10:56:53: ERROR (cvode) CVODE error code -15: At t = 121233, unable to satisfy inequality constraints. in /mnt/c/Users/fkubicsek/Downloads/CPP_kód_fejlesztése/fejlesztoi_main/Bubble_dynamics_simulation_CPP/submodules/sundials/src/cvode/cvode.c:3725: cvHandleFailure(); ID=9216;
2026.09.29 10:56:53: WARNING (postprocess) Dissipated energy is negative: -0.000156 in ./src/ode_solution.cpp:309: postprocess(); ID=9216;
2026.09.29 10:56:53: WARNING (postprocess) Energy demand is negative: -93273279.056888 in ./src/ode_solution.cpp:381: postprocess(); ID=9216;
2026.09.29 10:56:53: ERROR (cvode) CVODE error code -15: At t = 117812, unable to satisfy inequality constraints. in /mnt/c/Users/fkubicsek/Downloads/CPP_kód_fejlesztése/fejlesztoi_main/Bubble_dynamics_simulation_CPP/submodules/sundials/src/cvode/cvode.c:3725: cvHandleFailure(); ID=9219;
2026.09.29 10:56:53: WARNING (postprocess) Dissipated energy is negative: -0.000026 in ./src/ode_solution.cpp:309: postprocess(); ID=9219;
2026.09.29 10:56:53: WARNING (postprocess) Energy demand is negative: -9761216.785901 in ./src/ode_solution.cpp:381: postprocess(); ID=9219;
2026.09.29 10:56:53: ERROR (cvode) CVODE error code -15: At t = 621376, unable to satisfy inequality constraints. in /mnt/c/Users/fkubicsek/Downloads/CPP_kód_fejlesztése/fejlesztoi_main/Bubble_dynamics_simulation_CPP/submodules/sundials/src/cvode/cvode.c:3725: cvHandleFailure(); ID=9209;
2026.09.29 10:56:53: ERROR (cvode) CVODE error code -15: At t = 135403, unable to satisfy inequality constraints. in /mnt/c/Users/fkubicsek/Downloads/CPP_kód_fejlesztése/fejlesztoi_main/Bubble_dynamics_simulation_CPP/submodules/sundials/src/cvode/cvode.c:3725: cvHandleFailure(); ID=9218;
2026.09.29 10:56:53: WARNING (postprocess) Dissipated energy is negative: -0.000337 in ./src/ode_solution.cpp:309: postprocess(); ID=9218;
2026.09.29 10:56:53: WARNING (postprocess) Energy demand is negative: -108144778.797132 in ./src/ode_solution.cpp:381: postprocess(); ID=9218;
2026.09.29 10:56:53: ERROR (cvode) CVODE error code -15: At t = 123083, unable to satisfy inequality constraints. in /mnt/c/Users/fkubicsek/Downloads/CPP_kód_fejlesztése/fejlesztoi_main/Bubble_dynamics_simulation_CPP/submodules/sundials/src/cvode/cvode.c:3725: cvHandleFailure(); ID=9221;
2026.09.29 10:56:53: WARNING (postprocess) Dissipated energy is negative: -0.000132 in ./src/ode_solution.cpp:309: postprocess(); ID=9221;
2026.09.29 10:56:53: WARNING (postprocess) Energy demand is negative: -120253540.559766 in ./src/ode_solution.cpp:381: postprocess(); ID=9221;
2026.09.29 10:56:53: ERROR (cvode) CVODE error code -15: At t = 329546, unable to satisfy inequality constraints. in /mnt/c/Users/fkubicsek/Downloads/CPP_kód_fejlesztése/fejlesztoi_main/Bubble_dynamics_simulation_CPP/submodules/sundials/src/cvode/cvode.c:3725: cvHandleFailure(); ID=9220;
2026.09.29 10:56:54: ERROR (cvode) CVODE error code -15: At t = 608854, unable to satisfy inequality constraints. in /mnt/c/Users/fkubicsek/Downloads/CPP_kód_fejlesztése/fejlesztoi_main/Bubble_dynamics_simulation_CPP/submodules/sundials/src/cvode/cvode.c:3725: cvHandleFailure(); ID=9217;
2026.09.29 10:56:54: ERROR (cvode) CVODE error code -15: At t = 122909, unable to satisfy inequality constraints. in /mnt/c/Users/fkubicsek/Downloads/CPP_kód_fejlesztése/fejlesztoi_main/Bubble_dynamics_simulation_CPP/submodules/sundials/src/cvode/cvode.c:3725: cvHandleFailure(); ID=9225;
2026.09.29 10:56:54: WARNING (postprocess) Dissipated energy is negative: -0.000067 in ./src/ode_solution.cpp:309: postprocess(); ID=9225;
2026.09.29 10:56:54: WARNING (postprocess) Energy demand is negative: -41831761.352887 in ./src/ode_solution.cpp:381: postprocess(); ID=9225;
2026.09.29 10:56:54: ERROR (cvode) CVODE error code -15: At t = 115313, unable to satisfy inequality constraints. in /mnt/c/Users/fkubicsek/Downloads/CPP_kód_fejlesztése/fejlesztoi_main/Bubble_dynamics_simulation_CPP/submodules/sundials/src/cvode/cvode.c:3725: cvHandleFailure(); ID=9226;
2026.09.29 10:56:54: ERROR (cvode) CVODE error code -15: At t = 266170, unable to satisfy inequality constraints. in /mnt/c/Users/fkubicsek/Downloads/CPP_kód_fejlesztése/fejlesztoi_main/Bubble_dynamics_simulation_CPP/submodules/sundials/src/cvode/cvode.c:3725: cvHandleFailure(); ID=9224;
2026.09.29 10:56:54: ERROR (cvode) CVODE error code -15: At t = 117839, unable to satisfy inequality constraints. in /mnt/c/Users/fkubicsek/Downloads/CPP_kód_fejlesztése/fejlesztoi_main/Bubble_dynamics_simulation_CPP/submodules/sundials/src/cvode/cvode.c:3725: cvHandleFailure(); ID=9227;
2026.09.29 10:56:54: ERROR (cvode) CVODE error code -15: At t = 628285, unable to satisfy inequality constraints. in /mnt/c/Users/fkubicsek/Downloads/CPP_kód_fejlesztése/fejlesztoi_main/Bubble_dynamics_simulation_CPP/submodules/sundials/src/cvode/cvode.c:3725: cvHandleFailure(); ID=9223;
2026.09.29 10:56:54: ERROR (cvode) CVODE error code -15: At t = 118037, unable to satisfy inequality constraints. in /mnt/c/Users/fkubicsek/Downloads/CPP_kód_fejlesztése/fejlesztoi_main/Bubble_dynamics_simulation_CPP/submodules/sundials/src/cvode/cvode.c:3725: cvHandleFailure(); ID=9228;
2026.09.29 10:56:54: ERROR (cvode) CVODE error code -15: At t = 122712, unable to satisfy inequality constraints. in /mnt/c/Users/fkubicsek/Downloads/CPP_kód_fejlesztése/fejlesztoi_main/Bubble_dynamics_simulation_CPP/submodules/sundials/src/cvode/cvode.c:3725: cvHandleFailure(); ID=9230;
2026.09.29 10:56:54: ERROR (cvode) CVODE error code -15: At t = 118297, unable to satisfy inequality constraints. in /mnt/c/Users/fkubicsek/Downloads/CPP_kód_fejlesztése/fejlesztoi_main/Bubble_dynamics_simulation_CPP/submodules/sundials/src/cvode/cvode.c:3725: cvHandleFailure(); ID=9229;
2026.09.29 10:56:54: ERROR (cvode) CVODE error code -15: At t = 118489, unable to satisfy inequality constraints. in /mnt/c/Users/fkubicsek/Downloads/CPP_kód_fejlesztése/fejlesztoi_main/Bubble_dynamics_simulation_CPP/submodules/sundials/src/cvode/cvode.c:3725: cvHandleFailure(); ID=9232;
2026.09.29 10:56:54: ERROR (cvode) CVODE error code -15: At t = 118350, unable to satisfy inequality constraints. in /mnt/c/Users/fkubicsek/Downloads/CPP_kód_fejlesztése/fejlesztoi_main/Bubble_dynamics_simulation_CPP/submodules/sundials/src/cvode/cvode.c:3725: cvHandleFailure(); ID=9235;
2026.09.29 10:56:54: ERROR (cvode) CVODE error code -15: At t = 119262, unable to satisfy inequality constraints. in /mnt/c/Users/fkubicsek/Downloads/CPP_kód_fejlesztése/fejlesztoi_main/Bubble_dynamics_simulation_CPP/submodules/sundials/src/cvode/cvode.c:3725: cvHandleFailure(); ID=9234;
2026.09.29 10:56:54: ERROR (cvode) CVODE error code -15: At t = 118007, unable to satisfy inequality constraints. in /mnt/c/Users/fkubicsek/Downloads/CPP_kód_fejlesztése/fejlesztoi_main/Bubble_dynamics_simulation_CPP/submodules/sundials/src/cvode/cvode.c:3725: cvHandleFailure(); ID=9236;
2026.09.29 10:56:54: ERROR (cvode) CVODE error code -15: At t = 124912, unable to satisfy inequality constraints. in /mnt/c/Users/fkubicsek/Downloads/CPP_kód_fejlesztése/fejlesztoi_main/Bubble_dynamics_simulation_CPP/submodules/sundials/src/cvode/cvode.c:3725: cvHandleFailure(); ID=9233;
2026.09.29 10:56:54: ERROR (cvode) CVODE error code -15: At t = 122409, unable to satisfy inequality constraints. in /mnt/c/Users/fkubicsek/Downloads/CPP_kód_fejlesztése/fejlesztoi_main/Bubble_dynamics_simulation_CPP/submodules/sundials/src/cvode/cvode.c:3725: cvHandleFailure(); ID=9237;
2026.09.29 10:56:54: ERROR (cvode) CVODE error code -15: At t = 955449, unable to satisfy inequality constraints. in /mnt/c/Users/fkubicsek/Downloads/CPP_kód_fejlesztése/fejlesztoi_main/Bubble_dynamics_simulation_CPP/submodules/sundials/src/cvode/cvode.c:3725: cvHandleFailure(); ID=9222;
2026.09.29 10:56:54: ERROR (cvode) CVODE error code -15: At t = 103750, unable to satisfy inequality constraints. in /mnt/c/Users/fkubicsek/Downloads/CPP_kód_fejlesztése/fejlesztoi_main/Bubble_dynamics_simulation_CPP/submodules/sundials/src/cvode/cvode.c:3725: cvHandleFailure(); ID=9244;
2026.09.29 10:56:54: ERROR (cvode) CVODE error code -15: At t = 122699, unable to satisfy inequality constraints. in /mnt/c/Users/fkubicsek/Downloads/CPP_kód_fejlesztése/fejlesztoi_main/Bubble_dynamics_simulation_CPP/submodules/sundials/src/cvode/cvode.c:3725: cvHandleFailure(); ID=9240;
2026.09.29 10:56:54: ERROR (cvode) CVODE error code -15: At t = 105763, unable to satisfy inequality constraints. in /mnt/c/Users/fkubicsek/Downloads/CPP_kód_fejlesztése/fejlesztoi_main/Bubble_dynamics_simulation_CPP/submodules/sundials/src/cvode/cvode.c:3725: cvHandleFailure(); ID=9245;
2026.09.29 10:56:54: ERROR (cvode) CVODE error code -15: At t = 523137, unable to satisfy inequality constraints. in /mnt/c/Users/fkubicsek/Downloads/CPP_kód_fejlesztése/fejlesztoi_main/Bubble_dynamics_simulation_CPP/submodules/sundials/src/cvode/cvode.c:3725: cvHandleFailure(); ID=9239;
2026.09.29 10:56:54: ERROR (cvode) CVODE error code -15: At t = 964462, unable to satisfy inequality constraints. in /mnt/c/Users/fkubicsek/Downloads/CPP_kód_fejlesztése/fejlesztoi_main/Bubble_dynamics_simulation_CPP/submodules/sundials/src/cvode/cvode.c:3725: cvHandleFailure(); ID=9231;
2026.09.29 10:56:54: ERROR (cvode) CVODE error code -15: At t = 761917, unable to satisfy inequality constraints. in /mnt/c/Users/fkubicsek/Downloads/CPP_kód_fejlesztése/fejlesztoi_main/Bubble_dynamics_simulation_CPP/submodules/sundials/src/cvode/cvode.c:3725: cvHandleFailure(); ID=9238;
2026.09.29 10:56:54: ERROR (cvode) CVODE error code -15: At t = 637998, unable to satisfy inequality constraints. in /mnt/c/Users/fkubicsek/Downloads/CPP_kód_fejlesztése/fejlesztoi_main/Bubble_dynamics_simulation_CPP/submodules/sundials/src/cvode/cvode.c:3725: cvHandleFailure(); ID=9241;
2026.09.29 10:56:54: ERROR (cvode) CVODE error code -15: At t = 878948, unable to satisfy inequality constraints. in /mnt/c/Users/fkubicsek/Downloads/CPP_kód_fejlesztése/fejlesztoi_main/Bubble_dynamics_simulation_CPP/submodules/sundials/src/cvode/cvode.c:3725: cvHandleFailure(); ID=9243;
2026.09.29 10:56:54: ERROR (cvode) CVODE error code -15: At t = 774845, unable to satisfy inequality constraints. in /mnt/c/Users/fkubicsek/Downloads/CPP_kód_fejlesztése/fejlesztoi_main/Bubble_dynamics_simulation_CPP/submodules/sundials/src/cvode/cvode.c:3725: cvHandleFailure(); ID=9246;
2026.09.29 10:56:54: ERROR (cvode) CVODE error code -15: At t = 662126, unable to satisfy inequality constraints. in /mnt/c/Users/fkubicsek/Downloads/CPP_kód_fejlesztése/fejlesztoi_main/Bubble_dynamics_simulation_CPP/submodules/sundials/src/cvode/cvode.c:3725: cvHandleFailure(); ID=9249;
2026.09.29 10:56:54: ERROR (cvode) CVODE error code -15: At t = 106623, unable to satisfy inequality constraints. in /mnt/c/Users/fkubicsek/Downloads/CPP_kód_fejlesztése/fejlesztoi_main/Bubble_dynamics_simulation_CPP/submodules/sundials/src/cvode/cvode.c:3725: cvHandleFailure(); ID=9254;
2026.09.29 10:56:54: ERROR (cvode) CVODE error code -15: At t = 876179, unable to satisfy inequality constraints. in /mnt/c/Users/fkubicsek/Downloads/CPP_kód_fejlesztése/fejlesztoi_main/Bubble_dynamics_simulation_CPP/submodules/sundials/src/cvode/cvode.c:3725: cvHandleFailure(); ID=9248;
2026.09.29 10:56:54: ERROR (cvode) CVODE error code -15: At t = 773678, unable to satisfy inequality constraints. in /mnt/c/Users/fkubicsek/Downloads/CPP_kód_fejlesztése/fejlesztoi_main/Bubble_dynamics_simulation_CPP/submodules/sundials/src/cvode/cvode.c:3725: cvHandleFailure(); ID=9252;
2026.09.29 10:56:54: ERROR (cvode) CVODE error code -15: At t = 1.11241e+06, unable to satisfy inequality constraints. in /mnt/c/Users/fkubicsek/Downloads/CPP_kód_fejlesztése/fejlesztoi_main/Bubble_dynamics_simulation_CPP/submodules/sundials/src/cvode/cvode.c:3725: cvHandleFailure(); ID=9251;
2026.09.29 10:56:54: ERROR (cvode) CVODE error code -15: At t = 1.21344e+06, unable to satisfy inequality constraints. in /mnt/c/Users/fkubicsek/Downloads/CPP_kód_fejlesztése/fejlesztoi_main/Bubble_dynamics_simulation_CPP/submodules/sundials/src/cvode/cvode.c:3725: cvHandleFailure(); ID=9250;
2026.09.29 10:56:54: ERROR (cvode) CVODE error code -15: At t = 124148, unable to satisfy inequality constraints. in /mnt/c/Users/fkubicsek/Downloads/CPP_kód_fejlesztése/fejlesztoi_main/Bubble_dynamics_simulation_CPP/submodules/sundials/src/cvode/cvode.c:3725: cvHandleFailure(); ID=9257;
2026.09.29 10:56:54: ERROR (cvode) CVODE error code -15: At t = 1.10428e+06, unable to satisfy inequality constraints. in /mnt/c/Users/fkubicsek/Downloads/CPP_kód_fejlesztése/fejlesztoi_main/Bubble_dynamics_simulation_CPP/submodules/sundials/src/cvode/cvode.c:3725: cvHandleFailure(); ID=9253;
2026.09.29 10:56:54: ERROR (cvode) CVODE error code -15: At t = 121351, unable to satisfy inequality constraints. in /mnt/c/Users/fkubicsek/Downloads/CPP_kód_fejlesztése/fejlesztoi_main/Bubble_dynamics_simulation_CPP/submodules/sundials/src/cvode/cvode.c:3725: cvHandleFailure(); ID=9260;
2026.09.29 10:56:54: ERROR (cvode) CVODE error code -15: At t = 107905, unable to satisfy inequality constraints. in /mnt/c/Users/fkubicsek/Downloads/CPP_kód_fejlesztése/fejlesztoi_main/Bubble_dynamics_simulation_CPP/submodules/sundials/src/cvode/cvode.c:3725: cvHandleFailure(); ID=9261;
2026.09.29 10:56:54: ERROR (cvode) CVODE error code -15: At t = 662021, unable to satisfy inequality constraints. in /mnt/c/Users/fkubicsek/Downloads/CPP_kód_fejlesztése/fejlesztoi_main/Bubble_dynamics_simulation_CPP/submodules/sundials/src/cvode/cvode.c:3725: cvHandleFailure(); ID=9256;
2026.09.29 10:56:54: ERROR (cvode) CVODE error code -15: At t = 776612, unable to satisfy inequality constraints. in /mnt/c/Users/fkubicsek/Downloads/CPP_kód_fejlesztése/fejlesztoi_main/Bubble_dynamics_simulation_CPP/submodules/sundials/src/cvode/cvode.c:3725: cvHandleFailure(); ID=9255;
2026.09.29 10:56:54: ERROR (cvode) CVODE error code -15: At t = 108389, unable to satisfy inequality constraints. in /mnt/c/Users/fkubicsek/Downloads/CPP_kód_fejlesztése/fejlesztoi_main/Bubble_dynamics_simulation_CPP/submodules/sundials/src/cvode/cvode.c:3725: cvHandleFailure(); ID=9262;
2026.09.29 10:56:54: ERROR (cvode) CVODE error code -15: At t = 108800, unable to satisfy inequality constraints. in /mnt/c/Users/fkubicsek/Downloads/CPP_kód_fejlesztése/fejlesztoi_main/Bubble_dynamics_simulation_CPP/submodules/sundials/src/cvode/cvode.c:3725: cvHandleFailure(); ID=9265;
2026.09.29 10:56:54: ERROR (cvode) CVODE error code -15: At t = 107819, unable to satisfy inequality constraints. in /mnt/c/Users/fkubicsek/Downloads/CPP_kód_fejlesztése/fejlesztoi_main/Bubble_dynamics_simulation_CPP/submodules/sundials/src/cvode/cvode.c:3725: cvHandleFailure(); ID=9266;
2026.09.29 10:56:54: ERROR (cvode) CVODE error code -15: At t = 108123, unable to satisfy inequality constraints. in /mnt/c/Users/fkubicsek/Downloads/CPP_kód_fejlesztése/fejlesztoi_main/Bubble_dynamics_simulation_CPP/submodules/sundials/src/cvode/cvode.c:3725: cvHandleFailure(); ID=9267;
2026.09.29 10:56:54: ERROR (cvode) CVODE error code -15: At t = 109105, unable to satisfy inequality constraints. in /mnt/c/Users/fkubicsek/Downloads/CPP_kód_fejlesztése/fejlesztoi_main/Bubble_dynamics_simulation_CPP/submodules/sundials/src/cvode/cvode.c:3725: cvHandleFailure(); ID=9271;
2026.09.29 10:56:54: ERROR (cvode) CVODE error code -15: At t = 782099, unable to satisfy inequality constraints. in /mnt/c/Users/fkubicsek/Downloads/CPP_kód_fejlesztése/fejlesztoi_main/Bubble_dynamics_simulation_CPP/submodules/sundials/src/cvode/cvode.c:3725: cvHandleFailure(); ID=9259;
2026.09.29 10:56:54: ERROR (cvode) CVODE error code -15: At t = 108984, unable to satisfy inequality constraints. in /mnt/c/Users/fkubicsek/Downloads/CPP_kód_fejlesztése/fejlesztoi_main/Bubble_dynamics_simulation_CPP/submodules/sundials/src/cvode/cvode.c:3725: cvHandleFailure(); ID=9272;
2026.09.29 10:56:54: ERROR (cvode) CVODE error code -15: At t = 108758, unable to satisfy inequality constraints. in /mnt/c/Users/fkubicsek/Downloads/CPP_kód_fejlesztése/fejlesztoi_main/Bubble_dynamics_simulation_CPP/submodules/sundials/src/cvode/cvode.c:3725: cvHandleFailure(); ID=9273;
2026.09.29 10:56:54: ERROR (cvode) CVODE error code -15: At t = 1.10369e+06, unable to satisfy inequality constraints. in /mnt/c/Users/fkubicsek/Downloads/CPP_kód_fejlesztése/fejlesztoi_main/Bubble_dynamics_simulation_CPP/submodules/sundials/src/cvode/cvode.c:3725: cvHandleFailure(); ID=9258;
2026.09.29 10:56:54: ERROR (cvode) CVODE error code -15: At t = 108850, unable to satisfy inequality constraints. in /mnt/c/Users/fkubicsek/Downloads/CPP_kód_fejlesztése/fejlesztoi_main/Bubble_dynamics_simulation_CPP/submodules/sundials/src/cvode/cvode.c:3725: cvHandleFailure(); ID=9274;
2026.09.29 10:56:54: ERROR (cvode) CVODE error code -15: At t = 109214, unable to satisfy inequality constraints. in /mnt/c/Users/fkubicsek/Downloads/CPP_kód_fejlesztése/fejlesztoi_main/Bubble_dynamics_simulation_CPP/submodules/sundials/src/cvode/cvode.c:3725: cvHandleFailure(); ID=9276;
2026.09.29 10:56:54: ERROR (cvode) CVODE error code -15: At t = 109105, unable to satisfy inequality constraints. in /mnt/c/Users/fkubicsek/Downloads/CPP_kód_fejlesztése/fejlesztoi_main/Bubble_dynamics_simulation_CPP/submodules/sundials/src/cvode/cvode.c:3725: cvHandleFailure(); ID=9277;
2026.09.29 10:56:54: ERROR (cvode) CVODE error code -15: At t = 109999, unable to satisfy inequality constraints. in /mnt/c/Users/fkubicsek/Downloads/CPP_kód_fejlesztése/fejlesztoi_main/Bubble_dynamics_simulation_CPP/submodules/sundials/src/cvode/cvode.c:3725: cvHandleFailure(); ID=9278;
2026.09.29 10:56:54: ERROR (cvode) CVODE error code -15: At t = 907914, unable to satisfy inequality constraints. in /mnt/c/Users/fkubicsek/Downloads/CPP_kód_fejlesztése/fejlesztoi_main/Bubble_dynamics_simulation_CPP/submodules/sundials/src/cvode/cvode.c:3725: cvHandleFailure(); ID=9264;
2026.09.29 10:56:54: WARNING (odefun) Negative R or T: R=-4924.312607;   T=42958.197842 in ./src/ode_fun.cpp:108: check_before_call(); ID=9275;
2026.09.29 10:56:54: WARNING (odefun) Negative R or T: R=-11.521752;   T=68.990293 in ./src/ode_fun.cpp:108: check_before_call(); ID=9275;
2026.09.29 10:56:54: ERROR (cvode) CVODE error code -15: At t = 109586, unable to satisfy inequality constraints. in /mnt/c/Users/fkubicsek/Downloads/CPP_kód_fejlesztése/fejlesztoi_main/Bubble_dynamics_simulation_CPP/submodules/sundials/src/cvode/cvode.c:3725: cvHandleFailure(); ID=9281;
2026.09.29 10:56:54: ERROR (cvode) CVODE error code -15: At t = 897050, unable to satisfy inequality constraints. in /mnt/c/Users/fkubicsek/Downloads/CPP_kód_fejlesztése/fejlesztoi_main/Bubble_dynamics_simulation_CPP/submodules/sundials/src/cvode/cvode.c:3725: cvHandleFailure(); ID=9263;
2026.09.29 10:56:54: ERROR (cvode) CVODE error code -15: At t = 109810, unable to satisfy inequality constraints. in /mnt/c/Users/fkubicsek/Downloads/CPP_kód_fejlesztése/fejlesztoi_main/Bubble_dynamics_simulation_CPP/submodules/sundials/src/cvode/cvode.c:3725: cvHandleFailure(); ID=9282;
2026.09.29 10:56:54: ERROR (cvode) CVODE error code -15: At t = 255796, unable to satisfy inequality constraints. in /mnt/c/Users/fkubicsek/Downloads/CPP_kód_fejlesztése/fejlesztoi_main/Bubble_dynamics_simulation_CPP/submodules/sundials/src/cvode/cvode.c:3725: cvHandleFailure(); ID=9280;
2026.09.29 10:56:54: ERROR (cvode) CVODE error code -15: At t = 1.11848e+06, unable to satisfy inequality constraints. in /mnt/c/Users/fkubicsek/Downloads/CPP_kód_fejlesztése/fejlesztoi_main/Bubble_dynamics_simulation_CPP/submodules/sundials/src/cvode/cvode.c:3725: cvHandleFailure(); ID=9268;
2026.09.29 10:56:54: ERROR (cvode) CVODE error code -15: At t = 1.33204e+06, unable to satisfy inequality constraints. in /mnt/c/Users/fkubicsek/Downloads/CPP_kód_fejlesztése/fejlesztoi_main/Bubble_dynamics_simulation_CPP/submodules/sundials/src/cvode/cvode.c:3725: cvHandleFailure(); ID=9269;
2026.09.29 10:56:54: ERROR (cvode) CVODE error code -15: At t = 243128, unable to satisfy inequality constraints. in /mnt/c/Users/fkubicsek/Downloads/CPP_kód_fejlesztése/fejlesztoi_main/Bubble_dynamics_simulation_CPP/submodules/sundials/src/cvode/cvode.c:3725: cvHandleFailure(); ID=9284;
2026.09.29 10:56:54: ERROR (cvode) CVODE error code -15: At t = 1.25323e+06, unable to satisfy inequality constraints. in /mnt/c/Users/fkubicsek/Downloads/CPP_kód_fejlesztése/fejlesztoi_main/Bubble_dynamics_simulation_CPP/submodules/sundials/src/cvode/cvode.c:3725: cvHandleFailure(); ID=9270;
2026.09.29 10:56:54: ERROR (cvode) CVODE error code -15: At t = 110194, unable to satisfy inequality constraints. in /mnt/c/Users/fkubicsek/Downloads/CPP_kód_fejlesztése/fejlesztoi_main/Bubble_dynamics_simulation_CPP/submodules/sundials/src/cvode/cvode.c:3725: cvHandleFailure(); ID=9286;
2026.09.29 10:56:54: ERROR (cvode) CVODE error code -15: At t = 110284, unable to satisfy inequality constraints. in /mnt/c/Users/fkubicsek/Downloads/CPP_kód_fejlesztése/fejlesztoi_main/Bubble_dynamics_simulation_CPP/submodules/sundials/src/cvode/cvode.c:3725: cvHandleFailure(); ID=9288;
2026.09.29 10:56:54: ERROR (cvode) CVODE error code -15: At t = 111384, unable to satisfy inequality constraints. in /mnt/c/Users/fkubicsek/Downloads/CPP_kód_fejlesztése/fejlesztoi_main/Bubble_dynamics_simulation_CPP/submodules/sundials/src/cvode/cvode.c:3725: cvHandleFailure(); ID=9289;
2026.09.29 10:56:54: ERROR (cvode) CVODE error code -15: At t = 111573, unable to satisfy inequality constraints. in /mnt/c/Users/fkubicsek/Downloads/CPP_kód_fejlesztése/fejlesztoi_main/Bubble_dynamics_simulation_CPP/submodules/sundials/src/cvode/cvode.c:3725: cvHandleFailure(); ID=9290;
2026.09.29 10:56:54: ERROR (cvode) CVODE error code -15: At t = 110455, unable to satisfy inequality constraints. in /mnt/c/Users/fkubicsek/Downloads/CPP_kód_fejlesztése/fejlesztoi_main/Bubble_dynamics_simulation_CPP/submodules/sundials/src/cvode/cvode.c:3725: cvHandleFailure(); ID=9291;
2026.09.29 10:56:54: ERROR (cvode) CVODE error code -15: At t = 111010, unable to satisfy inequality constraints. in /mnt/c/Users/fkubicsek/Downloads/CPP_kód_fejlesztése/fejlesztoi_main/Bubble_dynamics_simulation_CPP/submodules/sundials/src/cvode/cvode.c:3725: cvHandleFailure(); ID=9293;
2026.09.29 10:56:54: ERROR (cvode) CVODE error code -15: At t = 111759, unable to satisfy inequality constraints. in /mnt/c/Users/fkubicsek/Downloads/CPP_kód_fejlesztése/fejlesztoi_main/Bubble_dynamics_simulation_CPP/submodules/sundials/src/cvode/cvode.c:3725: cvHandleFailure(); ID=9294;
2026.09.29 10:56:54: ERROR (cvode) CVODE error code -15: At t = 1.35072e+06, unable to satisfy inequality constraints. in /mnt/c/Users/fkubicsek/Downloads/CPP_kód_fejlesztése/fejlesztoi_main/Bubble_dynamics_simulation_CPP/submodules/sundials/src/cvode/cvode.c:3725: cvHandleFailure(); ID=9275;
2026.09.29 10:56:54: ERROR (cvode) CVODE error code -15: At t = 111178, unable to satisfy inequality constraints. in /mnt/c/Users/fkubicsek/Downloads/CPP_kód_fejlesztése/fejlesztoi_main/Bubble_dynamics_simulation_CPP/submodules/sundials/src/cvode/cvode.c:3725: cvHandleFailure(); ID=9295;
2026.09.29 10:56:54: ERROR (cvode) CVODE error code -15: At t = 111805, unable to satisfy inequality constraints. in /mnt/c/Users/fkubicsek/Downloads/CPP_kód_fejlesztése/fejlesztoi_main/Bubble_dynamics_simulation_CPP/submodules/sundials/src/cvode/cvode.c:3725: cvHandleFailure(); ID=9296;
2026.09.29 10:56:54: ERROR (cvode) CVODE error code -15: At t = 111619, unable to satisfy inequality constraints. in /mnt/c/Users/fkubicsek/Downloads/CPP_kód_fejlesztése/fejlesztoi_main/Bubble_dynamics_simulation_CPP/submodules/sundials/src/cvode/cvode.c:3725: cvHandleFailure(); ID=9297;
2026.09.29 10:56:54: ERROR (cvode) CVODE error code -15: At t = 111504, unable to satisfy inequality constraints. in /mnt/c/Users/fkubicsek/Downloads/CPP_kód_fejlesztése/fejlesztoi_main/Bubble_dynamics_simulation_CPP/submodules/sundials/src/cvode/cvode.c:3725: cvHandleFailure(); ID=9298;
2026.09.29 10:56:54: ERROR (cvode) CVODE error code -15: At t = 111563, unable to satisfy inequality constraints. in /mnt/c/Users/fkubicsek/Downloads/CPP_kód_fejlesztése/fejlesztoi_main/Bubble_dynamics_simulation_CPP/submodules/sundials/src/cvode/cvode.c:3725: cvHandleFailure(); ID=9299;
2026.09.29 10:56:54: ERROR (cvode) CVODE error code -15: At t = 116751, unable to satisfy inequality constraints. in /mnt/c/Users/fkubicsek/Downloads/CPP_kód_fejlesztése/fejlesztoi_main/Bubble_dynamics_simulation_CPP/submodules/sundials/src/cvode/cvode.c:3725: cvHandleFailure(); ID=9300;
2026.09.29 10:56:54: ERROR (cvode) CVODE error code -15: At t = 122154, unable to satisfy inequality constraints. in /mnt/c/Users/fkubicsek/Downloads/CPP_kód_fejlesztése/fejlesztoi_main/Bubble_dynamics_simulation_CPP/submodules/sundials/src/cvode/cvode.c:3725: cvHandleFailure(); ID=9302;
2026.09.29 10:56:54: WARNING (postprocess) Dissipated energy is negative: -0.000212 in ./src/ode_solution.cpp:309: postprocess(); ID=9302;
2026.09.29 10:56:54: WARNING (postprocess) Energy demand is negative: -1022064869.541849 in ./src/ode_solution.cpp:381: postprocess(); ID=9302;
2026.09.29 10:56:54: ERROR (cvode) CVODE error code -15: At t = 125098, unable to satisfy inequality constraints. in /mnt/c/Users/fkubicsek/Downloads/CPP_kód_fejlesztése/fejlesztoi_main/Bubble_dynamics_simulation_CPP/submodules/sundials/src/cvode/cvode.c:3725: cvHandleFailure(); ID=9301;
2026.09.29 10:56:54: ERROR (cvode) CVODE error code -15: At t = 118295, unable to satisfy inequality constraints. in /mnt/c/Users/fkubicsek/Downloads/CPP_kód_fejlesztése/fejlesztoi_main/Bubble_dynamics_simulation_CPP/submodules/sundials/src/cvode/cvode.c:3725: cvHandleFailure(); ID=9303;
2026.09.29 10:56:54: WARNING (postprocess) Dissipated energy is negative: -0.000071 in ./src/ode_solution.cpp:309: postprocess(); ID=9303;
2026.09.29 10:56:54: WARNING (postprocess) Dissipated energy is negative: -0.000291 in ./src/ode_solution.cpp:309: postprocess(); ID=9301;
2026.09.29 10:56:54: WARNING (postprocess) Energy demand is negative: -34434380.048020 in ./src/ode_solution.cpp:381: postprocess(); ID=9303;
2026.09.29 10:56:54: ERROR (cvode) CVODE error code -15: At t = 117948, unable to satisfy inequality constraints. in /mnt/c/Users/fkubicsek/Downloads/CPP_kód_fejlesztése/fejlesztoi_main/Bubble_dynamics_simulation_CPP/submodules/sundials/src/cvode/cvode.c:3725: cvHandleFailure(); ID=9304;
2026.09.29 10:56:54: WARNING (postprocess) Dissipated energy is negative: -0.000055 in ./src/ode_solution.cpp:309: postprocess(); ID=9304;
2026.09.29 10:56:54: WARNING (postprocess) Energy demand is negative: -33778922.626125 in ./src/ode_solution.cpp:381: postprocess(); ID=9304;
2026.09.29 10:56:54: ERROR (cvode) CVODE error code -15: At t = 117691, unable to satisfy inequality constraints. in /mnt/c/Users/fkubicsek/Downloads/CPP_kód_fejlesztése/fejlesztoi_main/Bubble_dynamics_simulation_CPP/submodules/sundials/src/cvode/cvode.c:3725: cvHandleFailure(); ID=9305;
2026.09.29 10:56:54: WARNING (postprocess) Dissipated energy is negative: -0.000043 in ./src/ode_solution.cpp:309: postprocess(); ID=9305;
2026.09.29 10:56:54: WARNING (postprocess) Energy demand is negative: -24077971.094536 in ./src/ode_solution.cpp:381: postprocess(); ID=9305;
2026.09.29 10:56:54: ERROR (cvode) CVODE error code -15: At t = 117659, unable to satisfy inequality constraints. in /mnt/c/Users/fkubicsek/Downloads/CPP_kód_fejlesztése/fejlesztoi_main/Bubble_dynamics_simulation_CPP/submodules/sundials/src/cvode/cvode.c:3725: cvHandleFailure(); ID=9306;
2026.09.29 10:56:54: WARNING (postprocess) Dissipated energy is negative: -0.000039 in ./src/ode_solution.cpp:309: postprocess(); ID=9306;
2026.09.29 10:56:54: WARNING (postprocess) Energy demand is negative: -49104099.918906 in ./src/ode_solution.cpp:381: postprocess(); ID=9306;
2026.09.29 10:56:54: ERROR (cvode) CVODE error code -15: At t = 122660, unable to satisfy inequality constraints. in /mnt/c/Users/fkubicsek/Downloads/CPP_kód_fejlesztése/fejlesztoi_main/Bubble_dynamics_simulation_CPP/submodules/sundials/src/cvode/cvode.c:3725: cvHandleFailure(); ID=9308;
2026.09.29 10:56:54: WARNING (postprocess) Dissipated energy is negative: -0.000218 in ./src/ode_solution.cpp:309: postprocess(); ID=9308;
2026.09.29 10:56:54: WARNING (postprocess) Energy demand is negative: -170266367.922071 in ./src/ode_solution.cpp:381: postprocess(); ID=9308;
2026.09.29 10:56:54: ERROR (cvode) CVODE error code -15: At t = 120899, unable to satisfy inequality constraints. in /mnt/c/Users/fkubicsek/Downloads/CPP_kód_fejlesztése/fejlesztoi_main/Bubble_dynamics_simulation_CPP/submodules/sundials/src/cvode/cvode.c:3725: cvHandleFailure(); ID=9309;
2026.09.29 10:56:54: WARNING (postprocess) Dissipated energy is negative: -0.000158 in ./src/ode_solution.cpp:309: postprocess(); ID=9309;
2026.09.29 10:56:54: WARNING (postprocess) Energy demand is negative: -100752006.995557 in ./src/ode_solution.cpp:381: postprocess(); ID=9309;
2026.09.29 10:56:54: ERROR (cvode) CVODE error code -15: At t = 250868, unable to satisfy inequality constraints. in /mnt/c/Users/fkubicsek/Downloads/CPP_kód_fejlesztése/fejlesztoi_main/Bubble_dynamics_simulation_CPP/submodules/sundials/src/cvode/cvode.c:3725: cvHandleFailure(); ID=9307;
2026.09.29 10:56:54: ERROR (cvode) CVODE error code -15: At t = 123854, unable to satisfy inequality constraints. in /mnt/c/Users/fkubicsek/Downloads/CPP_kód_fejlesztése/fejlesztoi_main/Bubble_dynamics_simulation_CPP/submodules/sundials/src/cvode/cvode.c:3725: cvHandleFailure(); ID=9310;
2026.09.29 10:56:54: WARNING (postprocess) Dissipated energy is negative: -0.000242 in ./src/ode_solution.cpp:309: postprocess(); ID=9310;
2026.09.29 10:56:54: WARNING (postprocess) Energy demand is negative: -2008610780.204828 in ./src/ode_solution.cpp:381: postprocess(); ID=9310;
2026.09.29 10:56:54: ERROR (cvode) CVODE error code -15: At t = 119628, unable to satisfy inequality constraints. in /mnt/c/Users/fkubicsek/Downloads/CPP_kód_fejlesztése/fejlesztoi_main/Bubble_dynamics_simulation_CPP/submodules/sundials/src/cvode/cvode.c:3725: cvHandleFailure(); ID=9313;
2026.09.29 10:56:54: WARNING (postprocess) Dissipated energy is negative: -0.000089 in ./src/ode_solution.cpp:309: postprocess(); ID=9313;
2026.09.29 10:56:54: WARNING (postprocess) Energy demand is negative: -39304228.387436 in ./src/ode_solution.cpp:381: postprocess(); ID=9313;
2026.09.29 10:56:54: ERROR (cvode) CVODE error code -15: At t = 118468, unable to satisfy inequality constraints. in /mnt/c/Users/fkubicsek/Downloads/CPP_kód_fejlesztése/fejlesztoi_main/Bubble_dynamics_simulation_CPP/submodules/sundials/src/cvode/cvode.c:3725: cvHandleFailure(); ID=9314;
2026.09.29 10:56:54: WARNING (postprocess) Dissipated energy is negative: -0.000033 in ./src/ode_solution.cpp:309: postprocess(); ID=9314;
2026.09.29 10:56:54: WARNING (postprocess) Energy demand is negative: -6955205.286838 in ./src/ode_solution.cpp:381: postprocess(); ID=9314;
2026.09.29 10:56:54: ERROR (cvode) CVODE error code -15: At t = 502021, unable to satisfy inequality constraints. in /mnt/c/Users/fkubicsek/Downloads/CPP_kód_fejlesztése/fejlesztoi_main/Bubble_dynamics_simulation_CPP/submodules/sundials/src/cvode/cvode.c:3725: cvHandleFailure(); ID=9312;
2026.09.29 10:56:54: ERROR (cvode) CVODE error code -15: At t = 123300, unable to satisfy inequality constraints. in /mnt/c/Users/fkubicsek/Downloads/CPP_kód_fejlesztése/fejlesztoi_main/Bubble_dynamics_simulation_CPP/submodules/sundials/src/cvode/cvode.c:3725: cvHandleFailure(); ID=9315;
2026.09.29 10:56:54: WARNING (postprocess) Dissipated energy is negative: -0.000193 in ./src/ode_solution.cpp:309: postprocess(); ID=9315;
2026.09.29 10:56:54: WARNING (postprocess) Energy demand is negative: -173136963.926439 in ./src/ode_solution.cpp:381: postprocess(); ID=9315;
2026.09.29 10:56:54: ERROR (cvode) CVODE error code -15: At t = 620690, unable to satisfy inequality constraints. in /mnt/c/Users/fkubicsek/Downloads/CPP_kód_fejlesztése/fejlesztoi_main/Bubble_dynamics_simulation_CPP/submodules/sundials/src/cvode/cvode.c:3725: cvHandleFailure(); ID=9311;
2026.09.29 10:56:54: ERROR (cvode) CVODE error code -15: At t = 123168, unable to satisfy inequality constraints. in /mnt/c/Users/fkubicsek/Downloads/CPP_kód_fejlesztése/fejlesztoi_main/Bubble_dynamics_simulation_CPP/submodules/sundials/src/cvode/cvode.c:3725: cvHandleFailure(); ID=9317;
2026.09.29 10:56:54: WARNING (postprocess) Dissipated energy is negative: -0.000171 in ./src/ode_solution.cpp:309: postprocess(); ID=9317;
2026.09.29 10:56:54: WARNING (postprocess) Energy demand is negative: -49157069.670081 in ./src/ode_solution.cpp:381: postprocess(); ID=9317;
2026.09.29 10:56:54: ERROR (cvode) CVODE error code -15: At t = 121519, unable to satisfy inequality constraints. in /mnt/c/Users/fkubicsek/Downloads/CPP_kód_fejlesztése/fejlesztoi_main/Bubble_dynamics_simulation_CPP/submodules/sundials/src/cvode/cvode.c:3725: cvHandleFailure(); ID=9318;
2026.09.29 10:56:54: WARNING (postprocess) Dissipated energy is negative: -0.000110 in ./src/ode_solution.cpp:309: postprocess(); ID=9318;
2026.09.29 10:56:54: WARNING (postprocess) Energy demand is negative: -116393187.912823 in ./src/ode_solution.cpp:381: postprocess(); ID=9318;
2026.09.29 10:56:54: ERROR (cvode) CVODE error code -15: At t = 256734, unable to satisfy inequality constraints. in /mnt/c/Users/fkubicsek/Downloads/CPP_kód_fejlesztése/fejlesztoi_main/Bubble_dynamics_simulation_CPP/submodules/sundials/src/cvode/cvode.c:3725: cvHandleFailure(); ID=9316;
2026.09.29 10:56:54: ERROR (cvode) CVODE error code -15: At t = 124896, unable to satisfy inequality constraints. in /mnt/c/Users/fkubicsek/Downloads/CPP_kód_fejlesztése/fejlesztoi_main/Bubble_dynamics_simulation_CPP/submodules/sundials/src/cvode/cvode.c:3725: cvHandleFailure(); ID=9322;
2026.09.29 10:56:54: WARNING (postprocess) Dissipated energy is negative: -0.000159 in ./src/ode_solution.cpp:309: postprocess(); ID=9322;
2026.09.29 10:56:54: WARNING (postprocess) Energy demand is negative: -54745793.229488 in ./src/ode_solution.cpp:381: postprocess(); ID=9322;
2026.09.29 10:56:54: ERROR (cvode) CVODE error code -15: At t = 121586, unable to satisfy inequality constraints. in /mnt/c/Users/fkubicsek/Downloads/CPP_kód_fejlesztése/fejlesztoi_main/Bubble_dynamics_simulation_CPP/submodules/sundials/src/cvode/cvode.c:3725: cvHandleFailure(); ID=9323;
2026.09.29 10:56:54: WARNING (postprocess) Dissipated energy is negative: -0.000050 in ./src/ode_solution.cpp:309: postprocess(); ID=9323;
2026.09.29 10:56:54: WARNING (postprocess) Energy demand is negative: -30566556.068553 in ./src/ode_solution.cpp:381: postprocess(); ID=9323;
2026.09.29 10:56:54: ERROR (cvode) CVODE error code -15: At t = 339102, unable to satisfy inequality constraints. in /mnt/c/Users/fkubicsek/Downloads/CPP_kód_fejlesztése/fejlesztoi_main/Bubble_dynamics_simulation_CPP/submodules/sundials/src/cvode/cvode.c:3725: cvHandleFailure(); ID=9319;
2026.09.29 10:56:54: ERROR (odefun) x_dimless_dot[1] is NaN. t_dimless = 1.81035471519463276e+06;    x_dimless = {6.51410367774215247e+06, 1.85576550945752388e+03, 2.01850956383719742e+07, 0.00000000000000000e+00, 3.24954486858230121e+03, 8.19294836030674989e-01, -3.36680706800202758e-12, 0.00000000000000000e+00, 2.92313532754756677e-05, 2.48614199806709263e-01, 1.78840068207048532e-04, 9.96257826228447163e-03, 9.66028069843707223e-12, 5.10190319422496771e+02, 5.79624869953867901e+01, -1.24629806915471590e+03, 4.28561030905647394e-09, 4.13062977701953569e+04};    x_dimless_dot = {1.85576550945752365e+03, -nan, -nan, 0.00000000000000000e+00, -nan, -nan, -nan, 0.00000000000000000e+00, -nan, -nan, -nan, -nan, -nan, -nan, -nan, -nan, -nan, -nan} in ./src/ode_fun.cpp:140: check_after_call(); ID=9320;
2026.09.29 10:56:54: ERROR (cvode) CVODE error code -10: At t = 457790 repeated recoverable right-hand side function errors. in /mnt/c/Users/fkubicsek/Downloads/CPP_kód_fejlesztése/fejlesztoi_main/Bubble_dynamics_simulation_CPP/submodules/sundials/src/cvode/cvode.c:3702: cvHandleFailure(); ID=9320;
2026.09.29 10:56:54: ERROR (cvode) CVODE error code -15: At t = 116621, unable to satisfy inequality constraints. in /mnt/c/Users/fkubicsek/Downloads/CPP_kód_fejlesztése/fejlesztoi_main/Bubble_dynamics_simulation_CPP/submodules/sundials/src/cvode/cvode.c:3725: cvHandleFailure(); ID=9325;
2026.09.29 10:56:54: ERROR (cvode) CVODE error code -15: At t = 128877, unable to satisfy inequality constraints. in /mnt/c/Users/fkubicsek/Downloads/CPP_kód_fejlesztése/fejlesztoi_main/Bubble_dynamics_simulation_CPP/submodules/sundials/src/cvode/cvode.c:3725: cvHandleFailure(); ID=9326;
2026.09.29 10:56:54: WARNING (postprocess) Dissipated energy is negative: -0.000188 in ./src/ode_solution.cpp:309: postprocess(); ID=9326;
2026.09.29 10:56:54: ERROR (cvode) CVODE error code -15: At t = 120668, unable to satisfy inequality constraints. in /mnt/c/Users/fkubicsek/Downloads/CPP_kód_fejlesztése/fejlesztoi_main/Bubble_dynamics_simulation_CPP/submodules/sundials/src/cvode/cvode.c:3725: cvHandleFailure(); ID=9328;
2026.09.29 10:56:54: WARNING (postprocess) Energy demand is negative: -300015276.550758 in ./src/ode_solution.cpp:381: postprocess(); ID=9326;
2026.09.29 10:56:54: ERROR (cvode) CVODE error code -15: At t = 124139, unable to satisfy inequality constraints. in /mnt/c/Users/fkubicsek/Downloads/CPP_kód_fejlesztése/fejlesztoi_main/Bubble_dynamics_simulation_CPP/submodules/sundials/src/cvode/cvode.c:3725: cvHandleFailure(); ID=9327;
2026.09.29 10:56:54: WARNING (postprocess) Dissipated energy is negative: -0.000066 in ./src/ode_solution.cpp:309: postprocess(); ID=9327;
2026.09.29 10:56:54: WARNING (postprocess) Energy demand is negative: -21270542.872463 in ./src/ode_solution.cpp:381: postprocess(); ID=9327;
2026.09.29 10:56:54: ERROR (cvode) CVODE error code -15: At t = 119603, unable to satisfy inequality constraints. in /mnt/c/Users/fkubicsek/Downloads/CPP_kód_fejlesztése/fejlesztoi_main/Bubble_dynamics_simulation_CPP/submodules/sundials/src/cvode/cvode.c:3725: cvHandleFailure(); ID=9332;
2026.09.29 10:56:54: ERROR (cvode) CVODE error code -15: At t = 120351, unable to satisfy inequality constraints. in /mnt/c/Users/fkubicsek/Downloads/CPP_kód_fejlesztése/fejlesztoi_main/Bubble_dynamics_simulation_CPP/submodules/sundials/src/cvode/cvode.c:3725: cvHandleFailure(); ID=9331;
2026.09.29 10:56:54: ERROR (cvode) CVODE error code -15: At t = 123654, unable to satisfy inequality constraints. in /mnt/c/Users/fkubicsek/Downloads/CPP_kód_fejlesztése/fejlesztoi_main/Bubble_dynamics_simulation_CPP/submodules/sundials/src/cvode/cvode.c:3725: cvHandleFailure(); ID=9330;
2026.09.29 10:56:54: WARNING (postprocess) Dissipated energy is negative: -0.000001 in ./src/ode_solution.cpp:309: postprocess(); ID=9330;
2026.09.29 10:56:54: WARNING (postprocess) Energy demand is negative: -241339.746361 in ./src/ode_solution.cpp:381: postprocess(); ID=9330;
2026.09.29 10:56:54: ERROR (cvode) CVODE error code -15: At t = 123834, unable to satisfy inequality constraints. in /mnt/c/Users/fkubicsek/Downloads/CPP_kód_fejlesztése/fejlesztoi_main/Bubble_dynamics_simulation_CPP/submodules/sundials/src/cvode/cvode.c:3725: cvHandleFailure(); ID=9334;
2026.09.29 10:56:54: ERROR (cvode) CVODE error code -15: At t = 117710, unable to satisfy inequality constraints. in /mnt/c/Users/fkubicsek/Downloads/CPP_kód_fejlesztése/fejlesztoi_main/Bubble_dynamics_simulation_CPP/submodules/sundials/src/cvode/cvode.c:3725: cvHandleFailure(); ID=9335;
2026.09.29 10:56:54: ERROR (cvode) CVODE error code -15: At t = 120003, unable to satisfy inequality constraints. in /mnt/c/Users/fkubicsek/Downloads/CPP_kód_fejlesztése/fejlesztoi_main/Bubble_dynamics_simulation_CPP/submodules/sundials/src/cvode/cvode.c:3725: cvHandleFailure(); ID=9336;
2026.09.29 10:56:54: ERROR (cvode) CVODE error code -15: At t = 107389, unable to satisfy inequality constraints. in /mnt/c/Users/fkubicsek/Downloads/CPP_kód_fejlesztése/fejlesztoi_main/Bubble_dynamics_simulation_CPP/submodules/sundials/src/cvode/cvode.c:3725: cvHandleFailure(); ID=9338;
2026.09.29 10:56:54: ERROR (cvode) CVODE error code -15: At t = 122127, unable to satisfy inequality constraints. in /mnt/c/Users/fkubicsek/Downloads/CPP_kód_fejlesztése/fejlesztoi_main/Bubble_dynamics_simulation_CPP/submodules/sundials/src/cvode/cvode.c:3725: cvHandleFailure(); ID=9337;
2026.09.29 10:56:54: ERROR (cvode) CVODE error code -15: At t = 884300, unable to satisfy inequality constraints. in /mnt/c/Users/fkubicsek/Downloads/CPP_kód_fejlesztése/fejlesztoi_main/Bubble_dynamics_simulation_CPP/submodules/sundials/src/cvode/cvode.c:3725: cvHandleFailure(); ID=9321;
2026.09.29 10:56:54: ERROR (cvode) CVODE error code -15: At t = 655092, unable to satisfy inequality constraints. in /mnt/c/Users/fkubicsek/Downloads/CPP_kód_fejlesztése/fejlesztoi_main/Bubble_dynamics_simulation_CPP/submodules/sundials/src/cvode/cvode.c:3725: cvHandleFailure(); ID=9324;
2026.09.29 10:56:54: ERROR (cvode) CVODE error code -15: At t = 121695, unable to satisfy inequality constraints. in /mnt/c/Users/fkubicsek/Downloads/CPP_kód_fejlesztése/fejlesztoi_main/Bubble_dynamics_simulation_CPP/submodules/sundials/src/cvode/cvode.c:3725: cvHandleFailure(); ID=9340;
2026.09.29 10:56:54: ERROR (cvode) CVODE error code -15: At t = 121940, unable to satisfy inequality constraints. in /mnt/c/Users/fkubicsek/Downloads/CPP_kód_fejlesztése/fejlesztoi_main/Bubble_dynamics_simulation_CPP/submodules/sundials/src/cvode/cvode.c:3725: cvHandleFailure(); ID=9341;
2026.09.29 10:56:54: ERROR (cvode) CVODE error code -15: At t = 121456, unable to satisfy inequality constraints. in /mnt/c/Users/fkubicsek/Downloads/CPP_kód_fejlesztése/fejlesztoi_main/Bubble_dynamics_simulation_CPP/submodules/sundials/src/cvode/cvode.c:3725: cvHandleFailure(); ID=9343;
2026.09.29 10:56:54: ERROR (cvode) CVODE error code -15: At t = 129446, unable to satisfy inequality constraints. in /mnt/c/Users/fkubicsek/Downloads/CPP_kód_fejlesztése/fejlesztoi_main/Bubble_dynamics_simulation_CPP/submodules/sundials/src/cvode/cvode.c:3725: cvHandleFailure(); ID=9344;
2026.09.29 10:56:54: ERROR (cvode) CVODE error code -15: At t = 670758, unable to satisfy inequality constraints. in /mnt/c/Users/fkubicsek/Downloads/CPP_kód_fejlesztése/fejlesztoi_main/Bubble_dynamics_simulation_CPP/submodules/sundials/src/cvode/cvode.c:3725: cvHandleFailure(); ID=9329;
2026.09.29 10:56:54: ERROR (cvode) CVODE error code -15: At t = 122491, unable to satisfy inequality constraints. in /mnt/c/Users/fkubicsek/Downloads/CPP_kód_fejlesztése/fejlesztoi_main/Bubble_dynamics_simulation_CPP/submodules/sundials/src/cvode/cvode.c:3725: cvHandleFailure(); ID=9345;
2026.09.29 10:56:54: ERROR (cvode) CVODE error code -15: At t = 267239, unable to satisfy inequality constraints. in /mnt/c/Users/fkubicsek/Downloads/CPP_kód_fejlesztése/fejlesztoi_main/Bubble_dynamics_simulation_CPP/submodules/sundials/src/cvode/cvode.c:3725: cvHandleFailure(); ID=9342;
2026.09.29 10:56:55: ERROR (cvode) CVODE error code -15: At t = 122871, unable to satisfy inequality constraints. in /mnt/c/Users/fkubicsek/Downloads/CPP_kód_fejlesztése/fejlesztoi_main/Bubble_dynamics_simulation_CPP/submodules/sundials/src/cvode/cvode.c:3725: cvHandleFailure(); ID=9349;
2026.09.29 10:56:55: ERROR (cvode) CVODE error code -15: At t = 544557, unable to satisfy inequality constraints. in /mnt/c/Users/fkubicsek/Downloads/CPP_kód_fejlesztése/fejlesztoi_main/Bubble_dynamics_simulation_CPP/submodules/sundials/src/cvode/cvode.c:3725: cvHandleFailure(); ID=9339;
2026.09.29 10:56:55: ERROR (cvode) CVODE error code -15: At t = 123471, unable to satisfy inequality constraints. in /mnt/c/Users/fkubicsek/Downloads/CPP_kód_fejlesztése/fejlesztoi_main/Bubble_dynamics_simulation_CPP/submodules/sundials/src/cvode/cvode.c:3725: cvHandleFailure(); ID=9351;
2026.09.29 10:56:55: ERROR (cvode) CVODE error code -15: At t = 411740, unable to satisfy inequality constraints. in /mnt/c/Users/fkubicsek/Downloads/CPP_kód_fejlesztése/fejlesztoi_main/Bubble_dynamics_simulation_CPP/submodules/sundials/src/cvode/cvode.c:3725: cvHandleFailure(); ID=9347;
2026.09.29 10:56:55: ERROR (cvode) CVODE error code -15: At t = 120934, unable to satisfy inequality constraints. in /mnt/c/Users/fkubicsek/Downloads/CPP_kód_fejlesztése/fejlesztoi_main/Bubble_dynamics_simulation_CPP/submodules/sundials/src/cvode/cvode.c:3725: cvHandleFailure(); ID=9354;
2026.09.29 10:56:55: ERROR (cvode) CVODE error code -15: At t = 126488, unable to satisfy inequality constraints. in /mnt/c/Users/fkubicsek/Downloads/CPP_kód_fejlesztése/fejlesztoi_main/Bubble_dynamics_simulation_CPP/submodules/sundials/src/cvode/cvode.c:3725: cvHandleFailure(); ID=9352;
2026.09.29 10:56:55: ERROR (cvode) CVODE error code -15: At t = 108307, unable to satisfy inequality constraints. in /mnt/c/Users/fkubicsek/Downloads/CPP_kód_fejlesztése/fejlesztoi_main/Bubble_dynamics_simulation_CPP/submodules/sundials/src/cvode/cvode.c:3725: cvHandleFailure(); ID=9356;
2026.09.29 10:56:55: ERROR (cvode) CVODE error code -15: At t = 279235, unable to satisfy inequality constraints. in /mnt/c/Users/fkubicsek/Downloads/CPP_kód_fejlesztése/fejlesztoi_main/Bubble_dynamics_simulation_CPP/submodules/sundials/src/cvode/cvode.c:3725: cvHandleFailure(); ID=9353;
2026.09.29 10:56:55: ERROR (cvode) CVODE error code -4: At t = 428430 and h = 1568.4, the corrector convergence test failed repeatedly or with |h| = hmin. in /mnt/c/Users/fkubicsek/Downloads/CPP_kód_fejlesztése/fejlesztoi_main/Bubble_dynamics_simulation_CPP/submodules/sundials/src/cvode/cvode.c:3682: cvHandleFailure(); ID=9350;
2026.09.29 10:56:55: ERROR (cvode) CVODE error code -15: At t = 127332, unable to satisfy inequality constraints. in /mnt/c/Users/fkubicsek/Downloads/CPP_kód_fejlesztése/fejlesztoi_main/Bubble_dynamics_simulation_CPP/submodules/sundials/src/cvode/cvode.c:3725: cvHandleFailure(); ID=9357;
2026.09.29 10:56:55: ERROR (cvode) CVODE error code -15: At t = 109212, unable to satisfy inequality constraints. in /mnt/c/Users/fkubicsek/Downloads/CPP_kód_fejlesztése/fejlesztoi_main/Bubble_dynamics_simulation_CPP/submodules/sundials/src/cvode/cvode.c:3725: cvHandleFailure(); ID=9359;
2026.09.29 10:56:55: ERROR (cvode) CVODE error code -15: At t = 123130, unable to satisfy inequality constraints. in /mnt/c/Users/fkubicsek/Downloads/CPP_kód_fejlesztése/fejlesztoi_main/Bubble_dynamics_simulation_CPP/submodules/sundials/src/cvode/cvode.c:3725: cvHandleFailure(); ID=9358;
2026.09.29 10:56:55: ERROR (cvode) CVODE error code -15: At t = 1.02779e+06, unable to satisfy inequality constraints. in /mnt/c/Users/fkubicsek/Downloads/CPP_kód_fejlesztése/fejlesztoi_main/Bubble_dynamics_simulation_CPP/submodules/sundials/src/cvode/cvode.c:3725: cvHandleFailure(); ID=9346;
2026.09.29 10:56:55: ERROR (cvode) CVODE error code -15: At t = 109097, unable to satisfy inequality constraints. in /mnt/c/Users/fkubicsek/Downloads/CPP_kód_fejlesztése/fejlesztoi_main/Bubble_dynamics_simulation_CPP/submodules/sundials/src/cvode/cvode.c:3725: cvHandleFailure(); ID=9362;
2026.09.29 10:56:55: ERROR (cvode) CVODE error code -15: At t = 1.59607e+06, unable to satisfy inequality constraints. in /mnt/c/Users/fkubicsek/Downloads/CPP_kód_fejlesztése/fejlesztoi_main/Bubble_dynamics_simulation_CPP/submodules/sundials/src/cvode/cvode.c:3725: cvHandleFailure(); ID=9333;
2026.09.29 10:56:55: ERROR (cvode) CVODE error code -15: At t = 414810, unable to satisfy inequality constraints. in /mnt/c/Users/fkubicsek/Downloads/CPP_kód_fejlesztése/fejlesztoi_main/Bubble_dynamics_simulation_CPP/submodules/sundials/src/cvode/cvode.c:3725: cvHandleFailure(); ID=9355;
2026.09.29 10:56:55: ERROR (cvode) CVODE error code -15: At t = 136695, unable to satisfy inequality constraints. in /mnt/c/Users/fkubicsek/Downloads/CPP_kód_fejlesztése/fejlesztoi_main/Bubble_dynamics_simulation_CPP/submodules/sundials/src/cvode/cvode.c:3725: cvHandleFailure(); ID=9364;
2026.09.29 10:56:55: ERROR (cvode) CVODE error code -15: At t = 109824, unable to satisfy inequality constraints. in /mnt/c/Users/fkubicsek/Downloads/CPP_kód_fejlesztése/fejlesztoi_main/Bubble_dynamics_simulation_CPP/submodules/sundials/src/cvode/cvode.c:3725: cvHandleFailure(); ID=9368;
2026.09.29 10:56:55: ERROR (cvode) CVODE error code -15: At t = 123135, unable to satisfy inequality constraints. in /mnt/c/Users/fkubicsek/Downloads/CPP_kód_fejlesztése/fejlesztoi_main/Bubble_dynamics_simulation_CPP/submodules/sundials/src/cvode/cvode.c:3725: cvHandleFailure(); ID=9369;
2026.09.29 10:56:55: ERROR (cvode) CVODE error code -15: At t = 930493, unable to satisfy inequality constraints. in /mnt/c/Users/fkubicsek/Downloads/CPP_kód_fejlesztése/fejlesztoi_main/Bubble_dynamics_simulation_CPP/submodules/sundials/src/cvode/cvode.c:3725: cvHandleFailure(); ID=9360;
2026.09.29 10:56:55: ERROR (cvode) CVODE error code -15: At t = 680083, unable to satisfy inequality constraints. in /mnt/c/Users/fkubicsek/Downloads/CPP_kód_fejlesztése/fejlesztoi_main/Bubble_dynamics_simulation_CPP/submodules/sundials/src/cvode/cvode.c:3725: cvHandleFailure(); ID=9367;
2026.09.29 10:56:55: ERROR (cvode) CVODE error code -15: At t = 1.15373e+06, unable to satisfy inequality constraints. in /mnt/c/Users/fkubicsek/Downloads/CPP_kód_fejlesztése/fejlesztoi_main/Bubble_dynamics_simulation_CPP/submodules/sundials/src/cvode/cvode.c:3725: cvHandleFailure(); ID=9363;
2026.09.29 10:56:55: ERROR (cvode) CVODE error code -15: At t = 1.04824e+06, unable to satisfy inequality constraints. in /mnt/c/Users/fkubicsek/Downloads/CPP_kód_fejlesztése/fejlesztoi_main/Bubble_dynamics_simulation_CPP/submodules/sundials/src/cvode/cvode.c:3725: cvHandleFailure(); ID=9361;
2026.09.29 10:56:55: ERROR (cvode) CVODE error code -15: At t = 110181, unable to satisfy inequality constraints. in /mnt/c/Users/fkubicsek/Downloads/CPP_kód_fejlesztése/fejlesztoi_main/Bubble_dynamics_simulation_CPP/submodules/sundials/src/cvode/cvode.c:3725: cvHandleFailure(); ID=9372;
2026.09.29 10:56:55: ERROR (cvode) CVODE error code -15: At t = 422079, unable to satisfy inequality constraints. in /mnt/c/Users/fkubicsek/Downloads/CPP_kód_fejlesztése/fejlesztoi_main/Bubble_dynamics_simulation_CPP/submodules/sundials/src/cvode/cvode.c:3725: cvHandleFailure(); ID=9370;
2026.09.29 10:56:55: ERROR (cvode) CVODE error code -15: At t = 947913, unable to satisfy inequality constraints. in /mnt/c/Users/fkubicsek/Downloads/CPP_kód_fejlesztése/fejlesztoi_main/Bubble_dynamics_simulation_CPP/submodules/sundials/src/cvode/cvode.c:3725: cvHandleFailure(); ID=9366;
2026.09.29 10:56:55: ERROR (cvode) CVODE error code -15: At t = 1.27591e+06, unable to satisfy inequality constraints. in /mnt/c/Users/fkubicsek/Downloads/CPP_kód_fejlesztése/fejlesztoi_main/Bubble_dynamics_simulation_CPP/submodules/sundials/src/cvode/cvode.c:3725: cvHandleFailure(); ID=9365;
2026.09.29 10:56:55: ERROR (cvode) CVODE error code -15: At t = 110594, unable to satisfy inequality constraints. in /mnt/c/Users/fkubicsek/Downloads/CPP_kód_fejlesztése/fejlesztoi_main/Bubble_dynamics_simulation_CPP/submodules/sundials/src/cvode/cvode.c:3725: cvHandleFailure(); ID=9377;
2026.09.29 10:56:55: ERROR (cvode) CVODE error code -15: At t = 113462, unable to satisfy inequality constraints. in /mnt/c/Users/fkubicsek/Downloads/CPP_kód_fejlesztése/fejlesztoi_main/Bubble_dynamics_simulation_CPP/submodules/sundials/src/cvode/cvode.c:3725: cvHandleFailure(); ID=9378;
2026.09.29 10:56:55: ERROR (cvode) CVODE error code -15: At t = 110908, unable to satisfy inequality constraints. in /mnt/c/Users/fkubicsek/Downloads/CPP_kód_fejlesztése/fejlesztoi_main/Bubble_dynamics_simulation_CPP/submodules/sundials/src/cvode/cvode.c:3725: cvHandleFailure(); ID=9380;
2026.09.29 10:56:55: ERROR (cvode) CVODE error code -15: At t = 111107, unable to satisfy inequality constraints. in /mnt/c/Users/fkubicsek/Downloads/CPP_kód_fejlesztése/fejlesztoi_main/Bubble_dynamics_simulation_CPP/submodules/sundials/src/cvode/cvode.c:3725: cvHandleFailure(); ID=9382;
2026.09.29 10:56:55: ERROR (cvode) CVODE error code -15: At t = 928787, unable to satisfy inequality constraints. in /mnt/c/Users/fkubicsek/Downloads/CPP_kód_fejlesztése/fejlesztoi_main/Bubble_dynamics_simulation_CPP/submodules/sundials/src/cvode/cvode.c:3725: cvHandleFailure(); ID=9371;
2026.09.29 10:56:55: ERROR (cvode) CVODE error code -15: At t = 1.06162e+06, unable to satisfy inequality constraints. in /mnt/c/Users/fkubicsek/Downloads/CPP_kód_fejlesztése/fejlesztoi_main/Bubble_dynamics_simulation_CPP/submodules/sundials/src/cvode/cvode.c:3725: cvHandleFailure(); ID=9375;
2026.09.29 10:56:55: ERROR (cvode) CVODE error code -15: At t = 950688, unable to satisfy inequality constraints. in /mnt/c/Users/fkubicsek/Downloads/CPP_kód_fejlesztése/fejlesztoi_main/Bubble_dynamics_simulation_CPP/submodules/sundials/src/cvode/cvode.c:3725: cvHandleFailure(); ID=9374;
2026.09.29 10:56:55: ERROR (cvode) CVODE error code -15: At t = 111476, unable to satisfy inequality constraints. in /mnt/c/Users/fkubicsek/Downloads/CPP_kód_fejlesztése/fejlesztoi_main/Bubble_dynamics_simulation_CPP/submodules/sundials/src/cvode/cvode.c:3725: cvHandleFailure(); ID=9385;
2026.09.29 10:56:55: ERROR (cvode) CVODE error code -15: At t = 1.17756e+06, unable to satisfy inequality constraints. in /mnt/c/Users/fkubicsek/Downloads/CPP_kód_fejlesztése/fejlesztoi_main/Bubble_dynamics_simulation_CPP/submodules/sundials/src/cvode/cvode.c:3725: cvHandleFailure(); ID=9376;
2026.09.29 10:56:55: ERROR (cvode) CVODE error code -15: At t = 1.85777e+06, unable to satisfy inequality constraints. in /mnt/c/Users/fkubicsek/Downloads/CPP_kód_fejlesztése/fejlesztoi_main/Bubble_dynamics_simulation_CPP/submodules/sundials/src/cvode/cvode.c:3725: cvHandleFailure(); ID=9373;
2026.09.29 10:56:55: ERROR (cvode) CVODE error code -15: At t = 112011, unable to satisfy inequality constraints. in /mnt/c/Users/fkubicsek/Downloads/CPP_kód_fejlesztése/fejlesztoi_main/Bubble_dynamics_simulation_CPP/submodules/sundials/src/cvode/cvode.c:3725: cvHandleFailure(); ID=9389;
2026.09.29 10:56:55: ERROR (cvode) CVODE error code -15: At t = 1.75308e+06, unable to satisfy inequality constraints. in /mnt/c/Users/fkubicsek/Downloads/CPP_kód_fejlesztése/fejlesztoi_main/Bubble_dynamics_simulation_CPP/submodules/sundials/src/cvode/cvode.c:3725: cvHandleFailure(); ID=9379;
2026.09.29 10:56:55: ERROR (cvode) CVODE error code -15: At t = 1.87567e+06, unable to satisfy inequality constraints. in /mnt/c/Users/fkubicsek/Downloads/CPP_kód_fejlesztése/fejlesztoi_main/Bubble_dynamics_simulation_CPP/submodules/sundials/src/cvode/cvode.c:3725: cvHandleFailure(); ID=9381;
2026.09.29 10:56:55: ERROR (cvode) CVODE error code -15: At t = 112231, unable to satisfy inequality constraints. in /mnt/c/Users/fkubicsek/Downloads/CPP_kód_fejlesztése/fejlesztoi_main/Bubble_dynamics_simulation_CPP/submodules/sundials/src/cvode/cvode.c:3725: cvHandleFailure(); ID=9392;
2026.09.29 10:56:55: ERROR (cvode) CVODE error code -15: At t = 1.19603e+06, unable to satisfy inequality constraints. in /mnt/c/Users/fkubicsek/Downloads/CPP_kód_fejlesztése/fejlesztoi_main/Bubble_dynamics_simulation_CPP/submodules/sundials/src/cvode/cvode.c:3725: cvHandleFailure(); ID=9386;
2026.09.29 10:56:55: ERROR (cvode) CVODE error code -15: At t = 1.53881e+06, unable to satisfy inequality constraints. in /mnt/c/Users/fkubicsek/Downloads/CPP_kód_fejlesztése/fejlesztoi_main/Bubble_dynamics_simulation_CPP/submodules/sundials/src/cvode/cvode.c:3725: cvHandleFailure(); ID=9384;
2026.09.29 10:56:55: ERROR (cvode) CVODE error code -15: At t = 112344, unable to satisfy inequality constraints. in /mnt/c/Users/fkubicsek/Downloads/CPP_kód_fejlesztése/fejlesztoi_main/Bubble_dynamics_simulation_CPP/submodules/sundials/src/cvode/cvode.c:3725: cvHandleFailure(); ID=9393;
2026.09.29 10:56:55: ERROR (cvode) CVODE error code -15: At t = 112377, unable to satisfy inequality constraints. in /mnt/c/Users/fkubicsek/Downloads/CPP_kód_fejlesztése/fejlesztoi_main/Bubble_dynamics_simulation_CPP/submodules/sundials/src/cvode/cvode.c:3725: cvHandleFailure(); ID=9395;
2026.09.29 10:56:55: ERROR (cvode) CVODE error code -15: At t = 1.64307e+06, unable to satisfy inequality constraints. in /mnt/c/Users/fkubicsek/Downloads/CPP_kód_fejlesztése/fejlesztoi_main/Bubble_dynamics_simulation_CPP/submodules/sundials/src/cvode/cvode.c:3725: cvHandleFailure(); ID=9387;
2026.09.29 10:56:55: WARNING (odefun) Negative R or T: R=-16499993472.067581;   T=89270255742.053711 in ./src/ode_fun.cpp:108: check_before_call(); ID=9396;
2026.09.29 10:56:55: WARNING (odefun) Negative R or T: R=-16534618.522661;   T=88882962.971401 in ./src/ode_fun.cpp:108: check_before_call(); ID=9396;
2026.09.29 10:56:55: WARNING (odefun) Negative R or T: R=-18025.506536;   T=94042.297423 in ./src/ode_fun.cpp:108: check_before_call(); ID=9396;
2026.09.29 10:56:55: WARNING (odefun) Negative R or T: R=-30.877854;   T=134.410055 in ./src/ode_fun.cpp:108: check_before_call(); ID=9396;
2026.09.29 10:56:55: ERROR (cvode) CVODE error code -15: At t = 112619, unable to satisfy inequality constraints. in /mnt/c/Users/fkubicsek/Downloads/CPP_kód_fejlesztése/fejlesztoi_main/Bubble_dynamics_simulation_CPP/submodules/sundials/src/cvode/cvode.c:3725: cvHandleFailure(); ID=9398;
2026.09.29 10:56:55: ERROR (cvode) CVODE error code -15: At t = 139958, unable to satisfy inequality constraints. in /mnt/c/Users/fkubicsek/Downloads/CPP_kód_fejlesztése/fejlesztoi_main/Bubble_dynamics_simulation_CPP/submodules/sundials/src/cvode/cvode.c:3725: cvHandleFailure(); ID=9400;
2026.09.29 10:56:55: WARNING (postprocess) Dissipated energy is negative: -0.000541 in ./src/ode_solution.cpp:309: postprocess(); ID=9400;
2026.09.29 10:56:55: WARNING (postprocess) Energy demand is negative: -438026299.755282 in ./src/ode_solution.cpp:381: postprocess(); ID=9400;
2026.09.29 10:56:55: ERROR (cvode) CVODE error code -15: At t = 130603, unable to satisfy inequality constraints. in /mnt/c/Users/fkubicsek/Downloads/CPP_kód_fejlesztése/fejlesztoi_main/Bubble_dynamics_simulation_CPP/submodules/sundials/src/cvode/cvode.c:3725: cvHandleFailure(); ID=9401;
2026.09.29 10:56:55: WARNING (postprocess) Dissipated energy is negative: -0.000379 in ./src/ode_solution.cpp:309: postprocess(); ID=9401;
2026.09.29 10:56:55: WARNING (postprocess) Energy demand is negative: -321933993.863387 in ./src/ode_solution.cpp:381: postprocess(); ID=9401;
2026.09.29 10:56:55: ERROR (cvode) CVODE error code -15: At t = 129436, unable to satisfy inequality constraints. in /mnt/c/Users/fkubicsek/Downloads/CPP_kód_fejlesztése/fejlesztoi_main/Bubble_dynamics_simulation_CPP/submodules/sundials/src/cvode/cvode.c:3725: cvHandleFailure(); ID=9402;
2026.09.29 10:56:55: WARNING (postprocess) Dissipated energy is negative: -0.000353 in ./src/ode_solution.cpp:309: postprocess(); ID=9402;
2026.09.29 10:56:55: ERROR (cvode) CVODE error code -15: At t = 120396, unable to satisfy inequality constraints. in /mnt/c/Users/fkubicsek/Downloads/CPP_kód_fejlesztése/fejlesztoi_main/Bubble_dynamics_simulation_CPP/submodules/sundials/src/cvode/cvode.c:3725: cvHandleFailure(); ID=9403;
2026.09.29 10:56:55: WARNING (postprocess) Dissipated energy is negative: -0.000021 in ./src/ode_solution.cpp:309: postprocess(); ID=9403;
2026.09.29 10:56:55: WARNING (postprocess) Energy demand is negative: -24700685.943162 in ./src/ode_solution.cpp:381: postprocess(); ID=9403;
2026.09.29 10:56:55: ERROR (cvode) CVODE error code -15: At t = 119917, unable to satisfy inequality constraints. in /mnt/c/Users/fkubicsek/Downloads/CPP_kód_fejlesztése/fejlesztoi_main/Bubble_dynamics_simulation_CPP/submodules/sundials/src/cvode/cvode.c:3725: cvHandleFailure(); ID=9404;
2026.09.29 10:56:55: ERROR (cvode) CVODE error code -15: At t = 133050, unable to satisfy inequality constraints. in /mnt/c/Users/fkubicsek/Downloads/CPP_kód_fejlesztése/fejlesztoi_main/Bubble_dynamics_simulation_CPP/submodules/sundials/src/cvode/cvode.c:3725: cvHandleFailure(); ID=9405;
2026.09.29 10:56:55: WARNING (postprocess) Dissipated energy is negative: -0.000438 in ./src/ode_solution.cpp:309: postprocess(); ID=9405;
2026.09.29 10:56:55: WARNING (postprocess) Energy demand is negative: -486691148.481440 in ./src/ode_solution.cpp:381: postprocess(); ID=9405;
2026.09.29 10:56:55: ERROR (cvode) CVODE error code -15: At t = 122621, unable to satisfy inequality constraints. in /mnt/c/Users/fkubicsek/Downloads/CPP_kód_fejlesztése/fejlesztoi_main/Bubble_dynamics_simulation_CPP/submodules/sundials/src/cvode/cvode.c:3725: cvHandleFailure(); ID=9406;
2026.09.29 10:56:55: WARNING (postprocess) Dissipated energy is negative: -0.000132 in ./src/ode_solution.cpp:309: postprocess(); ID=9406;
2026.09.29 10:56:55: WARNING (postprocess) Energy demand is negative: -8441629416.092544 in ./src/ode_solution.cpp:381: postprocess(); ID=9406;
2026.09.29 10:56:55: ERROR (cvode) CVODE error code -15: At t = 134514, unable to satisfy inequality constraints. in /mnt/c/Users/fkubicsek/Downloads/CPP_kód_fejlesztése/fejlesztoi_main/Bubble_dynamics_simulation_CPP/submodules/sundials/src/cvode/cvode.c:3725: cvHandleFailure(); ID=9408;
2026.09.29 10:56:55: WARNING (postprocess) Dissipated energy is negative: -0.000462 in ./src/ode_solution.cpp:309: postprocess(); ID=9408;
2026.09.29 10:56:55: WARNING (postprocess) Energy demand is negative: -144211949.536859 in ./src/ode_solution.cpp:381: postprocess(); ID=9408;
2026.09.29 10:56:55: ERROR (cvode) CVODE error code -15: At t = 394630, unable to satisfy inequality constraints. in /mnt/c/Users/fkubicsek/Downloads/CPP_kód_fejlesztése/fejlesztoi_main/Bubble_dynamics_simulation_CPP/submodules/sundials/src/cvode/cvode.c:3725: cvHandleFailure(); ID=9407;
2026.09.29 10:56:55: WARNING (postprocess) Dissipated energy is negative: -0.000031 in ./src/ode_solution.cpp:309: postprocess(); ID=9407;
2026.09.29 10:56:55: WARNING (postprocess) Energy demand is negative: -4275658.328298 in ./src/ode_solution.cpp:381: postprocess(); ID=9407;
2026.09.29 10:56:55: ERROR (cvode) CVODE error code -15: At t = 118714, unable to satisfy inequality constraints. in /mnt/c/Users/fkubicsek/Downloads/CPP_kód_fejlesztése/fejlesztoi_main/Bubble_dynamics_simulation_CPP/submodules/sundials/src/cvode/cvode.c:3725: cvHandleFailure(); ID=9409;
2026.09.29 10:56:55: ERROR (cvode) CVODE error code -15: At t = 123604, unable to satisfy inequality constraints. in /mnt/c/Users/fkubicsek/Downloads/CPP_kód_fejlesztése/fejlesztoi_main/Bubble_dynamics_simulation_CPP/submodules/sundials/src/cvode/cvode.c:3725: cvHandleFailure(); ID=9410;
2026.09.29 10:56:55: WARNING (postprocess) Dissipated energy is negative: -0.000167 in ./src/ode_solution.cpp:309: postprocess(); ID=9410;
2026.09.29 10:56:55: WARNING (postprocess) Energy demand is negative: -5816538148.594033 in ./src/ode_solution.cpp:381: postprocess(); ID=9410;
2026.09.29 10:56:55: ERROR (cvode) CVODE error code -15: At t = 125359, unable to satisfy inequality constraints. in /mnt/c/Users/fkubicsek/Downloads/CPP_kód_fejlesztése/fejlesztoi_main/Bubble_dynamics_simulation_CPP/submodules/sundials/src/cvode/cvode.c:3725: cvHandleFailure(); ID=9411;
2026.09.29 10:56:55: ERROR (cvode) CVODE error code -15: At t = 125894, unable to satisfy inequality constraints. in /mnt/c/Users/fkubicsek/Downloads/CPP_kód_fejlesztése/fejlesztoi_main/Bubble_dynamics_simulation_CPP/submodules/sundials/src/cvode/cvode.c:3725: cvHandleFailure(); ID=9412;
2026.09.29 10:56:55: WARNING (postprocess) Dissipated energy is negative: -0.000228 in ./src/ode_solution.cpp:309: postprocess(); ID=9411;
2026.09.29 10:56:55: WARNING (postprocess) Dissipated energy is negative: -0.000241 in ./src/ode_solution.cpp:309: postprocess(); ID=9412;
2026.09.29 10:56:55: WARNING (postprocess) Energy demand is negative: -428477310.344079 in ./src/ode_solution.cpp:381: postprocess(); ID=9412;
2026.09.29 10:56:55: WARNING (postprocess) Energy demand is negative: -879888268.981923 in ./src/ode_solution.cpp:381: postprocess(); ID=9411;
2026.09.29 10:56:55: ERROR (cvode) CVODE error code -15: At t = 129011, unable to satisfy inequality constraints. in /mnt/c/Users/fkubicsek/Downloads/CPP_kód_fejlesztése/fejlesztoi_main/Bubble_dynamics_simulation_CPP/submodules/sundials/src/cvode/cvode.c:3725: cvHandleFailure(); ID=9415;
2026.09.29 10:56:55: WARNING (postprocess) Dissipated energy is negative: -0.000315 in ./src/ode_solution.cpp:309: postprocess(); ID=9415;
2026.09.29 10:56:55: WARNING (postprocess) Energy demand is negative: -5533069754.578446 in ./src/ode_solution.cpp:381: postprocess(); ID=9415;
2026.09.29 10:56:55: ERROR (cvode) CVODE error code -15: At t = 218418, unable to satisfy inequality constraints. in /mnt/c/Users/fkubicsek/Downloads/CPP_kód_fejlesztése/fejlesztoi_main/Bubble_dynamics_simulation_CPP/submodules/sundials/src/cvode/cvode.c:3725: cvHandleFailure(); ID=9413;
2026.09.29 10:56:55: ERROR (cvode) CVODE error code -15: At t = 134305, unable to satisfy inequality constraints. in /mnt/c/Users/fkubicsek/Downloads/CPP_kód_fejlesztése/fejlesztoi_main/Bubble_dynamics_simulation_CPP/submodules/sundials/src/cvode/cvode.c:3725: cvHandleFailure(); ID=9416;
2026.09.29 10:56:55: WARNING (postprocess) Dissipated energy is negative: -0.000421 in ./src/ode_solution.cpp:309: postprocess(); ID=9416;
2026.09.29 10:56:55: ERROR (cvode) CVODE error code -15: At t = 125523, unable to satisfy inequality constraints. in /mnt/c/Users/fkubicsek/Downloads/CPP_kód_fejlesztése/fejlesztoi_main/Bubble_dynamics_simulation_CPP/submodules/sundials/src/cvode/cvode.c:3725: cvHandleFailure(); ID=9417;
2026.09.29 10:56:55: WARNING (postprocess) Dissipated energy is negative: -0.000198 in ./src/ode_solution.cpp:309: postprocess(); ID=9417;
2026.09.29 10:56:55: WARNING (postprocess) Energy demand is negative: -242867847.994531 in ./src/ode_solution.cpp:381: postprocess(); ID=9417;
2026.09.29 10:56:55: ERROR (cvode) CVODE error code -15: At t = 124235, unable to satisfy inequality constraints. in /mnt/c/Users/fkubicsek/Downloads/CPP_kód_fejlesztése/fejlesztoi_main/Bubble_dynamics_simulation_CPP/submodules/sundials/src/cvode/cvode.c:3725: cvHandleFailure(); ID=9419;
2026.09.29 10:56:55: WARNING (postprocess) Dissipated energy is negative: -0.000135 in ./src/ode_solution.cpp:309: postprocess(); ID=9419;
2026.09.29 10:56:55: WARNING (postprocess) Energy demand is negative: -61662847.654121 in ./src/ode_solution.cpp:381: postprocess(); ID=9419;
2026.09.29 10:56:55: ERROR (cvode) CVODE error code -15: At t = 123779, unable to satisfy inequality constraints. in /mnt/c/Users/fkubicsek/Downloads/CPP_kód_fejlesztése/fejlesztoi_main/Bubble_dynamics_simulation_CPP/submodules/sundials/src/cvode/cvode.c:3725: cvHandleFailure(); ID=9420;
2026.09.29 10:56:55: WARNING (postprocess) Dissipated energy is negative: -0.000108 in ./src/ode_solution.cpp:309: postprocess(); ID=9420;
2026.09.29 10:56:55: WARNING (postprocess) Energy demand is negative: -355338912.083975 in ./src/ode_solution.cpp:381: postprocess(); ID=9420;
2026.09.29 10:56:55: ERROR (cvode) CVODE error code -15: At t = 533241, unable to satisfy inequality constraints. in /mnt/c/Users/fkubicsek/Downloads/CPP_kód_fejlesztése/fejlesztoi_main/Bubble_dynamics_simulation_CPP/submodules/sundials/src/cvode/cvode.c:3725: cvHandleFailure(); ID=9414;
2026.09.29 10:56:55: ERROR (cvode) CVODE error code -15: At t = 124184, unable to satisfy inequality constraints. in /mnt/c/Users/fkubicsek/Downloads/CPP_kód_fejlesztése/fejlesztoi_main/Bubble_dynamics_simulation_CPP/submodules/sundials/src/cvode/cvode.c:3725: cvHandleFailure(); ID=9421;
2026.09.29 10:56:55: WARNING (postprocess) Dissipated energy is negative: -0.000113 in ./src/ode_solution.cpp:309: postprocess(); ID=9421;
2026.09.29 10:56:55: WARNING (postprocess) Energy demand is negative: -50343964.939622 in ./src/ode_solution.cpp:381: postprocess(); ID=9421;
2026.09.29 10:56:55: ERROR (cvode) CVODE error code -15: At t = 124016, unable to satisfy inequality constraints. in /mnt/c/Users/fkubicsek/Downloads/CPP_kód_fejlesztése/fejlesztoi_main/Bubble_dynamics_simulation_CPP/submodules/sundials/src/cvode/cvode.c:3725: cvHandleFailure(); ID=9422;
2026.09.29 10:56:55: WARNING (postprocess) Dissipated energy is negative: -0.000096 in ./src/ode_solution.cpp:309: postprocess(); ID=9422;
2026.09.29 10:56:55: WARNING (postprocess) Energy demand is negative: -16932247.461606 in ./src/ode_solution.cpp:381: postprocess(); ID=9422;
2026.09.29 10:56:55: ERROR (cvode) CVODE error code -15: At t = 122158, unable to satisfy inequality constraints. in /mnt/c/Users/fkubicsek/Downloads/CPP_kód_fejlesztése/fejlesztoi_main/Bubble_dynamics_simulation_CPP/submodules/sundials/src/cvode/cvode.c:3725: cvHandleFailure(); ID=9423;
2026.09.29 10:56:55: WARNING (postprocess) Dissipated energy is negative: -0.000005 in ./src/ode_solution.cpp:309: postprocess(); ID=9423;
2026.09.29 10:56:55: WARNING (postprocess) Energy demand is negative: -4289518.189648 in ./src/ode_solution.cpp:381: postprocess(); ID=9423;
2026.09.29 10:56:55: ERROR (cvode) CVODE error code -15: At t = 119313, unable to satisfy inequality constraints. in /mnt/c/Users/fkubicsek/Downloads/CPP_kód_fejlesztése/fejlesztoi_main/Bubble_dynamics_simulation_CPP/submodules/sundials/src/cvode/cvode.c:3725: cvHandleFailure(); ID=9426;
2026.09.29 10:56:55: ERROR (cvode) CVODE error code -15: At t = 132379, unable to satisfy inequality constraints. in /mnt/c/Users/fkubicsek/Downloads/CPP_kód_fejlesztése/fejlesztoi_main/Bubble_dynamics_simulation_CPP/submodules/sundials/src/cvode/cvode.c:3725: cvHandleFailure(); ID=9425;
2026.09.29 10:56:55: WARNING (postprocess) Dissipated energy is negative: -0.000296 in ./src/ode_solution.cpp:309: postprocess(); ID=9425;
2026.09.29 10:56:55: WARNING (postprocess) Energy demand is negative: -406313061.280925 in ./src/ode_solution.cpp:381: postprocess(); ID=9425;
2026.09.29 10:56:55: ERROR (cvode) CVODE error code -15: At t = 124847, unable to satisfy inequality constraints. in /mnt/c/Users/fkubicsek/Downloads/CPP_kód_fejlesztése/fejlesztoi_main/Bubble_dynamics_simulation_CPP/submodules/sundials/src/cvode/cvode.c:3725: cvHandleFailure(); ID=9427;
2026.09.29 10:56:55: WARNING (postprocess) Dissipated energy is negative: -0.000063 in ./src/ode_solution.cpp:309: postprocess(); ID=9427;
2026.09.29 10:56:55: WARNING (postprocess) Energy demand is negative: -33801474.376385 in ./src/ode_solution.cpp:381: postprocess(); ID=9427;
2026.09.29 10:56:55: ERROR (cvode) CVODE error code -15: At t = 169641, unable to satisfy inequality constraints. in /mnt/c/Users/fkubicsek/Downloads/CPP_kód_fejlesztése/fejlesztoi_main/Bubble_dynamics_simulation_CPP/submodules/sundials/src/cvode/cvode.c:3725: cvHandleFailure(); ID=9429;
2026.09.29 10:56:55: WARNING (postprocess) Dissipated energy is negative: -0.000547 in ./src/ode_solution.cpp:309: postprocess(); ID=9429;
2026.09.29 10:56:55: WARNING (postprocess) Energy demand is negative: -282837105.109758 in ./src/ode_solution.cpp:381: postprocess(); ID=9429;
2026.09.29 10:56:55: ERROR (cvode) CVODE error code -15: At t = 122982, unable to satisfy inequality constraints. in /mnt/c/Users/fkubicsek/Downloads/CPP_kód_fejlesztése/fejlesztoi_main/Bubble_dynamics_simulation_CPP/submodules/sundials/src/cvode/cvode.c:3725: cvHandleFailure(); ID=9432;
2026.09.29 10:56:55: ERROR (cvode) CVODE error code -15: At t = 123050, unable to satisfy inequality constraints. in /mnt/c/Users/fkubicsek/Downloads/CPP_kód_fejlesztése/fejlesztoi_main/Bubble_dynamics_simulation_CPP/submodules/sundials/src/cvode/cvode.c:3725: cvHandleFailure(); ID=9431;
2026.09.29 10:56:55: ERROR (cvode) CVODE error code -15: At t = 126469, unable to satisfy inequality constraints. in /mnt/c/Users/fkubicsek/Downloads/CPP_kód_fejlesztése/fejlesztoi_main/Bubble_dynamics_simulation_CPP/submodules/sundials/src/cvode/cvode.c:3725: cvHandleFailure(); ID=9430;
2026.09.29 10:56:55: WARNING (postprocess) Dissipated energy is negative: -0.000072 in ./src/ode_solution.cpp:309: postprocess(); ID=9430;
2026.09.29 10:56:55: WARNING (postprocess) Energy demand is negative: -29703568.466751 in ./src/ode_solution.cpp:381: postprocess(); ID=9430;
2026.09.29 10:56:55: ERROR (cvode) CVODE error code -15: At t = 552013, unable to satisfy inequality constraints. in /mnt/c/Users/fkubicsek/Downloads/CPP_kód_fejlesztése/fejlesztoi_main/Bubble_dynamics_simulation_CPP/submodules/sundials/src/cvode/cvode.c:3725: cvHandleFailure(); ID=9418;
2026.09.29 10:56:56: ERROR (cvode) CVODE error code -15: At t = 119812, unable to satisfy inequality constraints. in /mnt/c/Users/fkubicsek/Downloads/CPP_kód_fejlesztése/fejlesztoi_main/Bubble_dynamics_simulation_CPP/submodules/sundials/src/cvode/cvode.c:3725: cvHandleFailure(); ID=9434;
2026.09.29 10:56:56: ERROR (cvode) CVODE error code -15: At t = 125052, unable to satisfy inequality constraints. in /mnt/c/Users/fkubicsek/Downloads/CPP_kód_fejlesztése/fejlesztoi_main/Bubble_dynamics_simulation_CPP/submodules/sundials/src/cvode/cvode.c:3725: cvHandleFailure(); ID=9436;
2026.09.29 10:56:56: ERROR (cvode) CVODE error code -15: At t = 122905, unable to satisfy inequality constraints. in /mnt/c/Users/fkubicsek/Downloads/CPP_kód_fejlesztése/fejlesztoi_main/Bubble_dynamics_simulation_CPP/submodules/sundials/src/cvode/cvode.c:3725: cvHandleFailure(); ID=9437;
2026.09.29 10:56:56: ERROR (cvode) CVODE error code -15: At t = 123853, unable to satisfy inequality constraints. in /mnt/c/Users/fkubicsek/Downloads/CPP_kód_fejlesztése/fejlesztoi_main/Bubble_dynamics_simulation_CPP/submodules/sundials/src/cvode/cvode.c:3725: cvHandleFailure(); ID=9438;
2026.09.29 10:56:56: ERROR (cvode) CVODE error code -15: At t = 543703, unable to satisfy inequality constraints. in /mnt/c/Users/fkubicsek/Downloads/CPP_kód_fejlesztése/fejlesztoi_main/Bubble_dynamics_simulation_CPP/submodules/sundials/src/cvode/cvode.c:3725: cvHandleFailure(); ID=9424;
2026.09.29 10:56:56: ERROR (cvode) CVODE error code -15: At t = 123740, unable to satisfy inequality constraints. in /mnt/c/Users/fkubicsek/Downloads/CPP_kód_fejlesztése/fejlesztoi_main/Bubble_dynamics_simulation_CPP/submodules/sundials/src/cvode/cvode.c:3725: cvHandleFailure(); ID=9439;
2026.09.29 10:56:56: ERROR (cvode) CVODE error code -15: At t = 223099, unable to satisfy inequality constraints. in /mnt/c/Users/fkubicsek/Downloads/CPP_kód_fejlesztése/fejlesztoi_main/Bubble_dynamics_simulation_CPP/submodules/sundials/src/cvode/cvode.c:3725: cvHandleFailure(); ID=9435;
2026.09.29 10:56:56: ERROR (cvode) CVODE error code -15: At t = 109874, unable to satisfy inequality constraints. in /mnt/c/Users/fkubicsek/Downloads/CPP_kód_fejlesztése/fejlesztoi_main/Bubble_dynamics_simulation_CPP/submodules/sundials/src/cvode/cvode.c:3725: cvHandleFailure(); ID=9442;
2026.09.29 10:56:56: ERROR (cvode) CVODE error code -15: At t = 124121, unable to satisfy inequality constraints. in /mnt/c/Users/fkubicsek/Downloads/CPP_kód_fejlesztése/fejlesztoi_main/Bubble_dynamics_simulation_CPP/submodules/sundials/src/cvode/cvode.c:3725: cvHandleFailure(); ID=9440;
2026.09.29 10:56:56: ERROR (cvode) CVODE error code -15: At t = 121403, unable to satisfy inequality constraints. in /mnt/c/Users/fkubicsek/Downloads/CPP_kód_fejlesztése/fejlesztoi_main/Bubble_dynamics_simulation_CPP/submodules/sundials/src/cvode/cvode.c:3725: cvHandleFailure(); ID=9441;
2026.09.29 10:56:56: ERROR (cvode) CVODE error code -15: At t = 122770, unable to satisfy inequality constraints. in /mnt/c/Users/fkubicsek/Downloads/CPP_kód_fejlesztése/fejlesztoi_main/Bubble_dynamics_simulation_CPP/submodules/sundials/src/cvode/cvode.c:3725: cvHandleFailure(); ID=9443;
2026.09.29 10:56:56: ERROR (cvode) CVODE error code -15: At t = 122184, unable to satisfy inequality constraints. in /mnt/c/Users/fkubicsek/Downloads/CPP_kód_fejlesztése/fejlesztoi_main/Bubble_dynamics_simulation_CPP/submodules/sundials/src/cvode/cvode.c:3725: cvHandleFailure(); ID=9447;
2026.09.29 10:56:56: ERROR (cvode) CVODE error code -15: At t = 124232, unable to satisfy inequality constraints. in /mnt/c/Users/fkubicsek/Downloads/CPP_kód_fejlesztése/fejlesztoi_main/Bubble_dynamics_simulation_CPP/submodules/sundials/src/cvode/cvode.c:3725: cvHandleFailure(); ID=9449;
2026.09.29 10:56:56: ERROR (cvode) CVODE error code -15: At t = 132130, unable to satisfy inequality constraints. in /mnt/c/Users/fkubicsek/Downloads/CPP_kód_fejlesztése/fejlesztoi_main/Bubble_dynamics_simulation_CPP/submodules/sundials/src/cvode/cvode.c:3725: cvHandleFailure(); ID=9446;
2026.09.29 10:56:56: ERROR (cvode) CVODE error code -15: At t = 804778, unable to satisfy inequality constraints. in /mnt/c/Users/fkubicsek/Downloads/CPP_kód_fejlesztése/fejlesztoi_main/Bubble_dynamics_simulation_CPP/submodules/sundials/src/cvode/cvode.c:3725: cvHandleFailure(); ID=9428;
2026.09.29 10:56:56: ERROR (cvode) CVODE error code -15: At t = 796726, unable to satisfy inequality constraints. in /mnt/c/Users/fkubicsek/Downloads/CPP_kód_fejlesztése/fejlesztoi_main/Bubble_dynamics_simulation_CPP/submodules/sundials/src/cvode/cvode.c:3725: cvHandleFailure(); ID=9433;
2026.09.29 10:56:56: ERROR (cvode) CVODE error code -15: At t = 126306, unable to satisfy inequality constraints. in /mnt/c/Users/fkubicsek/Downloads/CPP_kód_fejlesztése/fejlesztoi_main/Bubble_dynamics_simulation_CPP/submodules/sundials/src/cvode/cvode.c:3725: cvHandleFailure(); ID=9451;
2026.09.29 10:56:56: ERROR (cvode) CVODE error code -15: At t = 110303, unable to satisfy inequality constraints. in /mnt/c/Users/fkubicsek/Downloads/CPP_kód_fejlesztése/fejlesztoi_main/Bubble_dynamics_simulation_CPP/submodules/sundials/src/cvode/cvode.c:3725: cvHandleFailure(); ID=9454;
2026.09.29 10:56:56: ERROR (cvode) CVODE error code -15: At t = 126361, unable to satisfy inequality constraints. in /mnt/c/Users/fkubicsek/Downloads/CPP_kód_fejlesztése/fejlesztoi_main/Bubble_dynamics_simulation_CPP/submodules/sundials/src/cvode/cvode.c:3725: cvHandleFailure(); ID=9456;
2026.09.29 10:56:56: ERROR (cvode) CVODE error code -15: At t = 935725, unable to satisfy inequality constraints. in /mnt/c/Users/fkubicsek/Downloads/CPP_kód_fejlesztése/fejlesztoi_main/Bubble_dynamics_simulation_CPP/submodules/sundials/src/cvode/cvode.c:3725: cvHandleFailure(); ID=9444;
2026.09.29 10:56:56: ERROR (cvode) CVODE error code -15: At t = 693440, unable to satisfy inequality constraints. in /mnt/c/Users/fkubicsek/Downloads/CPP_kód_fejlesztése/fejlesztoi_main/Bubble_dynamics_simulation_CPP/submodules/sundials/src/cvode/cvode.c:3725: cvHandleFailure(); ID=9448;
2026.09.29 10:56:56: ERROR (cvode) CVODE error code -15: At t = 697528, unable to satisfy inequality constraints. in /mnt/c/Users/fkubicsek/Downloads/CPP_kód_fejlesztése/fejlesztoi_main/Bubble_dynamics_simulation_CPP/submodules/sundials/src/cvode/cvode.c:3725: cvHandleFailure(); ID=9452;
2026.09.29 10:56:56: ERROR (cvode) CVODE error code -15: At t = 1.30806e+06, unable to satisfy inequality constraints. in /mnt/c/Users/fkubicsek/Downloads/CPP_kód_fejlesztése/fejlesztoi_main/Bubble_dynamics_simulation_CPP/submodules/sundials/src/cvode/cvode.c:3725: cvHandleFailure(); ID=9445;
2026.09.29 10:56:56: ERROR (cvode) CVODE error code -15: At t = 1.31135e+06, unable to satisfy inequality constraints. in /mnt/c/Users/fkubicsek/Downloads/CPP_kód_fejlesztése/fejlesztoi_main/Bubble_dynamics_simulation_CPP/submodules/sundials/src/cvode/cvode.c:3725: cvHandleFailure(); ID=9450;
2026.09.29 10:56:56: ERROR (cvode) CVODE error code -15: At t = 427775, unable to satisfy inequality constraints. in /mnt/c/Users/fkubicsek/Downloads/CPP_kód_fejlesztése/fejlesztoi_main/Bubble_dynamics_simulation_CPP/submodules/sundials/src/cvode/cvode.c:3725: cvHandleFailure(); ID=9459;
2026.09.29 10:56:56: ERROR (cvode) CVODE error code -15: At t = 565331, unable to satisfy inequality constraints. in /mnt/c/Users/fkubicsek/Downloads/CPP_kód_fejlesztése/fejlesztoi_main/Bubble_dynamics_simulation_CPP/submodules/sundials/src/cvode/cvode.c:3725: cvHandleFailure(); ID=9457;
2026.09.29 10:56:56: ERROR (cvode) CVODE error code -15: At t = 128507, unable to satisfy inequality constraints. in /mnt/c/Users/fkubicsek/Downloads/CPP_kód_fejlesztése/fejlesztoi_main/Bubble_dynamics_simulation_CPP/submodules/sundials/src/cvode/cvode.c:3725: cvHandleFailure(); ID=9461;
2026.09.29 10:56:56: ERROR (cvode) CVODE error code -15: At t = 574659, unable to satisfy inequality constraints. in /mnt/c/Users/fkubicsek/Downloads/CPP_kód_fejlesztése/fejlesztoi_main/Bubble_dynamics_simulation_CPP/submodules/sundials/src/cvode/cvode.c:3725: cvHandleFailure(); ID=9458;
2026.09.29 10:56:56: ERROR (cvode) CVODE error code -15: At t = 125734, unable to satisfy inequality constraints. in /mnt/c/Users/fkubicsek/Downloads/CPP_kód_fejlesztése/fejlesztoi_main/Bubble_dynamics_simulation_CPP/submodules/sundials/src/cvode/cvode.c:3725: cvHandleFailure(); ID=9462;
2026.09.29 10:56:56: ERROR (cvode) CVODE error code -15: At t = 1.20827e+06, unable to satisfy inequality constraints. in /mnt/c/Users/fkubicsek/Downloads/CPP_kód_fejlesztése/fejlesztoi_main/Bubble_dynamics_simulation_CPP/submodules/sundials/src/cvode/cvode.c:3725: cvHandleFailure(); ID=9453;
2026.09.29 10:56:56: ERROR (cvode) CVODE error code -15: At t = 111272, unable to satisfy inequality constraints. in /mnt/c/Users/fkubicsek/Downloads/CPP_kód_fejlesztése/fejlesztoi_main/Bubble_dynamics_simulation_CPP/submodules/sundials/src/cvode/cvode.c:3725: cvHandleFailure(); ID=9465;
2026.09.29 10:56:56: ERROR (cvode) CVODE error code -15: At t = 1.19451e+06, unable to satisfy inequality constraints. in /mnt/c/Users/fkubicsek/Downloads/CPP_kód_fejlesztése/fejlesztoi_main/Bubble_dynamics_simulation_CPP/submodules/sundials/src/cvode/cvode.c:3725: cvHandleFailure(); ID=9455;
2026.09.29 10:56:56: ERROR (cvode) CVODE error code -15: At t = 130322, unable to satisfy inequality constraints. in /mnt/c/Users/fkubicsek/Downloads/CPP_kód_fejlesztése/fejlesztoi_main/Bubble_dynamics_simulation_CPP/submodules/sundials/src/cvode/cvode.c:3725: cvHandleFailure(); ID=9466;
2026.09.29 10:56:56: ERROR (cvode) CVODE error code -15: At t = 111744, unable to satisfy inequality constraints. in /mnt/c/Users/fkubicsek/Downloads/CPP_kód_fejlesztése/fejlesztoi_main/Bubble_dynamics_simulation_CPP/submodules/sundials/src/cvode/cvode.c:3725: cvHandleFailure(); ID=9470;
2026.09.29 10:56:56: ERROR (cvode) CVODE error code -15: At t = 953130, unable to satisfy inequality constraints. in /mnt/c/Users/fkubicsek/Downloads/CPP_kód_fejlesztése/fejlesztoi_main/Bubble_dynamics_simulation_CPP/submodules/sundials/src/cvode/cvode.c:3725: cvHandleFailure(); ID=9460;
2026.09.29 10:56:56: ERROR (cvode) CVODE error code -15: At t = 111870, unable to satisfy inequality constraints. in /mnt/c/Users/fkubicsek/Downloads/CPP_kód_fejlesztése/fejlesztoi_main/Bubble_dynamics_simulation_CPP/submodules/sundials/src/cvode/cvode.c:3725: cvHandleFailure(); ID=9472;
2026.09.29 10:56:56: ERROR (cvode) CVODE error code -15: At t = 136285, unable to satisfy inequality constraints. in /mnt/c/Users/fkubicsek/Downloads/CPP_kód_fejlesztése/fejlesztoi_main/Bubble_dynamics_simulation_CPP/submodules/sundials/src/cvode/cvode.c:3725: cvHandleFailure(); ID=9471;
2026.09.29 10:56:56: ERROR (cvode) CVODE error code -15: At t = 111846, unable to satisfy inequality constraints. in /mnt/c/Users/fkubicsek/Downloads/CPP_kód_fejlesztése/fejlesztoi_main/Bubble_dynamics_simulation_CPP/submodules/sundials/src/cvode/cvode.c:3725: cvHandleFailure(); ID=9473;
2026.09.29 10:56:56: ERROR (cvode) CVODE error code -15: At t = 438654, unable to satisfy inequality constraints. in /mnt/c/Users/fkubicsek/Downloads/CPP_kód_fejlesztése/fejlesztoi_main/Bubble_dynamics_simulation_CPP/submodules/sundials/src/cvode/cvode.c:3725: cvHandleFailure(); ID=9467;
2026.09.29 10:56:56: ERROR (cvode) CVODE error code -15: At t = 112277, unable to satisfy inequality constraints. in /mnt/c/Users/fkubicsek/Downloads/CPP_kód_fejlesztése/fejlesztoi_main/Bubble_dynamics_simulation_CPP/submodules/sundials/src/cvode/cvode.c:3725: cvHandleFailure(); ID=9477;
2026.09.29 10:56:56: ERROR (cvode) CVODE error code -15: At t = 112380, unable to satisfy inequality constraints. in /mnt/c/Users/fkubicsek/Downloads/CPP_kód_fejlesztése/fejlesztoi_main/Bubble_dynamics_simulation_CPP/submodules/sundials/src/cvode/cvode.c:3725: cvHandleFailure(); ID=9478;
2026.09.29 10:56:56: ERROR (cvode) CVODE error code -15: At t = 839211, unable to satisfy inequality constraints. in /mnt/c/Users/fkubicsek/Downloads/CPP_kód_fejlesztése/fejlesztoi_main/Bubble_dynamics_simulation_CPP/submodules/sundials/src/cvode/cvode.c:3725: cvHandleFailure(); ID=9463;
2026.09.29 10:56:56: ERROR (cvode) CVODE error code -15: At t = 853270, unable to satisfy inequality constraints. in /mnt/c/Users/fkubicsek/Downloads/CPP_kód_fejlesztése/fejlesztoi_main/Bubble_dynamics_simulation_CPP/submodules/sundials/src/cvode/cvode.c:3725: cvHandleFailure(); ID=9464;
2026.09.29 10:56:56: ERROR (cvode) CVODE error code -15: At t = 126889, unable to satisfy inequality constraints. in /mnt/c/Users/fkubicsek/Downloads/CPP_kód_fejlesztése/fejlesztoi_main/Bubble_dynamics_simulation_CPP/submodules/sundials/src/cvode/cvode.c:3725: cvHandleFailure(); ID=9479;
2026.09.29 10:56:56: ERROR (cvode) CVODE error code -15: At t = 437686, unable to satisfy inequality constraints. in /mnt/c/Users/fkubicsek/Downloads/CPP_kód_fejlesztése/fejlesztoi_main/Bubble_dynamics_simulation_CPP/submodules/sundials/src/cvode/cvode.c:3725: cvHandleFailure(); ID=9474;
2026.09.29 10:56:56: ERROR (cvode) CVODE error code -15: At t = 830797, unable to satisfy inequality constraints. in /mnt/c/Users/fkubicsek/Downloads/CPP_kód_fejlesztése/fejlesztoi_main/Bubble_dynamics_simulation_CPP/submodules/sundials/src/cvode/cvode.c:3725: cvHandleFailure(); ID=9468;
2026.09.29 10:56:56: ERROR (cvode) CVODE error code -15: At t = 972900, unable to satisfy inequality constraints. in /mnt/c/Users/fkubicsek/Downloads/CPP_kód_fejlesztése/fejlesztoi_main/Bubble_dynamics_simulation_CPP/submodules/sundials/src/cvode/cvode.c:3725: cvHandleFailure(); ID=9469;
2026.09.29 10:56:56: ERROR (cvode) CVODE error code -15: At t = 112902, unable to satisfy inequality constraints. in /mnt/c/Users/fkubicsek/Downloads/CPP_kód_fejlesztése/fejlesztoi_main/Bubble_dynamics_simulation_CPP/submodules/sundials/src/cvode/cvode.c:3725: cvHandleFailure(); ID=9483;
2026.09.29 10:56:56: ERROR (cvode) CVODE error code -15: At t = 112795, unable to satisfy inequality constraints. in /mnt/c/Users/fkubicsek/Downloads/CPP_kód_fejlesztése/fejlesztoi_main/Bubble_dynamics_simulation_CPP/submodules/sundials/src/cvode/cvode.c:3725: cvHandleFailure(); ID=9484;
2026.09.29 10:56:56: ERROR (cvode) CVODE error code -15: At t = 114139, unable to satisfy inequality constraints. in /mnt/c/Users/fkubicsek/Downloads/CPP_kód_fejlesztése/fejlesztoi_main/Bubble_dynamics_simulation_CPP/submodules/sundials/src/cvode/cvode.c:3725: cvHandleFailure(); ID=9485;
2026.09.29 10:56:56: ERROR (cvode) CVODE error code -15: At t = 114026, unable to satisfy inequality constraints. in /mnt/c/Users/fkubicsek/Downloads/CPP_kód_fejlesztése/fejlesztoi_main/Bubble_dynamics_simulation_CPP/submodules/sundials/src/cvode/cvode.c:3725: cvHandleFailure(); ID=9486;
2026.09.29 10:56:56: ERROR (cvode) CVODE error code -15: At t = 114186, unable to satisfy inequality constraints. in /mnt/c/Users/fkubicsek/Downloads/CPP_kód_fejlesztése/fejlesztoi_main/Bubble_dynamics_simulation_CPP/submodules/sundials/src/cvode/cvode.c:3725: cvHandleFailure(); ID=9487;
2026.09.29 10:56:56: WARNING (odefun) Negative R or T: R=-1850.197785;   T=19682.014111 in ./src/ode_fun.cpp:108: check_before_call(); ID=9482;
2026.09.29 10:56:56: WARNING (odefun) Negative R or T: R=-5.318030;   T=34.801908 in ./src/ode_fun.cpp:108: check_before_call(); ID=9482;
2026.09.29 10:56:56: ERROR (cvode) CVODE error code -15: At t = 114951, unable to satisfy inequality constraints. in /mnt/c/Users/fkubicsek/Downloads/CPP_kód_fejlesztése/fejlesztoi_main/Bubble_dynamics_simulation_CPP/submodules/sundials/src/cvode/cvode.c:3725: cvHandleFailure(); ID=9490;
2026.09.29 10:56:56: ERROR (cvode) CVODE error code -15: At t = 965417, unable to satisfy inequality constraints. in /mnt/c/Users/fkubicsek/Downloads/CPP_kód_fejlesztése/fejlesztoi_main/Bubble_dynamics_simulation_CPP/submodules/sundials/src/cvode/cvode.c:3725: cvHandleFailure(); ID=9475;
2026.09.29 10:56:56: ERROR (cvode) CVODE error code -15: At t = 597095, unable to satisfy inequality constraints. in /mnt/c/Users/fkubicsek/Downloads/CPP_kód_fejlesztése/fejlesztoi_main/Bubble_dynamics_simulation_CPP/submodules/sundials/src/cvode/cvode.c:3725: cvHandleFailure(); ID=9481;
2026.09.29 10:56:56: WARNING (odefun) Negative R or T: R=7204.600653;   T=-8357.118101 in ./src/ode_fun.cpp:108: check_before_call(); ID=9482;
2026.09.29 10:56:56: ERROR (cvode) CVODE error code -15: At t = 113814, unable to satisfy inequality constraints. in /mnt/c/Users/fkubicsek/Downloads/CPP_kód_fejlesztése/fejlesztoi_main/Bubble_dynamics_simulation_CPP/submodules/sundials/src/cvode/cvode.c:3725: cvHandleFailure(); ID=9492;
2026.09.29 10:56:56: ERROR (cvode) CVODE error code -15: At t = 532353, unable to satisfy inequality constraints. in /mnt/c/Users/fkubicsek/Downloads/CPP_kód_fejlesztése/fejlesztoi_main/Bubble_dynamics_simulation_CPP/submodules/sundials/src/cvode/cvode.c:3725: cvHandleFailure(); ID=9482;
2026.09.29 10:56:56: ERROR (cvode) CVODE error code -15: At t = 114086, unable to satisfy inequality constraints. in /mnt/c/Users/fkubicsek/Downloads/CPP_kód_fejlesztése/fejlesztoi_main/Bubble_dynamics_simulation_CPP/submodules/sundials/src/cvode/cvode.c:3725: cvHandleFailure(); ID=9495;
2026.09.29 10:56:56: ERROR (cvode) CVODE error code -15: At t = 1.23562e+06, unable to satisfy inequality constraints. in /mnt/c/Users/fkubicsek/Downloads/CPP_kód_fejlesztése/fejlesztoi_main/Bubble_dynamics_simulation_CPP/submodules/sundials/src/cvode/cvode.c:3725: cvHandleFailure(); ID=9476;
2026.09.29 10:56:56: WARNING (odefun) Negative R or T: R=-93129924.865858;   T=596749886.057108 in ./src/ode_fun.cpp:108: check_before_call(); ID=9494;
2026.09.29 10:56:56: WARNING (odefun) Negative R or T: R=-98159.971925;   T=615557.062990 in ./src/ode_fun.cpp:108: check_before_call(); ID=9494;
2026.09.29 10:56:56: WARNING (odefun) Negative R or T: R=-138.722273;   T=766.944300 in ./src/ode_fun.cpp:108: check_before_call(); ID=9494;
2026.09.29 10:56:56: WARNING (odefun) Negative R or T: R=-0.032793;   T=3.881566 in ./src/ode_fun.cpp:108: check_before_call(); ID=9494;
2026.09.29 10:56:56: ERROR (cvode) CVODE error code -15: At t = 115138, unable to satisfy inequality constraints. in /mnt/c/Users/fkubicsek/Downloads/CPP_kód_fejlesztése/fejlesztoi_main/Bubble_dynamics_simulation_CPP/submodules/sundials/src/cvode/cvode.c:3725: cvHandleFailure(); ID=9496;
2026.09.29 10:56:56: ERROR (cvode) CVODE error code -15: At t = 114127, unable to satisfy inequality constraints. in /mnt/c/Users/fkubicsek/Downloads/CPP_kód_fejlesztése/fejlesztoi_main/Bubble_dynamics_simulation_CPP/submodules/sundials/src/cvode/cvode.c:3725: cvHandleFailure(); ID=9498;
2026.09.29 10:56:56: ERROR (cvode) CVODE error code -15: At t = 1.37625e+06, unable to satisfy inequality constraints. in /mnt/c/Users/fkubicsek/Downloads/CPP_kód_fejlesztése/fejlesztoi_main/Bubble_dynamics_simulation_CPP/submodules/sundials/src/cvode/cvode.c:3725: cvHandleFailure(); ID=9480;
2026.09.29 10:56:56: ERROR (cvode) CVODE error code -15: At t = 1.22744e+06, unable to satisfy inequality constraints. in /mnt/c/Users/fkubicsek/Downloads/CPP_kód_fejlesztése/fejlesztoi_main/Bubble_dynamics_simulation_CPP/submodules/sundials/src/cvode/cvode.c:3725: cvHandleFailure(); ID=9489;
2026.09.29 10:56:56: ERROR (cvode) CVODE error code -15: At t = 129069, unable to satisfy inequality constraints. in /mnt/c/Users/fkubicsek/Downloads/CPP_kód_fejlesztése/fejlesztoi_main/Bubble_dynamics_simulation_CPP/submodules/sundials/src/cvode/cvode.c:3725: cvHandleFailure(); ID=9501;
2026.09.29 10:56:56: WARNING (postprocess) Dissipated energy is negative: -0.000256 in ./src/ode_solution.cpp:309: postprocess(); ID=9501;
2026.09.29 10:56:56: ERROR (cvode) CVODE error code -15: At t = 417269, unable to satisfy inequality constraints. in /mnt/c/Users/fkubicsek/Downloads/CPP_kód_fejlesztése/fejlesztoi_main/Bubble_dynamics_simulation_CPP/submodules/sundials/src/cvode/cvode.c:3725: cvHandleFailure(); ID=9500;
2026.09.29 10:56:56: WARNING (postprocess) Dissipated energy is negative: -0.000341 in ./src/ode_solution.cpp:309: postprocess(); ID=9500;
2026.09.29 10:56:56: WARNING (postprocess) Energy demand is negative: -197818929.563844 in ./src/ode_solution.cpp:381: postprocess(); ID=9500;
2026.09.29 10:56:56: ERROR (cvode) CVODE error code -15: At t = 129339, unable to satisfy inequality constraints. in /mnt/c/Users/fkubicsek/Downloads/CPP_kód_fejlesztése/fejlesztoi_main/Bubble_dynamics_simulation_CPP/submodules/sundials/src/cvode/cvode.c:3725: cvHandleFailure(); ID=9502;
2026.09.29 10:56:56: WARNING (postprocess) Dissipated energy is negative: -0.000272 in ./src/ode_solution.cpp:309: postprocess(); ID=9502;
2026.09.29 10:56:56: WARNING (postprocess) Energy demand is negative: -1181109781.743107 in ./src/ode_solution.cpp:381: postprocess(); ID=9502;
2026.09.29 10:56:56: ERROR (cvode) CVODE error code -15: At t = 1.23013e+06, unable to satisfy inequality constraints. in /mnt/c/Users/fkubicsek/Downloads/CPP_kód_fejlesztése/fejlesztoi_main/Bubble_dynamics_simulation_CPP/submodules/sundials/src/cvode/cvode.c:3725: cvHandleFailure(); ID=9491;
2026.09.29 10:56:56: ERROR (cvode) CVODE error code -15: At t = 1.37129e+06, unable to satisfy inequality constraints. in /mnt/c/Users/fkubicsek/Downloads/CPP_kód_fejlesztése/fejlesztoi_main/Bubble_dynamics_simulation_CPP/submodules/sundials/src/cvode/cvode.c:3725: cvHandleFailure(); ID=9494;
2026.09.29 10:56:56: ERROR (cvode) CVODE error code -15: At t = 130134, unable to satisfy inequality constraints. in /mnt/c/Users/fkubicsek/Downloads/CPP_kód_fejlesztése/fejlesztoi_main/Bubble_dynamics_simulation_CPP/submodules/sundials/src/cvode/cvode.c:3725: cvHandleFailure(); ID=9503;
2026.09.29 10:56:56: WARNING (postprocess) Dissipated energy is negative: -0.000305 in ./src/ode_solution.cpp:309: postprocess(); ID=9503;
2026.09.29 10:56:56: ERROR (cvode) CVODE error code -15: At t = 1.85489e+06, unable to satisfy inequality constraints. in /mnt/c/Users/fkubicsek/Downloads/CPP_kód_fejlesztése/fejlesztoi_main/Bubble_dynamics_simulation_CPP/submodules/sundials/src/cvode/cvode.c:3725: cvHandleFailure(); ID=9488;
2026.09.29 10:56:56: WARNING (postprocess) Energy demand is negative: -394394154.605584 in ./src/ode_solution.cpp:381: postprocess(); ID=9503;
2026.09.29 10:56:56: ERROR (cvode) CVODE error code -15: At t = 133094, unable to satisfy inequality constraints. in /mnt/c/Users/fkubicsek/Downloads/CPP_kód_fejlesztése/fejlesztoi_main/Bubble_dynamics_simulation_CPP/submodules/sundials/src/cvode/cvode.c:3725: cvHandleFailure(); ID=9505;
2026.09.29 10:56:56: WARNING (postprocess) Dissipated energy is negative: -0.000404 in ./src/ode_solution.cpp:309: postprocess(); ID=9505;
2026.09.29 10:56:56: ERROR (cvode) CVODE error code -15: At t = 134263, unable to satisfy inequality constraints. in /mnt/c/Users/fkubicsek/Downloads/CPP_kód_fejlesztése/fejlesztoi_main/Bubble_dynamics_simulation_CPP/submodules/sundials/src/cvode/cvode.c:3725: cvHandleFailure(); ID=9506;
2026.09.29 10:56:56: WARNING (postprocess) Dissipated energy is negative: -0.000438 in ./src/ode_solution.cpp:309: postprocess(); ID=9506;
2026.09.29 10:56:56: WARNING (postprocess) Energy demand is negative: -533023737.644397 in ./src/ode_solution.cpp:381: postprocess(); ID=9506;
2026.09.29 10:56:56: ERROR (cvode) CVODE error code -15: At t = 1.47703e+06, unable to satisfy inequality constraints. in /mnt/c/Users/fkubicsek/Downloads/CPP_kód_fejlesztése/fejlesztoi_main/Bubble_dynamics_simulation_CPP/submodules/sundials/src/cvode/cvode.c:3725: cvHandleFailure(); ID=9493;
2026.09.29 10:56:56: ERROR (cvode) CVODE error code -4: At t = 169256 and h = 3.7391, the corrector convergence test failed repeatedly or with |h| = hmin. in /mnt/c/Users/fkubicsek/Downloads/CPP_kód_fejlesztése/fejlesztoi_main/Bubble_dynamics_simulation_CPP/submodules/sundials/src/cvode/cvode.c:3682: cvHandleFailure(); ID=9507;
2026.09.29 10:56:56: WARNING (postprocess) Dissipated energy is negative: -0.000802 in ./src/ode_solution.cpp:309: postprocess(); ID=9507;
2026.09.29 10:56:56: WARNING (postprocess) Energy demand is negative: -13824425050.310402 in ./src/ode_solution.cpp:381: postprocess(); ID=9507;
2026.09.29 10:56:56: ERROR (cvode) CVODE error code -15: At t = 133816, unable to satisfy inequality constraints. in /mnt/c/Users/fkubicsek/Downloads/CPP_kód_fejlesztése/fejlesztoi_main/Bubble_dynamics_simulation_CPP/submodules/sundials/src/cvode/cvode.c:3725: cvHandleFailure(); ID=9508;
2026.09.29 10:56:56: WARNING (postprocess) Dissipated energy is negative: -0.000428 in ./src/ode_solution.cpp:309: postprocess(); ID=9508;
2026.09.29 10:56:56: WARNING (postprocess) Energy demand is negative: -7454793783.885155 in ./src/ode_solution.cpp:381: postprocess(); ID=9508;
2026.09.29 10:56:56: ERROR (cvode) CVODE error code -15: At t = 125239, unable to satisfy inequality constraints. in /mnt/c/Users/fkubicsek/Downloads/CPP_kód_fejlesztése/fejlesztoi_main/Bubble_dynamics_simulation_CPP/submodules/sundials/src/cvode/cvode.c:3725: cvHandleFailure(); ID=9509;
2026.09.29 10:56:56: WARNING (postprocess) Dissipated energy is negative: -0.000112 in ./src/ode_solution.cpp:309: postprocess(); ID=9509;
2026.09.29 10:56:56: WARNING (postprocess) Energy demand is negative: -71138152.874251 in ./src/ode_solution.cpp:381: postprocess(); ID=9509;
2026.09.29 10:56:56: ERROR (cvode) CVODE error code -15: At t = 130323, unable to satisfy inequality constraints. in /mnt/c/Users/fkubicsek/Downloads/CPP_kód_fejlesztése/fejlesztoi_main/Bubble_dynamics_simulation_CPP/submodules/sundials/src/cvode/cvode.c:3725: cvHandleFailure(); ID=9510;
2026.09.29 10:56:56: WARNING (postprocess) Dissipated energy is negative: -0.000323 in ./src/ode_solution.cpp:309: postprocess(); ID=9510;
2026.09.29 10:56:56: WARNING (postprocess) Energy demand is negative: -3283654964.121395 in ./src/ode_solution.cpp:381: postprocess(); ID=9510;
2026.09.29 10:56:56: ERROR (cvode) CVODE error code -15: At t = 128074, unable to satisfy inequality constraints. in /mnt/c/Users/fkubicsek/Downloads/CPP_kód_fejlesztése/fejlesztoi_main/Bubble_dynamics_simulation_CPP/submodules/sundials/src/cvode/cvode.c:3725: cvHandleFailure(); ID=9511;
2026.09.29 10:56:56: WARNING (postprocess) Dissipated energy is negative: -0.000239 in ./src/ode_solution.cpp:309: postprocess(); ID=9511;
2026.09.29 10:56:56: WARNING (postprocess) Energy demand is negative: -83612582.566100 in ./src/ode_solution.cpp:381: postprocess(); ID=9511;
2026.09.29 10:56:56: ERROR (cvode) CVODE error code -15: At t = 125557, unable to satisfy inequality constraints. in /mnt/c/Users/fkubicsek/Downloads/CPP_kód_fejlesztése/fejlesztoi_main/Bubble_dynamics_simulation_CPP/submodules/sundials/src/cvode/cvode.c:3725: cvHandleFailure(); ID=9514;
2026.09.29 10:56:56: WARNING (postprocess) Dissipated energy is negative: -0.000120 in ./src/ode_solution.cpp:309: postprocess(); ID=9514;
2026.09.29 10:56:56: WARNING (postprocess) Energy demand is negative: -506007372.942698 in ./src/ode_solution.cpp:381: postprocess(); ID=9514;
2026.09.29 10:56:56: ERROR (cvode) CVODE error code -15: At t = 266772, unable to satisfy inequality constraints. in /mnt/c/Users/fkubicsek/Downloads/CPP_kód_fejlesztése/fejlesztoi_main/Bubble_dynamics_simulation_CPP/submodules/sundials/src/cvode/cvode.c:3725: cvHandleFailure(); ID=9504;
2026.09.29 10:56:56: WARNING (postprocess) Dissipated energy is negative: -0.000098 in ./src/ode_solution.cpp:309: postprocess(); ID=9504;
2026.09.29 10:56:56: WARNING (postprocess) Energy demand is negative: -17846380.159799 in ./src/ode_solution.cpp:381: postprocess(); ID=9504;
2026.09.29 10:56:56: ERROR (cvode) CVODE error code -15: At t = 128394, unable to satisfy inequality constraints. in /mnt/c/Users/fkubicsek/Downloads/CPP_kód_fejlesztése/fejlesztoi_main/Bubble_dynamics_simulation_CPP/submodules/sundials/src/cvode/cvode.c:3725: cvHandleFailure(); ID=9515;
2026.09.29 10:56:56: WARNING (postprocess) Dissipated energy is negative: -0.000241 in ./src/ode_solution.cpp:309: postprocess(); ID=9515;
2026.09.29 10:56:56: WARNING (postprocess) Energy demand is negative: -91237904.844774 in ./src/ode_solution.cpp:381: postprocess(); ID=9515;
2026.09.29 10:56:56: ERROR (cvode) CVODE error code -15: At t = 1.82874e+06, unable to satisfy inequality constraints. in /mnt/c/Users/fkubicsek/Downloads/CPP_kód_fejlesztése/fejlesztoi_main/Bubble_dynamics_simulation_CPP/submodules/sundials/src/cvode/cvode.c:3725: cvHandleFailure(); ID=9497;
2026.09.29 10:56:56: ERROR (cvode) CVODE error code -15: At t = 131465, unable to satisfy inequality constraints. in /mnt/c/Users/fkubicsek/Downloads/CPP_kód_fejlesztése/fejlesztoi_main/Bubble_dynamics_simulation_CPP/submodules/sundials/src/cvode/cvode.c:3725: cvHandleFailure(); ID=9513;
2026.09.29 10:56:56: WARNING (postprocess) Dissipated energy is negative: -0.000354 in ./src/ode_solution.cpp:309: postprocess(); ID=9513;
2026.09.29 10:56:56: WARNING (postprocess) Energy demand is negative: -378366623.027651 in ./src/ode_solution.cpp:381: postprocess(); ID=9513;
2026.09.29 10:56:56: ERROR (cvode) CVODE error code -15: At t = 168934, unable to satisfy inequality constraints. in /mnt/c/Users/fkubicsek/Downloads/CPP_kód_fejlesztése/fejlesztoi_main/Bubble_dynamics_simulation_CPP/submodules/sundials/src/cvode/cvode.c:3725: cvHandleFailure(); ID=9517;
2026.09.29 10:56:56: WARNING (postprocess) Dissipated energy is negative: -0.000781 in ./src/ode_solution.cpp:309: postprocess(); ID=9517;
2026.09.29 10:56:56: WARNING (postprocess) Energy demand is negative: -29063460191.441376 in ./src/ode_solution.cpp:381: postprocess(); ID=9517;
2026.09.29 10:56:56: ERROR (cvode) CVODE error code -15: At t = 129542, unable to satisfy inequality constraints. in /mnt/c/Users/fkubicsek/Downloads/CPP_kód_fejlesztése/fejlesztoi_main/Bubble_dynamics_simulation_CPP/submodules/sundials/src/cvode/cvode.c:3725: cvHandleFailure(); ID=9518;
2026.09.29 10:56:56: WARNING (postprocess) Dissipated energy is negative: -0.000268 in ./src/ode_solution.cpp:309: postprocess(); ID=9518;
2026.09.29 10:56:56: WARNING (postprocess) Energy demand is negative: -1340589990.309711 in ./src/ode_solution.cpp:381: postprocess(); ID=9518;
2026.09.29 10:56:56: ERROR (cvode) CVODE error code -15: At t = 130837, unable to satisfy inequality constraints. in /mnt/c/Users/fkubicsek/Downloads/CPP_kód_fejlesztése/fejlesztoi_main/Bubble_dynamics_simulation_CPP/submodules/sundials/src/cvode/cvode.c:3725: cvHandleFailure(); ID=9520;
2026.09.29 10:56:56: WARNING (postprocess) Dissipated energy is negative: -0.000298 in ./src/ode_solution.cpp:309: postprocess(); ID=9520;
2026.09.29 10:56:56: WARNING (postprocess) Energy demand is negative: -474096326.199488 in ./src/ode_solution.cpp:381: postprocess(); ID=9520;
2026.09.29 10:56:56: ERROR (cvode) CVODE error code -15: At t = 126737, unable to satisfy inequality constraints. in /mnt/c/Users/fkubicsek/Downloads/CPP_kód_fejlesztése/fejlesztoi_main/Bubble_dynamics_simulation_CPP/submodules/sundials/src/cvode/cvode.c:3725: cvHandleFailure(); ID=9521;
2026.09.29 10:56:56: WARNING (postprocess) Dissipated energy is negative: -0.000134 in ./src/ode_solution.cpp:309: postprocess(); ID=9521;
2026.09.29 10:56:56: WARNING (postprocess) Energy demand is negative: -33852315.899957 in ./src/ode_solution.cpp:381: postprocess(); ID=9521;
2026.09.29 10:56:56: ERROR (cvode) CVODE error code -15: At t = 127659, unable to satisfy inequality constraints. in /mnt/c/Users/fkubicsek/Downloads/CPP_kód_fejlesztése/fejlesztoi_main/Bubble_dynamics_simulation_CPP/submodules/sundials/src/cvode/cvode.c:3725: cvHandleFailure(); ID=9522;
2026.09.29 10:56:56: WARNING (postprocess) Dissipated energy is negative: -0.000165 in ./src/ode_solution.cpp:309: postprocess(); ID=9522;
2026.09.29 10:56:56: WARNING (postprocess) Energy demand is negative: -128273031.929845 in ./src/ode_solution.cpp:381: postprocess(); ID=9522;
2026.09.29 10:56:56: ERROR (cvode) CVODE error code -15: At t = 205368, unable to satisfy inequality constraints. in /mnt/c/Users/fkubicsek/Downloads/CPP_kód_fejlesztése/fejlesztoi_main/Bubble_dynamics_simulation_CPP/submodules/sundials/src/cvode/cvode.c:3725: cvHandleFailure(); ID=9516;
2026.09.29 10:56:56: WARNING (postprocess) Dissipated energy is negative: -0.000598 in ./src/ode_solution.cpp:309: postprocess(); ID=9516;
2026.09.29 10:56:56: WARNING (postprocess) Energy demand is negative: -356206184.727821 in ./src/ode_solution.cpp:381: postprocess(); ID=9516;
2026.09.29 10:56:56: ERROR (cvode) CVODE error code -15: At t = 127260, unable to satisfy inequality constraints. in /mnt/c/Users/fkubicsek/Downloads/CPP_kód_fejlesztése/fejlesztoi_main/Bubble_dynamics_simulation_CPP/submodules/sundials/src/cvode/cvode.c:3725: cvHandleFailure(); ID=9524;
2026.09.29 10:56:56: WARNING (postprocess) Dissipated energy is negative: -0.000129 in ./src/ode_solution.cpp:309: postprocess(); ID=9524;
2026.09.29 10:56:56: WARNING (postprocess) Energy demand is negative: -48461178.204361 in ./src/ode_solution.cpp:381: postprocess(); ID=9524;
2026.09.29 10:56:56: ERROR (cvode) CVODE error code -15: At t = 557237, unable to satisfy inequality constraints. in /mnt/c/Users/fkubicsek/Downloads/CPP_kód_fejlesztése/fejlesztoi_main/Bubble_dynamics_simulation_CPP/submodules/sundials/src/cvode/cvode.c:3725: cvHandleFailure(); ID=9512;
2026.09.29 10:56:56: WARNING (postprocess) Dissipated energy is negative: -0.000050 in ./src/ode_solution.cpp:309: postprocess(); ID=9512;
2026.09.29 10:56:56: WARNING (postprocess) Energy demand is negative: -7582421.965948 in ./src/ode_solution.cpp:381: postprocess(); ID=9512;
2026.09.29 10:56:56: ERROR (cvode) CVODE error code -15: At t = 124274, unable to satisfy inequality constraints. in /mnt/c/Users/fkubicsek/Downloads/CPP_kód_fejlesztése/fejlesztoi_main/Bubble_dynamics_simulation_CPP/submodules/sundials/src/cvode/cvode.c:3725: cvHandleFailure(); ID=9523;
2026.09.29 10:56:56: ERROR (cvode) CVODE error code -15: At t = 123163, unable to satisfy inequality constraints. in /mnt/c/Users/fkubicsek/Downloads/CPP_kód_fejlesztése/fejlesztoi_main/Bubble_dynamics_simulation_CPP/submodules/sundials/src/cvode/cvode.c:3725: cvHandleFailure(); ID=9528;
2026.09.29 10:56:56: ERROR (cvode) CVODE error code -15: At t = 123099, unable to satisfy inequality constraints. in /mnt/c/Users/fkubicsek/Downloads/CPP_kód_fejlesztése/fejlesztoi_main/Bubble_dynamics_simulation_CPP/submodules/sundials/src/cvode/cvode.c:3725: cvHandleFailure(); ID=9530;
2026.09.29 10:56:56: ERROR (cvode) CVODE error code -15: At t = 219471, unable to satisfy inequality constraints. in /mnt/c/Users/fkubicsek/Downloads/CPP_kód_fejlesztése/fejlesztoi_main/Bubble_dynamics_simulation_CPP/submodules/sundials/src/cvode/cvode.c:3725: cvHandleFailure(); ID=9519;
2026.09.29 10:56:56: WARNING (postprocess) Dissipated energy is negative: -0.000288 in ./src/ode_solution.cpp:309: postprocess(); ID=9519;
2026.09.29 10:56:56: WARNING (postprocess) Energy demand is negative: -69079223.193709 in ./src/ode_solution.cpp:381: postprocess(); ID=9519;
2026.09.29 10:56:56: ERROR (cvode) CVODE error code -15: At t = 128788, unable to satisfy inequality constraints. in /mnt/c/Users/fkubicsek/Downloads/CPP_kód_fejlesztése/fejlesztoi_main/Bubble_dynamics_simulation_CPP/submodules/sundials/src/cvode/cvode.c:3725: cvHandleFailure(); ID=9526;
2026.09.29 10:56:56: WARNING (postprocess) Dissipated energy is negative: -0.000170 in ./src/ode_solution.cpp:309: postprocess(); ID=9526;
2026.09.29 10:56:56: WARNING (postprocess) Energy demand is negative: -52874683.201243 in ./src/ode_solution.cpp:381: postprocess(); ID=9526;
2026.09.29 10:56:56: ERROR (cvode) CVODE error code -15: At t = 128756, unable to satisfy inequality constraints. in /mnt/c/Users/fkubicsek/Downloads/CPP_kód_fejlesztése/fejlesztoi_main/Bubble_dynamics_simulation_CPP/submodules/sundials/src/cvode/cvode.c:3725: cvHandleFailure(); ID=9529;
2026.09.29 10:56:56: WARNING (postprocess) Dissipated energy is negative: -0.000131 in ./src/ode_solution.cpp:309: postprocess(); ID=9529;
2026.09.29 10:56:56: WARNING (postprocess) Energy demand is negative: -63132689.009810 in ./src/ode_solution.cpp:381: postprocess(); ID=9529;
2026.09.29 10:56:56: ERROR (cvode) CVODE error code -15: At t = 284148, unable to satisfy inequality constraints. in /mnt/c/Users/fkubicsek/Downloads/CPP_kód_fejlesztése/fejlesztoi_main/Bubble_dynamics_simulation_CPP/submodules/sundials/src/cvode/cvode.c:3725: cvHandleFailure(); ID=9525;
2026.09.29 10:56:56: WARNING (postprocess) Dissipated energy is negative: -0.000089 in ./src/ode_solution.cpp:309: postprocess(); ID=9525;
2026.09.29 10:56:56: WARNING (postprocess) Energy demand is negative: -10298887.628225 in ./src/ode_solution.cpp:381: postprocess(); ID=9525;
2026.09.29 10:56:56: ERROR (cvode) CVODE error code -15: At t = 126159, unable to satisfy inequality constraints. in /mnt/c/Users/fkubicsek/Downloads/CPP_kód_fejlesztése/fejlesztoi_main/Bubble_dynamics_simulation_CPP/submodules/sundials/src/cvode/cvode.c:3725: cvHandleFailure(); ID=9532;
2026.09.29 10:56:56: ERROR (cvode) CVODE error code -15: At t = 126208, unable to satisfy inequality constraints. in /mnt/c/Users/fkubicsek/Downloads/CPP_kód_fejlesztése/fejlesztoi_main/Bubble_dynamics_simulation_CPP/submodules/sundials/src/cvode/cvode.c:3725: cvHandleFailure(); ID=9531;
2026.09.29 10:56:56: ERROR (cvode) CVODE error code -15: At t = 124457, unable to satisfy inequality constraints. in /mnt/c/Users/fkubicsek/Downloads/CPP_kód_fejlesztése/fejlesztoi_main/Bubble_dynamics_simulation_CPP/submodules/sundials/src/cvode/cvode.c:3725: cvHandleFailure(); ID=9533;
2026.09.29 10:56:56: ERROR (cvode) CVODE error code -15: At t = 274950, unable to satisfy inequality constraints. in /mnt/c/Users/fkubicsek/Downloads/CPP_kód_fejlesztése/fejlesztoi_main/Bubble_dynamics_simulation_CPP/submodules/sundials/src/cvode/cvode.c:3725: cvHandleFailure(); ID=9527;
2026.09.29 10:56:56: ERROR (cvode) CVODE error code -15: At t = 126204, unable to satisfy inequality constraints. in /mnt/c/Users/fkubicsek/Downloads/CPP_kód_fejlesztése/fejlesztoi_main/Bubble_dynamics_simulation_CPP/submodules/sundials/src/cvode/cvode.c:3725: cvHandleFailure(); ID=9534;
2026.09.29 10:56:56: ERROR (cvode) CVODE error code -15: At t = 126635, unable to satisfy inequality constraints. in /mnt/c/Users/fkubicsek/Downloads/CPP_kód_fejlesztése/fejlesztoi_main/Bubble_dynamics_simulation_CPP/submodules/sundials/src/cvode/cvode.c:3725: cvHandleFailure(); ID=9535;
2026.09.29 10:56:56: ERROR (cvode) CVODE error code -15: At t = 124996, unable to satisfy inequality constraints. in /mnt/c/Users/fkubicsek/Downloads/CPP_kód_fejlesztése/fejlesztoi_main/Bubble_dynamics_simulation_CPP/submodules/sundials/src/cvode/cvode.c:3725: cvHandleFailure(); ID=9539;
2026.09.29 10:56:56: ERROR (cvode) CVODE error code -15: At t = 124181, unable to satisfy inequality constraints. in /mnt/c/Users/fkubicsek/Downloads/CPP_kód_fejlesztése/fejlesztoi_main/Bubble_dynamics_simulation_CPP/submodules/sundials/src/cvode/cvode.c:3725: cvHandleFailure(); ID=9538;
2026.09.29 10:56:56: ERROR (cvode) CVODE error code -15: At t = 127033, unable to satisfy inequality constraints. in /mnt/c/Users/fkubicsek/Downloads/CPP_kód_fejlesztése/fejlesztoi_main/Bubble_dynamics_simulation_CPP/submodules/sundials/src/cvode/cvode.c:3725: cvHandleFailure(); ID=9536;
2026.09.29 10:56:56: ERROR (cvode) CVODE error code -15: At t = 127074, unable to satisfy inequality constraints. in /mnt/c/Users/fkubicsek/Downloads/CPP_kód_fejlesztése/fejlesztoi_main/Bubble_dynamics_simulation_CPP/submodules/sundials/src/cvode/cvode.c:3725: cvHandleFailure(); ID=9541;
2026.09.29 10:56:56: ERROR (cvode) CVODE error code -15: At t = 129263, unable to satisfy inequality constraints. in /mnt/c/Users/fkubicsek/Downloads/CPP_kód_fejlesztése/fejlesztoi_main/Bubble_dynamics_simulation_CPP/submodules/sundials/src/cvode/cvode.c:3725: cvHandleFailure(); ID=9542;
2026.09.29 10:56:56: ERROR (cvode) CVODE error code -15: At t = 131840, unable to satisfy inequality constraints. in /mnt/c/Users/fkubicsek/Downloads/CPP_kód_fejlesztése/fejlesztoi_main/Bubble_dynamics_simulation_CPP/submodules/sundials/src/cvode/cvode.c:3725: cvHandleFailure(); ID=9543;
2026.09.29 10:56:56: ERROR (cvode) CVODE error code -15: At t = 127855, unable to satisfy inequality constraints. in /mnt/c/Users/fkubicsek/Downloads/CPP_kód_fejlesztése/fejlesztoi_main/Bubble_dynamics_simulation_CPP/submodules/sundials/src/cvode/cvode.c:3725: cvHandleFailure(); ID=9546;
2026.09.29 10:56:56: ERROR (cvode) CVODE error code -15: At t = 126365, unable to satisfy inequality constraints. in /mnt/c/Users/fkubicsek/Downloads/CPP_kód_fejlesztése/fejlesztoi_main/Bubble_dynamics_simulation_CPP/submodules/sundials/src/cvode/cvode.c:3725: cvHandleFailure(); ID=9547;
2026.09.29 10:56:56: ERROR (cvode) CVODE error code -15: At t = 125272, unable to satisfy inequality constraints. in /mnt/c/Users/fkubicsek/Downloads/CPP_kód_fejlesztése/fejlesztoi_main/Bubble_dynamics_simulation_CPP/submodules/sundials/src/cvode/cvode.c:3725: cvHandleFailure(); ID=9545;
2026.09.29 10:56:56: ERROR (cvode) CVODE error code -15: At t = 126804, unable to satisfy inequality constraints. in /mnt/c/Users/fkubicsek/Downloads/CPP_kód_fejlesztése/fejlesztoi_main/Bubble_dynamics_simulation_CPP/submodules/sundials/src/cvode/cvode.c:3725: cvHandleFailure(); ID=9548;
2026.09.29 10:56:56: ERROR (cvode) CVODE error code -15: At t = 130863, unable to satisfy inequality constraints. in /mnt/c/Users/fkubicsek/Downloads/CPP_kód_fejlesztése/fejlesztoi_main/Bubble_dynamics_simulation_CPP/submodules/sundials/src/cvode/cvode.c:3725: cvHandleFailure(); ID=9551;
2026.09.29 10:56:56: ERROR (cvode) CVODE error code -15: At t = 137424, unable to satisfy inequality constraints. in /mnt/c/Users/fkubicsek/Downloads/CPP_kód_fejlesztése/fejlesztoi_main/Bubble_dynamics_simulation_CPP/submodules/sundials/src/cvode/cvode.c:3725: cvHandleFailure(); ID=9549;
2026.09.29 10:56:56: WARNING (postprocess) Dissipated energy is negative: -0.000011 in ./src/ode_solution.cpp:309: postprocess(); ID=9549;
2026.09.29 10:56:56: WARNING (postprocess) Energy demand is negative: -6226042.505341 in ./src/ode_solution.cpp:381: postprocess(); ID=9549;
2026.09.29 10:56:56: ERROR (cvode) CVODE error code -15: At t = 699983, unable to satisfy inequality constraints. in /mnt/c/Users/fkubicsek/Downloads/CPP_kód_fejlesztése/fejlesztoi_main/Bubble_dynamics_simulation_CPP/submodules/sundials/src/cvode/cvode.c:3725: cvHandleFailure(); ID=9537;
2026.09.29 10:56:56: ERROR (cvode) CVODE error code -15: At t = 129628, unable to satisfy inequality constraints. in /mnt/c/Users/fkubicsek/Downloads/CPP_kód_fejlesztése/fejlesztoi_main/Bubble_dynamics_simulation_CPP/submodules/sundials/src/cvode/cvode.c:3725: cvHandleFailure(); ID=9553;
2026.09.29 10:56:56: ERROR (cvode) CVODE error code -15: At t = 128781, unable to satisfy inequality constraints. in /mnt/c/Users/fkubicsek/Downloads/CPP_kód_fejlesztése/fejlesztoi_main/Bubble_dynamics_simulation_CPP/submodules/sundials/src/cvode/cvode.c:3725: cvHandleFailure(); ID=9552;
2026.09.29 10:56:56: ERROR (cvode) CVODE error code -15: At t = 125167, unable to satisfy inequality constraints. in /mnt/c/Users/fkubicsek/Downloads/CPP_kód_fejlesztése/fejlesztoi_main/Bubble_dynamics_simulation_CPP/submodules/sundials/src/cvode/cvode.c:3725: cvHandleFailure(); ID=9555;
2026.09.29 10:56:57: ERROR (cvode) CVODE error code -15: At t = 869425, unable to satisfy inequality constraints. in /mnt/c/Users/fkubicsek/Downloads/CPP_kód_fejlesztése/fejlesztoi_main/Bubble_dynamics_simulation_CPP/submodules/sundials/src/cvode/cvode.c:3725: cvHandleFailure(); ID=9544;
2026.09.29 10:56:57: ERROR (cvode) CVODE error code -15: At t = 582722, unable to satisfy inequality constraints. in /mnt/c/Users/fkubicsek/Downloads/CPP_kód_fejlesztése/fejlesztoi_main/Bubble_dynamics_simulation_CPP/submodules/sundials/src/cvode/cvode.c:3725: cvHandleFailure(); ID=9550;
2026.09.29 10:56:57: ERROR (cvode) CVODE error code -15: At t = 128322, unable to satisfy inequality constraints. in /mnt/c/Users/fkubicsek/Downloads/CPP_kód_fejlesztése/fejlesztoi_main/Bubble_dynamics_simulation_CPP/submodules/sundials/src/cvode/cvode.c:3725: cvHandleFailure(); ID=9559;
2026.09.29 10:56:57: ERROR (cvode) CVODE error code -15: At t = 291286, unable to satisfy inequality constraints. in /mnt/c/Users/fkubicsek/Downloads/CPP_kód_fejlesztése/fejlesztoi_main/Bubble_dynamics_simulation_CPP/submodules/sundials/src/cvode/cvode.c:3725: cvHandleFailure(); ID=9558;
2026.09.29 10:56:57: ERROR (cvode) CVODE error code -15: At t = 132509, unable to satisfy inequality constraints. in /mnt/c/Users/fkubicsek/Downloads/CPP_kód_fejlesztése/fejlesztoi_main/Bubble_dynamics_simulation_CPP/submodules/sundials/src/cvode/cvode.c:3725: cvHandleFailure(); ID=9560;
2026.09.29 10:56:57: ERROR (cvode) CVODE error code -15: At t = 441015, unable to satisfy inequality constraints. in /mnt/c/Users/fkubicsek/Downloads/CPP_kód_fejlesztése/fejlesztoi_main/Bubble_dynamics_simulation_CPP/submodules/sundials/src/cvode/cvode.c:3725: cvHandleFailure(); ID=9556;
2026.09.29 10:56:57: ERROR (cvode) CVODE error code -15: At t = 641109, unable to satisfy inequality constraints. in /mnt/c/Users/fkubicsek/Downloads/CPP_kód_fejlesztése/fejlesztoi_main/Bubble_dynamics_simulation_CPP/submodules/sundials/src/cvode/cvode.c:3725: cvHandleFailure(); ID=9557;
2026.09.29 10:56:57: ERROR (cvode) CVODE error code -15: At t = 296984, unable to satisfy inequality constraints. in /mnt/c/Users/fkubicsek/Downloads/CPP_kód_fejlesztése/fejlesztoi_main/Bubble_dynamics_simulation_CPP/submodules/sundials/src/cvode/cvode.c:3725: cvHandleFailure(); ID=9562;
2026.09.29 10:56:57: ERROR (cvode) CVODE error code -15: At t = 330465, unable to satisfy inequality constraints. in /mnt/c/Users/fkubicsek/Downloads/CPP_kód_fejlesztése/fejlesztoi_main/Bubble_dynamics_simulation_CPP/submodules/sundials/src/cvode/cvode.c:3725: cvHandleFailure(); ID=9563;
2026.09.29 10:56:57: ERROR (cvode) CVODE error code -15: At t = 1.10995e+06, unable to satisfy inequality constraints. in /mnt/c/Users/fkubicsek/Downloads/CPP_kód_fejlesztése/fejlesztoi_main/Bubble_dynamics_simulation_CPP/submodules/sundials/src/cvode/cvode.c:3725: cvHandleFailure(); ID=9554;
2026.09.29 10:56:57: ERROR (cvode) CVODE error code -15: At t = 113785, unable to satisfy inequality constraints. in /mnt/c/Users/fkubicsek/Downloads/CPP_kód_fejlesztése/fejlesztoi_main/Bubble_dynamics_simulation_CPP/submodules/sundials/src/cvode/cvode.c:3725: cvHandleFailure(); ID=9569;
2026.09.29 10:56:57: ERROR (cvode) CVODE error code -15: At t = 719762, unable to satisfy inequality constraints. in /mnt/c/Users/fkubicsek/Downloads/CPP_kód_fejlesztése/fejlesztoi_main/Bubble_dynamics_simulation_CPP/submodules/sundials/src/cvode/cvode.c:3725: cvHandleFailure(); ID=9564;
2026.09.29 10:56:57: ERROR (cvode) CVODE error code -15: At t = 994110, unable to satisfy inequality constraints. in /mnt/c/Users/fkubicsek/Downloads/CPP_kód_fejlesztése/fejlesztoi_main/Bubble_dynamics_simulation_CPP/submodules/sundials/src/cvode/cvode.c:3725: cvHandleFailure(); ID=9561;
2026.09.29 10:56:57: ERROR (cvode) CVODE error code -15: At t = 780690, unable to satisfy inequality constraints. in /mnt/c/Users/fkubicsek/Downloads/CPP_kód_fejlesztése/fejlesztoi_main/Bubble_dynamics_simulation_CPP/submodules/sundials/src/cvode/cvode.c:3725: cvHandleFailure(); ID=9565;
2026.09.29 10:56:57: ERROR (cvode) CVODE error code -15: At t = 113730, unable to satisfy inequality constraints. in /mnt/c/Users/fkubicsek/Downloads/CPP_kód_fejlesztése/fejlesztoi_main/Bubble_dynamics_simulation_CPP/submodules/sundials/src/cvode/cvode.c:3725: cvHandleFailure(); ID=9571;
2026.09.29 10:56:57: ERROR (cvode) CVODE error code -4: At t = 750880 and h = 766.529, the corrector convergence test failed repeatedly or with |h| = hmin. in /mnt/c/Users/fkubicsek/Downloads/CPP_kód_fejlesztése/fejlesztoi_main/Bubble_dynamics_simulation_CPP/submodules/sundials/src/cvode/cvode.c:3682: cvHandleFailure(); ID=9566;
2026.09.29 10:56:57: ERROR (cvode) CVODE error code -15: At t = 247723, unable to satisfy inequality constraints. in /mnt/c/Users/fkubicsek/Downloads/CPP_kód_fejlesztése/fejlesztoi_main/Bubble_dynamics_simulation_CPP/submodules/sundials/src/cvode/cvode.c:3725: cvHandleFailure(); ID=9573;
2026.09.29 10:56:57: ERROR (cvode) CVODE error code -4: At t = 302990 and h = 2022.98, the corrector convergence test failed repeatedly or with |h| = hmin. in /mnt/c/Users/fkubicsek/Downloads/CPP_kód_fejlesztése/fejlesztoi_main/Bubble_dynamics_simulation_CPP/submodules/sundials/src/cvode/cvode.c:3682: cvHandleFailure(); ID=9574;
2026.09.29 10:56:57: ERROR (cvode) CVODE error code -15: At t = 1.12673e+06, unable to satisfy inequality constraints. in /mnt/c/Users/fkubicsek/Downloads/CPP_kód_fejlesztése/fejlesztoi_main/Bubble_dynamics_simulation_CPP/submodules/sundials/src/cvode/cvode.c:3725: cvHandleFailure(); ID=9568;
2026.09.29 10:56:57: ERROR (cvode) CVODE error code -15: At t = 128937, unable to satisfy inequality constraints. in /mnt/c/Users/fkubicsek/Downloads/CPP_kód_fejlesztése/fejlesztoi_main/Bubble_dynamics_simulation_CPP/submodules/sundials/src/cvode/cvode.c:3725: cvHandleFailure(); ID=9577;
2026.09.29 10:56:57: ERROR (cvode) CVODE error code -15: At t = 114221, unable to satisfy inequality constraints. in /mnt/c/Users/fkubicsek/Downloads/CPP_kód_fejlesztése/fejlesztoi_main/Bubble_dynamics_simulation_CPP/submodules/sundials/src/cvode/cvode.c:3725: cvHandleFailure(); ID=9580;
2026.09.29 10:56:57: ERROR (cvode) CVODE error code -15: At t = 1.00996e+06, unable to satisfy inequality constraints. in /mnt/c/Users/fkubicsek/Downloads/CPP_kód_fejlesztése/fejlesztoi_main/Bubble_dynamics_simulation_CPP/submodules/sundials/src/cvode/cvode.c:3725: cvHandleFailure(); ID=9572;
2026.09.29 10:56:57: ERROR (cvode) CVODE error code -15: At t = 1.01425e+06, unable to satisfy inequality constraints. in /mnt/c/Users/fkubicsek/Downloads/CPP_kód_fejlesztése/fejlesztoi_main/Bubble_dynamics_simulation_CPP/submodules/sundials/src/cvode/cvode.c:3725: cvHandleFailure(); ID=9567;
2026.09.29 10:56:57: ERROR (cvode) CVODE error code -15: At t = 136732, unable to satisfy inequality constraints. in /mnt/c/Users/fkubicsek/Downloads/CPP_kód_fejlesztése/fejlesztoi_main/Bubble_dynamics_simulation_CPP/submodules/sundials/src/cvode/cvode.c:3725: cvHandleFailure(); ID=9581;
2026.09.29 10:56:57: ERROR (cvode) CVODE error code -15: At t = 135562, unable to satisfy inequality constraints. in /mnt/c/Users/fkubicsek/Downloads/CPP_kód_fejlesztése/fejlesztoi_main/Bubble_dynamics_simulation_CPP/submodules/sundials/src/cvode/cvode.c:3725: cvHandleFailure(); ID=9582;
2026.09.29 10:56:57: ERROR (cvode) CVODE error code -15: At t = 114599, unable to satisfy inequality constraints. in /mnt/c/Users/fkubicsek/Downloads/CPP_kód_fejlesztése/fejlesztoi_main/Bubble_dynamics_simulation_CPP/submodules/sundials/src/cvode/cvode.c:3725: cvHandleFailure(); ID=9583;
2026.09.29 10:56:57: ERROR (cvode) CVODE error code -15: At t = 884940, unable to satisfy inequality constraints. in /mnt/c/Users/fkubicsek/Downloads/CPP_kód_fejlesztése/fejlesztoi_main/Bubble_dynamics_simulation_CPP/submodules/sundials/src/cvode/cvode.c:3725: cvHandleFailure(); ID=9576;
2026.09.29 10:56:57: ERROR (cvode) CVODE error code -15: At t = 130065, unable to satisfy inequality constraints. in /mnt/c/Users/fkubicsek/Downloads/CPP_kód_fejlesztése/fejlesztoi_main/Bubble_dynamics_simulation_CPP/submodules/sundials/src/cvode/cvode.c:3725: cvHandleFailure(); ID=9584;
2026.09.29 10:56:57: ERROR (cvode) CVODE error code -15: At t = 466095, unable to satisfy inequality constraints. in /mnt/c/Users/fkubicsek/Downloads/CPP_kód_fejlesztése/fejlesztoi_main/Bubble_dynamics_simulation_CPP/submodules/sundials/src/cvode/cvode.c:3725: cvHandleFailure(); ID=9579;
2026.09.29 10:56:57: ERROR (cvode) CVODE error code -15: At t = 115553, unable to satisfy inequality constraints. in /mnt/c/Users/fkubicsek/Downloads/CPP_kód_fejlesztése/fejlesztoi_main/Bubble_dynamics_simulation_CPP/submodules/sundials/src/cvode/cvode.c:3725: cvHandleFailure(); ID=9587;
2026.09.29 10:56:57: WARNING (odefun) Negative R or T: R=-1741.690409;   T=12989.860580 in ./src/ode_fun.cpp:108: check_before_call(); ID=9586;
2026.09.29 10:56:57: WARNING (odefun) Negative R or T: R=-4.453294;   T=25.362174 in ./src/ode_fun.cpp:108: check_before_call(); ID=9586;
2026.09.29 10:56:57: ERROR (cvode) CVODE error code -15: At t = 315184, unable to satisfy inequality constraints. in /mnt/c/Users/fkubicsek/Downloads/CPP_kód_fejlesztése/fejlesztoi_main/Bubble_dynamics_simulation_CPP/submodules/sundials/src/cvode/cvode.c:3725: cvHandleFailure(); ID=9589;
2026.09.29 10:56:57: ERROR (cvode) CVODE error code -15: At t = 2.13885e+06, unable to satisfy inequality constraints. in /mnt/c/Users/fkubicsek/Downloads/CPP_kód_fejlesztése/fejlesztoi_main/Bubble_dynamics_simulation_CPP/submodules/sundials/src/cvode/cvode.c:3725: cvHandleFailure(); ID=9570;
2026.09.29 10:56:57: ERROR (cvode) CVODE error code -4: At t = 472693 and h = 1.83838, the corrector convergence test failed repeatedly or with |h| = hmin. in /mnt/c/Users/fkubicsek/Downloads/CPP_kód_fejlesztése/fejlesztoi_main/Bubble_dynamics_simulation_CPP/submodules/sundials/src/cvode/cvode.c:3682: cvHandleFailure(); ID=9585;
2026.09.29 10:56:57: ERROR (cvode) CVODE error code -15: At t = 1.0377e+06, unable to satisfy inequality constraints. in /mnt/c/Users/fkubicsek/Downloads/CPP_kód_fejlesztése/fejlesztoi_main/Bubble_dynamics_simulation_CPP/submodules/sundials/src/cvode/cvode.c:3725: cvHandleFailure(); ID=9578;
2026.09.29 10:56:57: ERROR (cvode) CVODE error code -15: At t = 1.38594e+06, unable to satisfy inequality constraints. in /mnt/c/Users/fkubicsek/Downloads/CPP_kód_fejlesztése/fejlesztoi_main/Bubble_dynamics_simulation_CPP/submodules/sundials/src/cvode/cvode.c:3725: cvHandleFailure(); ID=9575;
2026.09.29 10:56:57: ERROR (cvode) CVODE error code -15: At t = 115578, unable to satisfy inequality constraints. in /mnt/c/Users/fkubicsek/Downloads/CPP_kód_fejlesztése/fejlesztoi_main/Bubble_dynamics_simulation_CPP/submodules/sundials/src/cvode/cvode.c:3725: cvHandleFailure(); ID=9594;
2026.09.29 10:56:57: WARNING (odefun) Negative R or T: R=-0.156158;   T=4.996272 in ./src/ode_fun.cpp:108: check_before_call(); ID=9592;
2026.09.29 10:56:57: ERROR (cvode) CVODE error code -15: At t = 911607, unable to satisfy inequality constraints. in /mnt/c/Users/fkubicsek/Downloads/CPP_kód_fejlesztése/fejlesztoi_main/Bubble_dynamics_simulation_CPP/submodules/sundials/src/cvode/cvode.c:3725: cvHandleFailure(); ID=9586;
2026.09.29 10:56:57: ERROR (cvode) CVODE error code -15: At t = 1.1423e+06, unable to satisfy inequality constraints. in /mnt/c/Users/fkubicsek/Downloads/CPP_kód_fejlesztése/fejlesztoi_main/Bubble_dynamics_simulation_CPP/submodules/sundials/src/cvode/cvode.c:3725: cvHandleFailure(); ID=9588;
2026.09.29 10:56:57: ERROR (cvode) CVODE error code -15: At t = 453549, unable to satisfy inequality constraints. in /mnt/c/Users/fkubicsek/Downloads/CPP_kód_fejlesztése/fejlesztoi_main/Bubble_dynamics_simulation_CPP/submodules/sundials/src/cvode/cvode.c:3725: cvHandleFailure(); ID=9592;
2026.09.29 10:56:57: ERROR (cvode) CVODE error code -15: At t = 115644, unable to satisfy inequality constraints. in /mnt/c/Users/fkubicsek/Downloads/CPP_kód_fejlesztése/fejlesztoi_main/Bubble_dynamics_simulation_CPP/submodules/sundials/src/cvode/cvode.c:3725: cvHandleFailure(); ID=9599;
2026.09.29 10:56:57: ERROR (cvode) CVODE error code -15: At t = 606859, unable to satisfy inequality constraints. in /mnt/c/Users/fkubicsek/Downloads/CPP_kód_fejlesztése/fejlesztoi_main/Bubble_dynamics_simulation_CPP/submodules/sundials/src/cvode/cvode.c:3725: cvHandleFailure(); ID=9595;
2026.09.29 10:56:57: ERROR (cvode) CVODE error code -15: At t = 1.0138e+06, unable to satisfy inequality constraints. in /mnt/c/Users/fkubicsek/Downloads/CPP_kód_fejlesztése/fejlesztoi_main/Bubble_dynamics_simulation_CPP/submodules/sundials/src/cvode/cvode.c:3725: cvHandleFailure(); ID=9591;
2026.09.29 10:56:57: ERROR (cvode) CVODE error code -15: At t = 464001, unable to satisfy inequality constraints. in /mnt/c/Users/fkubicsek/Downloads/CPP_kód_fejlesztése/fejlesztoi_main/Bubble_dynamics_simulation_CPP/submodules/sundials/src/cvode/cvode.c:3725: cvHandleFailure(); ID=9597;
2026.09.29 10:56:57: ERROR (cvode) CVODE error code -15: At t = 173710, unable to satisfy inequality constraints. in /mnt/c/Users/fkubicsek/Downloads/CPP_kód_fejlesztése/fejlesztoi_main/Bubble_dynamics_simulation_CPP/submodules/sundials/src/cvode/cvode.c:3725: cvHandleFailure(); ID=9600;
2026.09.29 10:56:57: WARNING (postprocess) Dissipated energy is negative: -0.000881 in ./src/ode_solution.cpp:309: postprocess(); ID=9600;
2026.09.29 10:56:57: WARNING (postprocess) Energy demand is negative: -3090695764.506936 in ./src/ode_solution.cpp:381: postprocess(); ID=9600;
2026.09.29 10:56:57: ERROR (cvode) CVODE error code -15: At t = 209598, unable to satisfy inequality constraints. in /mnt/c/Users/fkubicsek/Downloads/CPP_kód_fejlesztése/fejlesztoi_main/Bubble_dynamics_simulation_CPP/submodules/sundials/src/cvode/cvode.c:3725: cvHandleFailure(); ID=9601;
2026.09.29 10:56:57: WARNING (postprocess) Dissipated energy is negative: -0.000590 in ./src/ode_solution.cpp:309: postprocess(); ID=9601;
2026.09.29 10:56:57: WARNING (postprocess) Energy demand is negative: -438530481.562838 in ./src/ode_solution.cpp:381: postprocess(); ID=9601;
2026.09.29 10:56:57: ERROR (cvode) CVODE error code -15: At t = 1.04367e+06, unable to satisfy inequality constraints. in /mnt/c/Users/fkubicsek/Downloads/CPP_kód_fejlesztése/fejlesztoi_main/Bubble_dynamics_simulation_CPP/submodules/sundials/src/cvode/cvode.c:3725: cvHandleFailure(); ID=9593;
2026.09.29 10:56:57: ERROR (cvode) CVODE error code -15: At t = 899791, unable to satisfy inequality constraints. in /mnt/c/Users/fkubicsek/Downloads/CPP_kód_fejlesztése/fejlesztoi_main/Bubble_dynamics_simulation_CPP/submodules/sundials/src/cvode/cvode.c:3725: cvHandleFailure(); ID=9596;
2026.09.29 10:56:57: ERROR (cvode) CVODE error code -15: At t = 281822, unable to satisfy inequality constraints. in /mnt/c/Users/fkubicsek/Downloads/CPP_kód_fejlesztése/fejlesztoi_main/Bubble_dynamics_simulation_CPP/submodules/sundials/src/cvode/cvode.c:3725: cvHandleFailure(); ID=9604;
2026.09.29 10:56:57: ERROR (cvode) CVODE error code -15: At t = 269549, unable to satisfy inequality constraints. in /mnt/c/Users/fkubicsek/Downloads/CPP_kód_fejlesztése/fejlesztoi_main/Bubble_dynamics_simulation_CPP/submodules/sundials/src/cvode/cvode.c:3725: cvHandleFailure(); ID=9602;
2026.09.29 10:56:57: WARNING (postprocess) Dissipated energy is negative: -0.000312 in ./src/ode_solution.cpp:309: postprocess(); ID=9604;
2026.09.29 10:56:57: ERROR (cvode) CVODE error code -15: At t = 419700, unable to satisfy inequality constraints. in /mnt/c/Users/fkubicsek/Downloads/CPP_kód_fejlesztése/fejlesztoi_main/Bubble_dynamics_simulation_CPP/submodules/sundials/src/cvode/cvode.c:3725: cvHandleFailure(); ID=9603;
2026.09.29 10:56:57: WARNING (postprocess) Dissipated energy is negative: -0.000148 in ./src/ode_solution.cpp:309: postprocess(); ID=9603;
2026.09.29 10:56:57: WARNING (postprocess) Energy demand is negative: -54315522.691051 in ./src/ode_solution.cpp:381: postprocess(); ID=9603;
2026.09.29 10:56:57: ERROR (cvode) CVODE error code -15: At t = 149673, unable to satisfy inequality constraints. in /mnt/c/Users/fkubicsek/Downloads/CPP_kód_fejlesztése/fejlesztoi_main/Bubble_dynamics_simulation_CPP/submodules/sundials/src/cvode/cvode.c:3725: cvHandleFailure(); ID=9605;
2026.09.29 10:56:57: WARNING (postprocess) Dissipated energy is negative: -0.000730 in ./src/ode_solution.cpp:309: postprocess(); ID=9605;
2026.09.29 10:56:57: WARNING (postprocess) Energy demand is negative: -103834129726.992813 in ./src/ode_solution.cpp:381: postprocess(); ID=9605;
2026.09.29 10:56:57: WARNING (postprocess) Energy demand is negative: -1797502927.293850 in ./src/ode_solution.cpp:381: postprocess(); ID=9604;
2026.09.29 10:56:57: ERROR (cvode) CVODE error code -15: At t = 1.03585e+06, unable to satisfy inequality constraints. in /mnt/c/Users/fkubicsek/Downloads/CPP_kód_fejlesztése/fejlesztoi_main/Bubble_dynamics_simulation_CPP/submodules/sundials/src/cvode/cvode.c:3725: cvHandleFailure(); ID=9598;
2026.09.29 10:56:57: ERROR (cvode) CVODE error code -15: At t = 143109, unable to satisfy inequality constraints. in /mnt/c/Users/fkubicsek/Downloads/CPP_kód_fejlesztése/fejlesztoi_main/Bubble_dynamics_simulation_CPP/submodules/sundials/src/cvode/cvode.c:3725: cvHandleFailure(); ID=9607;
2026.09.29 10:56:57: WARNING (postprocess) Dissipated energy is negative: -0.000619 in ./src/ode_solution.cpp:309: postprocess(); ID=9607;
2026.09.29 10:56:57: WARNING (postprocess) Energy demand is negative: -500688475.811995 in ./src/ode_solution.cpp:381: postprocess(); ID=9607;
2026.09.29 10:56:57: ERROR (cvode) CVODE error code -15: At t = 2.4288e+06, unable to satisfy inequality constraints. in /mnt/c/Users/fkubicsek/Downloads/CPP_kód_fejlesztése/fejlesztoi_main/Bubble_dynamics_simulation_CPP/submodules/sundials/src/cvode/cvode.c:3725: cvHandleFailure(); ID=9590;
2026.09.29 10:56:57: ERROR (cvode) CVODE error code -15: At t = 129577, unable to satisfy inequality constraints. in /mnt/c/Users/fkubicsek/Downloads/CPP_kód_fejlesztése/fejlesztoi_main/Bubble_dynamics_simulation_CPP/submodules/sundials/src/cvode/cvode.c:3725: cvHandleFailure(); ID=9611;
2026.09.29 10:56:57: WARNING (postprocess) Dissipated energy is negative: -0.000170 in ./src/ode_solution.cpp:309: postprocess(); ID=9611;
2026.09.29 10:56:57: WARNING (postprocess) Energy demand is negative: -2038481127.209815 in ./src/ode_solution.cpp:381: postprocess(); ID=9611;
2026.09.29 10:56:57: ERROR (cvode) CVODE error code -15: At t = 277423, unable to satisfy inequality constraints. in /mnt/c/Users/fkubicsek/Downloads/CPP_kód_fejlesztése/fejlesztoi_main/Bubble_dynamics_simulation_CPP/submodules/sundials/src/cvode/cvode.c:3725: cvHandleFailure(); ID=9609;
2026.09.29 10:56:57: WARNING (postprocess) Dissipated energy is negative: -0.000091 in ./src/ode_solution.cpp:309: postprocess(); ID=9609;
2026.09.29 10:56:57: WARNING (postprocess) Energy demand is negative: -26242355.041148 in ./src/ode_solution.cpp:381: postprocess(); ID=9609;
2026.09.29 10:56:57: ERROR (cvode) CVODE error code -15: At t = 136218, unable to satisfy inequality constraints. in /mnt/c/Users/fkubicsek/Downloads/CPP_kód_fejlesztése/fejlesztoi_main/Bubble_dynamics_simulation_CPP/submodules/sundials/src/cvode/cvode.c:3725: cvHandleFailure(); ID=9612;
2026.09.29 10:56:57: WARNING (postprocess) Dissipated energy is negative: -0.000445 in ./src/ode_solution.cpp:309: postprocess(); ID=9612;
2026.09.29 10:56:57: WARNING (postprocess) Energy demand is negative: -2271848355060363485511680.000000 in ./src/ode_solution.cpp:381: postprocess(); ID=9612;
2026.09.29 10:56:57: ERROR (cvode) CVODE error code -15: At t = 430874, unable to satisfy inequality constraints. in /mnt/c/Users/fkubicsek/Downloads/CPP_kód_fejlesztése/fejlesztoi_main/Bubble_dynamics_simulation_CPP/submodules/sundials/src/cvode/cvode.c:3725: cvHandleFailure(); ID=9606;
2026.09.29 10:56:57: WARNING (postprocess) Dissipated energy is negative: -0.000300 in ./src/ode_solution.cpp:309: postprocess(); ID=9606;
2026.09.29 10:56:57: WARNING (postprocess) Energy demand is negative: -77236976.285357 in ./src/ode_solution.cpp:381: postprocess(); ID=9606;
2026.09.29 10:56:57: ERROR (cvode) CVODE error code -15: At t = 126990, unable to satisfy inequality constraints. in /mnt/c/Users/fkubicsek/Downloads/CPP_kód_fejlesztése/fejlesztoi_main/Bubble_dynamics_simulation_CPP/submodules/sundials/src/cvode/cvode.c:3725: cvHandleFailure(); ID=9614;
2026.09.29 10:56:57: WARNING (postprocess) Dissipated energy is negative: -0.000018 in ./src/ode_solution.cpp:309: postprocess(); ID=9614;
2026.09.29 10:56:57: WARNING (postprocess) Energy demand is negative: -9375737.278257 in ./src/ode_solution.cpp:381: postprocess(); ID=9614;
2026.09.29 10:56:57: ERROR (cvode) CVODE error code -15: At t = 195071, unable to satisfy inequality constraints. in /mnt/c/Users/fkubicsek/Downloads/CPP_kód_fejlesztése/fejlesztoi_main/Bubble_dynamics_simulation_CPP/submodules/sundials/src/cvode/cvode.c:3725: cvHandleFailure(); ID=9608;
2026.09.29 10:56:57: WARNING (postprocess) Dissipated energy is negative: -0.000859 in ./src/ode_solution.cpp:309: postprocess(); ID=9608;
2026.09.29 10:56:57: WARNING (postprocess) Energy demand is negative: -355068218.404806 in ./src/ode_solution.cpp:381: postprocess(); ID=9608;
2026.09.29 10:56:57: ERROR (cvode) CVODE error code -15: At t = 138243, unable to satisfy inequality constraints. in /mnt/c/Users/fkubicsek/Downloads/CPP_kód_fejlesztése/fejlesztoi_main/Bubble_dynamics_simulation_CPP/submodules/sundials/src/cvode/cvode.c:3725: cvHandleFailure(); ID=9613;
2026.09.29 10:56:57: WARNING (postprocess) Dissipated energy is negative: -0.000506 in ./src/ode_solution.cpp:309: postprocess(); ID=9613;
2026.09.29 10:56:57: ERROR (cvode) CVODE error code -15: At t = 148003, unable to satisfy inequality constraints. in /mnt/c/Users/fkubicsek/Downloads/CPP_kód_fejlesztése/fejlesztoi_main/Bubble_dynamics_simulation_CPP/submodules/sundials/src/cvode/cvode.c:3725: cvHandleFailure(); ID=9615;
2026.09.29 10:56:57: WARNING (postprocess) Dissipated energy is negative: -0.000710 in ./src/ode_solution.cpp:309: postprocess(); ID=9615;
2026.09.29 10:56:57: WARNING (postprocess) Energy demand is negative: -854023092.778990 in ./src/ode_solution.cpp:381: postprocess(); ID=9615;
2026.09.29 10:56:57: ERROR (cvode) CVODE error code -15: At t = 141126, unable to satisfy inequality constraints. in /mnt/c/Users/fkubicsek/Downloads/CPP_kód_fejlesztése/fejlesztoi_main/Bubble_dynamics_simulation_CPP/submodules/sundials/src/cvode/cvode.c:3725: cvHandleFailure(); ID=9617;
2026.09.29 10:56:57: WARNING (postprocess) Dissipated energy is negative: -0.000572 in ./src/ode_solution.cpp:309: postprocess(); ID=9617;
2026.09.29 10:56:57: WARNING (postprocess) Energy demand is negative: -542578274.820105 in ./src/ode_solution.cpp:381: postprocess(); ID=9617;
2026.09.29 10:56:57: ERROR (cvode) CVODE error code -15: At t = 135126, unable to satisfy inequality constraints. in /mnt/c/Users/fkubicsek/Downloads/CPP_kód_fejlesztése/fejlesztoi_main/Bubble_dynamics_simulation_CPP/submodules/sundials/src/cvode/cvode.c:3725: cvHandleFailure(); ID=9619;
2026.09.29 10:56:57: WARNING (postprocess) Dissipated energy is negative: -0.000394 in ./src/ode_solution.cpp:309: postprocess(); ID=9619;
2026.09.29 10:56:57: WARNING (postprocess) Energy demand is negative: -1335168634.105083 in ./src/ode_solution.cpp:381: postprocess(); ID=9619;
2026.09.29 10:56:57: ERROR (cvode) CVODE error code -15: At t = 130418, unable to satisfy inequality constraints. in /mnt/c/Users/fkubicsek/Downloads/CPP_kód_fejlesztése/fejlesztoi_main/Bubble_dynamics_simulation_CPP/submodules/sundials/src/cvode/cvode.c:3725: cvHandleFailure(); ID=9620;
2026.09.29 10:56:57: ERROR (cvode) CVODE error code -15: At t = 131163, unable to satisfy inequality constraints. in /mnt/c/Users/fkubicsek/Downloads/CPP_kód_fejlesztése/fejlesztoi_main/Bubble_dynamics_simulation_CPP/submodules/sundials/src/cvode/cvode.c:3725: cvHandleFailure(); ID=9621;
2026.09.29 10:56:57: WARNING (postprocess) Dissipated energy is negative: -0.000226 in ./src/ode_solution.cpp:309: postprocess(); ID=9621;
2026.09.29 10:56:57: WARNING (postprocess) Energy demand is negative: -502946523.611650 in ./src/ode_solution.cpp:381: postprocess(); ID=9621;
2026.09.29 10:56:57: WARNING (postprocess) Dissipated energy is negative: -0.000196 in ./src/ode_solution.cpp:309: postprocess(); ID=9620;
2026.09.29 10:56:57: WARNING (postprocess) Energy demand is negative: -67367297.260916 in ./src/ode_solution.cpp:381: postprocess(); ID=9620;
2026.09.29 10:56:57: ERROR (cvode) CVODE error code -15: At t = 189648, unable to satisfy inequality constraints. in /mnt/c/Users/fkubicsek/Downloads/CPP_kód_fejlesztése/fejlesztoi_main/Bubble_dynamics_simulation_CPP/submodules/sundials/src/cvode/cvode.c:3725: cvHandleFailure(); ID=9618;
2026.09.29 10:56:57: WARNING (postprocess) Dissipated energy is negative: -0.000903 in ./src/ode_solution.cpp:309: postprocess(); ID=9618;
2026.09.29 10:56:57: WARNING (postprocess) Energy demand is negative: -753448497.057705 in ./src/ode_solution.cpp:381: postprocess(); ID=9618;
2026.09.29 10:56:57: ERROR (cvode) CVODE error code -15: At t = 176272, unable to satisfy inequality constraints. in /mnt/c/Users/fkubicsek/Downloads/CPP_kód_fejlesztése/fejlesztoi_main/Bubble_dynamics_simulation_CPP/submodules/sundials/src/cvode/cvode.c:3725: cvHandleFailure(); ID=9616;
2026.09.29 10:56:57: WARNING (postprocess) Dissipated energy is negative: -0.000921 in ./src/ode_solution.cpp:309: postprocess(); ID=9616;
2026.09.29 10:56:57: ERROR (cvode) CVODE error code -15: At t = 136302, unable to satisfy inequality constraints. in /mnt/c/Users/fkubicsek/Downloads/CPP_kód_fejlesztése/fejlesztoi_main/Bubble_dynamics_simulation_CPP/submodules/sundials/src/cvode/cvode.c:3725: cvHandleFailure(); ID=9622;
2026.09.29 10:56:57: ERROR (cvode) CVODE error code -15: At t = 132524, unable to satisfy inequality constraints. in /mnt/c/Users/fkubicsek/Downloads/CPP_kód_fejlesztése/fejlesztoi_main/Bubble_dynamics_simulation_CPP/submodules/sundials/src/cvode/cvode.c:3725: cvHandleFailure(); ID=9623;
2026.09.29 10:56:57: ERROR (cvode) CVODE error code -15: At t = 128527, unable to satisfy inequality constraints. in /mnt/c/Users/fkubicsek/Downloads/CPP_kód_fejlesztése/fejlesztoi_main/Bubble_dynamics_simulation_CPP/submodules/sundials/src/cvode/cvode.c:3725: cvHandleFailure(); ID=9624;
2026.09.29 10:56:57: WARNING (postprocess) Energy demand is negative: -556919742.559193 in ./src/ode_solution.cpp:381: postprocess(); ID=9616;
2026.09.29 10:56:57: WARNING (postprocess) Dissipated energy is negative: -0.000416 in ./src/ode_solution.cpp:309: postprocess(); ID=9622;
2026.09.29 10:56:57: WARNING (postprocess) Energy demand is negative: -184317944.192335 in ./src/ode_solution.cpp:381: postprocess(); ID=9622;
2026.09.29 10:56:57: ERROR (cvode) CVODE error code -15: At t = 131336, unable to satisfy inequality constraints. in /mnt/c/Users/fkubicsek/Downloads/CPP_kód_fejlesztése/fejlesztoi_main/Bubble_dynamics_simulation_CPP/submodules/sundials/src/cvode/cvode.c:3725: cvHandleFailure(); ID=9625;
2026.09.29 10:56:57: WARNING (postprocess) Dissipated energy is negative: -0.000071 in ./src/ode_solution.cpp:309: postprocess(); ID=9624;
2026.09.29 10:56:57: WARNING (postprocess) Energy demand is negative: -74415283.195019 in ./src/ode_solution.cpp:381: postprocess(); ID=9624;
2026.09.29 10:56:57: WARNING (postprocess) Dissipated energy is negative: -0.000207 in ./src/ode_solution.cpp:309: postprocess(); ID=9625;
2026.09.29 10:56:57: WARNING (postprocess) Energy demand is negative: -224645102.370695 in ./src/ode_solution.cpp:381: postprocess(); ID=9625;
2026.09.29 10:56:57: WARNING (postprocess) Dissipated energy is negative: -0.000273 in ./src/ode_solution.cpp:309: postprocess(); ID=9623;
2026.09.29 10:56:57: WARNING (postprocess) Energy demand is negative: -181517796.314212 in ./src/ode_solution.cpp:381: postprocess(); ID=9623;
2026.09.29 10:56:57: ERROR (cvode) CVODE error code -15: At t = 126893, unable to satisfy inequality constraints. in /mnt/c/Users/fkubicsek/Downloads/CPP_kód_fejlesztése/fejlesztoi_main/Bubble_dynamics_simulation_CPP/submodules/sundials/src/cvode/cvode.c:3725: cvHandleFailure(); ID=9627;
2026.09.29 10:56:57: ERROR (cvode) CVODE error code -15: At t = 580552, unable to satisfy inequality constraints. in /mnt/c/Users/fkubicsek/Downloads/CPP_kód_fejlesztése/fejlesztoi_main/Bubble_dynamics_simulation_CPP/submodules/sundials/src/cvode/cvode.c:3725: cvHandleFailure(); ID=9610;
2026.09.29 10:56:57: WARNING (postprocess) Dissipated energy is negative: -0.000197 in ./src/ode_solution.cpp:309: postprocess(); ID=9610;
2026.09.29 10:56:57: WARNING (postprocess) Energy demand is negative: -32407154.312114 in ./src/ode_solution.cpp:381: postprocess(); ID=9610;
2026.09.29 10:56:57: ERROR (cvode) CVODE error code -15: At t = 149055, unable to satisfy inequality constraints. in /mnt/c/Users/fkubicsek/Downloads/CPP_kód_fejlesztése/fejlesztoi_main/Bubble_dynamics_simulation_CPP/submodules/sundials/src/cvode/cvode.c:3725: cvHandleFailure(); ID=9626;
2026.09.29 10:56:57: WARNING (postprocess) Dissipated energy is negative: -0.000666 in ./src/ode_solution.cpp:309: postprocess(); ID=9626;
2026.09.29 10:56:57: ERROR (cvode) CVODE error code -15: At t = 128200, unable to satisfy inequality constraints. in /mnt/c/Users/fkubicsek/Downloads/CPP_kód_fejlesztése/fejlesztoi_main/Bubble_dynamics_simulation_CPP/submodules/sundials/src/cvode/cvode.c:3725: cvHandleFailure(); ID=9632;
2026.09.29 10:56:57: ERROR (cvode) CVODE error code -15: At t = 128675, unable to satisfy inequality constraints. in /mnt/c/Users/fkubicsek/Downloads/CPP_kód_fejlesztése/fejlesztoi_main/Bubble_dynamics_simulation_CPP/submodules/sundials/src/cvode/cvode.c:3725: cvHandleFailure(); ID=9628;
2026.09.29 10:56:57: ERROR (cvode) CVODE error code -15: At t = 130554, unable to satisfy inequality constraints. in /mnt/c/Users/fkubicsek/Downloads/CPP_kód_fejlesztése/fejlesztoi_main/Bubble_dynamics_simulation_CPP/submodules/sundials/src/cvode/cvode.c:3725: cvHandleFailure(); ID=9629;
2026.09.29 10:56:57: ERROR (cvode) CVODE error code -15: At t = 130548, unable to satisfy inequality constraints. in /mnt/c/Users/fkubicsek/Downloads/CPP_kód_fejlesztése/fejlesztoi_main/Bubble_dynamics_simulation_CPP/submodules/sundials/src/cvode/cvode.c:3725: cvHandleFailure(); ID=9631;
2026.09.29 10:56:57: WARNING (postprocess) Dissipated energy is negative: -0.000109 in ./src/ode_solution.cpp:309: postprocess(); ID=9631;
2026.09.29 10:56:57: WARNING (postprocess) Energy demand is negative: -46667337.648789 in ./src/ode_solution.cpp:381: postprocess(); ID=9631;
2026.09.29 10:56:57: WARNING (postprocess) Dissipated energy is negative: -0.000132 in ./src/ode_solution.cpp:309: postprocess(); ID=9629;
2026.09.29 10:56:57: WARNING (postprocess) Energy demand is negative: -95286301.378571 in ./src/ode_solution.cpp:381: postprocess(); ID=9629;
2026.09.29 10:56:57: WARNING (postprocess) Energy demand is negative: -435096201.614966 in ./src/ode_solution.cpp:381: postprocess(); ID=9626;
2026.09.29 10:56:57: ERROR (cvode) CVODE error code -15: At t = 136103, unable to satisfy inequality constraints. in /mnt/c/Users/fkubicsek/Downloads/CPP_kód_fejlesztése/fejlesztoi_main/Bubble_dynamics_simulation_CPP/submodules/sundials/src/cvode/cvode.c:3725: cvHandleFailure(); ID=9630;
2026.09.29 10:56:57: ERROR (cvode) CVODE error code -15: At t = 130758, unable to satisfy inequality constraints. in /mnt/c/Users/fkubicsek/Downloads/CPP_kód_fejlesztése/fejlesztoi_main/Bubble_dynamics_simulation_CPP/submodules/sundials/src/cvode/cvode.c:3725: cvHandleFailure(); ID=9633;
2026.09.29 10:56:57: WARNING (postprocess) Dissipated energy is negative: -0.000094 in ./src/ode_solution.cpp:309: postprocess(); ID=9633;
2026.09.29 10:56:57: WARNING (postprocess) Energy demand is negative: -96452256.383593 in ./src/ode_solution.cpp:381: postprocess(); ID=9633;
2026.09.29 10:56:57: WARNING (postprocess) Dissipated energy is negative: -0.000341 in ./src/ode_solution.cpp:309: postprocess(); ID=9630;
2026.09.29 10:56:57: WARNING (postprocess) Energy demand is negative: -251372971.799721 in ./src/ode_solution.cpp:381: postprocess(); ID=9630;
2026.09.29 10:56:57: WARNING (postprocess) Dissipated energy is negative: -0.000043 in ./src/ode_solution.cpp:309: postprocess(); ID=9628;
2026.09.29 10:56:57: WARNING (postprocess) Energy demand is negative: -71208668.350218 in ./src/ode_solution.cpp:381: postprocess(); ID=9628;
2026.09.29 10:56:57: ERROR (cvode) CVODE error code -15: At t = 129385, unable to satisfy inequality constraints. in /mnt/c/Users/fkubicsek/Downloads/CPP_kód_fejlesztése/fejlesztoi_main/Bubble_dynamics_simulation_CPP/submodules/sundials/src/cvode/cvode.c:3725: cvHandleFailure(); ID=9634;
2026.09.29 10:56:57: WARNING (postprocess) Dissipated energy is negative: -0.000009 in ./src/ode_solution.cpp:309: postprocess(); ID=9634;
2026.09.29 10:56:57: WARNING (postprocess) Energy demand is negative: -2310751.940454 in ./src/ode_solution.cpp:381: postprocess(); ID=9634;
2026.09.29 10:56:57: ERROR (cvode) CVODE error code -15: At t = 128674, unable to satisfy inequality constraints. in /mnt/c/Users/fkubicsek/Downloads/CPP_kód_fejlesztése/fejlesztoi_main/Bubble_dynamics_simulation_CPP/submodules/sundials/src/cvode/cvode.c:3725: cvHandleFailure(); ID=9639;
2026.09.29 10:56:57: ERROR (cvode) CVODE error code -15: At t = 129459, unable to satisfy inequality constraints. in /mnt/c/Users/fkubicsek/Downloads/CPP_kód_fejlesztése/fejlesztoi_main/Bubble_dynamics_simulation_CPP/submodules/sundials/src/cvode/cvode.c:3725: cvHandleFailure(); ID=9637;
2026.09.29 10:56:57: ERROR (cvode) CVODE error code -15: At t = 113848, unable to satisfy inequality constraints. in /mnt/c/Users/fkubicsek/Downloads/CPP_kód_fejlesztése/fejlesztoi_main/Bubble_dynamics_simulation_CPP/submodules/sundials/src/cvode/cvode.c:3725: cvHandleFailure(); ID=9642;
2026.09.29 10:56:57: ERROR (cvode) CVODE error code -15: At t = 134449, unable to satisfy inequality constraints. in /mnt/c/Users/fkubicsek/Downloads/CPP_kód_fejlesztése/fejlesztoi_main/Bubble_dynamics_simulation_CPP/submodules/sundials/src/cvode/cvode.c:3725: cvHandleFailure(); ID=9635;
2026.09.29 10:56:57: WARNING (postprocess) Dissipated energy is negative: -0.000221 in ./src/ode_solution.cpp:309: postprocess(); ID=9635;
2026.09.29 10:56:57: ERROR (cvode) CVODE error code -15: At t = 130833, unable to satisfy inequality constraints. in /mnt/c/Users/fkubicsek/Downloads/CPP_kód_fejlesztése/fejlesztoi_main/Bubble_dynamics_simulation_CPP/submodules/sundials/src/cvode/cvode.c:3725: cvHandleFailure(); ID=9640;
2026.09.29 10:56:57: ERROR (cvode) CVODE error code -15: At t = 129797, unable to satisfy inequality constraints. in /mnt/c/Users/fkubicsek/Downloads/CPP_kód_fejlesztése/fejlesztoi_main/Bubble_dynamics_simulation_CPP/submodules/sundials/src/cvode/cvode.c:3725: cvHandleFailure(); ID=9641;
2026.09.29 10:56:57: WARNING (postprocess) Energy demand is negative: -131063113.861153 in ./src/ode_solution.cpp:381: postprocess(); ID=9635;
2026.09.29 10:56:58: ERROR (cvode) CVODE error code -15: At t = 300347, unable to satisfy inequality constraints. in /mnt/c/Users/fkubicsek/Downloads/CPP_kód_fejlesztése/fejlesztoi_main/Bubble_dynamics_simulation_CPP/submodules/sundials/src/cvode/cvode.c:3725: cvHandleFailure(); ID=9638;
2026.09.29 10:56:58: ERROR (cvode) CVODE error code -15: At t = 131179, unable to satisfy inequality constraints. in /mnt/c/Users/fkubicsek/Downloads/CPP_kód_fejlesztése/fejlesztoi_main/Bubble_dynamics_simulation_CPP/submodules/sundials/src/cvode/cvode.c:3725: cvHandleFailure(); ID=9647;
2026.09.29 10:56:58: ERROR (cvode) CVODE error code -15: At t = 130562, unable to satisfy inequality constraints. in /mnt/c/Users/fkubicsek/Downloads/CPP_kód_fejlesztése/fejlesztoi_main/Bubble_dynamics_simulation_CPP/submodules/sundials/src/cvode/cvode.c:3725: cvHandleFailure(); ID=9648;
2026.09.29 10:56:58: ERROR (cvode) CVODE error code -15: At t = 129457, unable to satisfy inequality constraints. in /mnt/c/Users/fkubicsek/Downloads/CPP_kód_fejlesztése/fejlesztoi_main/Bubble_dynamics_simulation_CPP/submodules/sundials/src/cvode/cvode.c:3725: cvHandleFailure(); ID=9649;
2026.09.29 10:56:58: ERROR (cvode) CVODE error code -4: At t = 297386 and h = 264.428, the corrector convergence test failed repeatedly or with |h| = hmin. in /mnt/c/Users/fkubicsek/Downloads/CPP_kód_fejlesztése/fejlesztoi_main/Bubble_dynamics_simulation_CPP/submodules/sundials/src/cvode/cvode.c:3682: cvHandleFailure(); ID=9645;
2026.09.29 10:56:58: ERROR (cvode) CVODE error code -15: At t = 129544, unable to satisfy inequality constraints. in /mnt/c/Users/fkubicsek/Downloads/CPP_kód_fejlesztése/fejlesztoi_main/Bubble_dynamics_simulation_CPP/submodules/sundials/src/cvode/cvode.c:3725: cvHandleFailure(); ID=9650;
2026.09.29 10:56:58: ERROR (cvode) CVODE error code -15: At t = 656292, unable to satisfy inequality constraints. in /mnt/c/Users/fkubicsek/Downloads/CPP_kód_fejlesztése/fejlesztoi_main/Bubble_dynamics_simulation_CPP/submodules/sundials/src/cvode/cvode.c:3725: cvHandleFailure(); ID=9636;
2026.09.29 10:56:58: ERROR (cvode) CVODE error code -15: At t = 131603, unable to satisfy inequality constraints. in /mnt/c/Users/fkubicsek/Downloads/CPP_kód_fejlesztése/fejlesztoi_main/Bubble_dynamics_simulation_CPP/submodules/sundials/src/cvode/cvode.c:3725: cvHandleFailure(); ID=9653;
2026.09.29 10:56:58: ERROR (cvode) CVODE error code -15: At t = 145370, unable to satisfy inequality constraints. in /mnt/c/Users/fkubicsek/Downloads/CPP_kód_fejlesztése/fejlesztoi_main/Bubble_dynamics_simulation_CPP/submodules/sundials/src/cvode/cvode.c:3725: cvHandleFailure(); ID=9652;
2026.09.29 10:56:58: WARNING (postprocess) Dissipated energy is negative: -0.000195 in ./src/ode_solution.cpp:309: postprocess(); ID=9652;
2026.09.29 10:56:58: WARNING (postprocess) Energy demand is negative: -46192705.693653 in ./src/ode_solution.cpp:381: postprocess(); ID=9652;
2026.09.29 10:56:58: ERROR (cvode) CVODE error code -15: At t = 128075, unable to satisfy inequality constraints. in /mnt/c/Users/fkubicsek/Downloads/CPP_kód_fejlesztése/fejlesztoi_main/Bubble_dynamics_simulation_CPP/submodules/sundials/src/cvode/cvode.c:3725: cvHandleFailure(); ID=9654;
2026.09.29 10:56:58: ERROR (cvode) CVODE error code -15: At t = 738738, unable to satisfy inequality constraints. in /mnt/c/Users/fkubicsek/Downloads/CPP_kód_fejlesztése/fejlesztoi_main/Bubble_dynamics_simulation_CPP/submodules/sundials/src/cvode/cvode.c:3725: cvHandleFailure(); ID=9644;
2026.09.29 10:56:58: ERROR (cvode) CVODE error code -15: At t = 131054, unable to satisfy inequality constraints. in /mnt/c/Users/fkubicsek/Downloads/CPP_kód_fejlesztése/fejlesztoi_main/Bubble_dynamics_simulation_CPP/submodules/sundials/src/cvode/cvode.c:3725: cvHandleFailure(); ID=9655;
2026.09.29 10:56:58: ERROR (cvode) CVODE error code -15: At t = 129798, unable to satisfy inequality constraints. in /mnt/c/Users/fkubicsek/Downloads/CPP_kód_fejlesztése/fejlesztoi_main/Bubble_dynamics_simulation_CPP/submodules/sundials/src/cvode/cvode.c:3725: cvHandleFailure(); ID=9657;
2026.09.29 10:56:58: ERROR (cvode) CVODE error code -15: At t = 128165, unable to satisfy inequality constraints. in /mnt/c/Users/fkubicsek/Downloads/CPP_kód_fejlesztése/fejlesztoi_main/Bubble_dynamics_simulation_CPP/submodules/sundials/src/cvode/cvode.c:3725: cvHandleFailure(); ID=9656;
2026.09.29 10:56:58: ERROR (cvode) CVODE error code -15: At t = 878119, unable to satisfy inequality constraints. in /mnt/c/Users/fkubicsek/Downloads/CPP_kód_fejlesztése/fejlesztoi_main/Bubble_dynamics_simulation_CPP/submodules/sundials/src/cvode/cvode.c:3725: cvHandleFailure(); ID=9643;
2026.09.29 10:56:58: ERROR (cvode) CVODE error code -15: At t = 455513, unable to satisfy inequality constraints. in /mnt/c/Users/fkubicsek/Downloads/CPP_kód_fejlesztése/fejlesztoi_main/Bubble_dynamics_simulation_CPP/submodules/sundials/src/cvode/cvode.c:3725: cvHandleFailure(); ID=9651;
2026.09.29 10:56:58: ERROR (cvode) CVODE error code -15: At t = 734282, unable to satisfy inequality constraints. in /mnt/c/Users/fkubicsek/Downloads/CPP_kód_fejlesztése/fejlesztoi_main/Bubble_dynamics_simulation_CPP/submodules/sundials/src/cvode/cvode.c:3725: cvHandleFailure(); ID=9646;
2026.09.29 10:56:58: ERROR (cvode) CVODE error code -15: At t = 152506, unable to satisfy inequality constraints. in /mnt/c/Users/fkubicsek/Downloads/CPP_kód_fejlesztése/fejlesztoi_main/Bubble_dynamics_simulation_CPP/submodules/sundials/src/cvode/cvode.c:3725: cvHandleFailure(); ID=9659;
2026.09.29 10:56:58: WARNING (postprocess) Dissipated energy is negative: -0.000139 in ./src/ode_solution.cpp:309: postprocess(); ID=9659;
2026.09.29 10:56:58: WARNING (postprocess) Energy demand is negative: -23975325.351797 in ./src/ode_solution.cpp:381: postprocess(); ID=9659;
2026.09.29 10:56:58: ERROR (cvode) CVODE error code -15: At t = 131239, unable to satisfy inequality constraints. in /mnt/c/Users/fkubicsek/Downloads/CPP_kód_fejlesztése/fejlesztoi_main/Bubble_dynamics_simulation_CPP/submodules/sundials/src/cvode/cvode.c:3725: cvHandleFailure(); ID=9658;
2026.09.29 10:56:58: ERROR (cvode) CVODE error code -15: At t = 131760, unable to satisfy inequality constraints. in /mnt/c/Users/fkubicsek/Downloads/CPP_kód_fejlesztése/fejlesztoi_main/Bubble_dynamics_simulation_CPP/submodules/sundials/src/cvode/cvode.c:3725: cvHandleFailure(); ID=9662;
2026.09.29 10:56:58: ERROR (cvode) CVODE error code -15: At t = 281344, unable to satisfy inequality constraints. in /mnt/c/Users/fkubicsek/Downloads/CPP_kód_fejlesztése/fejlesztoi_main/Bubble_dynamics_simulation_CPP/submodules/sundials/src/cvode/cvode.c:3725: cvHandleFailure(); ID=9661;
2026.09.29 10:56:58: ERROR (cvode) CVODE error code -15: At t = 132384, unable to satisfy inequality constraints. in /mnt/c/Users/fkubicsek/Downloads/CPP_kód_fejlesztése/fejlesztoi_main/Bubble_dynamics_simulation_CPP/submodules/sundials/src/cvode/cvode.c:3725: cvHandleFailure(); ID=9663;
2026.09.29 10:56:58: ERROR (cvode) CVODE error code -15: At t = 141636, unable to satisfy inequality constraints. in /mnt/c/Users/fkubicsek/Downloads/CPP_kód_fejlesztése/fejlesztoi_main/Bubble_dynamics_simulation_CPP/submodules/sundials/src/cvode/cvode.c:3725: cvHandleFailure(); ID=9668;
2026.09.29 10:56:58: ERROR (cvode) CVODE error code -15: At t = 131868, unable to satisfy inequality constraints. in /mnt/c/Users/fkubicsek/Downloads/CPP_kód_fejlesztése/fejlesztoi_main/Bubble_dynamics_simulation_CPP/submodules/sundials/src/cvode/cvode.c:3725: cvHandleFailure(); ID=9666;
2026.09.29 10:56:58: ERROR (cvode) CVODE error code -15: At t = 255032, unable to satisfy inequality constraints. in /mnt/c/Users/fkubicsek/Downloads/CPP_kód_fejlesztése/fejlesztoi_main/Bubble_dynamics_simulation_CPP/submodules/sundials/src/cvode/cvode.c:3725: cvHandleFailure(); ID=9667;
2026.09.29 10:56:58: ERROR (cvode) CVODE error code -15: At t = 300887, unable to satisfy inequality constraints. in /mnt/c/Users/fkubicsek/Downloads/CPP_kód_fejlesztése/fejlesztoi_main/Bubble_dynamics_simulation_CPP/submodules/sundials/src/cvode/cvode.c:3725: cvHandleFailure(); ID=9664;
2026.09.29 10:56:58: ERROR (cvode) CVODE error code -15: At t = 309113, unable to satisfy inequality constraints. in /mnt/c/Users/fkubicsek/Downloads/CPP_kód_fejlesztése/fejlesztoi_main/Bubble_dynamics_simulation_CPP/submodules/sundials/src/cvode/cvode.c:3725: cvHandleFailure(); ID=9665;
2026.09.29 10:56:58: ERROR (cvode) CVODE error code -15: At t = 116212, unable to satisfy inequality constraints. in /mnt/c/Users/fkubicsek/Downloads/CPP_kód_fejlesztése/fejlesztoi_main/Bubble_dynamics_simulation_CPP/submodules/sundials/src/cvode/cvode.c:3725: cvHandleFailure(); ID=9672;
2026.09.29 10:56:58: ERROR (cvode) CVODE error code -15: At t = 453134, unable to satisfy inequality constraints. in /mnt/c/Users/fkubicsek/Downloads/CPP_kód_fejlesztése/fejlesztoi_main/Bubble_dynamics_simulation_CPP/submodules/sundials/src/cvode/cvode.c:3725: cvHandleFailure(); ID=9660;
2026.09.29 10:56:58: ERROR (cvode) CVODE error code -15: At t = 115995, unable to satisfy inequality constraints. in /mnt/c/Users/fkubicsek/Downloads/CPP_kód_fejlesztése/fejlesztoi_main/Bubble_dynamics_simulation_CPP/submodules/sundials/src/cvode/cvode.c:3725: cvHandleFailure(); ID=9674;
2026.09.29 10:56:58: ERROR (cvode) CVODE error code -15: At t = 134191, unable to satisfy inequality constraints. in /mnt/c/Users/fkubicsek/Downloads/CPP_kód_fejlesztése/fejlesztoi_main/Bubble_dynamics_simulation_CPP/submodules/sundials/src/cvode/cvode.c:3725: cvHandleFailure(); ID=9673;
2026.09.29 10:56:58: ERROR (cvode) CVODE error code -15: At t = 137777, unable to satisfy inequality constraints. in /mnt/c/Users/fkubicsek/Downloads/CPP_kód_fejlesztése/fejlesztoi_main/Bubble_dynamics_simulation_CPP/submodules/sundials/src/cvode/cvode.c:3725: cvHandleFailure(); ID=9669;
2026.09.29 10:56:58: ERROR (cvode) CVODE error code -15: At t = 133697, unable to satisfy inequality constraints. in /mnt/c/Users/fkubicsek/Downloads/CPP_kód_fejlesztése/fejlesztoi_main/Bubble_dynamics_simulation_CPP/submodules/sundials/src/cvode/cvode.c:3725: cvHandleFailure(); ID=9671;
2026.09.29 10:56:58: ERROR (cvode) CVODE error code -15: At t = 132790, unable to satisfy inequality constraints. in /mnt/c/Users/fkubicsek/Downloads/CPP_kód_fejlesztése/fejlesztoi_main/Bubble_dynamics_simulation_CPP/submodules/sundials/src/cvode/cvode.c:3725: cvHandleFailure(); ID=9677;
2026.09.29 10:56:58: ERROR (cvode) CVODE error code -15: At t = 310444, unable to satisfy inequality constraints. in /mnt/c/Users/fkubicsek/Downloads/CPP_kód_fejlesztése/fejlesztoi_main/Bubble_dynamics_simulation_CPP/submodules/sundials/src/cvode/cvode.c:3725: cvHandleFailure(); ID=9670;
2026.09.29 10:56:58: ERROR (cvode) CVODE error code -15: At t = 114713, unable to satisfy inequality constraints. in /mnt/c/Users/fkubicsek/Downloads/CPP_kód_fejlesztése/fejlesztoi_main/Bubble_dynamics_simulation_CPP/submodules/sundials/src/cvode/cvode.c:3725: cvHandleFailure(); ID=9682;
2026.09.29 10:56:58: ERROR (cvode) CVODE error code -15: At t = 132679, unable to satisfy inequality constraints. in /mnt/c/Users/fkubicsek/Downloads/CPP_kód_fejlesztése/fejlesztoi_main/Bubble_dynamics_simulation_CPP/submodules/sundials/src/cvode/cvode.c:3725: cvHandleFailure(); ID=9679;
2026.09.29 10:56:58: ERROR (cvode) CVODE error code -15: At t = 132646, unable to satisfy inequality constraints. in /mnt/c/Users/fkubicsek/Downloads/CPP_kód_fejlesztése/fejlesztoi_main/Bubble_dynamics_simulation_CPP/submodules/sundials/src/cvode/cvode.c:3725: cvHandleFailure(); ID=9683;
2026.09.29 10:56:58: ERROR (cvode) CVODE error code -15: At t = 475575, unable to satisfy inequality constraints. in /mnt/c/Users/fkubicsek/Downloads/CPP_kód_fejlesztése/fejlesztoi_main/Bubble_dynamics_simulation_CPP/submodules/sundials/src/cvode/cvode.c:3725: cvHandleFailure(); ID=9675;
2026.09.29 10:56:58: ERROR (cvode) CVODE error code -15: At t = 116770, unable to satisfy inequality constraints. in /mnt/c/Users/fkubicsek/Downloads/CPP_kód_fejlesztése/fejlesztoi_main/Bubble_dynamics_simulation_CPP/submodules/sundials/src/cvode/cvode.c:3725: cvHandleFailure(); ID=9686;
2026.09.29 10:56:58: ERROR (cvode) CVODE error code -15: At t = 551301, unable to satisfy inequality constraints. in /mnt/c/Users/fkubicsek/Downloads/CPP_kód_fejlesztése/fejlesztoi_main/Bubble_dynamics_simulation_CPP/submodules/sundials/src/cvode/cvode.c:3725: cvHandleFailure(); ID=9680;
2026.09.29 10:56:58: ERROR (cvode) CVODE error code -15: At t = 769508, unable to satisfy inequality constraints. in /mnt/c/Users/fkubicsek/Downloads/CPP_kód_fejlesztése/fejlesztoi_main/Bubble_dynamics_simulation_CPP/submodules/sundials/src/cvode/cvode.c:3725: cvHandleFailure(); ID=9681;
2026.09.29 10:56:58: ERROR (cvode) CVODE error code -15: At t = 1.18175e+06, unable to satisfy inequality constraints. in /mnt/c/Users/fkubicsek/Downloads/CPP_kód_fejlesztése/fejlesztoi_main/Bubble_dynamics_simulation_CPP/submodules/sundials/src/cvode/cvode.c:3725: cvHandleFailure(); ID=9676;
2026.09.29 10:56:58: ERROR (cvode) CVODE error code -15: At t = 148233, unable to satisfy inequality constraints. in /mnt/c/Users/fkubicsek/Downloads/CPP_kód_fejlesztése/fejlesztoi_main/Bubble_dynamics_simulation_CPP/submodules/sundials/src/cvode/cvode.c:3725: cvHandleFailure(); ID=9690;
2026.09.29 10:56:58: ERROR (cvode) CVODE error code -15: At t = 929565, unable to satisfy inequality constraints. in /mnt/c/Users/fkubicsek/Downloads/CPP_kód_fejlesztése/fejlesztoi_main/Bubble_dynamics_simulation_CPP/submodules/sundials/src/cvode/cvode.c:3725: cvHandleFailure(); ID=9684;
2026.09.29 10:56:58: ERROR (cvode) CVODE error code -15: At t = 1.72223e+06, unable to satisfy inequality constraints. in /mnt/c/Users/fkubicsek/Downloads/CPP_kód_fejlesztése/fejlesztoi_main/Bubble_dynamics_simulation_CPP/submodules/sundials/src/cvode/cvode.c:3725: cvHandleFailure(); ID=9688;
2026.09.29 10:56:58: ERROR (cvode) CVODE error code -15: At t = 1.4856e+06, unable to satisfy inequality constraints. in /mnt/c/Users/fkubicsek/Downloads/CPP_kód_fejlesztése/fejlesztoi_main/Bubble_dynamics_simulation_CPP/submodules/sundials/src/cvode/cvode.c:3725: cvHandleFailure(); ID=9678;
2026.09.29 10:56:58: ERROR (cvode) CVODE error code -15: At t = 621211, unable to satisfy inequality constraints. in /mnt/c/Users/fkubicsek/Downloads/CPP_kód_fejlesztése/fejlesztoi_main/Bubble_dynamics_simulation_CPP/submodules/sundials/src/cvode/cvode.c:3725: cvHandleFailure(); ID=9691;
2026.09.29 10:56:58: ERROR (cvode) CVODE error code -15: At t = 1.32771e+06, unable to satisfy inequality constraints. in /mnt/c/Users/fkubicsek/Downloads/CPP_kód_fejlesztése/fejlesztoi_main/Bubble_dynamics_simulation_CPP/submodules/sundials/src/cvode/cvode.c:3725: cvHandleFailure(); ID=9689;
2026.09.29 10:56:58: ERROR (cvode) CVODE error code -15: At t = 1.46182e+06, unable to satisfy inequality constraints. in /mnt/c/Users/fkubicsek/Downloads/CPP_kód_fejlesztése/fejlesztoi_main/Bubble_dynamics_simulation_CPP/submodules/sundials/src/cvode/cvode.c:3725: cvHandleFailure(); ID=9687;
2026.09.29 10:56:58: ERROR (cvode) CVODE error code -15: At t = 133768, unable to satisfy inequality constraints. in /mnt/c/Users/fkubicsek/Downloads/CPP_kód_fejlesztése/fejlesztoi_main/Bubble_dynamics_simulation_CPP/submodules/sundials/src/cvode/cvode.c:3725: cvHandleFailure(); ID=9694;
2026.09.29 10:56:58: ERROR (cvode) CVODE error code -15: At t = 118303, unable to satisfy inequality constraints. in /mnt/c/Users/fkubicsek/Downloads/CPP_kód_fejlesztése/fejlesztoi_main/Bubble_dynamics_simulation_CPP/submodules/sundials/src/cvode/cvode.c:3725: cvHandleFailure(); ID=9695;
2026.09.29 10:56:58: ERROR (cvode) CVODE error code -15: At t = 118314, unable to satisfy inequality constraints. in /mnt/c/Users/fkubicsek/Downloads/CPP_kód_fejlesztése/fejlesztoi_main/Bubble_dynamics_simulation_CPP/submodules/sundials/src/cvode/cvode.c:3725: cvHandleFailure(); ID=9698;
2026.09.29 10:56:58: ERROR (cvode) CVODE error code -15: At t = 134697, unable to satisfy inequality constraints. in /mnt/c/Users/fkubicsek/Downloads/CPP_kód_fejlesztése/fejlesztoi_main/Bubble_dynamics_simulation_CPP/submodules/sundials/src/cvode/cvode.c:3725: cvHandleFailure(); ID=9697;
2026.09.29 10:56:58: ERROR (cvode) CVODE error code -15: At t = 145343, unable to satisfy inequality constraints. in /mnt/c/Users/fkubicsek/Downloads/CPP_kód_fejlesztése/fejlesztoi_main/Bubble_dynamics_simulation_CPP/submodules/sundials/src/cvode/cvode.c:3725: cvHandleFailure(); ID=9700;
2026.09.29 10:56:58: ERROR (cvode) CVODE error code -15: At t = 133956, unable to satisfy inequality constraints. in /mnt/c/Users/fkubicsek/Downloads/CPP_kód_fejlesztése/fejlesztoi_main/Bubble_dynamics_simulation_CPP/submodules/sundials/src/cvode/cvode.c:3725: cvHandleFailure(); ID=9699;
2026.09.29 10:56:58: WARNING (postprocess) Dissipated energy is negative: -0.000587 in ./src/ode_solution.cpp:309: postprocess(); ID=9700;
2026.09.29 10:56:58: WARNING (postprocess) Energy demand is negative: -3665745790.859432 in ./src/ode_solution.cpp:381: postprocess(); ID=9700;
2026.09.29 10:56:59: ERROR (cvode) CVODE error code -15: At t = 1.07268e+06, unable to satisfy inequality constraints. in /mnt/c/Users/fkubicsek/Downloads/CPP_kód_fejlesztése/fejlesztoi_main/Bubble_dynamics_simulation_CPP/submodules/sundials/src/cvode/cvode.c:3725: cvHandleFailure(); ID=9693;
2026.09.29 10:56:59: ERROR (cvode) CVODE error code -15: At t = 295958, unable to satisfy inequality constraints. in /mnt/c/Users/fkubicsek/Downloads/CPP_kód_fejlesztése/fejlesztoi_main/Bubble_dynamics_simulation_CPP/submodules/sundials/src/cvode/cvode.c:3725: cvHandleFailure(); ID=9702;
2026.09.29 10:56:59: ERROR (cvode) CVODE error code -15: At t = 293760, unable to satisfy inequality constraints. in /mnt/c/Users/fkubicsek/Downloads/CPP_kód_fejlesztése/fejlesztoi_main/Bubble_dynamics_simulation_CPP/submodules/sundials/src/cvode/cvode.c:3725: cvHandleFailure(); ID=9701;
2026.09.29 10:56:59: ERROR (cvode) CVODE error code -15: At t = 157311, unable to satisfy inequality constraints. in /mnt/c/Users/fkubicsek/Downloads/CPP_kód_fejlesztése/fejlesztoi_main/Bubble_dynamics_simulation_CPP/submodules/sundials/src/cvode/cvode.c:3725: cvHandleFailure(); ID=9704;
2026.09.29 10:56:59: WARNING (postprocess) Dissipated energy is negative: -0.000491 in ./src/ode_solution.cpp:309: postprocess(); ID=9702;
2026.09.29 10:56:59: ERROR (cvode) CVODE error code -15: At t = 918750, unable to satisfy inequality constraints. in /mnt/c/Users/fkubicsek/Downloads/CPP_kód_fejlesztése/fejlesztoi_main/Bubble_dynamics_simulation_CPP/submodules/sundials/src/cvode/cvode.c:3725: cvHandleFailure(); ID=9696;
2026.09.29 10:56:59: WARNING (postprocess) Dissipated energy is negative: -0.000449 in ./src/ode_solution.cpp:309: postprocess(); ID=9701;
2026.09.29 10:56:59: ERROR (cvode) CVODE error code -15: At t = 371666, unable to satisfy inequality constraints. in /mnt/c/Users/fkubicsek/Downloads/CPP_kód_fejlesztése/fejlesztoi_main/Bubble_dynamics_simulation_CPP/submodules/sundials/src/cvode/cvode.c:3725: cvHandleFailure(); ID=9705;
2026.09.29 10:56:59: WARNING (postprocess) Dissipated energy is negative: -0.000862 in ./src/ode_solution.cpp:309: postprocess(); ID=9704;
2026.09.29 10:56:59: WARNING (postprocess) Energy demand is negative: -2883828185.443978 in ./src/ode_solution.cpp:381: postprocess(); ID=9702;
2026.09.29 10:56:59: WARNING (postprocess) Energy demand is negative: -330287976.045782 in ./src/ode_solution.cpp:381: postprocess(); ID=9701;
2026.09.29 10:56:59: WARNING (postprocess) Dissipated energy is negative: -0.000044 in ./src/ode_solution.cpp:309: postprocess(); ID=9705;
2026.09.29 10:56:59: WARNING (postprocess) Energy demand is negative: -642009197.154064 in ./src/ode_solution.cpp:381: postprocess(); ID=9704;
2026.09.29 10:56:59: ERROR (cvode) CVODE error code -15: At t = 439670, unable to satisfy inequality constraints. in /mnt/c/Users/fkubicsek/Downloads/CPP_kód_fejlesztése/fejlesztoi_main/Bubble_dynamics_simulation_CPP/submodules/sundials/src/cvode/cvode.c:3725: cvHandleFailure(); ID=9703;
2026.09.29 10:56:59: WARNING (postprocess) Energy demand is negative: -47267648.054331 in ./src/ode_solution.cpp:381: postprocess(); ID=9705;
2026.09.29 10:56:59: ERROR (cvode) CVODE error code -15: At t = 162976, unable to satisfy inequality constraints. in /mnt/c/Users/fkubicsek/Downloads/CPP_kód_fejlesztése/fejlesztoi_main/Bubble_dynamics_simulation_CPP/submodules/sundials/src/cvode/cvode.c:3725: cvHandleFailure(); ID=9707;
2026.09.29 10:56:59: WARNING (postprocess) Dissipated energy is negative: -0.000301 in ./src/ode_solution.cpp:309: postprocess(); ID=9703;
2026.09.29 10:56:59: WARNING (postprocess) Energy demand is negative: -196868109.302549 in ./src/ode_solution.cpp:381: postprocess(); ID=9703;
2026.09.29 10:56:59: ERROR (cvode) CVODE error code -15: At t = 135520, unable to satisfy inequality constraints. in /mnt/c/Users/fkubicsek/Downloads/CPP_kód_fejlesztése/fejlesztoi_main/Bubble_dynamics_simulation_CPP/submodules/sundials/src/cvode/cvode.c:3725: cvHandleFailure(); ID=9709;
2026.09.29 10:56:59: WARNING (postprocess) Dissipated energy is negative: -0.000946 in ./src/ode_solution.cpp:309: postprocess(); ID=9707;
2026.09.29 10:56:59: ERROR (cvode) CVODE error code -15: At t = 138423, unable to satisfy inequality constraints. in /mnt/c/Users/fkubicsek/Downloads/CPP_kód_fejlesztése/fejlesztoi_main/Bubble_dynamics_simulation_CPP/submodules/sundials/src/cvode/cvode.c:3725: cvHandleFailure(); ID=9710;
2026.09.29 10:56:59: ERROR (cvode) CVODE error code -15: At t = 155460, unable to satisfy inequality constraints. in /mnt/c/Users/fkubicsek/Downloads/CPP_kód_fejlesztése/fejlesztoi_main/Bubble_dynamics_simulation_CPP/submodules/sundials/src/cvode/cvode.c:3725: cvHandleFailure(); ID=9711;
2026.09.29 10:56:59: ERROR (cvode) CVODE error code -15: At t = 282747, unable to satisfy inequality constraints. in /mnt/c/Users/fkubicsek/Downloads/CPP_kód_fejlesztése/fejlesztoi_main/Bubble_dynamics_simulation_CPP/submodules/sundials/src/cvode/cvode.c:3725: cvHandleFailure(); ID=9706;
2026.09.29 10:56:59: ERROR (cvode) CVODE error code -15: At t = 452573, unable to satisfy inequality constraints. in /mnt/c/Users/fkubicsek/Downloads/CPP_kód_fejlesztése/fejlesztoi_main/Bubble_dynamics_simulation_CPP/submodules/sundials/src/cvode/cvode.c:3725: cvHandleFailure(); ID=9708;
2026.09.29 10:56:59: WARNING (postprocess) Dissipated energy is negative: -0.000427 in ./src/ode_solution.cpp:309: postprocess(); ID=9708;
2026.09.29 10:56:59: WARNING (postprocess) Energy demand is negative: -10436201594.962795 in ./src/ode_solution.cpp:381: postprocess(); ID=9707;
2026.09.29 10:56:59: WARNING (postprocess) Dissipated energy is negative: -0.000428 in ./src/ode_solution.cpp:309: postprocess(); ID=9710;
2026.09.29 10:56:59: WARNING (postprocess) Dissipated energy is negative: -0.000865 in ./src/ode_solution.cpp:309: postprocess(); ID=9711;
2026.09.29 10:56:59: WARNING (postprocess) Dissipated energy is negative: -0.000005 in ./src/ode_solution.cpp:309: postprocess(); ID=9706;
2026.09.29 10:56:59: WARNING (postprocess) Dissipated energy is negative: -0.000292 in ./src/ode_solution.cpp:309: postprocess(); ID=9709;
2026.09.29 10:56:59: WARNING (postprocess) Energy demand is negative: -106749631.111227 in ./src/ode_solution.cpp:381: postprocess(); ID=9708;
2026.09.29 10:56:59: WARNING (postprocess) Energy demand is negative: -426893661.628696 in ./src/ode_solution.cpp:381: postprocess(); ID=9710;
2026.09.29 10:56:59: WARNING (postprocess) Energy demand is negative: -32009972719.007957 in ./src/ode_solution.cpp:381: postprocess(); ID=9711;
2026.09.29 10:56:59: WARNING (postprocess) Energy demand is negative: -1840048.531149 in ./src/ode_solution.cpp:381: postprocess(); ID=9706;
2026.09.29 10:56:59: WARNING (postprocess) Energy demand is negative: -566690887.587742 in ./src/ode_solution.cpp:381: postprocess(); ID=9709;
2026.09.29 10:56:59: ERROR (cvode) CVODE error code -15: At t = 183104, unable to satisfy inequality constraints. in /mnt/c/Users/fkubicsek/Downloads/CPP_kód_fejlesztése/fejlesztoi_main/Bubble_dynamics_simulation_CPP/submodules/sundials/src/cvode/cvode.c:3725: cvHandleFailure(); ID=9712;
2026.09.29 10:56:59: WARNING (postprocess) Dissipated energy is negative: -0.001062 in ./src/ode_solution.cpp:309: postprocess(); ID=9712;
2026.09.29 10:56:59: WARNING (postprocess) Energy demand is negative: -1729098426.519127 in ./src/ode_solution.cpp:381: postprocess(); ID=9712;
2026.09.29 10:56:59: ERROR (cvode) CVODE error code -15: At t = 130935, unable to satisfy inequality constraints. in /mnt/c/Users/fkubicsek/Downloads/CPP_kód_fejlesztése/fejlesztoi_main/Bubble_dynamics_simulation_CPP/submodules/sundials/src/cvode/cvode.c:3725: cvHandleFailure(); ID=9716;
2026.09.29 10:56:59: WARNING (postprocess) Dissipated energy is negative: -0.000043 in ./src/ode_solution.cpp:309: postprocess(); ID=9716;
2026.09.29 10:56:59: WARNING (postprocess) Energy demand is negative: -53842337.922342 in ./src/ode_solution.cpp:381: postprocess(); ID=9716;
2026.09.29 10:56:59: ERROR (cvode) CVODE error code -15: At t = 137366, unable to satisfy inequality constraints. in /mnt/c/Users/fkubicsek/Downloads/CPP_kód_fejlesztése/fejlesztoi_main/Bubble_dynamics_simulation_CPP/submodules/sundials/src/cvode/cvode.c:3725: cvHandleFailure(); ID=9713;
2026.09.29 10:56:59: WARNING (postprocess) Dissipated energy is negative: -0.000394 in ./src/ode_solution.cpp:309: postprocess(); ID=9713;
2026.09.29 10:56:59: WARNING (postprocess) Energy demand is negative: -955281148.553558 in ./src/ode_solution.cpp:381: postprocess(); ID=9713;
2026.09.29 10:56:59: ERROR (cvode) CVODE error code -15: At t = 147809, unable to satisfy inequality constraints. in /mnt/c/Users/fkubicsek/Downloads/CPP_kód_fejlesztése/fejlesztoi_main/Bubble_dynamics_simulation_CPP/submodules/sundials/src/cvode/cvode.c:3725: cvHandleFailure(); ID=9714;
2026.09.29 10:56:59: ERROR (cvode) CVODE error code -15: At t = 135482, unable to satisfy inequality constraints. in /mnt/c/Users/fkubicsek/Downloads/CPP_kód_fejlesztése/fejlesztoi_main/Bubble_dynamics_simulation_CPP/submodules/sundials/src/cvode/cvode.c:3725: cvHandleFailure(); ID=9718;
2026.09.29 10:56:59: ERROR (cvode) CVODE error code -15: At t = 133020, unable to satisfy inequality constraints. in /mnt/c/Users/fkubicsek/Downloads/CPP_kód_fejlesztése/fejlesztoi_main/Bubble_dynamics_simulation_CPP/submodules/sundials/src/cvode/cvode.c:3725: cvHandleFailure(); ID=9719;
2026.09.29 10:56:59: WARNING (postprocess) Dissipated energy is negative: -0.000177 in ./src/ode_solution.cpp:309: postprocess(); ID=9719;
2026.09.29 10:56:59: WARNING (postprocess) Dissipated energy is negative: -0.000311 in ./src/ode_solution.cpp:309: postprocess(); ID=9718;
2026.09.29 10:56:59: WARNING (postprocess) Dissipated energy is negative: -0.000726 in ./src/ode_solution.cpp:309: postprocess(); ID=9714;
2026.09.29 10:56:59: ERROR (cvode) CVODE error code -15: At t = 149736, unable to satisfy inequality constraints. in /mnt/c/Users/fkubicsek/Downloads/CPP_kód_fejlesztése/fejlesztoi_main/Bubble_dynamics_simulation_CPP/submodules/sundials/src/cvode/cvode.c:3725: cvHandleFailure(); ID=9715;
2026.09.29 10:56:59: WARNING (postprocess) Energy demand is negative: -74980258.955829 in ./src/ode_solution.cpp:381: postprocess(); ID=9719;
2026.09.29 10:56:59: WARNING (postprocess) Energy demand is negative: -4163855846.141084 in ./src/ode_solution.cpp:381: postprocess(); ID=9718;
2026.09.29 10:56:59: WARNING (postprocess) Energy demand is negative: -501025906.813291 in ./src/ode_solution.cpp:381: postprocess(); ID=9714;
2026.09.29 10:56:59: WARNING (postprocess) Dissipated energy is negative: -0.000768 in ./src/ode_solution.cpp:309: postprocess(); ID=9715;
2026.09.29 10:56:59: WARNING (postprocess) Energy demand is negative: -340051636.593578 in ./src/ode_solution.cpp:381: postprocess(); ID=9715;
2026.09.29 10:56:59: ERROR (cvode) CVODE error code -15: At t = 136615, unable to satisfy inequality constraints. in /mnt/c/Users/fkubicsek/Downloads/CPP_kód_fejlesztése/fejlesztoi_main/Bubble_dynamics_simulation_CPP/submodules/sundials/src/cvode/cvode.c:3725: cvHandleFailure(); ID=9717;
2026.09.29 10:56:59: WARNING (postprocess) Dissipated energy is negative: -0.000365 in ./src/ode_solution.cpp:309: postprocess(); ID=9717;
2026.09.29 10:56:59: ERROR (cvode) CVODE error code -15: At t = 138687, unable to satisfy inequality constraints. in /mnt/c/Users/fkubicsek/Downloads/CPP_kód_fejlesztése/fejlesztoi_main/Bubble_dynamics_simulation_CPP/submodules/sundials/src/cvode/cvode.c:3725: cvHandleFailure(); ID=9720;
2026.09.29 10:56:59: WARNING (postprocess) Dissipated energy is negative: -0.000448 in ./src/ode_solution.cpp:309: postprocess(); ID=9720;
2026.09.29 10:56:59: WARNING (postprocess) Energy demand is negative: -763159377.510309 in ./src/ode_solution.cpp:381: postprocess(); ID=9717;
2026.09.29 10:56:59: ERROR (cvode) CVODE error code -15: At t = 131435, unable to satisfy inequality constraints. in /mnt/c/Users/fkubicsek/Downloads/CPP_kód_fejlesztése/fejlesztoi_main/Bubble_dynamics_simulation_CPP/submodules/sundials/src/cvode/cvode.c:3725: cvHandleFailure(); ID=9722;
2026.09.29 10:56:59: ERROR (cvode) CVODE error code -15: At t = 136219, unable to satisfy inequality constraints. in /mnt/c/Users/fkubicsek/Downloads/CPP_kód_fejlesztése/fejlesztoi_main/Bubble_dynamics_simulation_CPP/submodules/sundials/src/cvode/cvode.c:3725: cvHandleFailure(); ID=9721;
2026.09.29 10:56:59: WARNING (postprocess) Energy demand is negative: -16354341517.745403 in ./src/ode_solution.cpp:381: postprocess(); ID=9720;
2026.09.29 10:56:59: WARNING (postprocess) Dissipated energy is negative: -0.000070 in ./src/ode_solution.cpp:309: postprocess(); ID=9722;
2026.09.29 10:56:59: WARNING (postprocess) Energy demand is negative: -507016821.591866 in ./src/ode_solution.cpp:381: postprocess(); ID=9722;
2026.09.29 10:56:59: ERROR (cvode) CVODE error code -15: At t = 162405, unable to satisfy inequality constraints. in /mnt/c/Users/fkubicsek/Downloads/CPP_kód_fejlesztése/fejlesztoi_main/Bubble_dynamics_simulation_CPP/submodules/sundials/src/cvode/cvode.c:3725: cvHandleFailure(); ID=9723;
2026.09.29 10:56:59: WARNING (postprocess) Dissipated energy is negative: -0.000938 in ./src/ode_solution.cpp:309: postprocess(); ID=9723;
2026.09.29 10:56:59: WARNING (postprocess) Energy demand is negative: -1096697032.413416 in ./src/ode_solution.cpp:381: postprocess(); ID=9723;
2026.09.29 10:56:59: WARNING (postprocess) Dissipated energy is negative: -0.000341 in ./src/ode_solution.cpp:309: postprocess(); ID=9721;
2026.09.29 10:56:59: WARNING (postprocess) Energy demand is negative: -451384715.240684 in ./src/ode_solution.cpp:381: postprocess(); ID=9721;
2026.09.29 10:56:59: ERROR (cvode) CVODE error code -15: At t = 132087, unable to satisfy inequality constraints. in /mnt/c/Users/fkubicsek/Downloads/CPP_kód_fejlesztése/fejlesztoi_main/Bubble_dynamics_simulation_CPP/submodules/sundials/src/cvode/cvode.c:3725: cvHandleFailure(); ID=9729;
2026.09.29 10:56:59: ERROR (cvode) CVODE error code -15: At t = 136067, unable to satisfy inequality constraints. in /mnt/c/Users/fkubicsek/Downloads/CPP_kód_fejlesztése/fejlesztoi_main/Bubble_dynamics_simulation_CPP/submodules/sundials/src/cvode/cvode.c:3725: cvHandleFailure(); ID=9727;
2026.09.29 10:56:59: ERROR (cvode) CVODE error code -15: At t = 137697, unable to satisfy inequality constraints. in /mnt/c/Users/fkubicsek/Downloads/CPP_kód_fejlesztése/fejlesztoi_main/Bubble_dynamics_simulation_CPP/submodules/sundials/src/cvode/cvode.c:3725: cvHandleFailure(); ID=9728;
2026.09.29 10:56:59: WARNING (postprocess) Dissipated energy is negative: -0.000074 in ./src/ode_solution.cpp:309: postprocess(); ID=9729;
2026.09.29 10:56:59: WARNING (postprocess) Dissipated energy is negative: -0.000306 in ./src/ode_solution.cpp:309: postprocess(); ID=9727;
2026.09.29 10:56:59: WARNING (postprocess) Dissipated energy is negative: -0.000370 in ./src/ode_solution.cpp:309: postprocess(); ID=9728;
2026.09.29 10:56:59: WARNING (postprocess) Energy demand is negative: -75106654.251008 in ./src/ode_solution.cpp:381: postprocess(); ID=9729;
2026.09.29 10:56:59: WARNING (postprocess) Energy demand is negative: -15418339297.596638 in ./src/ode_solution.cpp:381: postprocess(); ID=9728;
2026.09.29 10:56:59: ERROR (cvode) CVODE error code -15: At t = 132467, unable to satisfy inequality constraints. in /mnt/c/Users/fkubicsek/Downloads/CPP_kód_fejlesztése/fejlesztoi_main/Bubble_dynamics_simulation_CPP/submodules/sundials/src/cvode/cvode.c:3725: cvHandleFailure(); ID=9731;
2026.09.29 10:56:59: WARNING (postprocess) Dissipated energy is negative: -0.000080 in ./src/ode_solution.cpp:309: postprocess(); ID=9731;
2026.09.29 10:56:59: ERROR (cvode) CVODE error code -15: At t = 136579, unable to satisfy inequality constraints. in /mnt/c/Users/fkubicsek/Downloads/CPP_kód_fejlesztése/fejlesztoi_main/Bubble_dynamics_simulation_CPP/submodules/sundials/src/cvode/cvode.c:3725: cvHandleFailure(); ID=9730;
2026.09.29 10:56:59: WARNING (postprocess) Dissipated energy is negative: -0.000307 in ./src/ode_solution.cpp:309: postprocess(); ID=9730;
2026.09.29 10:56:59: WARNING (postprocess) Energy demand is negative: -99902868.401368 in ./src/ode_solution.cpp:381: postprocess(); ID=9731;
2026.09.29 10:56:59: ERROR (cvode) CVODE error code -15: At t = 134551, unable to satisfy inequality constraints. in /mnt/c/Users/fkubicsek/Downloads/CPP_kód_fejlesztése/fejlesztoi_main/Bubble_dynamics_simulation_CPP/submodules/sundials/src/cvode/cvode.c:3725: cvHandleFailure(); ID=9726;
2026.09.29 10:56:59: WARNING (postprocess) Energy demand is negative: -93034847.672596 in ./src/ode_solution.cpp:381: postprocess(); ID=9730;
2026.09.29 10:56:59: WARNING (postprocess) Dissipated energy is negative: -0.000237 in ./src/ode_solution.cpp:309: postprocess(); ID=9726;
2026.09.29 10:56:59: WARNING (postprocess) Energy demand is negative: -1384356653.027667 in ./src/ode_solution.cpp:381: postprocess(); ID=9726;
2026.09.29 10:56:59: ERROR (cvode) CVODE error code -15: At t = 134244, unable to satisfy inequality constraints. in /mnt/c/Users/fkubicsek/Downloads/CPP_kód_fejlesztése/fejlesztoi_main/Bubble_dynamics_simulation_CPP/submodules/sundials/src/cvode/cvode.c:3725: cvHandleFailure(); ID=9734;
2026.09.29 10:56:59: WARNING (postprocess) Dissipated energy is negative: -0.000153 in ./src/ode_solution.cpp:309: postprocess(); ID=9734;
2026.09.29 10:56:59: WARNING (postprocess) Energy demand is negative: -34464982.847602 in ./src/ode_solution.cpp:381: postprocess(); ID=9734;
2026.09.29 10:56:59: ERROR (cvode) CVODE error code -15: At t = 135971, unable to satisfy inequality constraints. in /mnt/c/Users/fkubicsek/Downloads/CPP_kód_fejlesztése/fejlesztoi_main/Bubble_dynamics_simulation_CPP/submodules/sundials/src/cvode/cvode.c:3725: cvHandleFailure(); ID=9732;
2026.09.29 10:56:59: WARNING (postprocess) Dissipated energy is negative: -0.000261 in ./src/ode_solution.cpp:309: postprocess(); ID=9732;
2026.09.29 10:56:59: ERROR (cvode) CVODE error code -15: At t = 135557, unable to satisfy inequality constraints. in /mnt/c/Users/fkubicsek/Downloads/CPP_kód_fejlesztése/fejlesztoi_main/Bubble_dynamics_simulation_CPP/submodules/sundials/src/cvode/cvode.c:3725: cvHandleFailure(); ID=9738;
2026.09.29 10:56:59: ERROR (cvode) CVODE error code -15: At t = 149889, unable to satisfy inequality constraints. in /mnt/c/Users/fkubicsek/Downloads/CPP_kód_fejlesztése/fejlesztoi_main/Bubble_dynamics_simulation_CPP/submodules/sundials/src/cvode/cvode.c:3725: cvHandleFailure(); ID=9733;
2026.09.29 10:56:59: WARNING (postprocess) Energy demand is negative: -243535329.314578 in ./src/ode_solution.cpp:381: postprocess(); ID=9732;
2026.09.29 10:56:59: WARNING (postprocess) Dissipated energy is negative: -0.000172 in ./src/ode_solution.cpp:309: postprocess(); ID=9738;
2026.09.29 10:56:59: WARNING (postprocess) Energy demand is negative: -50154111.650394 in ./src/ode_solution.cpp:381: postprocess(); ID=9738;
2026.09.29 10:56:59: ERROR (cvode) CVODE error code -15: At t = 134758, unable to satisfy inequality constraints. in /mnt/c/Users/fkubicsek/Downloads/CPP_kód_fejlesztése/fejlesztoi_main/Bubble_dynamics_simulation_CPP/submodules/sundials/src/cvode/cvode.c:3725: cvHandleFailure(); ID=9737;
2026.09.29 10:56:59: WARNING (postprocess) Dissipated energy is negative: -0.000680 in ./src/ode_solution.cpp:309: postprocess(); ID=9733;
2026.09.29 10:56:59: WARNING (postprocess) Energy demand is negative: -847319291.965129 in ./src/ode_solution.cpp:381: postprocess(); ID=9733;
2026.09.29 10:56:59: WARNING (postprocess) Dissipated energy is negative: -0.000145 in ./src/ode_solution.cpp:309: postprocess(); ID=9737;
2026.09.29 10:56:59: ERROR (cvode) CVODE error code -15: At t = 605489, unable to satisfy inequality constraints. in /mnt/c/Users/fkubicsek/Downloads/CPP_kód_fejlesztése/fejlesztoi_main/Bubble_dynamics_simulation_CPP/submodules/sundials/src/cvode/cvode.c:3725: cvHandleFailure(); ID=9724;
2026.09.29 10:56:59: ERROR (cvode) CVODE error code -15: At t = 139599, unable to satisfy inequality constraints. in /mnt/c/Users/fkubicsek/Downloads/CPP_kód_fejlesztése/fejlesztoi_main/Bubble_dynamics_simulation_CPP/submodules/sundials/src/cvode/cvode.c:3725: cvHandleFailure(); ID=9736;
2026.09.29 10:56:59: WARNING (postprocess) Dissipated energy is negative: -0.000368 in ./src/ode_solution.cpp:309: postprocess(); ID=9736;
2026.09.29 10:56:59: WARNING (postprocess) Energy demand is negative: -6954228410.683814 in ./src/ode_solution.cpp:381: postprocess(); ID=9736;
2026.09.29 10:56:59: WARNING (postprocess) Energy demand is negative: -22536456.975785 in ./src/ode_solution.cpp:381: postprocess(); ID=9737;
2026.09.29 10:56:59: ERROR (cvode) CVODE error code -15: At t = 131486, unable to satisfy inequality constraints. in /mnt/c/Users/fkubicsek/Downloads/CPP_kód_fejlesztése/fejlesztoi_main/Bubble_dynamics_simulation_CPP/submodules/sundials/src/cvode/cvode.c:3725: cvHandleFailure(); ID=9739;
2026.09.29 10:56:59: ERROR (cvode) CVODE error code -15: At t = 454242, unable to satisfy inequality constraints. in /mnt/c/Users/fkubicsek/Downloads/CPP_kód_fejlesztése/fejlesztoi_main/Bubble_dynamics_simulation_CPP/submodules/sundials/src/cvode/cvode.c:3725: cvHandleFailure(); ID=9725;
2026.09.29 10:56:59: ERROR (cvode) CVODE error code -15: At t = 298178, unable to satisfy inequality constraints. in /mnt/c/Users/fkubicsek/Downloads/CPP_kód_fejlesztése/fejlesztoi_main/Bubble_dynamics_simulation_CPP/submodules/sundials/src/cvode/cvode.c:3725: cvHandleFailure(); ID=9735;
2026.09.29 10:56:59: WARNING (postprocess) Dissipated energy is negative: -0.000046 in ./src/ode_solution.cpp:309: postprocess(); ID=9725;
2026.09.29 10:56:59: WARNING (postprocess) Energy demand is negative: -4864904.714275 in ./src/ode_solution.cpp:381: postprocess(); ID=9725;
2026.09.29 10:56:59: ERROR (cvode) CVODE error code -15: At t = 138205, unable to satisfy inequality constraints. in /mnt/c/Users/fkubicsek/Downloads/CPP_kód_fejlesztése/fejlesztoi_main/Bubble_dynamics_simulation_CPP/submodules/sundials/src/cvode/cvode.c:3725: cvHandleFailure(); ID=9740;
2026.09.29 10:56:59: ERROR (cvode) CVODE error code -15: At t = 134490, unable to satisfy inequality constraints. in /mnt/c/Users/fkubicsek/Downloads/CPP_kód_fejlesztése/fejlesztoi_main/Bubble_dynamics_simulation_CPP/submodules/sundials/src/cvode/cvode.c:3725: cvHandleFailure(); ID=9746;
2026.09.29 10:56:59: WARNING (postprocess) Dissipated energy is negative: -0.000262 in ./src/ode_solution.cpp:309: postprocess(); ID=9740;
2026.09.29 10:56:59: WARNING (postprocess) Energy demand is negative: -313222185.740870 in ./src/ode_solution.cpp:381: postprocess(); ID=9740;
2026.09.29 10:56:59: ERROR (cvode) CVODE error code -4: At t = 132872 and h = 1.45246, the corrector convergence test failed repeatedly or with |h| = hmin. in /mnt/c/Users/fkubicsek/Downloads/CPP_kód_fejlesztése/fejlesztoi_main/Bubble_dynamics_simulation_CPP/submodules/sundials/src/cvode/cvode.c:3682: cvHandleFailure(); ID=9745;
2026.09.29 10:56:59: ERROR (cvode) CVODE error code -15: At t = 135780, unable to satisfy inequality constraints. in /mnt/c/Users/fkubicsek/Downloads/CPP_kód_fejlesztése/fejlesztoi_main/Bubble_dynamics_simulation_CPP/submodules/sundials/src/cvode/cvode.c:3725: cvHandleFailure(); ID=9744;
2026.09.29 10:56:59: WARNING (postprocess) Dissipated energy is negative: -0.000093 in ./src/ode_solution.cpp:309: postprocess(); ID=9744;
2026.09.29 10:56:59: WARNING (postprocess) Energy demand is negative: -11325828.631741 in ./src/ode_solution.cpp:381: postprocess(); ID=9744;
2026.09.29 10:56:59: ERROR (cvode) CVODE error code -15: At t = 134092, unable to satisfy inequality constraints. in /mnt/c/Users/fkubicsek/Downloads/CPP_kód_fejlesztése/fejlesztoi_main/Bubble_dynamics_simulation_CPP/submodules/sundials/src/cvode/cvode.c:3725: cvHandleFailure(); ID=9748;
2026.09.29 10:56:59: ERROR (cvode) CVODE error code -15: At t = 133209, unable to satisfy inequality constraints. in /mnt/c/Users/fkubicsek/Downloads/CPP_kód_fejlesztése/fejlesztoi_main/Bubble_dynamics_simulation_CPP/submodules/sundials/src/cvode/cvode.c:3725: cvHandleFailure(); ID=9743;
2026.09.29 10:56:59: ERROR (cvode) CVODE error code -15: At t = 133675, unable to satisfy inequality constraints. in /mnt/c/Users/fkubicsek/Downloads/CPP_kód_fejlesztése/fejlesztoi_main/Bubble_dynamics_simulation_CPP/submodules/sundials/src/cvode/cvode.c:3725: cvHandleFailure(); ID=9750;
2026.09.29 10:56:59: ERROR (cvode) CVODE error code -15: At t = 299020, unable to satisfy inequality constraints. in /mnt/c/Users/fkubicsek/Downloads/CPP_kód_fejlesztése/fejlesztoi_main/Bubble_dynamics_simulation_CPP/submodules/sundials/src/cvode/cvode.c:3725: cvHandleFailure(); ID=9742;
2026.09.29 10:56:59: ERROR (cvode) CVODE error code -15: At t = 133829, unable to satisfy inequality constraints. in /mnt/c/Users/fkubicsek/Downloads/CPP_kód_fejlesztése/fejlesztoi_main/Bubble_dynamics_simulation_CPP/submodules/sundials/src/cvode/cvode.c:3725: cvHandleFailure(); ID=9751;
2026.09.29 10:56:59: ERROR (cvode) CVODE error code -15: At t = 134121, unable to satisfy inequality constraints. in /mnt/c/Users/fkubicsek/Downloads/CPP_kód_fejlesztése/fejlesztoi_main/Bubble_dynamics_simulation_CPP/submodules/sundials/src/cvode/cvode.c:3725: cvHandleFailure(); ID=9749;
2026.09.29 10:56:59: ERROR (cvode) CVODE error code -15: At t = 603158, unable to satisfy inequality constraints. in /mnt/c/Users/fkubicsek/Downloads/CPP_kód_fejlesztése/fejlesztoi_main/Bubble_dynamics_simulation_CPP/submodules/sundials/src/cvode/cvode.c:3725: cvHandleFailure(); ID=9741;
2026.09.29 10:56:59: ERROR (cvode) CVODE error code -15: At t = 625138, unable to satisfy inequality constraints. in /mnt/c/Users/fkubicsek/Downloads/CPP_kód_fejlesztése/fejlesztoi_main/Bubble_dynamics_simulation_CPP/submodules/sundials/src/cvode/cvode.c:3725: cvHandleFailure(); ID=9747;
2026.09.29 10:56:59: ERROR (cvode) CVODE error code -15: At t = 138757, unable to satisfy inequality constraints. in /mnt/c/Users/fkubicsek/Downloads/CPP_kód_fejlesztése/fejlesztoi_main/Bubble_dynamics_simulation_CPP/submodules/sundials/src/cvode/cvode.c:3725: cvHandleFailure(); ID=9757;
2026.09.29 10:56:59: ERROR (cvode) CVODE error code -15: At t = 136242, unable to satisfy inequality constraints. in /mnt/c/Users/fkubicsek/Downloads/CPP_kód_fejlesztése/fejlesztoi_main/Bubble_dynamics_simulation_CPP/submodules/sundials/src/cvode/cvode.c:3725: cvHandleFailure(); ID=9756;
2026.09.29 10:56:59: ERROR (cvode) CVODE error code -15: At t = 133422, unable to satisfy inequality constraints. in /mnt/c/Users/fkubicsek/Downloads/CPP_kód_fejlesztése/fejlesztoi_main/Bubble_dynamics_simulation_CPP/submodules/sundials/src/cvode/cvode.c:3725: cvHandleFailure(); ID=9759;
2026.09.29 10:56:59: ERROR (cvode) CVODE error code -15: At t = 133209, unable to satisfy inequality constraints. in /mnt/c/Users/fkubicsek/Downloads/CPP_kód_fejlesztése/fejlesztoi_main/Bubble_dynamics_simulation_CPP/submodules/sundials/src/cvode/cvode.c:3725: cvHandleFailure(); ID=9758;
2026.09.29 10:56:59: ERROR (cvode) CVODE error code -15: At t = 310940, unable to satisfy inequality constraints. in /mnt/c/Users/fkubicsek/Downloads/CPP_kód_fejlesztése/fejlesztoi_main/Bubble_dynamics_simulation_CPP/submodules/sundials/src/cvode/cvode.c:3725: cvHandleFailure(); ID=9755;
2026.09.29 10:56:59: ERROR (cvode) CVODE error code -15: At t = 133459, unable to satisfy inequality constraints. in /mnt/c/Users/fkubicsek/Downloads/CPP_kód_fejlesztése/fejlesztoi_main/Bubble_dynamics_simulation_CPP/submodules/sundials/src/cvode/cvode.c:3725: cvHandleFailure(); ID=9761;
2026.09.29 10:56:59: ERROR (cvode) CVODE error code -15: At t = 133542, unable to satisfy inequality constraints. in /mnt/c/Users/fkubicsek/Downloads/CPP_kód_fejlesztése/fejlesztoi_main/Bubble_dynamics_simulation_CPP/submodules/sundials/src/cvode/cvode.c:3725: cvHandleFailure(); ID=9762;
2026.09.29 10:56:59: ERROR (cvode) CVODE error code -15: At t = 269997, unable to satisfy inequality constraints. in /mnt/c/Users/fkubicsek/Downloads/CPP_kód_fejlesztése/fejlesztoi_main/Bubble_dynamics_simulation_CPP/submodules/sundials/src/cvode/cvode.c:3725: cvHandleFailure(); ID=9760;
2026.09.29 10:56:59: ERROR (cvode) CVODE error code -15: At t = 537968, unable to satisfy inequality constraints. in /mnt/c/Users/fkubicsek/Downloads/CPP_kód_fejlesztése/fejlesztoi_main/Bubble_dynamics_simulation_CPP/submodules/sundials/src/cvode/cvode.c:3725: cvHandleFailure(); ID=9754;
2026.09.29 10:56:59: ERROR (cvode) CVODE error code -15: At t = 143700, unable to satisfy inequality constraints. in /mnt/c/Users/fkubicsek/Downloads/CPP_kód_fejlesztése/fejlesztoi_main/Bubble_dynamics_simulation_CPP/submodules/sundials/src/cvode/cvode.c:3725: cvHandleFailure(); ID=9765;
2026.09.29 10:56:59: ERROR (cvode) CVODE error code -15: At t = 1.11944e+06, unable to satisfy inequality constraints. in /mnt/c/Users/fkubicsek/Downloads/CPP_kód_fejlesztése/fejlesztoi_main/Bubble_dynamics_simulation_CPP/submodules/sundials/src/cvode/cvode.c:3725: cvHandleFailure(); ID=9752;
2026.09.29 10:56:59: ERROR (cvode) CVODE error code -15: At t = 136036, unable to satisfy inequality constraints. in /mnt/c/Users/fkubicsek/Downloads/CPP_kód_fejlesztése/fejlesztoi_main/Bubble_dynamics_simulation_CPP/submodules/sundials/src/cvode/cvode.c:3725: cvHandleFailure(); ID=9766;
2026.09.29 10:56:59: ERROR (cvode) CVODE error code -15: At t = 137086, unable to satisfy inequality constraints. in /mnt/c/Users/fkubicsek/Downloads/CPP_kód_fejlesztése/fejlesztoi_main/Bubble_dynamics_simulation_CPP/submodules/sundials/src/cvode/cvode.c:3725: cvHandleFailure(); ID=9767;
2026.09.29 10:56:59: ERROR (cvode) CVODE error code -15: At t = 143268, unable to satisfy inequality constraints. in /mnt/c/Users/fkubicsek/Downloads/CPP_kód_fejlesztése/fejlesztoi_main/Bubble_dynamics_simulation_CPP/submodules/sundials/src/cvode/cvode.c:3725: cvHandleFailure(); ID=9768;
2026.09.29 10:56:59: ERROR (cvode) CVODE error code -15: At t = 118358, unable to satisfy inequality constraints. in /mnt/c/Users/fkubicsek/Downloads/CPP_kód_fejlesztése/fejlesztoi_main/Bubble_dynamics_simulation_CPP/submodules/sundials/src/cvode/cvode.c:3725: cvHandleFailure(); ID=9771;
2026.09.29 10:56:59: ERROR (cvode) CVODE error code -15: At t = 478384, unable to satisfy inequality constraints. in /mnt/c/Users/fkubicsek/Downloads/CPP_kód_fejlesztése/fejlesztoi_main/Bubble_dynamics_simulation_CPP/submodules/sundials/src/cvode/cvode.c:3725: cvHandleFailure(); ID=9763;
2026.09.29 10:56:59: ERROR (cvode) CVODE error code -15: At t = 136070, unable to satisfy inequality constraints. in /mnt/c/Users/fkubicsek/Downloads/CPP_kód_fejlesztése/fejlesztoi_main/Bubble_dynamics_simulation_CPP/submodules/sundials/src/cvode/cvode.c:3725: cvHandleFailure(); ID=9770;
2026.09.29 10:56:59: ERROR (cvode) CVODE error code -15: At t = 135479, unable to satisfy inequality constraints. in /mnt/c/Users/fkubicsek/Downloads/CPP_kód_fejlesztése/fejlesztoi_main/Bubble_dynamics_simulation_CPP/submodules/sundials/src/cvode/cvode.c:3725: cvHandleFailure(); ID=9773;
2026.09.29 10:56:59: ERROR (cvode) CVODE error code -15: At t = 1.07389e+06, unable to satisfy inequality constraints. in /mnt/c/Users/fkubicsek/Downloads/CPP_kód_fejlesztése/fejlesztoi_main/Bubble_dynamics_simulation_CPP/submodules/sundials/src/cvode/cvode.c:3725: cvHandleFailure(); ID=9753;
2026.09.29 10:56:59: ERROR (cvode) CVODE error code -15: At t = 138560, unable to satisfy inequality constraints. in /mnt/c/Users/fkubicsek/Downloads/CPP_kód_fejlesztése/fejlesztoi_main/Bubble_dynamics_simulation_CPP/submodules/sundials/src/cvode/cvode.c:3725: cvHandleFailure(); ID=9769;
2026.09.29 10:56:59: ERROR (cvode) CVODE error code -15: At t = 138284, unable to satisfy inequality constraints. in /mnt/c/Users/fkubicsek/Downloads/CPP_kód_fejlesztése/fejlesztoi_main/Bubble_dynamics_simulation_CPP/submodules/sundials/src/cvode/cvode.c:3725: cvHandleFailure(); ID=9775;
2026.09.29 10:56:59: ERROR (cvode) CVODE error code -15: At t = 133832, unable to satisfy inequality constraints. in /mnt/c/Users/fkubicsek/Downloads/CPP_kód_fejlesztése/fejlesztoi_main/Bubble_dynamics_simulation_CPP/submodules/sundials/src/cvode/cvode.c:3725: cvHandleFailure(); ID=9777;
2026.09.29 10:56:59: ERROR (cvode) CVODE error code -15: At t = 939436, unable to satisfy inequality constraints. in /mnt/c/Users/fkubicsek/Downloads/CPP_kód_fejlesztése/fejlesztoi_main/Bubble_dynamics_simulation_CPP/submodules/sundials/src/cvode/cvode.c:3725: cvHandleFailure(); ID=9764;
2026.09.29 10:56:59: ERROR (cvode) CVODE error code -15: At t = 311865, unable to satisfy inequality constraints. in /mnt/c/Users/fkubicsek/Downloads/CPP_kód_fejlesztése/fejlesztoi_main/Bubble_dynamics_simulation_CPP/submodules/sundials/src/cvode/cvode.c:3725: cvHandleFailure(); ID=9776;
2026.09.29 10:56:59: ERROR (cvode) CVODE error code -15: At t = 138003, unable to satisfy inequality constraints. in /mnt/c/Users/fkubicsek/Downloads/CPP_kód_fejlesztése/fejlesztoi_main/Bubble_dynamics_simulation_CPP/submodules/sundials/src/cvode/cvode.c:3725: cvHandleFailure(); ID=9779;
2026.09.29 10:56:59: ERROR (cvode) CVODE error code -15: At t = 119001, unable to satisfy inequality constraints. in /mnt/c/Users/fkubicsek/Downloads/CPP_kód_fejlesztése/fejlesztoi_main/Bubble_dynamics_simulation_CPP/submodules/sundials/src/cvode/cvode.c:3725: cvHandleFailure(); ID=9783;
2026.09.29 10:57:00: ERROR (cvode) CVODE error code -15: At t = 140701, unable to satisfy inequality constraints. in /mnt/c/Users/fkubicsek/Downloads/CPP_kód_fejlesztése/fejlesztoi_main/Bubble_dynamics_simulation_CPP/submodules/sundials/src/cvode/cvode.c:3725: cvHandleFailure(); ID=9782;
2026.09.29 10:57:00: ERROR (cvode) CVODE error code -15: At t = 932467, unable to satisfy inequality constraints. in /mnt/c/Users/fkubicsek/Downloads/CPP_kód_fejlesztése/fejlesztoi_main/Bubble_dynamics_simulation_CPP/submodules/sundials/src/cvode/cvode.c:3725: cvHandleFailure(); ID=9772;
2026.09.29 10:57:00: WARNING (odefun) Negative R or T: R=68643345.565640;   T=-269660657.286645 in ./src/ode_fun.cpp:108: check_before_call(); ID=9786;
2026.09.29 10:57:00: WARNING (odefun) Negative R or T: R=63264.168036;   T=-252057.336127 in ./src/ode_fun.cpp:108: check_before_call(); ID=9786;
2026.09.29 10:57:00: WARNING (odefun) Negative R or T: R=52.404347;   T=-210.208178 in ./src/ode_fun.cpp:108: check_before_call(); ID=9786;
2026.09.29 10:57:00: ERROR (odefun) x_dimless_dot[1] is NaN. t_dimless = 1.72271805534744606e+05;    x_dimless = {1.87180051105903500e+00, 3.04303372682185268e+09, 4.31043249954525531e-01, 0.00000000000000000e+00, -2.06923184287384395e-05, 7.48603757568878647e-01, 1.71396492648148281e-17, 0.00000000000000000e+00, 1.75369232869130035e-15, 2.49534586008076403e-01, 1.99285754923922367e-11, 1.68171682049118714e-17, 4.47778262999440530e-13, 4.64831694649385453e-04, -8.04425124742816117e-04, 4.14243012582339750e-04, -6.81004605670530851e-18, -9.12581745073168943e-05};    x_dimless_dot = {3.04303372682185268e+09, -nan, -1.96985550661635232e+17, 0.00000000000000000e+00, 2.81212434210753250e+15, 0.00000000000000000e+00, 1.49745209328312998e-21, 0.00000000000000000e+00, -4.08822110046791623e-11, 7.16168993555582979e-07, -4.31616306937622370e-07, -7.71254086982992579e-21, 8.68469206950470873e-19, 2.81285938694962550e+15, -2.81359443179171800e+15, 7.35044842092915527e+11, 6.64209062015253129e-16, -nan} in ./src/ode_fun.cpp:140: check_after_call(); ID=9786;
2026.09.29 10:57:00: ERROR (cvode) CVODE error code -10: At t = 144233 repeated recoverable right-hand side function errors. in /mnt/c/Users/fkubicsek/Downloads/CPP_kód_fejlesztése/fejlesztoi_main/Bubble_dynamics_simulation_CPP/submodules/sundials/src/cvode/cvode.c:3702: cvHandleFailure(); ID=9786;
2026.09.29 10:57:00: ERROR (cvode) CVODE error code -15: At t = 638894, unable to satisfy inequality constraints. in /mnt/c/Users/fkubicsek/Downloads/CPP_kód_fejlesztése/fejlesztoi_main/Bubble_dynamics_simulation_CPP/submodules/sundials/src/cvode/cvode.c:3725: cvHandleFailure(); ID=9778;
2026.09.29 10:57:00: ERROR (cvode) CVODE error code -15: At t = 1.08218e+06, unable to satisfy inequality constraints. in /mnt/c/Users/fkubicsek/Downloads/CPP_kód_fejlesztése/fejlesztoi_main/Bubble_dynamics_simulation_CPP/submodules/sundials/src/cvode/cvode.c:3725: cvHandleFailure(); ID=9774;
2026.09.29 10:57:00: ERROR (cvode) CVODE error code -15: At t = 120168, unable to satisfy inequality constraints. in /mnt/c/Users/fkubicsek/Downloads/CPP_kód_fejlesztése/fejlesztoi_main/Bubble_dynamics_simulation_CPP/submodules/sundials/src/cvode/cvode.c:3725: cvHandleFailure(); ID=9787;
2026.09.29 10:57:00: ERROR (cvode) CVODE error code -15: At t = 820444, unable to satisfy inequality constraints. in /mnt/c/Users/fkubicsek/Downloads/CPP_kód_fejlesztése/fejlesztoi_main/Bubble_dynamics_simulation_CPP/submodules/sundials/src/cvode/cvode.c:3725: cvHandleFailure(); ID=9780;
2026.09.29 10:57:00: ERROR (cvode) CVODE error code -15: At t = 119733, unable to satisfy inequality constraints. in /mnt/c/Users/fkubicsek/Downloads/CPP_kód_fejlesztése/fejlesztoi_main/Bubble_dynamics_simulation_CPP/submodules/sundials/src/cvode/cvode.c:3725: cvHandleFailure(); ID=9790;
2026.09.29 10:57:00: ERROR (cvode) CVODE error code -15: At t = 119712, unable to satisfy inequality constraints. in /mnt/c/Users/fkubicsek/Downloads/CPP_kód_fejlesztése/fejlesztoi_main/Bubble_dynamics_simulation_CPP/submodules/sundials/src/cvode/cvode.c:3725: cvHandleFailure(); ID=9789;
2026.09.29 10:57:00: ERROR (cvode) CVODE error code -15: At t = 1.0869e+06, unable to satisfy inequality constraints. in /mnt/c/Users/fkubicsek/Downloads/CPP_kód_fejlesztése/fejlesztoi_main/Bubble_dynamics_simulation_CPP/submodules/sundials/src/cvode/cvode.c:3725: cvHandleFailure(); ID=9781;
2026.09.29 10:57:00: ERROR (cvode) CVODE error code -15: At t = 119871, unable to satisfy inequality constraints. in /mnt/c/Users/fkubicsek/Downloads/CPP_kód_fejlesztése/fejlesztoi_main/Bubble_dynamics_simulation_CPP/submodules/sundials/src/cvode/cvode.c:3725: cvHandleFailure(); ID=9794;
2026.09.29 10:57:00: ERROR (cvode) CVODE error code -15: At t = 138986, unable to satisfy inequality constraints. in /mnt/c/Users/fkubicsek/Downloads/CPP_kód_fejlesztése/fejlesztoi_main/Bubble_dynamics_simulation_CPP/submodules/sundials/src/cvode/cvode.c:3725: cvHandleFailure(); ID=9793;
2026.09.29 10:57:00: ERROR (cvode) CVODE error code -15: At t = 297946, unable to satisfy inequality constraints. in /mnt/c/Users/fkubicsek/Downloads/CPP_kód_fejlesztése/fejlesztoi_main/Bubble_dynamics_simulation_CPP/submodules/sundials/src/cvode/cvode.c:3725: cvHandleFailure(); ID=9792;
2026.09.29 10:57:00: ERROR (cvode) CVODE error code -15: At t = 958146, unable to satisfy inequality constraints. in /mnt/c/Users/fkubicsek/Downloads/CPP_kód_fejlesztése/fejlesztoi_main/Bubble_dynamics_simulation_CPP/submodules/sundials/src/cvode/cvode.c:3725: cvHandleFailure(); ID=9785;
2026.09.29 10:57:00: ERROR (cvode) CVODE error code -15: At t = 119885, unable to satisfy inequality constraints. in /mnt/c/Users/fkubicsek/Downloads/CPP_kód_fejlesztése/fejlesztoi_main/Bubble_dynamics_simulation_CPP/submodules/sundials/src/cvode/cvode.c:3725: cvHandleFailure(); ID=9797;
2026.09.29 10:57:00: ERROR (cvode) CVODE error code -15: At t = 117893, unable to satisfy inequality constraints. in /mnt/c/Users/fkubicsek/Downloads/CPP_kód_fejlesztése/fejlesztoi_main/Bubble_dynamics_simulation_CPP/submodules/sundials/src/cvode/cvode.c:3725: cvHandleFailure(); ID=9799;
2026.09.29 10:57:00: ERROR (cvode) CVODE error code -15: At t = 119860, unable to satisfy inequality constraints. in /mnt/c/Users/fkubicsek/Downloads/CPP_kód_fejlesztése/fejlesztoi_main/Bubble_dynamics_simulation_CPP/submodules/sundials/src/cvode/cvode.c:3725: cvHandleFailure(); ID=9796;
2026.09.29 10:57:00: ERROR (cvode) CVODE error code -15: At t = 347772, unable to satisfy inequality constraints. in /mnt/c/Users/fkubicsek/Downloads/CPP_kód_fejlesztése/fejlesztoi_main/Bubble_dynamics_simulation_CPP/submodules/sundials/src/cvode/cvode.c:3725: cvHandleFailure(); ID=9791;
2026.09.29 10:57:00: ERROR (cvode) CVODE error code -15: At t = 140936, unable to satisfy inequality constraints. in /mnt/c/Users/fkubicsek/Downloads/CPP_kód_fejlesztése/fejlesztoi_main/Bubble_dynamics_simulation_CPP/submodules/sundials/src/cvode/cvode.c:3725: cvHandleFailure(); ID=9798;
2026.09.29 10:57:00: ERROR (cvode) CVODE error code -15: At t = 293943, unable to satisfy inequality constraints. in /mnt/c/Users/fkubicsek/Downloads/CPP_kód_fejlesztése/fejlesztoi_main/Bubble_dynamics_simulation_CPP/submodules/sundials/src/cvode/cvode.c:3725: cvHandleFailure(); ID=9800;
2026.09.29 10:57:00: WARNING (postprocess) Dissipated energy is negative: -0.000168 in ./src/ode_solution.cpp:309: postprocess(); ID=9800;
2026.09.29 10:57:00: ERROR (cvode) CVODE error code -15: At t = 301014, unable to satisfy inequality constraints. in /mnt/c/Users/fkubicsek/Downloads/CPP_kód_fejlesztése/fejlesztoi_main/Bubble_dynamics_simulation_CPP/submodules/sundials/src/cvode/cvode.c:3725: cvHandleFailure(); ID=9801;
2026.09.29 10:57:00: ERROR (cvode) CVODE error code -15: At t = 1.11461e+06, unable to satisfy inequality constraints. in /mnt/c/Users/fkubicsek/Downloads/CPP_kód_fejlesztése/fejlesztoi_main/Bubble_dynamics_simulation_CPP/submodules/sundials/src/cvode/cvode.c:3725: cvHandleFailure(); ID=9784;
2026.09.29 10:57:00: ERROR (cvode) CVODE error code -15: At t = 676466, unable to satisfy inequality constraints. in /mnt/c/Users/fkubicsek/Downloads/CPP_kód_fejlesztése/fejlesztoi_main/Bubble_dynamics_simulation_CPP/submodules/sundials/src/cvode/cvode.c:3725: cvHandleFailure(); ID=9788;
2026.09.29 10:57:00: WARNING (postprocess) Energy demand is negative: -114383626.328656 in ./src/ode_solution.cpp:381: postprocess(); ID=9800;
2026.09.29 10:57:00: WARNING (postprocess) Dissipated energy is negative: -0.000419 in ./src/ode_solution.cpp:309: postprocess(); ID=9801;
2026.09.29 10:57:00: WARNING (postprocess) Energy demand is negative: -302678130.794551 in ./src/ode_solution.cpp:381: postprocess(); ID=9801;
2026.09.29 10:57:00: ERROR (cvode) CVODE error code -15: At t = 302701, unable to satisfy inequality constraints. in /mnt/c/Users/fkubicsek/Downloads/CPP_kód_fejlesztése/fejlesztoi_main/Bubble_dynamics_simulation_CPP/submodules/sundials/src/cvode/cvode.c:3725: cvHandleFailure(); ID=9802;
2026.09.29 10:57:00: WARNING (postprocess) Dissipated energy is negative: -0.000462 in ./src/ode_solution.cpp:309: postprocess(); ID=9802;
2026.09.29 10:57:00: WARNING (postprocess) Energy demand is negative: -185460000.186006 in ./src/ode_solution.cpp:381: postprocess(); ID=9802;
2026.09.29 10:57:00: ERROR (cvode) CVODE error code -15: At t = 154196, unable to satisfy inequality constraints. in /mnt/c/Users/fkubicsek/Downloads/CPP_kód_fejlesztése/fejlesztoi_main/Bubble_dynamics_simulation_CPP/submodules/sundials/src/cvode/cvode.c:3725: cvHandleFailure(); ID=9807;
2026.09.29 10:57:00: WARNING (postprocess) Dissipated energy is negative: -0.000831 in ./src/ode_solution.cpp:309: postprocess(); ID=9807;
2026.09.29 10:57:00: WARNING (postprocess) Energy demand is negative: -1926058704.929139 in ./src/ode_solution.cpp:381: postprocess(); ID=9807;
2026.09.29 10:57:00: ERROR (cvode) CVODE error code -15: At t = 257088, unable to satisfy inequality constraints. in /mnt/c/Users/fkubicsek/Downloads/CPP_kód_fejlesztése/fejlesztoi_main/Bubble_dynamics_simulation_CPP/submodules/sundials/src/cvode/cvode.c:3725: cvHandleFailure(); ID=9804;
2026.09.29 10:57:00: ERROR (cvode) CVODE error code -15: At t = 296294, unable to satisfy inequality constraints. in /mnt/c/Users/fkubicsek/Downloads/CPP_kód_fejlesztése/fejlesztoi_main/Bubble_dynamics_simulation_CPP/submodules/sundials/src/cvode/cvode.c:3725: cvHandleFailure(); ID=9803;
2026.09.29 10:57:00: WARNING (postprocess) Dissipated energy is negative: -0.000234 in ./src/ode_solution.cpp:309: postprocess(); ID=9803;
2026.09.29 10:57:00: WARNING (postprocess) Energy demand is negative: -125517983.317858 in ./src/ode_solution.cpp:381: postprocess(); ID=9803;
2026.09.29 10:57:00: ERROR (cvode) CVODE error code -15: At t = 141868, unable to satisfy inequality constraints. in /mnt/c/Users/fkubicsek/Downloads/CPP_kód_fejlesztése/fejlesztoi_main/Bubble_dynamics_simulation_CPP/submodules/sundials/src/cvode/cvode.c:3725: cvHandleFailure(); ID=9806;
2026.09.29 10:57:00: WARNING (postprocess) Dissipated energy is negative: -0.000399 in ./src/ode_solution.cpp:309: postprocess(); ID=9806;
2026.09.29 10:57:00: ERROR (cvode) CVODE error code -15: At t = 959856, unable to satisfy inequality constraints. in /mnt/c/Users/fkubicsek/Downloads/CPP_kód_fejlesztése/fejlesztoi_main/Bubble_dynamics_simulation_CPP/submodules/sundials/src/cvode/cvode.c:3725: cvHandleFailure(); ID=9795;
2026.09.29 10:57:00: ERROR (cvode) CVODE error code -15: At t = 449206, unable to satisfy inequality constraints. in /mnt/c/Users/fkubicsek/Downloads/CPP_kód_fejlesztése/fejlesztoi_main/Bubble_dynamics_simulation_CPP/submodules/sundials/src/cvode/cvode.c:3725: cvHandleFailure(); ID=9805;
2026.09.29 10:57:00: WARNING (postprocess) Dissipated energy is negative: -0.000123 in ./src/ode_solution.cpp:309: postprocess(); ID=9805;
2026.09.29 10:57:00: WARNING (postprocess) Energy demand is negative: -38429601.982054 in ./src/ode_solution.cpp:381: postprocess(); ID=9805;
2026.09.29 10:57:00: WARNING (postprocess) Energy demand is negative: -2320327551.361486 in ./src/ode_solution.cpp:381: postprocess(); ID=9806;
2026.09.29 10:57:00: ERROR (cvode) CVODE error code -15: At t = 245762, unable to satisfy inequality constraints. in /mnt/c/Users/fkubicsek/Downloads/CPP_kód_fejlesztése/fejlesztoi_main/Bubble_dynamics_simulation_CPP/submodules/sundials/src/cvode/cvode.c:3725: cvHandleFailure(); ID=9809;
2026.09.29 10:57:00: ERROR (cvode) CVODE error code -4: At t = 178842 and h = 26.4149, the corrector convergence test failed repeatedly or with |h| = hmin. in /mnt/c/Users/fkubicsek/Downloads/CPP_kód_fejlesztése/fejlesztoi_main/Bubble_dynamics_simulation_CPP/submodules/sundials/src/cvode/cvode.c:3682: cvHandleFailure(); ID=9813;
2026.09.29 10:57:00: WARNING (postprocess) Dissipated energy is negative: -0.001184 in ./src/ode_solution.cpp:309: postprocess(); ID=9813;
2026.09.29 10:57:00: WARNING (postprocess) Energy demand is negative: -50484042250.845093 in ./src/ode_solution.cpp:381: postprocess(); ID=9813;
2026.09.29 10:57:00: ERROR (cvode) CVODE error code -15: At t = 609743, unable to satisfy inequality constraints. in /mnt/c/Users/fkubicsek/Downloads/CPP_kód_fejlesztése/fejlesztoi_main/Bubble_dynamics_simulation_CPP/submodules/sundials/src/cvode/cvode.c:3725: cvHandleFailure(); ID=9808;
2026.09.29 10:57:00: WARNING (postprocess) Dissipated energy is negative: -0.000201 in ./src/ode_solution.cpp:309: postprocess(); ID=9808;
2026.09.29 10:57:00: WARNING (postprocess) Energy demand is negative: -23629386.800662 in ./src/ode_solution.cpp:381: postprocess(); ID=9808;
2026.09.29 10:57:00: ERROR (cvode) CVODE error code -15: At t = 137012, unable to satisfy inequality constraints. in /mnt/c/Users/fkubicsek/Downloads/CPP_kód_fejlesztése/fejlesztoi_main/Bubble_dynamics_simulation_CPP/submodules/sundials/src/cvode/cvode.c:3725: cvHandleFailure(); ID=9816;
2026.09.29 10:57:00: WARNING (postprocess) Dissipated energy is negative: -0.000199 in ./src/ode_solution.cpp:309: postprocess(); ID=9816;
2026.09.29 10:57:00: WARNING (postprocess) Energy demand is negative: -116899507.382886 in ./src/ode_solution.cpp:381: postprocess(); ID=9816;
2026.09.29 10:57:00: ERROR (cvode) CVODE error code -15: At t = 394243, unable to satisfy inequality constraints. in /mnt/c/Users/fkubicsek/Downloads/CPP_kód_fejlesztése/fejlesztoi_main/Bubble_dynamics_simulation_CPP/submodules/sundials/src/cvode/cvode.c:3725: cvHandleFailure(); ID=9811;
2026.09.29 10:57:00: ERROR (cvode) CVODE error code -15: At t = 295612, unable to satisfy inequality constraints. in /mnt/c/Users/fkubicsek/Downloads/CPP_kód_fejlesztése/fejlesztoi_main/Bubble_dynamics_simulation_CPP/submodules/sundials/src/cvode/cvode.c:3725: cvHandleFailure(); ID=9812;
2026.09.29 10:57:00: WARNING (postprocess) Dissipated energy is negative: -0.000049 in ./src/ode_solution.cpp:309: postprocess(); ID=9812;
2026.09.29 10:57:00: WARNING (postprocess) Energy demand is negative: -20916454.084347 in ./src/ode_solution.cpp:381: postprocess(); ID=9812;
2026.09.29 10:57:00: ERROR (cvode) CVODE error code -15: At t = 144190, unable to satisfy inequality constraints. in /mnt/c/Users/fkubicsek/Downloads/CPP_kód_fejlesztése/fejlesztoi_main/Bubble_dynamics_simulation_CPP/submodules/sundials/src/cvode/cvode.c:3725: cvHandleFailure(); ID=9817;
2026.09.29 10:57:00: WARNING (postprocess) Dissipated energy is negative: -0.000571 in ./src/ode_solution.cpp:309: postprocess(); ID=9817;
2026.09.29 10:57:00: WARNING (postprocess) Energy demand is negative: -2690126366.707604 in ./src/ode_solution.cpp:381: postprocess(); ID=9817;
2026.09.29 10:57:00: ERROR (cvode) CVODE error code -15: At t = 142900, unable to satisfy inequality constraints. in /mnt/c/Users/fkubicsek/Downloads/CPP_kód_fejlesztése/fejlesztoi_main/Bubble_dynamics_simulation_CPP/submodules/sundials/src/cvode/cvode.c:3725: cvHandleFailure(); ID=9820;
2026.09.29 10:57:00: WARNING (postprocess) Dissipated energy is negative: -0.000522 in ./src/ode_solution.cpp:309: postprocess(); ID=9820;
2026.09.29 10:57:00: WARNING (postprocess) Energy demand is negative: -731174349.991838 in ./src/ode_solution.cpp:381: postprocess(); ID=9820;
2026.09.29 10:57:00: ERROR (cvode) CVODE error code -15: At t = 147187, unable to satisfy inequality constraints. in /mnt/c/Users/fkubicsek/Downloads/CPP_kód_fejlesztése/fejlesztoi_main/Bubble_dynamics_simulation_CPP/submodules/sundials/src/cvode/cvode.c:3725: cvHandleFailure(); ID=9819;
2026.09.29 10:57:00: WARNING (postprocess) Dissipated energy is negative: -0.000684 in ./src/ode_solution.cpp:309: postprocess(); ID=9819;
2026.09.29 10:57:00: WARNING (postprocess) Energy demand is negative: -544650767.964965 in ./src/ode_solution.cpp:381: postprocess(); ID=9819;
2026.09.29 10:57:00: ERROR (cvode) CVODE error code -15: At t = 595109, unable to satisfy inequality constraints. in /mnt/c/Users/fkubicsek/Downloads/CPP_kód_fejlesztése/fejlesztoi_main/Bubble_dynamics_simulation_CPP/submodules/sundials/src/cvode/cvode.c:3725: cvHandleFailure(); ID=9810;
2026.09.29 10:57:00: ERROR (cvode) CVODE error code -15: At t = 137675, unable to satisfy inequality constraints. in /mnt/c/Users/fkubicsek/Downloads/CPP_kód_fejlesztése/fejlesztoi_main/Bubble_dynamics_simulation_CPP/submodules/sundials/src/cvode/cvode.c:3725: cvHandleFailure(); ID=9823;
2026.09.29 10:57:00: WARNING (postprocess) Dissipated energy is negative: -0.000252 in ./src/ode_solution.cpp:309: postprocess(); ID=9823;
2026.09.29 10:57:00: WARNING (postprocess) Energy demand is negative: -185366443.597918 in ./src/ode_solution.cpp:381: postprocess(); ID=9823;
2026.09.29 10:57:00: ERROR (cvode) CVODE error code -15: At t = 138357, unable to satisfy inequality constraints. in /mnt/c/Users/fkubicsek/Downloads/CPP_kód_fejlesztése/fejlesztoi_main/Bubble_dynamics_simulation_CPP/submodules/sundials/src/cvode/cvode.c:3725: cvHandleFailure(); ID=9822;
2026.09.29 10:57:00: ERROR (cvode) CVODE error code -15: At t = 452241, unable to satisfy inequality constraints. in /mnt/c/Users/fkubicsek/Downloads/CPP_kód_fejlesztése/fejlesztoi_main/Bubble_dynamics_simulation_CPP/submodules/sundials/src/cvode/cvode.c:3725: cvHandleFailure(); ID=9814;
2026.09.29 10:57:00: ERROR (cvode) CVODE error code -15: At t = 465008, unable to satisfy inequality constraints. in /mnt/c/Users/fkubicsek/Downloads/CPP_kód_fejlesztése/fejlesztoi_main/Bubble_dynamics_simulation_CPP/submodules/sundials/src/cvode/cvode.c:3725: cvHandleFailure(); ID=9818;
2026.09.29 10:57:00: ERROR (cvode) CVODE error code -15: At t = 137592, unable to satisfy inequality constraints. in /mnt/c/Users/fkubicsek/Downloads/CPP_kód_fejlesztése/fejlesztoi_main/Bubble_dynamics_simulation_CPP/submodules/sundials/src/cvode/cvode.c:3725: cvHandleFailure(); ID=9824;
2026.09.29 10:57:00: WARNING (postprocess) Dissipated energy is negative: -0.000294 in ./src/ode_solution.cpp:309: postprocess(); ID=9822;
2026.09.29 10:57:00: WARNING (postprocess) Energy demand is negative: -261343120.802331 in ./src/ode_solution.cpp:381: postprocess(); ID=9822;
2026.09.29 10:57:00: WARNING (postprocess) Dissipated energy is negative: -0.000234 in ./src/ode_solution.cpp:309: postprocess(); ID=9818;
2026.09.29 10:57:00: WARNING (postprocess) Dissipated energy is negative: -0.000246 in ./src/ode_solution.cpp:309: postprocess(); ID=9824;
2026.09.29 10:57:00: WARNING (postprocess) Energy demand is negative: -133510523.926854 in ./src/ode_solution.cpp:381: postprocess(); ID=9824;
2026.09.29 10:57:00: ERROR (cvode) CVODE error code -15: At t = 138871, unable to satisfy inequality constraints. in /mnt/c/Users/fkubicsek/Downloads/CPP_kód_fejlesztése/fejlesztoi_main/Bubble_dynamics_simulation_CPP/submodules/sundials/src/cvode/cvode.c:3725: cvHandleFailure(); ID=9825;
2026.09.29 10:57:00: WARNING (postprocess) Energy demand is negative: -35451158.544441 in ./src/ode_solution.cpp:381: postprocess(); ID=9818;
2026.09.29 10:57:00: WARNING (postprocess) Dissipated energy is negative: -0.000319 in ./src/ode_solution.cpp:309: postprocess(); ID=9825;
2026.09.29 10:57:00: WARNING (postprocess) Energy demand is negative: -411448299277037575602176.000000 in ./src/ode_solution.cpp:381: postprocess(); ID=9825;
2026.09.29 10:57:00: ERROR (cvode) CVODE error code -15: At t = 140830, unable to satisfy inequality constraints. in /mnt/c/Users/fkubicsek/Downloads/CPP_kód_fejlesztése/fejlesztoi_main/Bubble_dynamics_simulation_CPP/submodules/sundials/src/cvode/cvode.c:3725: cvHandleFailure(); ID=9827;
2026.09.29 10:57:00: WARNING (postprocess) Dissipated energy is negative: -0.000416 in ./src/ode_solution.cpp:309: postprocess(); ID=9827;
2026.09.29 10:57:00: ERROR (cvode) CVODE error code -15: At t = 507221, unable to satisfy inequality constraints. in /mnt/c/Users/fkubicsek/Downloads/CPP_kód_fejlesztése/fejlesztoi_main/Bubble_dynamics_simulation_CPP/submodules/sundials/src/cvode/cvode.c:3725: cvHandleFailure(); ID=9821;
2026.09.29 10:57:00: WARNING (postprocess) Dissipated energy is negative: -0.000523 in ./src/ode_solution.cpp:309: postprocess(); ID=9821;
2026.09.29 10:57:00: WARNING (postprocess) Energy demand is negative: -150967147.117267 in ./src/ode_solution.cpp:381: postprocess(); ID=9827;
2026.09.29 10:57:00: ERROR (cvode) CVODE error code -15: At t = 137806, unable to satisfy inequality constraints. in /mnt/c/Users/fkubicsek/Downloads/CPP_kód_fejlesztése/fejlesztoi_main/Bubble_dynamics_simulation_CPP/submodules/sundials/src/cvode/cvode.c:3725: cvHandleFailure(); ID=9828;
2026.09.29 10:57:00: WARNING (postprocess) Energy demand is negative: -106319345.773098 in ./src/ode_solution.cpp:381: postprocess(); ID=9821;
2026.09.29 10:57:00: ERROR (cvode) CVODE error code -15: At t = 139474, unable to satisfy inequality constraints. in /mnt/c/Users/fkubicsek/Downloads/CPP_kód_fejlesztése/fejlesztoi_main/Bubble_dynamics_simulation_CPP/submodules/sundials/src/cvode/cvode.c:3725: cvHandleFailure(); ID=9830;
2026.09.29 10:57:00: ERROR (cvode) CVODE error code -15: At t = 459457, unable to satisfy inequality constraints. in /mnt/c/Users/fkubicsek/Downloads/CPP_kód_fejlesztése/fejlesztoi_main/Bubble_dynamics_simulation_CPP/submodules/sundials/src/cvode/cvode.c:3725: cvHandleFailure(); ID=9815;
2026.09.29 10:57:00: ERROR (cvode) CVODE error code -15: At t = 146487, unable to satisfy inequality constraints. in /mnt/c/Users/fkubicsek/Downloads/CPP_kód_fejlesztése/fejlesztoi_main/Bubble_dynamics_simulation_CPP/submodules/sundials/src/cvode/cvode.c:3725: cvHandleFailure(); ID=9826;
2026.09.29 10:57:00: WARNING (postprocess) Dissipated energy is negative: -0.000248 in ./src/ode_solution.cpp:309: postprocess(); ID=9828;
2026.09.29 10:57:00: ERROR (cvode) CVODE error code -15: At t = 139177, unable to satisfy inequality constraints. in /mnt/c/Users/fkubicsek/Downloads/CPP_kód_fejlesztése/fejlesztoi_main/Bubble_dynamics_simulation_CPP/submodules/sundials/src/cvode/cvode.c:3725: cvHandleFailure(); ID=9829;
2026.09.29 10:57:00: WARNING (postprocess) Dissipated energy is negative: -0.000323 in ./src/ode_solution.cpp:309: postprocess(); ID=9829;
2026.09.29 10:57:00: WARNING (postprocess) Dissipated energy is negative: -0.000171 in ./src/ode_solution.cpp:309: postprocess(); ID=9815;
2026.09.29 10:57:00: WARNING (postprocess) Dissipated energy is negative: -0.000652 in ./src/ode_solution.cpp:309: postprocess(); ID=9826;
2026.09.29 10:57:00: WARNING (postprocess) Energy demand is negative: -251324951.360642 in ./src/ode_solution.cpp:381: postprocess(); ID=9826;
2026.09.29 10:57:00: WARNING (postprocess) Dissipated energy is negative: -0.000334 in ./src/ode_solution.cpp:309: postprocess(); ID=9830;
2026.09.29 10:57:00: WARNING (postprocess) Energy demand is negative: -179379751.604129 in ./src/ode_solution.cpp:381: postprocess(); ID=9830;
2026.09.29 10:57:00: WARNING (postprocess) Energy demand is negative: -214389112.431895 in ./src/ode_solution.cpp:381: postprocess(); ID=9829;
2026.09.29 10:57:00: WARNING (postprocess) Energy demand is negative: -21080737.870142 in ./src/ode_solution.cpp:381: postprocess(); ID=9815;
2026.09.29 10:57:00: WARNING (postprocess) Energy demand is negative: -71456864.254047 in ./src/ode_solution.cpp:381: postprocess(); ID=9828;
2026.09.29 10:57:00: ERROR (cvode) CVODE error code -15: At t = 141609, unable to satisfy inequality constraints. in /mnt/c/Users/fkubicsek/Downloads/CPP_kód_fejlesztése/fejlesztoi_main/Bubble_dynamics_simulation_CPP/submodules/sundials/src/cvode/cvode.c:3725: cvHandleFailure(); ID=9832;
2026.09.29 10:57:00: WARNING (postprocess) Dissipated energy is negative: -0.000428 in ./src/ode_solution.cpp:309: postprocess(); ID=9832;
2026.09.29 10:57:00: WARNING (postprocess) Energy demand is negative: -92411780.381569 in ./src/ode_solution.cpp:381: postprocess(); ID=9832;
2026.09.29 10:57:00: ERROR (cvode) CVODE error code -15: At t = 138169, unable to satisfy inequality constraints. in /mnt/c/Users/fkubicsek/Downloads/CPP_kód_fejlesztése/fejlesztoi_main/Bubble_dynamics_simulation_CPP/submodules/sundials/src/cvode/cvode.c:3725: cvHandleFailure(); ID=9836;
2026.09.29 10:57:00: WARNING (postprocess) Dissipated energy is negative: -0.000217 in ./src/ode_solution.cpp:309: postprocess(); ID=9836;
2026.09.29 10:57:00: ERROR (cvode) CVODE error code -15: At t = 151389, unable to satisfy inequality constraints. in /mnt/c/Users/fkubicsek/Downloads/CPP_kód_fejlesztése/fejlesztoi_main/Bubble_dynamics_simulation_CPP/submodules/sundials/src/cvode/cvode.c:3725: cvHandleFailure(); ID=9835;
2026.09.29 10:57:00: WARNING (postprocess) Energy demand is negative: -156805845.990568 in ./src/ode_solution.cpp:381: postprocess(); ID=9836;
2026.09.29 10:57:00: WARNING (postprocess) Dissipated energy is negative: -0.000744 in ./src/ode_solution.cpp:309: postprocess(); ID=9835;
2026.09.29 10:57:00: WARNING (postprocess) Energy demand is negative: -514160587.911498 in ./src/ode_solution.cpp:381: postprocess(); ID=9835;
2026.09.29 10:57:00: ERROR (cvode) CVODE error code -15: At t = 143596, unable to satisfy inequality constraints. in /mnt/c/Users/fkubicsek/Downloads/CPP_kód_fejlesztése/fejlesztoi_main/Bubble_dynamics_simulation_CPP/submodules/sundials/src/cvode/cvode.c:3725: cvHandleFailure(); ID=9838;
2026.09.29 10:57:00: WARNING (postprocess) Dissipated energy is negative: -0.000463 in ./src/ode_solution.cpp:309: postprocess(); ID=9838;
2026.09.29 10:57:00: WARNING (postprocess) Energy demand is negative: -466447928.515592 in ./src/ode_solution.cpp:381: postprocess(); ID=9838;
2026.09.29 10:57:00: ERROR (cvode) CVODE error code -15: At t = 135257, unable to satisfy inequality constraints. in /mnt/c/Users/fkubicsek/Downloads/CPP_kód_fejlesztése/fejlesztoi_main/Bubble_dynamics_simulation_CPP/submodules/sundials/src/cvode/cvode.c:3725: cvHandleFailure(); ID=9840;
2026.09.29 10:57:00: ERROR (cvode) CVODE error code -15: At t = 135571, unable to satisfy inequality constraints. in /mnt/c/Users/fkubicsek/Downloads/CPP_kód_fejlesztése/fejlesztoi_main/Bubble_dynamics_simulation_CPP/submodules/sundials/src/cvode/cvode.c:3725: cvHandleFailure(); ID=9843;
2026.09.29 10:57:00: ERROR (cvode) CVODE error code -15: At t = 622325, unable to satisfy inequality constraints. in /mnt/c/Users/fkubicsek/Downloads/CPP_kód_fejlesztése/fejlesztoi_main/Bubble_dynamics_simulation_CPP/submodules/sundials/src/cvode/cvode.c:3725: cvHandleFailure(); ID=9833;
2026.09.29 10:57:00: ERROR (cvode) CVODE error code -15: At t = 312733, unable to satisfy inequality constraints. in /mnt/c/Users/fkubicsek/Downloads/CPP_kód_fejlesztése/fejlesztoi_main/Bubble_dynamics_simulation_CPP/submodules/sundials/src/cvode/cvode.c:3725: cvHandleFailure(); ID=9839;
2026.09.29 10:57:00: WARNING (postprocess) Dissipated energy is negative: -0.000043 in ./src/ode_solution.cpp:309: postprocess(); ID=9839;
2026.09.29 10:57:00: WARNING (postprocess) Energy demand is negative: -5198784.320682 in ./src/ode_solution.cpp:381: postprocess(); ID=9839;
2026.09.29 10:57:00: ERROR (cvode) CVODE error code -15: At t = 508225, unable to satisfy inequality constraints. in /mnt/c/Users/fkubicsek/Downloads/CPP_kód_fejlesztése/fejlesztoi_main/Bubble_dynamics_simulation_CPP/submodules/sundials/src/cvode/cvode.c:3725: cvHandleFailure(); ID=9837;
2026.09.29 10:57:00: WARNING (postprocess) Dissipated energy is negative: -0.000276 in ./src/ode_solution.cpp:309: postprocess(); ID=9837;
2026.09.29 10:57:00: WARNING (postprocess) Energy demand is negative: -39015768.566027 in ./src/ode_solution.cpp:381: postprocess(); ID=9837;
2026.09.29 10:57:00: ERROR (cvode) CVODE error code -15: At t = 772720, unable to satisfy inequality constraints. in /mnt/c/Users/fkubicsek/Downloads/CPP_kód_fejlesztése/fejlesztoi_main/Bubble_dynamics_simulation_CPP/submodules/sundials/src/cvode/cvode.c:3725: cvHandleFailure(); ID=9831;
2026.09.29 10:57:00: ERROR (cvode) CVODE error code -15: At t = 136467, unable to satisfy inequality constraints. in /mnt/c/Users/fkubicsek/Downloads/CPP_kód_fejlesztése/fejlesztoi_main/Bubble_dynamics_simulation_CPP/submodules/sundials/src/cvode/cvode.c:3725: cvHandleFailure(); ID=9845;
2026.09.29 10:57:00: WARNING (postprocess) Dissipated energy is negative: -0.000003 in ./src/ode_solution.cpp:309: postprocess(); ID=9845;
2026.09.29 10:57:00: WARNING (postprocess) Energy demand is negative: -788298.100341 in ./src/ode_solution.cpp:381: postprocess(); ID=9845;
2026.09.29 10:57:00: ERROR (cvode) CVODE error code -15: At t = 138665, unable to satisfy inequality constraints. in /mnt/c/Users/fkubicsek/Downloads/CPP_kód_fejlesztése/fejlesztoi_main/Bubble_dynamics_simulation_CPP/submodules/sundials/src/cvode/cvode.c:3725: cvHandleFailure(); ID=9847;
2026.09.29 10:57:00: WARNING (postprocess) Dissipated energy is negative: -0.000111 in ./src/ode_solution.cpp:309: postprocess(); ID=9847;
2026.09.29 10:57:00: WARNING (postprocess) Energy demand is negative: -16069925.851849 in ./src/ode_solution.cpp:381: postprocess(); ID=9847;
2026.09.29 10:57:00: ERROR (cvode) CVODE error code -15: At t = 136385, unable to satisfy inequality constraints. in /mnt/c/Users/fkubicsek/Downloads/CPP_kód_fejlesztése/fejlesztoi_main/Bubble_dynamics_simulation_CPP/submodules/sundials/src/cvode/cvode.c:3725: cvHandleFailure(); ID=9846;
2026.09.29 10:57:00: ERROR (cvode) CVODE error code -15: At t = 135093, unable to satisfy inequality constraints. in /mnt/c/Users/fkubicsek/Downloads/CPP_kód_fejlesztése/fejlesztoi_main/Bubble_dynamics_simulation_CPP/submodules/sundials/src/cvode/cvode.c:3725: cvHandleFailure(); ID=9849;
2026.09.29 10:57:00: ERROR (cvode) CVODE error code -15: At t = 149711, unable to satisfy inequality constraints. in /mnt/c/Users/fkubicsek/Downloads/CPP_kód_fejlesztése/fejlesztoi_main/Bubble_dynamics_simulation_CPP/submodules/sundials/src/cvode/cvode.c:3725: cvHandleFailure(); ID=9848;
2026.09.29 10:57:00: WARNING (postprocess) Dissipated energy is negative: -0.000543 in ./src/ode_solution.cpp:309: postprocess(); ID=9848;
2026.09.29 10:57:00: ERROR (cvode) CVODE error code -15: At t = 634491, unable to satisfy inequality constraints. in /mnt/c/Users/fkubicsek/Downloads/CPP_kód_fejlesztése/fejlesztoi_main/Bubble_dynamics_simulation_CPP/submodules/sundials/src/cvode/cvode.c:3725: cvHandleFailure(); ID=9841;
2026.09.29 10:57:00: WARNING (postprocess) Energy demand is negative: -137539360.759108 in ./src/ode_solution.cpp:381: postprocess(); ID=9848;
2026.09.29 10:57:00: ERROR (cvode) CVODE error code -15: At t = 940140, unable to satisfy inequality constraints. in /mnt/c/Users/fkubicsek/Downloads/CPP_kód_fejlesztése/fejlesztoi_main/Bubble_dynamics_simulation_CPP/submodules/sundials/src/cvode/cvode.c:3725: cvHandleFailure(); ID=9834;
2026.09.29 10:57:00: ERROR (cvode) CVODE error code -15: At t = 139351, unable to satisfy inequality constraints. in /mnt/c/Users/fkubicsek/Downloads/CPP_kód_fejlesztése/fejlesztoi_main/Bubble_dynamics_simulation_CPP/submodules/sundials/src/cvode/cvode.c:3725: cvHandleFailure(); ID=9851;
2026.09.29 10:57:00: WARNING (postprocess) Dissipated energy is negative: -0.000084 in ./src/ode_solution.cpp:309: postprocess(); ID=9851;
2026.09.29 10:57:00: ERROR (cvode) CVODE error code -15: At t = 142936, unable to satisfy inequality constraints. in /mnt/c/Users/fkubicsek/Downloads/CPP_kód_fejlesztése/fejlesztoi_main/Bubble_dynamics_simulation_CPP/submodules/sundials/src/cvode/cvode.c:3725: cvHandleFailure(); ID=9850;
2026.09.29 10:57:00: WARNING (postprocess) Dissipated energy is negative: -0.000274 in ./src/ode_solution.cpp:309: postprocess(); ID=9850;
2026.09.29 10:57:00: WARNING (postprocess) Energy demand is negative: -150821106.109417 in ./src/ode_solution.cpp:381: postprocess(); ID=9850;
2026.09.29 10:57:00: WARNING (postprocess) Energy demand is negative: -17549579.704702 in ./src/ode_solution.cpp:381: postprocess(); ID=9851;
2026.09.29 10:57:00: ERROR (cvode) CVODE error code -15: At t = 136754, unable to satisfy inequality constraints. in /mnt/c/Users/fkubicsek/Downloads/CPP_kód_fejlesztése/fejlesztoi_main/Bubble_dynamics_simulation_CPP/submodules/sundials/src/cvode/cvode.c:3725: cvHandleFailure(); ID=9852;
2026.09.29 10:57:00: ERROR (cvode) CVODE error code -15: At t = 795862, unable to satisfy inequality constraints. in /mnt/c/Users/fkubicsek/Downloads/CPP_kód_fejlesztése/fejlesztoi_main/Bubble_dynamics_simulation_CPP/submodules/sundials/src/cvode/cvode.c:3725: cvHandleFailure(); ID=9842;
2026.09.29 10:57:00: ERROR (cvode) CVODE error code -15: At t = 138004, unable to satisfy inequality constraints. in /mnt/c/Users/fkubicsek/Downloads/CPP_kód_fejlesztése/fejlesztoi_main/Bubble_dynamics_simulation_CPP/submodules/sundials/src/cvode/cvode.c:3725: cvHandleFailure(); ID=9854;
2026.09.29 10:57:00: ERROR (cvode) CVODE error code -15: At t = 137180, unable to satisfy inequality constraints. in /mnt/c/Users/fkubicsek/Downloads/CPP_kód_fejlesztése/fejlesztoi_main/Bubble_dynamics_simulation_CPP/submodules/sundials/src/cvode/cvode.c:3725: cvHandleFailure(); ID=9855;
2026.09.29 10:57:00: ERROR (cvode) CVODE error code -15: At t = 139024, unable to satisfy inequality constraints. in /mnt/c/Users/fkubicsek/Downloads/CPP_kód_fejlesztése/fejlesztoi_main/Bubble_dynamics_simulation_CPP/submodules/sundials/src/cvode/cvode.c:3725: cvHandleFailure(); ID=9858;
2026.09.29 10:57:00: ERROR (cvode) CVODE error code -15: At t = 151049, unable to satisfy inequality constraints. in /mnt/c/Users/fkubicsek/Downloads/CPP_kód_fejlesztése/fejlesztoi_main/Bubble_dynamics_simulation_CPP/submodules/sundials/src/cvode/cvode.c:3725: cvHandleFailure(); ID=9853;
2026.09.29 10:57:00: WARNING (postprocess) Dissipated energy is negative: -0.000495 in ./src/ode_solution.cpp:309: postprocess(); ID=9853;
2026.09.29 10:57:00: WARNING (postprocess) Energy demand is negative: -61001188.892260 in ./src/ode_solution.cpp:381: postprocess(); ID=9853;
2026.09.29 10:57:00: ERROR (cvode) CVODE error code -4: At t = 135818 and h = 26.6845, the corrector convergence test failed repeatedly or with |h| = hmin. in /mnt/c/Users/fkubicsek/Downloads/CPP_kód_fejlesztése/fejlesztoi_main/Bubble_dynamics_simulation_CPP/submodules/sundials/src/cvode/cvode.c:3682: cvHandleFailure(); ID=9861;
2026.09.29 10:57:00: ERROR (cvode) CVODE error code -15: At t = 136954, unable to satisfy inequality constraints. in /mnt/c/Users/fkubicsek/Downloads/CPP_kód_fejlesztése/fejlesztoi_main/Bubble_dynamics_simulation_CPP/submodules/sundials/src/cvode/cvode.c:3725: cvHandleFailure(); ID=9856;
2026.09.29 10:57:00: ERROR (cvode) CVODE error code -15: At t = 633929, unable to satisfy inequality constraints. in /mnt/c/Users/fkubicsek/Downloads/CPP_kód_fejlesztése/fejlesztoi_main/Bubble_dynamics_simulation_CPP/submodules/sundials/src/cvode/cvode.c:3725: cvHandleFailure(); ID=9844;
2026.09.29 10:57:00: ERROR (cvode) CVODE error code -4: At t = 143134 and h = 1072.14, the corrector convergence test failed repeatedly or with |h| = hmin. in /mnt/c/Users/fkubicsek/Downloads/CPP_kód_fejlesztése/fejlesztoi_main/Bubble_dynamics_simulation_CPP/submodules/sundials/src/cvode/cvode.c:3682: cvHandleFailure(); ID=9859;
2026.09.29 10:57:00: WARNING (postprocess) Dissipated energy is negative: -0.000110 in ./src/ode_solution.cpp:309: postprocess(); ID=9859;
2026.09.29 10:57:00: WARNING (postprocess) Energy demand is negative: -101072826.220750 in ./src/ode_solution.cpp:381: postprocess(); ID=9859;
2026.09.29 10:57:00: ERROR (cvode) CVODE error code -15: At t = 258835, unable to satisfy inequality constraints. in /mnt/c/Users/fkubicsek/Downloads/CPP_kód_fejlesztése/fejlesztoi_main/Bubble_dynamics_simulation_CPP/submodules/sundials/src/cvode/cvode.c:3725: cvHandleFailure(); ID=9857;
2026.09.29 10:57:00: ERROR (cvode) CVODE error code -15: At t = 120448, unable to satisfy inequality constraints. in /mnt/c/Users/fkubicsek/Downloads/CPP_kód_fejlesztése/fejlesztoi_main/Bubble_dynamics_simulation_CPP/submodules/sundials/src/cvode/cvode.c:3725: cvHandleFailure(); ID=9865;
2026.09.29 10:57:00: ERROR (cvode) CVODE error code -15: At t = 139470, unable to satisfy inequality constraints. in /mnt/c/Users/fkubicsek/Downloads/CPP_kód_fejlesztése/fejlesztoi_main/Bubble_dynamics_simulation_CPP/submodules/sundials/src/cvode/cvode.c:3725: cvHandleFailure(); ID=9864;
2026.09.29 10:57:00: ERROR (cvode) CVODE error code -15: At t = 150879, unable to satisfy inequality constraints. in /mnt/c/Users/fkubicsek/Downloads/CPP_kód_fejlesztése/fejlesztoi_main/Bubble_dynamics_simulation_CPP/submodules/sundials/src/cvode/cvode.c:3725: cvHandleFailure(); ID=9863;
2026.09.29 10:57:00: WARNING (postprocess) Dissipated energy is negative: -0.000285 in ./src/ode_solution.cpp:309: postprocess(); ID=9863;
2026.09.29 10:57:00: WARNING (postprocess) Energy demand is negative: -46464105.090702 in ./src/ode_solution.cpp:381: postprocess(); ID=9863;
2026.09.29 10:57:00: ERROR (cvode) CVODE error code -15: At t = 139149, unable to satisfy inequality constraints. in /mnt/c/Users/fkubicsek/Downloads/CPP_kód_fejlesztése/fejlesztoi_main/Bubble_dynamics_simulation_CPP/submodules/sundials/src/cvode/cvode.c:3725: cvHandleFailure(); ID=9867;
2026.09.29 10:57:00: ERROR (cvode) CVODE error code -15: At t = 141239, unable to satisfy inequality constraints. in /mnt/c/Users/fkubicsek/Downloads/CPP_kód_fejlesztése/fejlesztoi_main/Bubble_dynamics_simulation_CPP/submodules/sundials/src/cvode/cvode.c:3725: cvHandleFailure(); ID=9868;
2026.09.29 10:57:00: ERROR (cvode) CVODE error code -15: At t = 134186, unable to satisfy inequality constraints. in /mnt/c/Users/fkubicsek/Downloads/CPP_kód_fejlesztése/fejlesztoi_main/Bubble_dynamics_simulation_CPP/submodules/sundials/src/cvode/cvode.c:3725: cvHandleFailure(); ID=9870;
2026.09.29 10:57:00: ERROR (cvode) CVODE error code -15: At t = 140947, unable to satisfy inequality constraints. in /mnt/c/Users/fkubicsek/Downloads/CPP_kód_fejlesztése/fejlesztoi_main/Bubble_dynamics_simulation_CPP/submodules/sundials/src/cvode/cvode.c:3725: cvHandleFailure(); ID=9866;
2026.09.29 10:57:01: ERROR (cvode) CVODE error code -4: At t = 138561 and h = 28.6928, the corrector convergence test failed repeatedly or with |h| = hmin. in /mnt/c/Users/fkubicsek/Downloads/CPP_kód_fejlesztése/fejlesztoi_main/Bubble_dynamics_simulation_CPP/submodules/sundials/src/cvode/cvode.c:3682: cvHandleFailure(); ID=9869;
2026.09.29 10:57:01: ERROR (cvode) CVODE error code -15: At t = 139794, unable to satisfy inequality constraints. in /mnt/c/Users/fkubicsek/Downloads/CPP_kód_fejlesztése/fejlesztoi_main/Bubble_dynamics_simulation_CPP/submodules/sundials/src/cvode/cvode.c:3725: cvHandleFailure(); ID=9872;
2026.09.29 10:57:01: ERROR (cvode) CVODE error code -15: At t = 139075, unable to satisfy inequality constraints. in /mnt/c/Users/fkubicsek/Downloads/CPP_kód_fejlesztése/fejlesztoi_main/Bubble_dynamics_simulation_CPP/submodules/sundials/src/cvode/cvode.c:3725: cvHandleFailure(); ID=9875;
2026.09.29 10:57:01: ERROR (cvode) CVODE error code -15: At t = 140903, unable to satisfy inequality constraints. in /mnt/c/Users/fkubicsek/Downloads/CPP_kód_fejlesztése/fejlesztoi_main/Bubble_dynamics_simulation_CPP/submodules/sundials/src/cvode/cvode.c:3725: cvHandleFailure(); ID=9876;
2026.09.29 10:57:01: ERROR (cvode) CVODE error code -15: At t = 136583, unable to satisfy inequality constraints. in /mnt/c/Users/fkubicsek/Downloads/CPP_kód_fejlesztése/fejlesztoi_main/Bubble_dynamics_simulation_CPP/submodules/sundials/src/cvode/cvode.c:3725: cvHandleFailure(); ID=9877;
2026.09.29 10:57:01: ERROR (cvode) CVODE error code -15: At t = 472703, unable to satisfy inequality constraints. in /mnt/c/Users/fkubicsek/Downloads/CPP_kód_fejlesztése/fejlesztoi_main/Bubble_dynamics_simulation_CPP/submodules/sundials/src/cvode/cvode.c:3725: cvHandleFailure(); ID=9871;
2026.09.29 10:57:01: ERROR (cvode) CVODE error code -15: At t = 138220, unable to satisfy inequality constraints. in /mnt/c/Users/fkubicsek/Downloads/CPP_kód_fejlesztése/fejlesztoi_main/Bubble_dynamics_simulation_CPP/submodules/sundials/src/cvode/cvode.c:3725: cvHandleFailure(); ID=9878;
2026.09.29 10:57:01: WARNING (odefun) Negative R or T: R=-193474.265176;   T=1263523.905547 in ./src/ode_fun.cpp:108: check_before_call(); ID=9879;
2026.09.29 10:57:01: WARNING (odefun) Negative R or T: R=-259.381482;   T=1505.256963 in ./src/ode_fun.cpp:108: check_before_call(); ID=9879;
2026.09.29 10:57:01: WARNING (odefun) Negative R or T: R=-0.581050;   T=5.296036 in ./src/ode_fun.cpp:108: check_before_call(); ID=9879;
2026.09.29 10:57:01: ERROR (cvode) CVODE error code -15: At t = 266704, unable to satisfy inequality constraints. in /mnt/c/Users/fkubicsek/Downloads/CPP_kód_fejlesztése/fejlesztoi_main/Bubble_dynamics_simulation_CPP/submodules/sundials/src/cvode/cvode.c:3725: cvHandleFailure(); ID=9879;
2026.09.29 10:57:01: ERROR (cvode) CVODE error code -15: At t = 504645, unable to satisfy inequality constraints. in /mnt/c/Users/fkubicsek/Downloads/CPP_kód_fejlesztése/fejlesztoi_main/Bubble_dynamics_simulation_CPP/submodules/sundials/src/cvode/cvode.c:3725: cvHandleFailure(); ID=9874;
2026.09.29 10:57:01: ERROR (cvode) CVODE error code -15: At t = 1.12289e+06, unable to satisfy inequality constraints. in /mnt/c/Users/fkubicsek/Downloads/CPP_kód_fejlesztése/fejlesztoi_main/Bubble_dynamics_simulation_CPP/submodules/sundials/src/cvode/cvode.c:3725: cvHandleFailure(); ID=9860;
2026.09.29 10:57:01: ERROR (cvode) CVODE error code -15: At t = 142434, unable to satisfy inequality constraints. in /mnt/c/Users/fkubicsek/Downloads/CPP_kód_fejlesztése/fejlesztoi_main/Bubble_dynamics_simulation_CPP/submodules/sundials/src/cvode/cvode.c:3725: cvHandleFailure(); ID=9882;
2026.09.29 10:57:01: ERROR (cvode) CVODE error code -15: At t = 142887, unable to satisfy inequality constraints. in /mnt/c/Users/fkubicsek/Downloads/CPP_kód_fejlesztése/fejlesztoi_main/Bubble_dynamics_simulation_CPP/submodules/sundials/src/cvode/cvode.c:3725: cvHandleFailure(); ID=9880;
2026.09.29 10:57:01: ERROR (cvode) CVODE error code -15: At t = 1.25687e+06, unable to satisfy inequality constraints. in /mnt/c/Users/fkubicsek/Downloads/CPP_kód_fejlesztése/fejlesztoi_main/Bubble_dynamics_simulation_CPP/submodules/sundials/src/cvode/cvode.c:3725: cvHandleFailure(); ID=9862;
2026.09.29 10:57:01: ERROR (cvode) CVODE error code -15: At t = 137788, unable to satisfy inequality constraints. in /mnt/c/Users/fkubicsek/Downloads/CPP_kód_fejlesztése/fejlesztoi_main/Bubble_dynamics_simulation_CPP/submodules/sundials/src/cvode/cvode.c:3725: cvHandleFailure(); ID=9883;
2026.09.29 10:57:01: ERROR (cvode) CVODE error code -15: At t = 141539, unable to satisfy inequality constraints. in /mnt/c/Users/fkubicsek/Downloads/CPP_kód_fejlesztése/fejlesztoi_main/Bubble_dynamics_simulation_CPP/submodules/sundials/src/cvode/cvode.c:3725: cvHandleFailure(); ID=9881;
2026.09.29 10:57:01: ERROR (cvode) CVODE error code -15: At t = 827172, unable to satisfy inequality constraints. in /mnt/c/Users/fkubicsek/Downloads/CPP_kód_fejlesztése/fejlesztoi_main/Bubble_dynamics_simulation_CPP/submodules/sundials/src/cvode/cvode.c:3725: cvHandleFailure(); ID=9873;
2026.09.29 10:57:01: ERROR (cvode) CVODE error code -15: At t = 139171, unable to satisfy inequality constraints. in /mnt/c/Users/fkubicsek/Downloads/CPP_kód_fejlesztése/fejlesztoi_main/Bubble_dynamics_simulation_CPP/submodules/sundials/src/cvode/cvode.c:3725: cvHandleFailure(); ID=9884;
2026.09.29 10:57:01: ERROR (cvode) CVODE error code -15: At t = 121437, unable to satisfy inequality constraints. in /mnt/c/Users/fkubicsek/Downloads/CPP_kód_fejlesztése/fejlesztoi_main/Bubble_dynamics_simulation_CPP/submodules/sundials/src/cvode/cvode.c:3725: cvHandleFailure(); ID=9888;
2026.09.29 10:57:01: ERROR (cvode) CVODE error code -15: At t = 121830, unable to satisfy inequality constraints. in /mnt/c/Users/fkubicsek/Downloads/CPP_kód_fejlesztése/fejlesztoi_main/Bubble_dynamics_simulation_CPP/submodules/sundials/src/cvode/cvode.c:3725: cvHandleFailure(); ID=9892;
2026.09.29 10:57:01: ERROR (cvode) CVODE error code -15: At t = 142233, unable to satisfy inequality constraints. in /mnt/c/Users/fkubicsek/Downloads/CPP_kód_fejlesztése/fejlesztoi_main/Bubble_dynamics_simulation_CPP/submodules/sundials/src/cvode/cvode.c:3725: cvHandleFailure(); ID=9890;
2026.09.29 10:57:01: ERROR (cvode) CVODE error code -15: At t = 140665, unable to satisfy inequality constraints. in /mnt/c/Users/fkubicsek/Downloads/CPP_kód_fejlesztése/fejlesztoi_main/Bubble_dynamics_simulation_CPP/submodules/sundials/src/cvode/cvode.c:3725: cvHandleFailure(); ID=9891;
2026.09.29 10:57:01: ERROR (cvode) CVODE error code -15: At t = 340208, unable to satisfy inequality constraints. in /mnt/c/Users/fkubicsek/Downloads/CPP_kód_fejlesztése/fejlesztoi_main/Bubble_dynamics_simulation_CPP/submodules/sundials/src/cvode/cvode.c:3725: cvHandleFailure(); ID=9887;
2026.09.29 10:57:01: ERROR (cvode) CVODE error code -15: At t = 141007, unable to satisfy inequality constraints. in /mnt/c/Users/fkubicsek/Downloads/CPP_kód_fejlesztése/fejlesztoi_main/Bubble_dynamics_simulation_CPP/submodules/sundials/src/cvode/cvode.c:3725: cvHandleFailure(); ID=9897;
2026.09.29 10:57:01: ERROR (cvode) CVODE error code -15: At t = 328254, unable to satisfy inequality constraints. in /mnt/c/Users/fkubicsek/Downloads/CPP_kód_fejlesztése/fejlesztoi_main/Bubble_dynamics_simulation_CPP/submodules/sundials/src/cvode/cvode.c:3725: cvHandleFailure(); ID=9895;
2026.09.29 10:57:01: ERROR (cvode) CVODE error code -15: At t = 123410, unable to satisfy inequality constraints. in /mnt/c/Users/fkubicsek/Downloads/CPP_kód_fejlesztése/fejlesztoi_main/Bubble_dynamics_simulation_CPP/submodules/sundials/src/cvode/cvode.c:3725: cvHandleFailure(); ID=9898;
2026.09.29 10:57:01: ERROR (cvode) CVODE error code -15: At t = 482609, unable to satisfy inequality constraints. in /mnt/c/Users/fkubicsek/Downloads/CPP_kód_fejlesztése/fejlesztoi_main/Bubble_dynamics_simulation_CPP/submodules/sundials/src/cvode/cvode.c:3725: cvHandleFailure(); ID=9894;
2026.09.29 10:57:01: ERROR (cvode) CVODE error code -15: At t = 1.14035e+06, unable to satisfy inequality constraints. in /mnt/c/Users/fkubicsek/Downloads/CPP_kód_fejlesztése/fejlesztoi_main/Bubble_dynamics_simulation_CPP/submodules/sundials/src/cvode/cvode.c:3725: cvHandleFailure(); ID=9886;
2026.09.29 10:57:01: ERROR (cvode) CVODE error code -15: At t = 1.00255e+06, unable to satisfy inequality constraints. in /mnt/c/Users/fkubicsek/Downloads/CPP_kód_fejlesztése/fejlesztoi_main/Bubble_dynamics_simulation_CPP/submodules/sundials/src/cvode/cvode.c:3725: cvHandleFailure(); ID=9889;
2026.09.29 10:57:01: ERROR (cvode) CVODE error code -15: At t = 310545, unable to satisfy inequality constraints. in /mnt/c/Users/fkubicsek/Downloads/CPP_kód_fejlesztése/fejlesztoi_main/Bubble_dynamics_simulation_CPP/submodules/sundials/src/cvode/cvode.c:3725: cvHandleFailure(); ID=9900;
2026.09.29 10:57:01: ERROR (cvode) CVODE error code -15: At t = 323536, unable to satisfy inequality constraints. in /mnt/c/Users/fkubicsek/Downloads/CPP_kód_fejlesztése/fejlesztoi_main/Bubble_dynamics_simulation_CPP/submodules/sundials/src/cvode/cvode.c:3725: cvHandleFailure(); ID=9903;
2026.09.29 10:57:01: WARNING (postprocess) Dissipated energy is negative: -0.000764 in ./src/ode_solution.cpp:309: postprocess(); ID=9903;
2026.09.29 10:57:01: WARNING (postprocess) Energy demand is negative: -394820500.929356 in ./src/ode_solution.cpp:381: postprocess(); ID=9903;
2026.09.29 10:57:01: WARNING (postprocess) Dissipated energy is negative: -0.000424 in ./src/ode_solution.cpp:309: postprocess(); ID=9900;
2026.09.29 10:57:01: WARNING (postprocess) Energy demand is negative: -596554162.896959 in ./src/ode_solution.cpp:381: postprocess(); ID=9900;
2026.09.29 10:57:01: ERROR (cvode) CVODE error code -15: At t = 986810, unable to satisfy inequality constraints. in /mnt/c/Users/fkubicsek/Downloads/CPP_kód_fejlesztése/fejlesztoi_main/Bubble_dynamics_simulation_CPP/submodules/sundials/src/cvode/cvode.c:3725: cvHandleFailure(); ID=9885;
2026.09.29 10:57:01: ERROR (cvode) CVODE error code -15: At t = 310549, unable to satisfy inequality constraints. in /mnt/c/Users/fkubicsek/Downloads/CPP_kód_fejlesztése/fejlesztoi_main/Bubble_dynamics_simulation_CPP/submodules/sundials/src/cvode/cvode.c:3725: cvHandleFailure(); ID=9901;
2026.09.29 10:57:01: WARNING (postprocess) Dissipated energy is negative: -0.000420 in ./src/ode_solution.cpp:309: postprocess(); ID=9901;
2026.09.29 10:57:01: WARNING (postprocess) Energy demand is negative: -146128902.108560 in ./src/ode_solution.cpp:381: postprocess(); ID=9901;
2026.09.29 10:57:01: ERROR (cvode) CVODE error code -15: At t = 306504, unable to satisfy inequality constraints. in /mnt/c/Users/fkubicsek/Downloads/CPP_kód_fejlesztése/fejlesztoi_main/Bubble_dynamics_simulation_CPP/submodules/sundials/src/cvode/cvode.c:3725: cvHandleFailure(); ID=9902;
2026.09.29 10:57:01: WARNING (postprocess) Dissipated energy is negative: -0.000251 in ./src/ode_solution.cpp:309: postprocess(); ID=9902;
2026.09.29 10:57:01: WARNING (postprocess) Energy demand is negative: -261712559.301215 in ./src/ode_solution.cpp:381: postprocess(); ID=9902;
2026.09.29 10:57:01: ERROR (cvode) CVODE error code -15: At t = 194518, unable to satisfy inequality constraints. in /mnt/c/Users/fkubicsek/Downloads/CPP_kód_fejlesztése/fejlesztoi_main/Bubble_dynamics_simulation_CPP/submodules/sundials/src/cvode/cvode.c:3725: cvHandleFailure(); ID=9905;
2026.09.29 10:57:01: WARNING (postprocess) Dissipated energy is negative: -0.001302 in ./src/ode_solution.cpp:309: postprocess(); ID=9905;
2026.09.29 10:57:01: WARNING (postprocess) Energy demand is negative: -4788954481.870546 in ./src/ode_solution.cpp:381: postprocess(); ID=9905;
2026.09.29 10:57:01: ERROR (cvode) CVODE error code -15: At t = 308281, unable to satisfy inequality constraints. in /mnt/c/Users/fkubicsek/Downloads/CPP_kód_fejlesztése/fejlesztoi_main/Bubble_dynamics_simulation_CPP/submodules/sundials/src/cvode/cvode.c:3725: cvHandleFailure(); ID=9904;
2026.09.29 10:57:01: WARNING (postprocess) Dissipated energy is negative: -0.000310 in ./src/ode_solution.cpp:309: postprocess(); ID=9904;
2026.09.29 10:57:01: WARNING (postprocess) Energy demand is negative: -185720641.896887 in ./src/ode_solution.cpp:381: postprocess(); ID=9904;
2026.09.29 10:57:01: ERROR (cvode) CVODE error code -15: At t = 152841, unable to satisfy inequality constraints. in /mnt/c/Users/fkubicsek/Downloads/CPP_kód_fejlesztése/fejlesztoi_main/Bubble_dynamics_simulation_CPP/submodules/sundials/src/cvode/cvode.c:3725: cvHandleFailure(); ID=9910;
2026.09.29 10:57:01: WARNING (postprocess) Dissipated energy is negative: -0.000755 in ./src/ode_solution.cpp:309: postprocess(); ID=9910;
2026.09.29 10:57:01: WARNING (postprocess) Energy demand is negative: -1404198655.485169 in ./src/ode_solution.cpp:381: postprocess(); ID=9910;
2026.09.29 10:57:01: ERROR (cvode) CVODE error code -15: At t = 471646, unable to satisfy inequality constraints. in /mnt/c/Users/fkubicsek/Downloads/CPP_kód_fejlesztése/fejlesztoi_main/Bubble_dynamics_simulation_CPP/submodules/sundials/src/cvode/cvode.c:3725: cvHandleFailure(); ID=9906;
2026.09.29 10:57:01: WARNING (postprocess) Dissipated energy is negative: -0.000324 in ./src/ode_solution.cpp:309: postprocess(); ID=9906;
2026.09.29 10:57:01: WARNING (postprocess) Energy demand is negative: -108853709.146481 in ./src/ode_solution.cpp:381: postprocess(); ID=9906;
2026.09.29 10:57:01: ERROR (cvode) CVODE error code -15: At t = 309315, unable to satisfy inequality constraints. in /mnt/c/Users/fkubicsek/Downloads/CPP_kód_fejlesztése/fejlesztoi_main/Bubble_dynamics_simulation_CPP/submodules/sundials/src/cvode/cvode.c:3725: cvHandleFailure(); ID=9907;
2026.09.29 10:57:01: WARNING (postprocess) Dissipated energy is negative: -0.000321 in ./src/ode_solution.cpp:309: postprocess(); ID=9907;
2026.09.29 10:57:01: WARNING (postprocess) Energy demand is negative: -516718237.614529 in ./src/ode_solution.cpp:381: postprocess(); ID=9907;
2026.09.29 10:57:01: ERROR (cvode) CVODE error code -15: At t = 462055, unable to satisfy inequality constraints. in /mnt/c/Users/fkubicsek/Downloads/CPP_kód_fejlesztése/fejlesztoi_main/Bubble_dynamics_simulation_CPP/submodules/sundials/src/cvode/cvode.c:3725: cvHandleFailure(); ID=9908;
2026.09.29 10:57:01: ERROR (cvode) CVODE error code -15: At t = 324754, unable to satisfy inequality constraints. in /mnt/c/Users/fkubicsek/Downloads/CPP_kód_fejlesztése/fejlesztoi_main/Bubble_dynamics_simulation_CPP/submodules/sundials/src/cvode/cvode.c:3725: cvHandleFailure(); ID=9912;
2026.09.29 10:57:01: ERROR (cvode) CVODE error code -15: At t = 843494, unable to satisfy inequality constraints. in /mnt/c/Users/fkubicsek/Downloads/CPP_kód_fejlesztése/fejlesztoi_main/Bubble_dynamics_simulation_CPP/submodules/sundials/src/cvode/cvode.c:3725: cvHandleFailure(); ID=9899;
2026.09.29 10:57:01: ERROR (cvode) CVODE error code -15: At t = 148561, unable to satisfy inequality constraints. in /mnt/c/Users/fkubicsek/Downloads/CPP_kód_fejlesztése/fejlesztoi_main/Bubble_dynamics_simulation_CPP/submodules/sundials/src/cvode/cvode.c:3725: cvHandleFailure(); ID=9911;
2026.09.29 10:57:01: WARNING (postprocess) Dissipated energy is negative: -0.000590 in ./src/ode_solution.cpp:309: postprocess(); ID=9911;
2026.09.29 10:57:01: WARNING (postprocess) Energy demand is negative: -1243790376.430840 in ./src/ode_solution.cpp:381: postprocess(); ID=9911;
2026.09.29 10:57:01: WARNING (postprocess) Dissipated energy is negative: -0.000746 in ./src/ode_solution.cpp:309: postprocess(); ID=9912;
2026.09.29 10:57:01: WARNING (postprocess) Energy demand is negative: -733991438.415759 in ./src/ode_solution.cpp:381: postprocess(); ID=9912;
2026.09.29 10:57:01: ERROR (cvode) CVODE error code -15: At t = 469326, unable to satisfy inequality constraints. in /mnt/c/Users/fkubicsek/Downloads/CPP_kód_fejlesztése/fejlesztoi_main/Bubble_dynamics_simulation_CPP/submodules/sundials/src/cvode/cvode.c:3725: cvHandleFailure(); ID=9909;
2026.09.29 10:57:01: WARNING (postprocess) Dissipated energy is negative: -0.000176 in ./src/ode_solution.cpp:309: postprocess(); ID=9909;
2026.09.29 10:57:01: WARNING (postprocess) Energy demand is negative: -38643841.574490 in ./src/ode_solution.cpp:381: postprocess(); ID=9909;
2026.09.29 10:57:01: ERROR (cvode) CVODE error code -15: At t = 305971, unable to satisfy inequality constraints. in /mnt/c/Users/fkubicsek/Downloads/CPP_kód_fejlesztése/fejlesztoi_main/Bubble_dynamics_simulation_CPP/submodules/sundials/src/cvode/cvode.c:3725: cvHandleFailure(); ID=9913;
2026.09.29 10:57:01: WARNING (postprocess) Dissipated energy is negative: -0.000057 in ./src/ode_solution.cpp:309: postprocess(); ID=9913;
2026.09.29 10:57:01: WARNING (postprocess) Energy demand is negative: -25847173.083645 in ./src/ode_solution.cpp:381: postprocess(); ID=9913;
2026.09.29 10:57:01: ERROR (cvode) CVODE error code -15: At t = 1.47897e+06, unable to satisfy inequality constraints. in /mnt/c/Users/fkubicsek/Downloads/CPP_kód_fejlesztése/fejlesztoi_main/Bubble_dynamics_simulation_CPP/submodules/sundials/src/cvode/cvode.c:3725: cvHandleFailure(); ID=9896;
2026.09.29 10:57:01: ERROR (cvode) CVODE error code -15: At t = 193517, unable to satisfy inequality constraints. in /mnt/c/Users/fkubicsek/Downloads/CPP_kód_fejlesztése/fejlesztoi_main/Bubble_dynamics_simulation_CPP/submodules/sundials/src/cvode/cvode.c:3725: cvHandleFailure(); ID=9918;
2026.09.29 10:57:01: WARNING (postprocess) Dissipated energy is negative: -0.001397 in ./src/ode_solution.cpp:309: postprocess(); ID=9918;
2026.09.29 10:57:01: WARNING (postprocess) Energy demand is negative: -3673195848.263666 in ./src/ode_solution.cpp:381: postprocess(); ID=9918;
2026.09.29 10:57:01: ERROR (cvode) CVODE error code -15: At t = 147118, unable to satisfy inequality constraints. in /mnt/c/Users/fkubicsek/Downloads/CPP_kód_fejlesztése/fejlesztoi_main/Bubble_dynamics_simulation_CPP/submodules/sundials/src/cvode/cvode.c:3725: cvHandleFailure(); ID=9919;
2026.09.29 10:57:01: WARNING (postprocess) Dissipated energy is negative: -0.000578 in ./src/ode_solution.cpp:309: postprocess(); ID=9919;
2026.09.29 10:57:01: WARNING (postprocess) Energy demand is negative: -8294889966.821460 in ./src/ode_solution.cpp:381: postprocess(); ID=9919;
2026.09.29 10:57:01: ERROR (cvode) CVODE error code -15: At t = 1.93694e+06, unable to satisfy inequality constraints. in /mnt/c/Users/fkubicsek/Downloads/CPP_kód_fejlesztése/fejlesztoi_main/Bubble_dynamics_simulation_CPP/submodules/sundials/src/cvode/cvode.c:3725: cvHandleFailure(); ID=9893;
2026.09.29 10:57:01: ERROR (cvode) CVODE error code -15: At t = 145975, unable to satisfy inequality constraints. in /mnt/c/Users/fkubicsek/Downloads/CPP_kód_fejlesztése/fejlesztoi_main/Bubble_dynamics_simulation_CPP/submodules/sundials/src/cvode/cvode.c:3725: cvHandleFailure(); ID=9920;
2026.09.29 10:57:01: ERROR (cvode) CVODE error code -15: At t = 468486, unable to satisfy inequality constraints. in /mnt/c/Users/fkubicsek/Downloads/CPP_kód_fejlesztése/fejlesztoi_main/Bubble_dynamics_simulation_CPP/submodules/sundials/src/cvode/cvode.c:3725: cvHandleFailure(); ID=9914;
2026.09.29 10:57:01: WARNING (postprocess) Dissipated energy is negative: -0.000524 in ./src/ode_solution.cpp:309: postprocess(); ID=9920;
2026.09.29 10:57:01: WARNING (postprocess) Energy demand is negative: -11618031375.047693 in ./src/ode_solution.cpp:381: postprocess(); ID=9920;
2026.09.29 10:57:01: ERROR (cvode) CVODE error code -15: At t = 471647, unable to satisfy inequality constraints. in /mnt/c/Users/fkubicsek/Downloads/CPP_kód_fejlesztése/fejlesztoi_main/Bubble_dynamics_simulation_CPP/submodules/sundials/src/cvode/cvode.c:3725: cvHandleFailure(); ID=9917;
2026.09.29 10:57:01: ERROR (cvode) CVODE error code -15: At t = 143143, unable to satisfy inequality constraints. in /mnt/c/Users/fkubicsek/Downloads/CPP_kód_fejlesztése/fejlesztoi_main/Bubble_dynamics_simulation_CPP/submodules/sundials/src/cvode/cvode.c:3725: cvHandleFailure(); ID=9921;
2026.09.29 10:57:01: WARNING (postprocess) Dissipated energy is negative: -0.000367 in ./src/ode_solution.cpp:309: postprocess(); ID=9921;
2026.09.29 10:57:01: WARNING (postprocess) Dissipated energy is negative: -0.000013 in ./src/ode_solution.cpp:309: postprocess(); ID=9917;
2026.09.29 10:57:01: ERROR (cvode) CVODE error code -15: At t = 405239, unable to satisfy inequality constraints. in /mnt/c/Users/fkubicsek/Downloads/CPP_kód_fejlesztése/fejlesztoi_main/Bubble_dynamics_simulation_CPP/submodules/sundials/src/cvode/cvode.c:3725: cvHandleFailure(); ID=9916;
2026.09.29 10:57:01: WARNING (postprocess) Dissipated energy is negative: -0.000062 in ./src/ode_solution.cpp:309: postprocess(); ID=9916;
2026.09.29 10:57:01: WARNING (postprocess) Energy demand is negative: -21164065.923080 in ./src/ode_solution.cpp:381: postprocess(); ID=9916;
2026.09.29 10:57:01: WARNING (postprocess) Energy demand is negative: -455780512.173703 in ./src/ode_solution.cpp:381: postprocess(); ID=9921;
2026.09.29 10:57:01: WARNING (postprocess) Energy demand is negative: -2356796.435164 in ./src/ode_solution.cpp:381: postprocess(); ID=9917;
2026.09.29 10:57:01: ERROR (cvode) CVODE error code -15: At t = 143483, unable to satisfy inequality constraints. in /mnt/c/Users/fkubicsek/Downloads/CPP_kód_fejlesztése/fejlesztoi_main/Bubble_dynamics_simulation_CPP/submodules/sundials/src/cvode/cvode.c:3725: cvHandleFailure(); ID=9922;
2026.09.29 10:57:01: WARNING (postprocess) Dissipated energy is negative: -0.000391 in ./src/ode_solution.cpp:309: postprocess(); ID=9922;
2026.09.29 10:57:01: WARNING (postprocess) Energy demand is negative: -307142298.028284 in ./src/ode_solution.cpp:381: postprocess(); ID=9922;
2026.09.29 10:57:01: ERROR (cvode) CVODE error code -15: At t = 137901, unable to satisfy inequality constraints. in /mnt/c/Users/fkubicsek/Downloads/CPP_kód_fejlesztése/fejlesztoi_main/Bubble_dynamics_simulation_CPP/submodules/sundials/src/cvode/cvode.c:3725: cvHandleFailure(); ID=9923;
2026.09.29 10:57:01: ERROR (cvode) CVODE error code -15: At t = 140699, unable to satisfy inequality constraints. in /mnt/c/Users/fkubicsek/Downloads/CPP_kód_fejlesztése/fejlesztoi_main/Bubble_dynamics_simulation_CPP/submodules/sundials/src/cvode/cvode.c:3725: cvHandleFailure(); ID=9924;
2026.09.29 10:57:01: WARNING (postprocess) Dissipated energy is negative: -0.000210 in ./src/ode_solution.cpp:309: postprocess(); ID=9924;
2026.09.29 10:57:01: WARNING (postprocess) Energy demand is negative: -266861274.348501 in ./src/ode_solution.cpp:381: postprocess(); ID=9924;
2026.09.29 10:57:01: ERROR (cvode) CVODE error code -15: At t = 129906, unable to satisfy inequality constraints. in /mnt/c/Users/fkubicsek/Downloads/CPP_kód_fejlesztése/fejlesztoi_main/Bubble_dynamics_simulation_CPP/submodules/sundials/src/cvode/cvode.c:3725: cvHandleFailure(); ID=9928;
2026.09.29 10:57:01: ERROR (cvode) CVODE error code -15: At t = 143384, unable to satisfy inequality constraints. in /mnt/c/Users/fkubicsek/Downloads/CPP_kód_fejlesztése/fejlesztoi_main/Bubble_dynamics_simulation_CPP/submodules/sundials/src/cvode/cvode.c:3725: cvHandleFailure(); ID=9927;
2026.09.29 10:57:01: WARNING (postprocess) Dissipated energy is negative: -0.000393 in ./src/ode_solution.cpp:309: postprocess(); ID=9927;
2026.09.29 10:57:01: WARNING (postprocess) Energy demand is negative: -135639072.686961 in ./src/ode_solution.cpp:381: postprocess(); ID=9927;
2026.09.29 10:57:01: ERROR (cvode) CVODE error code -15: At t = 246079, unable to satisfy inequality constraints. in /mnt/c/Users/fkubicsek/Downloads/CPP_kód_fejlesztése/fejlesztoi_main/Bubble_dynamics_simulation_CPP/submodules/sundials/src/cvode/cvode.c:3725: cvHandleFailure(); ID=9915;
2026.09.29 10:57:01: WARNING (postprocess) Dissipated energy is negative: -0.000485 in ./src/ode_solution.cpp:309: postprocess(); ID=9915;
2026.09.29 10:57:01: WARNING (postprocess) Energy demand is negative: -137004110.325060 in ./src/ode_solution.cpp:381: postprocess(); ID=9915;
2026.09.29 10:57:01: ERROR (cvode) CVODE error code -15: At t = 141737, unable to satisfy inequality constraints. in /mnt/c/Users/fkubicsek/Downloads/CPP_kód_fejlesztése/fejlesztoi_main/Bubble_dynamics_simulation_CPP/submodules/sundials/src/cvode/cvode.c:3725: cvHandleFailure(); ID=9930;
2026.09.29 10:57:01: WARNING (postprocess) Dissipated energy is negative: -0.000284 in ./src/ode_solution.cpp:309: postprocess(); ID=9930;
2026.09.29 10:57:01: WARNING (postprocess) Energy demand is negative: -314742631.486577 in ./src/ode_solution.cpp:381: postprocess(); ID=9930;
2026.09.29 10:57:01: ERROR (cvode) CVODE error code -15: At t = 152240, unable to satisfy inequality constraints. in /mnt/c/Users/fkubicsek/Downloads/CPP_kód_fejlesztése/fejlesztoi_main/Bubble_dynamics_simulation_CPP/submodules/sundials/src/cvode/cvode.c:3725: cvHandleFailure(); ID=9925;
2026.09.29 10:57:01: WARNING (postprocess) Dissipated energy is negative: -0.000806 in ./src/ode_solution.cpp:309: postprocess(); ID=9925;
2026.09.29 10:57:01: ERROR (cvode) CVODE error code -15: At t = 139271, unable to satisfy inequality constraints. in /mnt/c/Users/fkubicsek/Downloads/CPP_kód_fejlesztése/fejlesztoi_main/Bubble_dynamics_simulation_CPP/submodules/sundials/src/cvode/cvode.c:3725: cvHandleFailure(); ID=9932;
2026.09.29 10:57:01: WARNING (postprocess) Dissipated energy is negative: -0.000096 in ./src/ode_solution.cpp:309: postprocess(); ID=9932;
2026.09.29 10:57:01: WARNING (postprocess) Energy demand is negative: -330784407.603002 in ./src/ode_solution.cpp:381: postprocess(); ID=9925;
2026.09.29 10:57:01: ERROR (cvode) CVODE error code -15: At t = 143431, unable to satisfy inequality constraints. in /mnt/c/Users/fkubicsek/Downloads/CPP_kód_fejlesztése/fejlesztoi_main/Bubble_dynamics_simulation_CPP/submodules/sundials/src/cvode/cvode.c:3725: cvHandleFailure(); ID=9931;
2026.09.29 10:57:01: WARNING (postprocess) Energy demand is negative: -64896097.728073 in ./src/ode_solution.cpp:381: postprocess(); ID=9932;
2026.09.29 10:57:01: WARNING (postprocess) Dissipated energy is negative: -0.000390 in ./src/ode_solution.cpp:309: postprocess(); ID=9931;
2026.09.29 10:57:01: WARNING (postprocess) Energy demand is negative: -116936812.339073 in ./src/ode_solution.cpp:381: postprocess(); ID=9931;
2026.09.29 10:57:01: ERROR (cvode) CVODE error code -15: At t = 139907, unable to satisfy inequality constraints. in /mnt/c/Users/fkubicsek/Downloads/CPP_kód_fejlesztése/fejlesztoi_main/Bubble_dynamics_simulation_CPP/submodules/sundials/src/cvode/cvode.c:3725: cvHandleFailure(); ID=9934;
2026.09.29 10:57:01: ERROR (cvode) CVODE error code -15: At t = 142784, unable to satisfy inequality constraints. in /mnt/c/Users/fkubicsek/Downloads/CPP_kód_fejlesztése/fejlesztoi_main/Bubble_dynamics_simulation_CPP/submodules/sundials/src/cvode/cvode.c:3725: cvHandleFailure(); ID=9933;
2026.09.29 10:57:01: WARNING (postprocess) Dissipated energy is negative: -0.000344 in ./src/ode_solution.cpp:309: postprocess(); ID=9933;
2026.09.29 10:57:01: WARNING (postprocess) Energy demand is negative: -754707520.375473 in ./src/ode_solution.cpp:381: postprocess(); ID=9933;
2026.09.29 10:57:01: WARNING (postprocess) Dissipated energy is negative: -0.000139 in ./src/ode_solution.cpp:309: postprocess(); ID=9934;
2026.09.29 10:57:01: WARNING (postprocess) Energy demand is negative: -74047494.755028 in ./src/ode_solution.cpp:381: postprocess(); ID=9934;
2026.09.29 10:57:01: ERROR (cvode) CVODE error code -15: At t = 259788, unable to satisfy inequality constraints. in /mnt/c/Users/fkubicsek/Downloads/CPP_kód_fejlesztése/fejlesztoi_main/Bubble_dynamics_simulation_CPP/submodules/sundials/src/cvode/cvode.c:3725: cvHandleFailure(); ID=9935;
2026.09.29 10:57:01: WARNING (postprocess) Dissipated energy is negative: -0.000080 in ./src/ode_solution.cpp:309: postprocess(); ID=9935;
2026.09.29 10:57:01: WARNING (postprocess) Energy demand is negative: -43752494.616807 in ./src/ode_solution.cpp:381: postprocess(); ID=9935;
2026.09.29 10:57:01: ERROR (cvode) CVODE error code -15: At t = 157728, unable to satisfy inequality constraints. in /mnt/c/Users/fkubicsek/Downloads/CPP_kód_fejlesztése/fejlesztoi_main/Bubble_dynamics_simulation_CPP/submodules/sundials/src/cvode/cvode.c:3725: cvHandleFailure(); ID=9936;
2026.09.29 10:57:01: WARNING (postprocess) Dissipated energy is negative: -0.000940 in ./src/ode_solution.cpp:309: postprocess(); ID=9936;
2026.09.29 10:57:01: WARNING (postprocess) Energy demand is negative: -176887549.978197 in ./src/ode_solution.cpp:381: postprocess(); ID=9936;
2026.09.29 10:57:01: ERROR (cvode) CVODE error code -15: At t = 155384, unable to satisfy inequality constraints. in /mnt/c/Users/fkubicsek/Downloads/CPP_kód_fejlesztése/fejlesztoi_main/Bubble_dynamics_simulation_CPP/submodules/sundials/src/cvode/cvode.c:3725: cvHandleFailure(); ID=9939;
2026.09.29 10:57:01: WARNING (postprocess) Dissipated energy is negative: -0.000854 in ./src/ode_solution.cpp:309: postprocess(); ID=9939;
2026.09.29 10:57:01: WARNING (postprocess) Energy demand is negative: -1482335322.296414 in ./src/ode_solution.cpp:381: postprocess(); ID=9939;
2026.09.29 10:57:01: ERROR (cvode) CVODE error code -15: At t = 257586, unable to satisfy inequality constraints. in /mnt/c/Users/fkubicsek/Downloads/CPP_kód_fejlesztése/fejlesztoi_main/Bubble_dynamics_simulation_CPP/submodules/sundials/src/cvode/cvode.c:3725: cvHandleFailure(); ID=9929;
2026.09.29 10:57:01: WARNING (postprocess) Dissipated energy is negative: -0.000098 in ./src/ode_solution.cpp:309: postprocess(); ID=9929;
2026.09.29 10:57:01: WARNING (postprocess) Energy demand is negative: -13272483.851742 in ./src/ode_solution.cpp:381: postprocess(); ID=9929;
2026.09.29 10:57:01: ERROR (cvode) CVODE error code -15: At t = 634499, unable to satisfy inequality constraints. in /mnt/c/Users/fkubicsek/Downloads/CPP_kód_fejlesztése/fejlesztoi_main/Bubble_dynamics_simulation_CPP/submodules/sundials/src/cvode/cvode.c:3725: cvHandleFailure(); ID=9926;
2026.09.29 10:57:01: ERROR (cvode) CVODE error code -15: At t = 142721, unable to satisfy inequality constraints. in /mnt/c/Users/fkubicsek/Downloads/CPP_kód_fejlesztése/fejlesztoi_main/Bubble_dynamics_simulation_CPP/submodules/sundials/src/cvode/cvode.c:3725: cvHandleFailure(); ID=9942;
2026.09.29 10:57:01: WARNING (postprocess) Dissipated energy is negative: -0.000282 in ./src/ode_solution.cpp:309: postprocess(); ID=9942;
2026.09.29 10:57:01: WARNING (postprocess) Energy demand is negative: -70174786.489559 in ./src/ode_solution.cpp:381: postprocess(); ID=9942;
2026.09.29 10:57:01: ERROR (cvode) CVODE error code -15: At t = 319737, unable to satisfy inequality constraints. in /mnt/c/Users/fkubicsek/Downloads/CPP_kód_fejlesztése/fejlesztoi_main/Bubble_dynamics_simulation_CPP/submodules/sundials/src/cvode/cvode.c:3725: cvHandleFailure(); ID=9938;
2026.09.29 10:57:01: WARNING (postprocess) Dissipated energy is negative: -0.000076 in ./src/ode_solution.cpp:309: postprocess(); ID=9938;
2026.09.29 10:57:01: WARNING (postprocess) Energy demand is negative: -6310255.731073 in ./src/ode_solution.cpp:381: postprocess(); ID=9938;
2026.09.29 10:57:01: ERROR (cvode) CVODE error code -15: At t = 136510, unable to satisfy inequality constraints. in /mnt/c/Users/fkubicsek/Downloads/CPP_kód_fejlesztése/fejlesztoi_main/Bubble_dynamics_simulation_CPP/submodules/sundials/src/cvode/cvode.c:3725: cvHandleFailure(); ID=9944;
2026.09.29 10:57:01: ERROR (cvode) CVODE error code -15: At t = 314880, unable to satisfy inequality constraints. in /mnt/c/Users/fkubicsek/Downloads/CPP_kód_fejlesztése/fejlesztoi_main/Bubble_dynamics_simulation_CPP/submodules/sundials/src/cvode/cvode.c:3725: cvHandleFailure(); ID=9940;
2026.09.29 10:57:01: ERROR (cvode) CVODE error code -15: At t = 138014, unable to satisfy inequality constraints. in /mnt/c/Users/fkubicsek/Downloads/CPP_kód_fejlesztése/fejlesztoi_main/Bubble_dynamics_simulation_CPP/submodules/sundials/src/cvode/cvode.c:3725: cvHandleFailure(); ID=9945;
2026.09.29 10:57:01: ERROR (cvode) CVODE error code -15: At t = 146312, unable to satisfy inequality constraints. in /mnt/c/Users/fkubicsek/Downloads/CPP_kód_fejlesztése/fejlesztoi_main/Bubble_dynamics_simulation_CPP/submodules/sundials/src/cvode/cvode.c:3725: cvHandleFailure(); ID=9946;
2026.09.29 10:57:01: WARNING (postprocess) Dissipated energy is negative: -0.000440 in ./src/ode_solution.cpp:309: postprocess(); ID=9946;
2026.09.29 10:57:01: WARNING (postprocess) Energy demand is negative: -214876497.112006 in ./src/ode_solution.cpp:381: postprocess(); ID=9946;
2026.09.29 10:57:01: ERROR (cvode) CVODE error code -15: At t = 137361, unable to satisfy inequality constraints. in /mnt/c/Users/fkubicsek/Downloads/CPP_kód_fejlesztése/fejlesztoi_main/Bubble_dynamics_simulation_CPP/submodules/sundials/src/cvode/cvode.c:3725: cvHandleFailure(); ID=9948;
2026.09.29 10:57:01: ERROR (cvode) CVODE error code -15: At t = 143160, unable to satisfy inequality constraints. in /mnt/c/Users/fkubicsek/Downloads/CPP_kód_fejlesztése/fejlesztoi_main/Bubble_dynamics_simulation_CPP/submodules/sundials/src/cvode/cvode.c:3725: cvHandleFailure(); ID=9949;
2026.09.29 10:57:01: WARNING (postprocess) Dissipated energy is negative: -0.000230 in ./src/ode_solution.cpp:309: postprocess(); ID=9949;
2026.09.29 10:57:01: WARNING (postprocess) Energy demand is negative: -77698123.937766 in ./src/ode_solution.cpp:381: postprocess(); ID=9949;
2026.09.29 10:57:01: ERROR (cvode) CVODE error code -15: At t = 145798, unable to satisfy inequality constraints. in /mnt/c/Users/fkubicsek/Downloads/CPP_kód_fejlesztése/fejlesztoi_main/Bubble_dynamics_simulation_CPP/submodules/sundials/src/cvode/cvode.c:3725: cvHandleFailure(); ID=9947;
2026.09.29 10:57:01: ERROR (cvode) CVODE error code -15: At t = 649743, unable to satisfy inequality constraints. in /mnt/c/Users/fkubicsek/Downloads/CPP_kód_fejlesztése/fejlesztoi_main/Bubble_dynamics_simulation_CPP/submodules/sundials/src/cvode/cvode.c:3725: cvHandleFailure(); ID=9937;
2026.09.29 10:57:01: WARNING (postprocess) Dissipated energy is negative: -0.000402 in ./src/ode_solution.cpp:309: postprocess(); ID=9947;
2026.09.29 10:57:01: WARNING (postprocess) Energy demand is negative: -66331368.305566 in ./src/ode_solution.cpp:381: postprocess(); ID=9947;
2026.09.29 10:57:01: ERROR (cvode) CVODE error code -15: At t = 159974, unable to satisfy inequality constraints. in /mnt/c/Users/fkubicsek/Downloads/CPP_kód_fejlesztése/fejlesztoi_main/Bubble_dynamics_simulation_CPP/submodules/sundials/src/cvode/cvode.c:3725: cvHandleFailure(); ID=9950;
2026.09.29 10:57:01: WARNING (postprocess) Dissipated energy is negative: -0.000857 in ./src/ode_solution.cpp:309: postprocess(); ID=9950;
2026.09.29 10:57:01: WARNING (postprocess) Energy demand is negative: -193528475.361807 in ./src/ode_solution.cpp:381: postprocess(); ID=9950;
2026.09.29 10:57:01: ERROR (cvode) CVODE error code -15: At t = 134404, unable to satisfy inequality constraints. in /mnt/c/Users/fkubicsek/Downloads/CPP_kód_fejlesztése/fejlesztoi_main/Bubble_dynamics_simulation_CPP/submodules/sundials/src/cvode/cvode.c:3725: cvHandleFailure(); ID=9952;
2026.09.29 10:57:01: ERROR (cvode) CVODE error code -15: At t = 140404, unable to satisfy inequality constraints. in /mnt/c/Users/fkubicsek/Downloads/CPP_kód_fejlesztése/fejlesztoi_main/Bubble_dynamics_simulation_CPP/submodules/sundials/src/cvode/cvode.c:3725: cvHandleFailure(); ID=9953;
2026.09.29 10:57:01: ERROR (cvode) CVODE error code -15: At t = 141941, unable to satisfy inequality constraints. in /mnt/c/Users/fkubicsek/Downloads/CPP_kód_fejlesztése/fejlesztoi_main/Bubble_dynamics_simulation_CPP/submodules/sundials/src/cvode/cvode.c:3725: cvHandleFailure(); ID=9955;
2026.09.29 10:57:01: WARNING (postprocess) Dissipated energy is negative: -0.000063 in ./src/ode_solution.cpp:309: postprocess(); ID=9955;
2026.09.29 10:57:01: WARNING (postprocess) Energy demand is negative: -9219891.257170 in ./src/ode_solution.cpp:381: postprocess(); ID=9955;
2026.09.29 10:57:01: ERROR (cvode) CVODE error code -15: At t = 142843, unable to satisfy inequality constraints. in /mnt/c/Users/fkubicsek/Downloads/CPP_kód_fejlesztése/fejlesztoi_main/Bubble_dynamics_simulation_CPP/submodules/sundials/src/cvode/cvode.c:3725: cvHandleFailure(); ID=9954;
2026.09.29 10:57:01: WARNING (postprocess) Dissipated energy is negative: -0.000138 in ./src/ode_solution.cpp:309: postprocess(); ID=9954;
2026.09.29 10:57:01: WARNING (postprocess) Energy demand is negative: -24453358.779202 in ./src/ode_solution.cpp:381: postprocess(); ID=9954;
2026.09.29 10:57:01: ERROR (cvode) CVODE error code -15: At t = 141816, unable to satisfy inequality constraints. in /mnt/c/Users/fkubicsek/Downloads/CPP_kód_fejlesztése/fejlesztoi_main/Bubble_dynamics_simulation_CPP/submodules/sundials/src/cvode/cvode.c:3725: cvHandleFailure(); ID=9956;
2026.09.29 10:57:01: ERROR (cvode) CVODE error code -15: At t = 142512, unable to satisfy inequality constraints. in /mnt/c/Users/fkubicsek/Downloads/CPP_kód_fejlesztése/fejlesztoi_main/Bubble_dynamics_simulation_CPP/submodules/sundials/src/cvode/cvode.c:3725: cvHandleFailure(); ID=9957;
2026.09.29 10:57:01: WARNING (postprocess) Dissipated energy is negative: -0.000066 in ./src/ode_solution.cpp:309: postprocess(); ID=9957;
2026.09.29 10:57:01: WARNING (postprocess) Energy demand is negative: -16342872.789388 in ./src/ode_solution.cpp:381: postprocess(); ID=9957;
2026.09.29 10:57:01: WARNING (postprocess) Dissipated energy is negative: -0.000038 in ./src/ode_solution.cpp:309: postprocess(); ID=9956;
2026.09.29 10:57:01: WARNING (postprocess) Energy demand is negative: -5891219.733412 in ./src/ode_solution.cpp:381: postprocess(); ID=9956;
2026.09.29 10:57:01: ERROR (cvode) CVODE error code -15: At t = 137764, unable to satisfy inequality constraints. in /mnt/c/Users/fkubicsek/Downloads/CPP_kód_fejlesztése/fejlesztoi_main/Bubble_dynamics_simulation_CPP/submodules/sundials/src/cvode/cvode.c:3725: cvHandleFailure(); ID=9958;
2026.09.29 10:57:01: ERROR (cvode) CVODE error code -15: At t = 119832, unable to satisfy inequality constraints. in /mnt/c/Users/fkubicsek/Downloads/CPP_kód_fejlesztése/fejlesztoi_main/Bubble_dynamics_simulation_CPP/submodules/sundials/src/cvode/cvode.c:3725: cvHandleFailure(); ID=9963;
2026.09.29 10:57:01: ERROR (cvode) CVODE error code -15: At t = 139505, unable to satisfy inequality constraints. in /mnt/c/Users/fkubicsek/Downloads/CPP_kód_fejlesztése/fejlesztoi_main/Bubble_dynamics_simulation_CPP/submodules/sundials/src/cvode/cvode.c:3725: cvHandleFailure(); ID=9959;
2026.09.29 10:57:01: ERROR (cvode) CVODE error code -15: At t = 137201, unable to satisfy inequality constraints. in /mnt/c/Users/fkubicsek/Downloads/CPP_kód_fejlesztése/fejlesztoi_main/Bubble_dynamics_simulation_CPP/submodules/sundials/src/cvode/cvode.c:3725: cvHandleFailure(); ID=9962;
2026.09.29 10:57:01: ERROR (cvode) CVODE error code -15: At t = 142816, unable to satisfy inequality constraints. in /mnt/c/Users/fkubicsek/Downloads/CPP_kód_fejlesztése/fejlesztoi_main/Bubble_dynamics_simulation_CPP/submodules/sundials/src/cvode/cvode.c:3725: cvHandleFailure(); ID=9960;
2026.09.29 10:57:01: ERROR (cvode) CVODE error code -15: At t = 979629, unable to satisfy inequality constraints. in /mnt/c/Users/fkubicsek/Downloads/CPP_kód_fejlesztése/fejlesztoi_main/Bubble_dynamics_simulation_CPP/submodules/sundials/src/cvode/cvode.c:3725: cvHandleFailure(); ID=9943;
2026.09.29 10:57:01: ERROR (cvode) CVODE error code -15: At t = 491002, unable to satisfy inequality constraints. in /mnt/c/Users/fkubicsek/Downloads/CPP_kód_fejlesztése/fejlesztoi_main/Bubble_dynamics_simulation_CPP/submodules/sundials/src/cvode/cvode.c:3725: cvHandleFailure(); ID=9941;
2026.09.29 10:57:01: WARNING (postprocess) Dissipated energy is negative: -0.000030 in ./src/ode_solution.cpp:309: postprocess(); ID=9960;
2026.09.29 10:57:01: WARNING (postprocess) Energy demand is negative: -4366011.368837 in ./src/ode_solution.cpp:381: postprocess(); ID=9960;
2026.09.29 10:57:01: ERROR (cvode) CVODE error code -15: At t = 143458, unable to satisfy inequality constraints. in /mnt/c/Users/fkubicsek/Downloads/CPP_kód_fejlesztése/fejlesztoi_main/Bubble_dynamics_simulation_CPP/submodules/sundials/src/cvode/cvode.c:3725: cvHandleFailure(); ID=9964;
2026.09.29 10:57:01: ERROR (cvode) CVODE error code -15: At t = 143283, unable to satisfy inequality constraints. in /mnt/c/Users/fkubicsek/Downloads/CPP_kód_fejlesztése/fejlesztoi_main/Bubble_dynamics_simulation_CPP/submodules/sundials/src/cvode/cvode.c:3725: cvHandleFailure(); ID=9965;
2026.09.29 10:57:01: ERROR (cvode) CVODE error code -15: At t = 142854, unable to satisfy inequality constraints. in /mnt/c/Users/fkubicsek/Downloads/CPP_kód_fejlesztése/fejlesztoi_main/Bubble_dynamics_simulation_CPP/submodules/sundials/src/cvode/cvode.c:3725: cvHandleFailure(); ID=9968;
2026.09.29 10:57:01: WARNING (odefun) Negative R or T: R=-24258.865524;   T=257173.722852 in ./src/ode_fun.cpp:108: check_before_call(); ID=9966;
2026.09.29 10:57:01: WARNING (odefun) Negative R or T: R=-42.999841;   T=344.061467 in ./src/ode_fun.cpp:108: check_before_call(); ID=9966;
2026.09.29 10:57:01: WARNING (odefun) Negative R or T: R=0.078643;   T=-9.358475 in ./src/ode_fun.cpp:108: check_before_call(); ID=9966;
2026.09.29 10:57:01: ERROR (cvode) CVODE error code -15: At t = 140937, unable to satisfy inequality constraints. in /mnt/c/Users/fkubicsek/Downloads/CPP_kód_fejlesztése/fejlesztoi_main/Bubble_dynamics_simulation_CPP/submodules/sundials/src/cvode/cvode.c:3725: cvHandleFailure(); ID=9969;
2026.09.29 10:57:01: ERROR (cvode) CVODE error code -15: At t = 576007, unable to satisfy inequality constraints. in /mnt/c/Users/fkubicsek/Downloads/CPP_kód_fejlesztése/fejlesztoi_main/Bubble_dynamics_simulation_CPP/submodules/sundials/src/cvode/cvode.c:3725: cvHandleFailure(); ID=9951;
2026.09.29 10:57:01: ERROR (cvode) CVODE error code -15: At t = 430294, unable to satisfy inequality constraints. in /mnt/c/Users/fkubicsek/Downloads/CPP_kód_fejlesztése/fejlesztoi_main/Bubble_dynamics_simulation_CPP/submodules/sundials/src/cvode/cvode.c:3725: cvHandleFailure(); ID=9961;
2026.09.29 10:57:01: ERROR (cvode) CVODE error code -15: At t = 139769, unable to satisfy inequality constraints. in /mnt/c/Users/fkubicsek/Downloads/CPP_kód_fejlesztése/fejlesztoi_main/Bubble_dynamics_simulation_CPP/submodules/sundials/src/cvode/cvode.c:3725: cvHandleFailure(); ID=9970;
2026.09.29 10:57:01: ERROR (cvode) CVODE error code -15: At t = 141503, unable to satisfy inequality constraints. in /mnt/c/Users/fkubicsek/Downloads/CPP_kód_fejlesztése/fejlesztoi_main/Bubble_dynamics_simulation_CPP/submodules/sundials/src/cvode/cvode.c:3725: cvHandleFailure(); ID=9972;
2026.09.29 10:57:01: ERROR (cvode) CVODE error code -15: At t = 138025, unable to satisfy inequality constraints. in /mnt/c/Users/fkubicsek/Downloads/CPP_kód_fejlesztése/fejlesztoi_main/Bubble_dynamics_simulation_CPP/submodules/sundials/src/cvode/cvode.c:3725: cvHandleFailure(); ID=9974;
2026.09.29 10:57:01: ERROR (cvode) CVODE error code -15: At t = 139043, unable to satisfy inequality constraints. in /mnt/c/Users/fkubicsek/Downloads/CPP_kód_fejlesztése/fejlesztoi_main/Bubble_dynamics_simulation_CPP/submodules/sundials/src/cvode/cvode.c:3725: cvHandleFailure(); ID=9976;
2026.09.29 10:57:01: ERROR (cvode) CVODE error code -15: At t = 141950, unable to satisfy inequality constraints. in /mnt/c/Users/fkubicsek/Downloads/CPP_kód_fejlesztése/fejlesztoi_main/Bubble_dynamics_simulation_CPP/submodules/sundials/src/cvode/cvode.c:3725: cvHandleFailure(); ID=9975;
2026.09.29 10:57:02: ERROR (cvode) CVODE error code -15: At t = 147415, unable to satisfy inequality constraints. in /mnt/c/Users/fkubicsek/Downloads/CPP_kód_fejlesztése/fejlesztoi_main/Bubble_dynamics_simulation_CPP/submodules/sundials/src/cvode/cvode.c:3725: cvHandleFailure(); ID=9977;
2026.09.29 10:57:02: ERROR (cvode) CVODE error code -15: At t = 141811, unable to satisfy inequality constraints. in /mnt/c/Users/fkubicsek/Downloads/CPP_kód_fejlesztése/fejlesztoi_main/Bubble_dynamics_simulation_CPP/submodules/sundials/src/cvode/cvode.c:3725: cvHandleFailure(); ID=9979;
2026.09.29 10:57:02: ERROR (cvode) CVODE error code -15: At t = 124500, unable to satisfy inequality constraints. in /mnt/c/Users/fkubicsek/Downloads/CPP_kód_fejlesztése/fejlesztoi_main/Bubble_dynamics_simulation_CPP/submodules/sundials/src/cvode/cvode.c:3725: cvHandleFailure(); ID=9982;
2026.09.29 10:57:02: ERROR (cvode) CVODE error code -15: At t = 882423, unable to satisfy inequality constraints. in /mnt/c/Users/fkubicsek/Downloads/CPP_kód_fejlesztése/fejlesztoi_main/Bubble_dynamics_simulation_CPP/submodules/sundials/src/cvode/cvode.c:3725: cvHandleFailure(); ID=9967;
2026.09.29 10:57:02: ERROR (cvode) CVODE error code -15: At t = 142093, unable to satisfy inequality constraints. in /mnt/c/Users/fkubicsek/Downloads/CPP_kód_fejlesztése/fejlesztoi_main/Bubble_dynamics_simulation_CPP/submodules/sundials/src/cvode/cvode.c:3725: cvHandleFailure(); ID=9981;
2026.09.29 10:57:02: ERROR (cvode) CVODE error code -15: At t = 858330, unable to satisfy inequality constraints. in /mnt/c/Users/fkubicsek/Downloads/CPP_kód_fejlesztése/fejlesztoi_main/Bubble_dynamics_simulation_CPP/submodules/sundials/src/cvode/cvode.c:3725: cvHandleFailure(); ID=9971;
2026.09.29 10:57:02: ERROR (cvode) CVODE error code -15: At t = 1.00916e+06, unable to satisfy inequality constraints. in /mnt/c/Users/fkubicsek/Downloads/CPP_kód_fejlesztése/fejlesztoi_main/Bubble_dynamics_simulation_CPP/submodules/sundials/src/cvode/cvode.c:3725: cvHandleFailure(); ID=9966;
2026.09.29 10:57:02: ERROR (cvode) CVODE error code -15: At t = 590616, unable to satisfy inequality constraints. in /mnt/c/Users/fkubicsek/Downloads/CPP_kód_fejlesztése/fejlesztoi_main/Bubble_dynamics_simulation_CPP/submodules/sundials/src/cvode/cvode.c:3725: cvHandleFailure(); ID=9978;
2026.09.29 10:57:02: ERROR (cvode) CVODE error code -15: At t = 859707, unable to satisfy inequality constraints. in /mnt/c/Users/fkubicsek/Downloads/CPP_kód_fejlesztése/fejlesztoi_main/Bubble_dynamics_simulation_CPP/submodules/sundials/src/cvode/cvode.c:3725: cvHandleFailure(); ID=9973;
2026.09.29 10:57:02: ERROR (cvode) CVODE error code -15: At t = 123813, unable to satisfy inequality constraints. in /mnt/c/Users/fkubicsek/Downloads/CPP_kód_fejlesztése/fejlesztoi_main/Bubble_dynamics_simulation_CPP/submodules/sundials/src/cvode/cvode.c:3725: cvHandleFailure(); ID=9988;
2026.09.29 10:57:02: ERROR (cvode) CVODE error code -15: At t = 142652, unable to satisfy inequality constraints. in /mnt/c/Users/fkubicsek/Downloads/CPP_kód_fejlesztése/fejlesztoi_main/Bubble_dynamics_simulation_CPP/submodules/sundials/src/cvode/cvode.c:3725: cvHandleFailure(); ID=9989;
2026.09.29 10:57:02: ERROR (cvode) CVODE error code -15: At t = 335341, unable to satisfy inequality constraints. in /mnt/c/Users/fkubicsek/Downloads/CPP_kód_fejlesztése/fejlesztoi_main/Bubble_dynamics_simulation_CPP/submodules/sundials/src/cvode/cvode.c:3725: cvHandleFailure(); ID=9986;
2026.09.29 10:57:02: ERROR (cvode) CVODE error code -15: At t = 144111, unable to satisfy inequality constraints. in /mnt/c/Users/fkubicsek/Downloads/CPP_kód_fejlesztése/fejlesztoi_main/Bubble_dynamics_simulation_CPP/submodules/sundials/src/cvode/cvode.c:3725: cvHandleFailure(); ID=9991;
2026.09.29 10:57:02: ERROR (cvode) CVODE error code -15: At t = 542292, unable to satisfy inequality constraints. in /mnt/c/Users/fkubicsek/Downloads/CPP_kód_fejlesztése/fejlesztoi_main/Bubble_dynamics_simulation_CPP/submodules/sundials/src/cvode/cvode.c:3725: cvHandleFailure(); ID=9983;
2026.09.29 10:57:02: ERROR (cvode) CVODE error code -15: At t = 844368, unable to satisfy inequality constraints. in /mnt/c/Users/fkubicsek/Downloads/CPP_kód_fejlesztése/fejlesztoi_main/Bubble_dynamics_simulation_CPP/submodules/sundials/src/cvode/cvode.c:3725: cvHandleFailure(); ID=9984;
2026.09.29 10:57:02: ERROR (cvode) CVODE error code -15: At t = 344568, unable to satisfy inequality constraints. in /mnt/c/Users/fkubicsek/Downloads/CPP_kód_fejlesztése/fejlesztoi_main/Bubble_dynamics_simulation_CPP/submodules/sundials/src/cvode/cvode.c:3725: cvHandleFailure(); ID=9990;
2026.09.29 10:57:02: ERROR (cvode) CVODE error code -15: At t = 145458, unable to satisfy inequality constraints. in /mnt/c/Users/fkubicsek/Downloads/CPP_kód_fejlesztése/fejlesztoi_main/Bubble_dynamics_simulation_CPP/submodules/sundials/src/cvode/cvode.c:3725: cvHandleFailure(); ID=9992;
2026.09.29 10:57:02: ERROR (cvode) CVODE error code -15: At t = 143551, unable to satisfy inequality constraints. in /mnt/c/Users/fkubicsek/Downloads/CPP_kód_fejlesztése/fejlesztoi_main/Bubble_dynamics_simulation_CPP/submodules/sundials/src/cvode/cvode.c:3725: cvHandleFailure(); ID=9993;
2026.09.29 10:57:02: ERROR (cvode) CVODE error code -15: At t = 868667, unable to satisfy inequality constraints. in /mnt/c/Users/fkubicsek/Downloads/CPP_kód_fejlesztése/fejlesztoi_main/Bubble_dynamics_simulation_CPP/submodules/sundials/src/cvode/cvode.c:3725: cvHandleFailure(); ID=9985;
2026.09.29 10:57:02: ERROR (cvode) CVODE error code -15: At t = 143349, unable to satisfy inequality constraints. in /mnt/c/Users/fkubicsek/Downloads/CPP_kód_fejlesztése/fejlesztoi_main/Bubble_dynamics_simulation_CPP/submodules/sundials/src/cvode/cvode.c:3725: cvHandleFailure(); ID=9994;
2026.09.29 10:57:02: ERROR (cvode) CVODE error code -15: At t = 142431, unable to satisfy inequality constraints. in /mnt/c/Users/fkubicsek/Downloads/CPP_kód_fejlesztése/fejlesztoi_main/Bubble_dynamics_simulation_CPP/submodules/sundials/src/cvode/cvode.c:3725: cvHandleFailure(); ID=9996;
2026.09.29 10:57:02: ERROR (cvode) CVODE error code -15: At t = 124419, unable to satisfy inequality constraints. in /mnt/c/Users/fkubicsek/Downloads/CPP_kód_fejlesztése/fejlesztoi_main/Bubble_dynamics_simulation_CPP/submodules/sundials/src/cvode/cvode.c:3725: cvHandleFailure(); ID=9998;
2026.09.29 10:57:02: ERROR (cvode) CVODE error code -4: At t = 856199 and h = 710.62, the corrector convergence test failed repeatedly or with |h| = hmin. in /mnt/c/Users/fkubicsek/Downloads/CPP_kód_fejlesztése/fejlesztoi_main/Bubble_dynamics_simulation_CPP/submodules/sundials/src/cvode/cvode.c:3682: cvHandleFailure(); ID=9987;
2026.09.29 10:57:02: ERROR (cvode) CVODE error code -15: At t = 294841, unable to satisfy inequality constraints. in /mnt/c/Users/fkubicsek/Downloads/CPP_kód_fejlesztése/fejlesztoi_main/Bubble_dynamics_simulation_CPP/submodules/sundials/src/cvode/cvode.c:3725: cvHandleFailure(); ID=9997;
2026.09.29 10:57:02: ERROR (odefun) x_dimless_dot[1] is NaN. t_dimless = 3.23306005018704047e+05;    x_dimless = {3.19958576765203562e+00, 5.43586215538277313e-04, 2.97036524428837758e+01, 2.16943945291107591e-11, 1.69791320478849574e-03, 1.07727728946043833e+00, -3.16614582749270283e-13, 3.45243406271749436e-13, -1.92767439892613847e-08, 4.14551179505650791e-01, -6.04384412938837488e-09, -6.10368609325936517e-04, 5.98363199681188618e-02, 7.33910742773300303e-05, -4.49602110176950454e-01, 6.81710816242777663e-04, 1.54850567889800853e-09, 1.78743346287084770e+10};    x_dimless_dot = {5.43586215538277313e-04, -nan, -nan, 0.00000000000000000e+00, 1.14159140267142134e+00, 2.07724736411953103e+02, 3.13262623857030453e+00, 0.00000000000000000e+00, 1.58204099488593763e-01, -1.38848535963654626e+03, 2.79623632010177658e+00, 2.16243347339057379e+02, -1.31544064657206423e+01, -5.51397726061347857e+04, 1.11438574594413585e+05, -5.67167700992824030e+04, 1.38837250965658950e+03, -nan} in ./src/ode_fun.cpp:140: check_after_call(); ID=9999;
2026.09.29 10:57:02: ERROR (cvode) CVODE error code -10: At t = 299134 repeated recoverable right-hand side function errors. in /mnt/c/Users/fkubicsek/Downloads/CPP_kód_fejlesztése/fejlesztoi_main/Bubble_dynamics_simulation_CPP/submodules/sundials/src/cvode/cvode.c:3702: cvHandleFailure(); ID=9999;
2026.09.29 10:57:02: ERROR (cvode) CVODE error code -15: At t = 517799, unable to satisfy inequality constraints. in /mnt/c/Users/fkubicsek/Downloads/CPP_kód_fejlesztése/fejlesztoi_main/Bubble_dynamics_simulation_CPP/submodules/sundials/src/cvode/cvode.c:3725: cvHandleFailure(); ID=9995;
