run_id,run_type,timestamp,mechanism,p_A,R_E,f,nu_L,P_amb,energy_demand,raw_data_path,metadata_path
4887,optimum,2026-10-04 11:36,KAUST2023_N2_C0_CKMC_ESR_v10_0_oxygenless,1.4642847258192677,999.8873800926417,1.0,0.6500000000000001,1.0,1834.163980969866,raw_data/run_4887.csv,raw_data/run_4887.json
4888,optimum,2026-10-04 11:36,KAUST2023_N2_C0_CKMC_ESR_v10_0_oxygenless,2.7174343671997665,999.9141062349457,1.0,0.6500000000000001,2.0,1372.5304469711903,raw_data/run_4888.csv,raw_data/run_4888.json
4889,optimum,2026-10-04 11:36,KAUST2023_N2_C0_CKMC_ESR_v10_0_oxygenless,3.8359837272184723,985.5153501769928,2.0,0.6500000000000001,2.0,1264.067030014374,raw_data/run_4889.csv,raw_data/run_4889.json
4890,optimum,2026-10-04 11:36,KAUST2023_N2_C0_CKMC_ESR_v10_0_oxygenless,69.53776598429943,60.14869549715988,200.0,0.6500000000000001,2.0,3152.5405950842173,raw_data/run_4890.csv,raw_data/run_4890.json
4891,optimum,2026-10-04 11:36,KAUST2023_N2_C0_CKMC_ESR_v10_0_oxygenless,64.80390032634035,52.853087516665845,200.0,0.6500000000000001,3.0,2983.5421237268456,raw_data/run_4891.csv,raw_data/run_4891.json
4892,optimum,2026-10-04 11:36,KAUST2023_N2_C0_CKMC_ESR_v10_0_oxygenless,59.124132977388,47.01468949946213,200.0,0.6500000000000001,4.0,2907.6760819659366,raw_data/run_4892.csv,raw_data/run_4892.json
4893,optimum,2026-10-04 11:36,KAUST2023_N2_C0_CKMC_ESR_v10_0_oxygenless,58.986138627878574,44.795474401576556,200.0,0.6500000000000001,5.0,2888.6205984058265,raw_data/run_4893.csv,raw_data/run_4893.json
4894,optimum,2026-10-04 11:36,KAUST2023_N2_C0_CKMC_ESR_v10_0_oxygenless,52.32509363202837,34.79356456404993,200.0,0.6500000000000001,10.0,3196.067682727584,raw_data/run_4894.csv,raw_data/run_4894.json
4895,optimum,2026-10-04 11:36,KAUST2023_N2_C0_CKMC_ESR_v10_0_oxygenless,41.36684827264003,18.565892837499433,200.0,0.6500000000000001,20.0,3805.9196714887344,raw_data/run_4895.csv,raw_data/run_4895.json
4896,optimum,2026-10-04 11:36,KAUST2023_N2_C0_CKMC_ESR_v10_0_oxygenless,70.72964557856523,10.550578724306737,200.0,0.6500000000000001,50.0,4648.812832667974,raw_data/run_4896.csv,raw_data/run_4896.json
4897,optimum,2026-10-04 11:36,KAUST2023_N2_C0_CKMC_ESR_v10_0_oxygenless,123.00327859389591,7.158198731707925,200.0,0.6500000000000001,100.0,5323.15545037412,raw_data/run_4897.csv,raw_data/run_4897.json
4898,optimum,2026-10-04 11:36,KAUST2023_N2_C0_CKMC_ESR_v10_0_oxygenless,1.4745796920419505,999.5893055664252,1.0,1.0,1.0,1701.5525399841067,raw_data/run_4898.csv,raw_data/run_4898.json
4899,optimum,2026-10-04 11:36,KAUST2023_N2_C0_CKMC_ESR_v10_0_oxygenless,2.727309411168781,999.8924351550336,1.0,1.0,2.0,1266.8520109071562,raw_data/run_4899.csv,raw_data/run_4899.json
4900,optimum,2026-10-04 11:36,KAUST2023_N2_C0_CKMC_ESR_v10_0_oxygenless,5.3998182367803835,998.588731356626,2.0,0.6500000000000001,3.0,1263.281663310469,raw_data/run_4900.csv,raw_data/run_4900.json
4901,optimum,2026-10-04 11:36,KAUST2023_N2_C0_CKMC_ESR_v10_0_oxygenless,3.9284659193513507,966.6987335337586,1.0,1.0,3.0,1144.7986110285547,raw_data/run_4901.csv,raw_data/run_4901.json
4902,optimum,2026-10-04 11:36,KAUST2023_N2_C0_CKMC_ESR_v10_0_oxygenless,5.2477014308407925,999.8755541929104,1.0,1.0,4.0,1163.1708122389116,raw_data/run_4902.csv,raw_data/run_4902.json
4903,optimum,2026-10-04 11:36,KAUST2023_N2_C0_CKMC_ESR_v10_0_oxygenless,6.495554643407143,995.0486668157923,1.0,1.0,5.0,1176.6594947731344,raw_data/run_4903.csv,raw_data/run_4903.json
4904,optimum,2026-10-04 11:36,KAUST2023_N2_C0_CKMC_ESR_v10_0_oxygenless,11.531694610456018,600.292294948415,1.0,1.0,10.0,1282.9647912860212,raw_data/run_4904.csv,raw_data/run_4904.json
4905,optimum,2026-10-04 11:36,KAUST2023_N2_C0_CKMC_ESR_v10_0_oxygenless,21.6086114178412,364.5445134973637,1.0,1.0,20.0,1376.9664760984904,raw_data/run_4905.csv,raw_data/run_4905.json
4906,optimum,2026-10-04 11:36,KAUST2023_N2_C0_CKMC_ESR_v10_0_oxygenless,51.7495895460445,189.08568786528994,1.0,1.0,50.0,1502.6523267315545,raw_data/run_4906.csv,raw_data/run_4906.json
4907,optimum,2026-10-04 11:36,KAUST2023_N2_C0_CKMC_ESR_v10_0_oxygenless,101.86446365612466,115.84930693319708,1.0,1.0,100.0,1604.3908422007992,raw_data/run_4907.csv,raw_data/run_4907.json
4908,optimum,2026-10-04 11:36,KAUST2023_N2_C0_CKMC_ESR_v10_0_oxygenless,1.7466257083263388,670.1296221192557,2.0,1.0,1.0,1634.067268896818,raw_data/run_4908.csv,raw_data/run_4908.json
4909,optimum,2026-10-04 11:36,KAUST2023_N2_C0_CKMC_ESR_v10_0_oxygenless,3.8238649872233705,966.8977520315868,2.0,1.0,2.0,1175.718397783561,raw_data/run_4909.csv,raw_data/run_4909.json
4910,optimum,2026-10-04 11:36,KAUST2023_N2_C0_CKMC_ESR_v10_0_oxygenless,5.429742270403267,994.0534622067316,2.0,1.0,3.0,1165.4295014512816,raw_data/run_4910.csv,raw_data/run_4910.json
4911,optimum,2026-10-04 11:36,KAUST2023_N2_C0_CKMC_ESR_v10_0_oxygenless,6.037387363872147,772.8510123430558,2.0,0.6500000000000001,4.0,1320.3607416774566,raw_data/run_4911.csv,raw_data/run_4911.json
4912,optimum,2026-10-04 11:36,KAUST2023_N2_C0_CKMC_ESR_v10_0_oxygenless,5.988512814368949,748.9655414028875,2.0,1.0,4.0,1220.9075047262797,raw_data/run_4912.csv,raw_data/run_4912.json
4913,optimum,2026-10-04 11:36,KAUST2023_N2_C0_CKMC_ESR_v10_0_oxygenless,6.905952153500231,629.2602497634224,2.0,1.0,5.0,1262.2293025442257,raw_data/run_4913.csv,raw_data/run_4913.json
4914,optimum,2026-10-04 11:36,KAUST2023_N2_C0_CKMC_ESR_v10_0_oxygenless,11.876423657200569,372.26322355223783,2.0,1.0,10.0,1379.7366158255832,raw_data/run_4914.csv,raw_data/run_4914.json
4915,optimum,2026-10-04 11:36,KAUST2023_N2_C0_CKMC_ESR_v10_0_oxygenless,21.880696475815004,217.82728372887536,2.0,1.0,20.0,1480.4030329776826,raw_data/run_4915.csv,raw_data/run_4915.json
4916,optimum,2026-10-04 11:36,KAUST2023_N2_C0_CKMC_ESR_v10_0_oxygenless,52.0559650180091,113.79278655308856,2.0,1.0,50.0,1614.2715774181488,raw_data/run_4916.csv,raw_data/run_4916.json
4917,optimum,2026-10-04 11:36,KAUST2023_N2_C0_CKMC_ESR_v10_0_oxygenless,102.15845946796793,68.68331561053952,2.0,1.0,100.0,1722.7628612113654,raw_data/run_4917.csv,raw_data/run_4917.json
4918,optimum,2026-10-04 11:36,KAUST2023_N2_C0_CKMC_ESR_v10_0_oxygenless,6.878567183343914,999.9364890138517,4.0,1.0,1.0,1708.9153800629467,raw_data/run_4918.csv,raw_data/run_4918.json
4919,optimum,2026-10-04 11:36,KAUST2023_N2_C0_CKMC_ESR_v10_0_oxygenless,3.913775833857775,495.27090237125304,4.0,1.0,2.0,1347.232278328441,raw_data/run_4919.csv,raw_data/run_4919.json
4920,optimum,2026-10-04 11:36,KAUST2023_N2_C0_CKMC_ESR_v10_0_oxygenless,5.561347565524528,516.4018350339664,4.0,1.0,3.0,1272.801209644399,raw_data/run_4920.csv,raw_data/run_4920.json
4921,optimum,2026-10-04 11:36,KAUST2023_N2_C0_CKMC_ESR_v10_0_oxygenless,7.18958993823906,529.6294340220235,4.0,1.0,4.0,1316.9426462538554,raw_data/run_4921.csv,raw_data/run_4921.json
4922,optimum,2026-10-04 11:36,KAUST2023_N2_C0_CKMC_ESR_v10_0_oxygenless,6.891125338548446,631.5383690587464,2.0,0.6500000000000001,5.0,1363.3495711192882,raw_data/run_4922.csv,raw_data/run_4922.json
4923,optimum,2026-10-04 11:36,KAUST2023_N2_C0_CKMC_ESR_v10_0_oxygenless,7.490475982285629,397.03965304171004,4.0,1.0,5.0,1357.6080040323775,raw_data/run_4923.csv,raw_data/run_4923.json
4924,optimum,2026-10-04 11:36,KAUST2023_N2_C0_CKMC_ESR_v10_0_oxygenless,12.27014652633008,223.6071872535854,4.0,1.0,10.0,1489.2675117743654,raw_data/run_4924.csv,raw_data/run_4924.json
4925,optimum,2026-10-04 11:36,KAUST2023_N2_C0_CKMC_ESR_v10_0_oxygenless,22.271976706737654,132.77920738878282,4.0,1.0,20.0,1601.0454603979426,raw_data/run_4925.csv,raw_data/run_4925.json
4926,optimum,2026-10-04 11:36,KAUST2023_N2_C0_CKMC_ESR_v10_0_oxygenless,52.46605813132919,69.20911785878569,4.0,1.0,50.0,1750.9518739491714,raw_data/run_4926.csv,raw_data/run_4926.json
4927,optimum,2026-10-04 11:36,KAUST2023_N2_C0_CKMC_ESR_v10_0_oxygenless,102.69415310200675,43.27815138698013,4.0,1.0,100.0,1876.820599066664,raw_data/run_4927.csv,raw_data/run_4927.json
4928,optimum,2026-10-04 11:36,KAUST2023_N2_C0_CKMC_ESR_v10_0_oxygenless,13.757281070016667,999.603846675151,6.0,1.0,1.0,1692.470653427018,raw_data/run_4928.csv,raw_data/run_4928.json
4929,optimum,2026-10-04 11:36,KAUST2023_N2_C0_CKMC_ESR_v10_0_oxygenless,17.764260418846487,991.5711577145698,6.0,1.0,2.0,1380.7451114388798,raw_data/run_4929.csv,raw_data/run_4929.json
4930,optimum,2026-10-04 11:36,KAUST2023_N2_C0_CKMC_ESR_v10_0_oxygenless,5.77474785489831,362.0640163697832,6.0,1.0,3.0,1352.5885225860404,raw_data/run_4930.csv,raw_data/run_4930.json
4931,optimum,2026-10-04 11:36,KAUST2023_N2_C0_CKMC_ESR_v10_0_oxygenless,7.380304936278314,368.28510992411384,6.0,1.0,4.0,1374.516344900415,raw_data/run_4931.csv,raw_data/run_4931.json
4932,optimum,2026-10-04 11:36,KAUST2023_N2_C0_CKMC_ESR_v10_0_oxygenless,7.634800309521511,276.949678497004,6.0,1.0,5.0,1424.4484285188046,raw_data/run_4932.csv,raw_data/run_4932.json
4933,optimum,2026-10-04 11:36,KAUST2023_N2_C0_CKMC_ESR_v10_0_oxygenless,11.856734798245837,373.23255821700803,2.0,0.6500000000000001,10.0,1485.866488093956,raw_data/run_4933.csv,raw_data/run_4933.json
4934,optimum,2026-10-04 11:36,KAUST2023_N2_C0_CKMC_ESR_v10_0_oxygenless,12.580487073206205,168.03494471881186,6.0,1.0,10.0,1561.9471605083656,raw_data/run_4934.csv,raw_data/run_4934.json
4935,optimum,2026-10-04 11:36,KAUST2023_N2_C0_CKMC_ESR_v10_0_oxygenless,22.55501830958184,99.51330596441026,6.0,1.0,20.0,1684.7111705107081,raw_data/run_4935.csv,raw_data/run_4935.json
4936,optimum,2026-10-04 11:36,KAUST2023_N2_C0_CKMC_ESR_v10_0_oxygenless,52.88454381757084,54.04910944237096,6.0,1.0,50.0,1852.0690493379504,raw_data/run_4936.csv,raw_data/run_4936.json
4937,optimum,2026-10-04 11:36,KAUST2023_N2_C0_CKMC_ESR_v10_0_oxygenless,103.19413567870475,34.25812120727417,6.0,1.0,100.0,1996.5942429904383,raw_data/run_4937.csv,raw_data/run_4937.json
4938,optimum,2026-10-04 11:36,KAUST2023_N2_C0_CKMC_ESR_v10_0_oxygenless,22.281065042348917,999.2713878425824,8.0,1.0,1.0,1704.6391902569674,raw_data/run_4938.csv,raw_data/run_4938.json
4939,optimum,2026-10-04 11:36,KAUST2023_N2_C0_CKMC_ESR_v10_0_oxygenless,21.312702920751086,826.0246538521624,8.0,1.0,2.0,1447.7452527143103,raw_data/run_4939.csv,raw_data/run_4939.json
4940,optimum,2026-10-04 11:36,KAUST2023_N2_C0_CKMC_ESR_v10_0_oxygenless,5.9044153659739465,278.43695734046275,8.0,1.0,3.0,1419.6044743345244,raw_data/run_4940.csv,raw_data/run_4940.json
4941,optimum,2026-10-04 11:36,KAUST2023_N2_C0_CKMC_ESR_v10_0_oxygenless,7.556595356027026,285.8187712202617,8.0,1.0,4.0,1423.4519908152622,raw_data/run_4941.csv,raw_data/run_4941.json
4942,optimum,2026-10-04 11:36,KAUST2023_N2_C0_CKMC_ESR_v10_0_oxygenless,8.985789280074448,279.9315686900203,8.0,1.0,5.0,1479.414282590723,raw_data/run_4942.csv,raw_data/run_4942.json
4943,optimum,2026-10-04 11:36,KAUST2023_N2_C0_CKMC_ESR_v10_0_oxygenless,12.915398037679063,141.61243792510754,8.0,1.0,10.0,1618.891218491732,raw_data/run_4943.csv,raw_data/run_4943.json
4944,optimum,2026-10-04 11:36,KAUST2023_N2_C0_CKMC_ESR_v10_0_oxygenless,21.85774868796731,217.32380870815658,2.0,0.6500000000000001,20.0,1590.9613758377395,raw_data/run_4944.csv,raw_data/run_4944.json
4945,optimum,2026-10-04 11:36,KAUST2023_N2_C0_CKMC_ESR_v10_0_oxygenless,22.855021036507708,83.16266525337534,8.0,1.0,20.0,1752.7995275625992,raw_data/run_4945.csv,raw_data/run_4945.json
4946,optimum,2026-10-04 11:36,KAUST2023_N2_C0_CKMC_ESR_v10_0_oxygenless,53.181337695293564,44.68559871849761,8.0,1.0,50.0,1937.6582902869568,raw_data/run_4946.csv,raw_data/run_4946.json
4947,optimum,2026-10-04 11:36,KAUST2023_N2_C0_CKMC_ESR_v10_0_oxygenless,103.64269794354699,29.285746584485583,8.0,1.0,100.0,2099.6895986124164,raw_data/run_4947.csv,raw_data/run_4947.json
4948,optimum,2026-10-04 11:36,KAUST2023_N2_C0_CKMC_ESR_v10_0_oxygenless,32.08802736328653,996.4421214310835,10.0,1.0,1.0,1748.7694856002017,raw_data/run_4948.csv,raw_data/run_4948.json
4949,optimum,2026-10-04 11:36,KAUST2023_N2_C0_CKMC_ESR_v10_0_oxygenless,22.332414393932776,677.3010415651634,10.0,1.0,2.0,1504.9491336899353,raw_data/run_4949.csv,raw_data/run_4949.json
4950,optimum,2026-10-04 11:36,KAUST2023_N2_C0_CKMC_ESR_v10_0_oxygenless,18.777952698217707,549.6630433380574,10.0,1.0,3.0,1503.930279628071,raw_data/run_4950.csv,raw_data/run_4950.json
4951,optimum,2026-10-04 11:36,KAUST2023_N2_C0_CKMC_ESR_v10_0_oxygenless,7.627428670497544,230.8788164910436,10.0,1.0,4.0,1467.2068628000986,raw_data/run_4951.csv,raw_data/run_4951.json
4952,optimum,2026-10-04 11:36,KAUST2023_N2_C0_CKMC_ESR_v10_0_oxygenless,9.090316648970049,227.72962973598513,10.0,1.0,5.0,1514.3073476995212,raw_data/run_4952.csv,raw_data/run_4952.json
4953,optimum,2026-10-04 11:36,KAUST2023_N2_C0_CKMC_ESR_v10_0_oxygenless,13.128476902016203,121.08054110089286,10.0,1.0,10.0,1667.371013167938,raw_data/run_4953.csv,raw_data/run_4953.json
4954,optimum,2026-10-04 11:36,KAUST2023_N2_C0_CKMC_ESR_v10_0_oxygenless,23.13052224344512,72.42781623943526,10.0,1.0,20.0,1812.0660755552838,raw_data/run_4954.csv,raw_data/run_4954.json
4955,optimum,2026-10-04 11:36,KAUST2023_N2_C0_CKMC_ESR_v10_0_oxygenless,52.03372113536929,114.13853078559903,2.0,0.6500000000000001,50.0,1732.4363633323985,raw_data/run_4955.csv,raw_data/run_4955.json
4956,optimum,2026-10-04 11:36,KAUST2023_N2_C0_CKMC_ESR_v10_0_oxygenless,53.46827486349028,38.774920492032,10.0,1.0,50.0,2014.1104352420289,raw_data/run_4956.csv,raw_data/run_4956.json
4957,optimum,2026-10-04 11:36,KAUST2023_N2_C0_CKMC_ESR_v10_0_oxygenless,104.12107464579645,26.419597227619768,10.0,1.0,100.0,2192.133216097634,raw_data/run_4957.csv,raw_data/run_4957.json
4958,optimum,2026-10-04 11:36,KAUST2023_N2_C0_CKMC_ESR_v10_0_oxygenless,39.83848542045875,561.1780519226736,20.0,1.0,1.0,2009.6522960245265,raw_data/run_4958.csv,raw_data/run_4958.json
4959,optimum,2026-10-04 11:36,KAUST2023_N2_C0_CKMC_ESR_v10_0_oxygenless,26.8238165409452,374.04180859405056,20.0,1.0,2.0,1708.1553747323983,raw_data/run_4959.csv,raw_data/run_4959.json
4960,optimum,2026-10-04 11:36,KAUST2023_N2_C0_CKMC_ESR_v10_0_oxygenless,21.146111020875576,293.6711836953402,20.0,1.0,3.0,1659.0721004217958,raw_data/run_4960.csv,raw_data/run_4960.json
4961,optimum,2026-10-04 11:36,KAUST2023_N2_C0_CKMC_ESR_v10_0_oxygenless,19.258363523608036,255.566564412678,20.0,1.0,4.0,1709.0145907617507,raw_data/run_4961.csv,raw_data/run_4961.json
4962,optimum,2026-10-04 11:36,KAUST2023_N2_C0_CKMC_ESR_v10_0_oxygenless,9.870183490278908,126.83437590743188,20.0,1.0,5.0,1662.4835516545447,raw_data/run_4962.csv,raw_data/run_4962.json
4963,optimum,2026-10-04 11:36,KAUST2023_N2_C0_CKMC_ESR_v10_0_oxygenless,14.39901973200865,82.19009190636645,20.0,1.0,10.0,1848.387258512048,raw_data/run_4963.csv,raw_data/run_4963.json
4964,optimum,2026-10-04 11:36,KAUST2023_N2_C0_CKMC_ESR_v10_0_oxygenless,24.403323205942463,49.814553636073725,20.0,1.0,20.0,2042.9095775223946,raw_data/run_4964.csv,raw_data/run_4964.json
4965,optimum,2026-10-04 11:36,KAUST2023_N2_C0_CKMC_ESR_v10_0_oxygenless,55.0714384426811,28.145776826457762,20.0,1.0,50.0,2315.707955140073,raw_data/run_4965.csv,raw_data/run_4965.json
4966,optimum,2026-10-04 11:36,KAUST2023_N2_C0_CKMC_ESR_v10_0_oxygenless,102.12961826830617,68.64914450940651,2.0,0.6500000000000001,100.0,1847.6885873104018,raw_data/run_4966.csv,raw_data/run_4966.json
4967,optimum,2026-10-04 11:36,KAUST2023_N2_C0_CKMC_ESR_v10_0_oxygenless,105.96935701883844,19.17939669474235,20.0,1.0,100.0,2557.5363609767737,raw_data/run_4967.csv,raw_data/run_4967.json
4968,optimum,2026-10-04 11:36,KAUST2023_N2_C0_CKMC_ESR_v10_0_oxygenless,39.41473168635577,442.85432084358786,25.0,1.0,1.0,2098.280279798676,raw_data/run_4968.csv,raw_data/run_4968.json
4969,optimum,2026-10-04 11:36,KAUST2023_N2_C0_CKMC_ESR_v10_0_oxygenless,28.89480653768794,310.8928905443387,25.0,1.0,2.0,1781.7728404216755,raw_data/run_4969.csv,raw_data/run_4969.json
4970,optimum,2026-10-04 11:36,KAUST2023_N2_C0_CKMC_ESR_v10_0_oxygenless,23.39023369699245,248.64932023382121,25.0,1.0,3.0,1718.6801574266171,raw_data/run_4970.csv,raw_data/run_4970.json
4971,optimum,2026-10-04 11:36,KAUST2023_N2_C0_CKMC_ESR_v10_0_oxygenless,20.41965353472412,211.7335869092356,25.0,1.0,4.0,1756.2370532713512,raw_data/run_4971.csv,raw_data/run_4971.json
4972,optimum,2026-10-04 11:36,KAUST2023_N2_C0_CKMC_ESR_v10_0_oxygenless,10.25644231828251,106.05527150203446,25.0,1.0,5.0,1730.2415632325647,raw_data/run_4972.csv,raw_data/run_4972.json
4973,optimum,2026-10-04 11:36,KAUST2023_N2_C0_CKMC_ESR_v10_0_oxygenless,14.885669274187592,71.47600098244432,25.0,1.0,10.0,1921.2511184339864,raw_data/run_4973.csv,raw_data/run_4973.json
4974,optimum,2026-10-04 11:36,KAUST2023_N2_C0_CKMC_ESR_v10_0_oxygenless,24.895398353070643,43.78226113892768,25.0,1.0,20.0,2136.3065198177756,raw_data/run_4974.csv,raw_data/run_4974.json
4975,optimum,2026-10-04 11:36,KAUST2023_N2_C0_CKMC_ESR_v10_0_oxygenless,55.78686514417908,25.59474771977873,25.0,1.0,50.0,2437.8874945896127,raw_data/run_4975.csv,raw_data/run_4975.json
4976,optimum,2026-10-04 11:36,KAUST2023_N2_C0_CKMC_ESR_v10_0_oxygenless,106.65869139065316,17.066048093101095,25.0,1.0,100.0,2704.6127581442274,raw_data/run_4976.csv,raw_data/run_4976.json
4977,optimum,2026-10-04 11:36,KAUST2023_N2_C0_CKMC_ESR_v10_0_oxygenless,1.7421829906458444,307.22519284001254,4.0,0.6500000000000001,1.0,1827.9026353346624,raw_data/run_4977.csv,raw_data/run_4977.json
4978,optimum,2026-10-04 11:36,KAUST2023_N2_C0_CKMC_ESR_v10_0_oxygenless,11.058934132508151,152.32526720559272,30.0,1.0,1.0,2146.1181654912234,raw_data/run_4978.csv,raw_data/run_4978.json
4979,optimum,2026-10-04 11:36,KAUST2023_N2_C0_CKMC_ESR_v10_0_oxygenless,29.540114090831686,261.182795035659,30.0,1.0,2.0,1844.8006421828468,raw_data/run_4979.csv,raw_data/run_4979.json
4980,optimum,2026-10-04 11:36,KAUST2023_N2_C0_CKMC_ESR_v10_0_oxygenless,23.561780253679647,207.5046697936095,30.0,1.0,3.0,1771.5427305595938,raw_data/run_4980.csv,raw_data/run_4980.json
4981,optimum,2026-10-04 11:36,KAUST2023_N2_C0_CKMC_ESR_v10_0_oxygenless,22.38420556052103,186.26930329139876,30.0,1.0,4.0,1799.0781872425403,raw_data/run_4981.csv,raw_data/run_4981.json
4982,optimum,2026-10-04 11:36,KAUST2023_N2_C0_CKMC_ESR_v10_0_oxygenless,11.003764733068053,95.51799871865329,30.0,1.0,5.0,1796.847326415641,raw_data/run_4982.csv,raw_data/run_4982.json
4983,optimum,2026-10-04 11:36,KAUST2023_N2_C0_CKMC_ESR_v10_0_oxygenless,15.730358704003663,67.8671327390352,30.0,1.0,10.0,1984.9078647618624,raw_data/run_4983.csv,raw_data/run_4983.json
4984,optimum,2026-10-04 11:36,KAUST2023_N2_C0_CKMC_ESR_v10_0_oxygenless,25.5828778163807,40.88297287580749,30.0,1.0,20.0,2219.768279719031,raw_data/run_4984.csv,raw_data/run_4984.json
4985,optimum,2026-10-04 11:36,KAUST2023_N2_C0_CKMC_ESR_v10_0_oxygenless,56.35978164496271,23.327271738255288,30.0,1.0,50.0,2547.9253871597616,raw_data/run_4985.csv,raw_data/run_4985.json
4986,optimum,2026-10-04 11:36,KAUST2023_N2_C0_CKMC_ESR_v10_0_oxygenless,107.3493575237778,15.643221901643201,30.0,1.0,100.0,2837.1094787133134,raw_data/run_4986.csv,raw_data/run_4986.json
4987,optimum,2026-10-04 11:36,KAUST2023_N2_C0_CKMC_ESR_v10_0_oxygenless,19.96038115803778,128.89046093681424,50.0,1.0,1.0,2274.6137809802103,raw_data/run_4987.csv,raw_data/run_4987.json
4988,optimum,2026-10-04 11:36,KAUST2023_N2_C0_CKMC_ESR_v10_0_oxygenless,8.549119594459716,960.3759054275781,4.0,0.6500000000000001,2.0,1374.7264984226967,raw_data/run_4988.csv,raw_data/run_4988.json
4989,optimum,2026-10-04 11:36,KAUST2023_N2_C0_CKMC_ESR_v10_0_oxygenless,31.544694110097083,159.42503548655912,50.0,1.0,2.0,2034.485172328354,raw_data/run_4989.csv,raw_data/run_4989.json
4990,optimum,2026-10-04 11:36,KAUST2023_N2_C0_CKMC_ESR_v10_0_oxygenless,29.141790535873653,139.08826008798482,50.0,1.0,3.0,1941.5300615886938,raw_data/run_4990.csv,raw_data/run_4990.json
4991,optimum,2026-10-04 11:36,KAUST2023_N2_C0_CKMC_ESR_v10_0_oxygenless,27.063650924096308,123.93811760771698,50.0,1.0,4.0,1944.2989812797166,raw_data/run_4991.csv,raw_data/run_4991.json
4992,optimum,2026-10-04 11:36,KAUST2023_N2_C0_CKMC_ESR_v10_0_oxygenless,26.364294888214573,114.63674416809354,50.0,1.0,5.0,2000.4562361315006,raw_data/run_4992.csv,raw_data/run_4992.json
4993,optimum,2026-10-04 11:36,KAUST2023_N2_C0_CKMC_ESR_v10_0_oxygenless,17.65931158037003,50.06439381312544,50.0,1.0,10.0,2199.6360606774488,raw_data/run_4993.csv,raw_data/run_4993.json
4994,optimum,2026-10-04 11:36,KAUST2023_N2_C0_CKMC_ESR_v10_0_oxygenless,27.656995894307784,32.54654259465953,50.0,1.0,20.0,2491.9274878063857,raw_data/run_4994.csv,raw_data/run_4994.json
4995,optimum,2026-10-04 11:36,KAUST2023_N2_C0_CKMC_ESR_v10_0_oxygenless,58.69619446712965,18.844140696328683,50.0,1.0,50.0,2911.4925538468533,raw_data/run_4995.csv,raw_data/run_4995.json
4996,optimum,2026-10-04 11:36,KAUST2023_N2_C0_CKMC_ESR_v10_0_oxygenless,110.0760228549793,12.820196640223589,50.0,1.0,100.0,3273.111774380785,raw_data/run_4996.csv,raw_data/run_4996.json
4997,optimum,2026-10-04 11:36,KAUST2023_N2_C0_CKMC_ESR_v10_0_oxygenless,43.70518280280643,104.84745937068622,100.0,1.0,1.0,2612.623274079254,raw_data/run_4997.csv,raw_data/run_4997.json
4998,optimum,2026-10-04 11:36,KAUST2023_N2_C0_CKMC_ESR_v10_0_oxygenless,42.77743128590769,91.09212659432802,100.0,1.0,2.0,2362.6859854887666,raw_data/run_4998.csv,raw_data/run_4998.json
4999,optimum,2026-10-04 11:36,KAUST2023_N2_C0_CKMC_ESR_v10_0_oxygenless,3.976766084868363,999.4070122943635,1.0,0.6500000000000001,3.0,1271.911214661402,raw_data/run_4999.csv,raw_data/run_4999.json
5000,optimum,2026-10-04 11:36,KAUST2023_N2_C0_CKMC_ESR_v10_0_oxygenless,5.653400157179187,535.8019529037815,4.0,0.6500000000000001,3.0,1374.565198657181,raw_data/run_5000.csv,raw_data/run_5000.json
5001,optimum,2026-10-04 11:36,KAUST2023_N2_C0_CKMC_ESR_v10_0_oxygenless,40.41086519256109,81.5548875216468,100.0,1.0,3.0,2256.483263079898,raw_data/run_5001.csv,raw_data/run_5001.json
5002,optimum,2026-10-04 11:36,KAUST2023_N2_C0_CKMC_ESR_v10_0_oxygenless,39.084375433442005,75.14505101097699,100.0,1.0,4.0,2230.4263893590737,raw_data/run_5002.csv,raw_data/run_5002.json
5003,optimum,2026-10-04 11:36,KAUST2023_N2_C0_CKMC_ESR_v10_0_oxygenless,37.29457323019986,69.27518094242569,100.0,1.0,5.0,2254.4015189522424,raw_data/run_5003.csv,raw_data/run_5003.json
5004,optimum,2026-10-04 11:36,KAUST2023_N2_C0_CKMC_ESR_v10_0_oxygenless,23.947189388617833,37.18582736191846,100.0,1.0,10.0,2559.3416883694854,raw_data/run_5004.csv,raw_data/run_5004.json
5005,optimum,2026-10-04 11:36,KAUST2023_N2_C0_CKMC_ESR_v10_0_oxygenless,32.30871068644743,24.36552781717966,100.0,1.0,20.0,2966.2206788364065,raw_data/run_5005.csv,raw_data/run_5005.json
5006,optimum,2026-10-04 11:36,KAUST2023_N2_C0_CKMC_ESR_v10_0_oxygenless,63.17136571938087,13.888739947798488,100.0,1.0,50.0,3552.815539956643,raw_data/run_5006.csv,raw_data/run_5006.json
5007,optimum,2026-10-04 11:36,KAUST2023_N2_C0_CKMC_ESR_v10_0_oxygenless,114.85161982910842,9.320821219308545,100.0,1.0,100.0,4041.412197895512,raw_data/run_5007.csv,raw_data/run_5007.json
5008,optimum,2026-10-04 11:36,KAUST2023_N2_C0_CKMC_ESR_v10_0_oxygenless,77.16435440770925,72.60237646215272,200.0,1.0,1.0,3273.6538481074995,raw_data/run_5008.csv,raw_data/run_5008.json
5009,optimum,2026-10-04 11:36,KAUST2023_N2_C0_CKMC_ESR_v10_0_oxygenless,71.32669210510085,59.781106473826355,200.0,1.0,2.0,2940.18510607724,raw_data/run_5009.csv,raw_data/run_5009.json
5010,optimum,2026-10-04 11:36,KAUST2023_N2_C0_CKMC_ESR_v10_0_oxygenless,66.76957634099061,52.80077160579277,200.0,1.0,3.0,2787.5481162336073,raw_data/run_5010.csv,raw_data/run_5010.json
5011,optimum,2026-10-04 11:36,KAUST2023_N2_C0_CKMC_ESR_v10_0_oxygenless,7.180632687695136,535.146521840983,4.0,0.6500000000000001,4.0,1426.3492950106788,raw_data/run_5011.csv,raw_data/run_5011.json
5012,optimum,2026-10-04 11:36,KAUST2023_N2_C0_CKMC_ESR_v10_0_oxygenless,63.181173582348436,48.061595104636524,200.0,1.0,4.0,2718.609702412215,raw_data/run_5012.csv,raw_data/run_5012.json
5013,optimum,2026-10-04 11:36,KAUST2023_N2_C0_CKMC_ESR_v10_0_oxygenless,60.38140700470835,44.64375704666811,200.0,1.0,5.0,2701.038285841264,raw_data/run_5013.csv,raw_data/run_5013.json
5014,optimum,2026-10-04 11:36,KAUST2023_N2_C0_CKMC_ESR_v10_0_oxygenless,53.241335168669195,34.5160146770711,200.0,1.0,10.0,2986.19570644447,raw_data/run_5014.csv,raw_data/run_5014.json
5015,optimum,2026-10-04 11:36,KAUST2023_N2_C0_CKMC_ESR_v10_0_oxygenless,42.103873517806164,18.78598283904315,200.0,1.0,20.0,3581.3931496046375,raw_data/run_5015.csv,raw_data/run_5015.json
5016,optimum,2026-10-04 11:36,KAUST2023_N2_C0_CKMC_ESR_v10_0_oxygenless,71.0058228920957,10.529374315722519,200.0,1.0,50.0,4397.748196010057,raw_data/run_5016.csv,raw_data/run_5016.json
5017,optimum,2026-10-04 11:36,KAUST2023_N2_C0_CKMC_ESR_v10_0_oxygenless,123.17426681411852,7.1299839652200125,200.0,1.0,100.0,5046.857692966836,raw_data/run_5017.csv,raw_data/run_5017.json
5018,optimum,2026-10-04 11:36,KAUST2023_N2_C0_CKMC_ESR_v10_0_oxygenless,1.4935159432287337,999.5784726738414,1.0,4.999999999999999,1.0,1485.316465610339,raw_data/run_5018.csv,raw_data/run_5018.json
5019,optimum,2026-10-04 11:36,KAUST2023_N2_C0_CKMC_ESR_v10_0_oxygenless,2.7448766109920926,999.9213653273933,1.0,4.999999999999999,2.0,1108.5449620975312,raw_data/run_5019.csv,raw_data/run_5019.json
5020,optimum,2026-10-04 11:36,KAUST2023_N2_C0_CKMC_ESR_v10_0_oxygenless,4.006667338218078,998.4660611873234,1.0,4.999999999999999,3.0,1031.4016660240814,raw_data/run_5020.csv,raw_data/run_5020.json
5021,optimum,2026-10-04 11:36,KAUST2023_N2_C0_CKMC_ESR_v10_0_oxygenless,5.267864437101672,997.5914311667849,1.0,4.999999999999999,4.0,1007.2504361220375,raw_data/run_5021.csv,raw_data/run_5021.json
5022,optimum,2026-10-04 11:36,KAUST2023_N2_C0_CKMC_ESR_v10_0_oxygenless,7.555867755006791,409.54201911995534,4.0,0.6500000000000001,5.0,1467.0921299991169,raw_data/run_5022.csv,raw_data/run_5022.json
5023,optimum,2026-10-04 11:36,KAUST2023_N2_C0_CKMC_ESR_v10_0_oxygenless,6.528143573071074,999.2062414622231,1.0,4.999999999999999,5.0,1022.3876801862355,raw_data/run_5023.csv,raw_data/run_5023.json
5024,optimum,2026-10-04 11:36,KAUST2023_N2_C0_CKMC_ESR_v10_0_oxygenless,11.566444621922365,604.5164112720757,1.0,4.999999999999999,10.0,1120.8985710182276,raw_data/run_5024.csv,raw_data/run_5024.json
5025,optimum,2026-10-04 11:36,KAUST2023_N2_C0_CKMC_ESR_v10_0_oxygenless,21.64143461565392,364.65482615930637,1.0,4.999999999999999,20.0,1208.2611940786414,raw_data/run_5025.csv,raw_data/run_5025.json
5026,optimum,2026-10-04 11:36,KAUST2023_N2_C0_CKMC_ESR_v10_0_oxygenless,51.7987131114401,190.5915795212558,1.0,4.999999999999999,50.0,1323.0234431676688,raw_data/run_5026.csv,raw_data/run_5026.json
5027,optimum,2026-10-04 11:36,KAUST2023_N2_C0_CKMC_ESR_v10_0_oxygenless,101.92109620937624,116.83692213482833,1.0,4.999999999999999,100.0,1415.8571771892514,raw_data/run_5027.csv,raw_data/run_5027.json
5028,optimum,2026-10-04 11:36,KAUST2023_N2_C0_CKMC_ESR_v10_0_oxygenless,1.7036171948494827,618.4420074286072,2.0,4.999999999999999,1.0,1494.7751118527128,raw_data/run_5028.csv,raw_data/run_5028.json
5029,optimum,2026-10-04 11:36,KAUST2023_N2_C0_CKMC_ESR_v10_0_oxygenless,3.736558483667856,912.878974215675,2.0,4.999999999999999,2.0,1036.4515817902043,raw_data/run_5029.csv,raw_data/run_5029.json
5030,optimum,2026-10-04 11:36,KAUST2023_N2_C0_CKMC_ESR_v10_0_oxygenless,5.419293795764956,968.5261284529275,2.0,4.999999999999999,3.0,1007.7173571182799,raw_data/run_5030.csv,raw_data/run_5030.json
5031,optimum,2026-10-04 11:37,KAUST2023_N2_C0_CKMC_ESR_v10_0_oxygenless,5.959008284982514,726.9241917703301,2.0,4.999999999999999,4.0,1061.0870379004411,raw_data/run_5031.csv,raw_data/run_5031.json
5032,optimum,2026-10-04 11:37,KAUST2023_N2_C0_CKMC_ESR_v10_0_oxygenless,7.292300585387367,717.5018356430451,2.0,4.999999999999999,5.0,1098.3262091217566,raw_data/run_5032.csv,raw_data/run_5032.json
5033,optimum,2026-10-04 11:37,KAUST2023_N2_C0_CKMC_ESR_v10_0_oxygenless,12.244215467312916,224.0460392528278,4.0,0.6500000000000001,10.0,1602.887812067915,raw_data/run_5033.csv,raw_data/run_5033.json
5034,optimum,2026-10-04 11:37,KAUST2023_N2_C0_CKMC_ESR_v10_0_oxygenless,11.896003809367883,368.5909298711559,2.0,4.999999999999999,10.0,1207.4727609646486,raw_data/run_5034.csv,raw_data/run_5034.json
5035,optimum,2026-10-04 11:37,KAUST2023_N2_C0_CKMC_ESR_v10_0_oxygenless,21.908412025059857,217.00934005258733,2.0,4.999999999999999,20.0,1301.9899524297055,raw_data/run_5035.csv,raw_data/run_5035.json
5036,optimum,2026-10-04 11:37,KAUST2023_N2_C0_CKMC_ESR_v10_0_oxygenless,52.070719943161684,112.47936837548401,2.0,4.999999999999999,50.0,1424.740009716729,raw_data/run_5036.csv,raw_data/run_5036.json
5037,optimum,2026-10-04 11:37,KAUST2023_N2_C0_CKMC_ESR_v10_0_oxygenless,102.19608661339623,68.33728726066757,2.0,4.999999999999999,100.0,1525.102111883997,raw_data/run_5037.csv,raw_data/run_5037.json
5038,optimum,2026-10-04 11:37,KAUST2023_N2_C0_CKMC_ESR_v10_0_oxygenless,7.353507577903458,999.4627119005329,4.0,4.999999999999999,1.0,1566.894039293006,raw_data/run_5038.csv,raw_data/run_5038.json
5039,optimum,2026-10-04 11:37,KAUST2023_N2_C0_CKMC_ESR_v10_0_oxygenless,9.605041567574778,999.2166395340672,4.0,4.999999999999999,2.0,1169.7268274832534,raw_data/run_5039.csv,raw_data/run_5039.json
5040,optimum,2026-10-04 11:37,KAUST2023_N2_C0_CKMC_ESR_v10_0_oxygenless,5.541630224390032,501.2029319297429,4.0,4.999999999999999,3.0,1110.5464401753513,raw_data/run_5040.csv,raw_data/run_5040.json
5041,optimum,2026-10-04 11:37,KAUST2023_N2_C0_CKMC_ESR_v10_0_oxygenless,7.185002852960961,516.8794871512032,4.0,4.999999999999999,4.0,1140.0851088818235,raw_data/run_5041.csv,raw_data/run_5041.json
5042,optimum,2026-10-04 11:37,KAUST2023_N2_C0_CKMC_ESR_v10_0_oxygenless,7.452877221791145,383.72605932125464,4.0,4.999999999999999,5.0,1181.9464525524388,raw_data/run_5042.csv,raw_data/run_5042.json
5043,optimum,2026-10-04 11:37,KAUST2023_N2_C0_CKMC_ESR_v10_0_oxygenless,12.321847294349705,223.11812414493468,4.0,4.999999999999999,10.0,1306.884852293331,raw_data/run_5043.csv,raw_data/run_5043.json
5044,optimum,2026-10-04 11:37,KAUST2023_N2_C0_CKMC_ESR_v10_0_oxygenless,22.236772452079492,132.0400669163144,4.0,0.6500000000000001,20.0,1719.4585699095878,raw_data/run_5044.csv,raw_data/run_5044.json
5045,optimum,2026-10-04 11:37,KAUST2023_N2_C0_CKMC_ESR_v10_0_oxygenless,22.319861657014158,132.95828237560676,4.0,4.999999999999999,20.0,1412.2091557179144,raw_data/run_5045.csv,raw_data/run_5045.json
5046,optimum,2026-10-04 11:37,KAUST2023_N2_C0_CKMC_ESR_v10_0_oxygenless,52.538724005689836,69.7818873316689,4.0,4.999999999999999,50.0,1551.2385959024662,raw_data/run_5046.csv,raw_data/run_5046.json
5047,optimum,2026-10-04 11:37,KAUST2023_N2_C0_CKMC_ESR_v10_0_oxygenless,102.7658813458404,43.395420828997196,4.0,4.999999999999999,100.0,1668.2469961897334,raw_data/run_5047.csv,raw_data/run_5047.json
5048,optimum,2026-10-04 11:37,KAUST2023_N2_C0_CKMC_ESR_v10_0_oxygenless,14.659029838951856,999.0708336287564,6.0,4.999999999999999,1.0,1535.8588593302088,raw_data/run_5048.csv,raw_data/run_5048.json
5049,optimum,2026-10-04 11:37,KAUST2023_N2_C0_CKMC_ESR_v10_0_oxygenless,19.047561415058407,997.6974434665854,6.0,4.999999999999999,2.0,1214.1101494745478,raw_data/run_5049.csv,raw_data/run_5049.json
5050,optimum,2026-10-04 11:37,KAUST2023_N2_C0_CKMC_ESR_v10_0_oxygenless,17.852633069095525,859.9025887708975,6.0,4.999999999999999,3.0,1230.703581393738,raw_data/run_5050.csv,raw_data/run_5050.json
5051,optimum,2026-10-04 11:37,KAUST2023_N2_C0_CKMC_ESR_v10_0_oxygenless,7.357303295387234,357.53797589336165,6.0,4.999999999999999,4.0,1195.1870087206773,raw_data/run_5051.csv,raw_data/run_5051.json
5052,optimum,2026-10-04 11:37,KAUST2023_N2_C0_CKMC_ESR_v10_0_oxygenless,8.792540669880626,351.6690006030561,6.0,4.999999999999999,5.0,1249.7068993812288,raw_data/run_5052.csv,raw_data/run_5052.json
5053,optimum,2026-10-04 11:37,KAUST2023_N2_C0_CKMC_ESR_v10_0_oxygenless,12.763088997219668,175.75385512573249,6.0,4.999999999999999,10.0,1372.652660150004,raw_data/run_5053.csv,raw_data/run_5053.json
5054,optimum,2026-10-04 11:37,KAUST2023_N2_C0_CKMC_ESR_v10_0_oxygenless,22.663107796240013,101.40724299675304,6.0,4.999999999999999,20.0,1489.398353276391,raw_data/run_5054.csv,raw_data/run_5054.json
5055,optimum,2026-10-04 11:37,KAUST2023_N2_C0_CKMC_ESR_v10_0_oxygenless,52.43540015538387,69.14318279262454,4.0,0.6500000000000001,50.0,1877.4674968169988,raw_data/run_5055.csv,raw_data/run_5055.json
5056,optimum,2026-10-04 11:37,KAUST2023_N2_C0_CKMC_ESR_v10_0_oxygenless,52.95765158892244,54.11844979324082,6.0,4.999999999999999,50.0,1645.2921017125182,raw_data/run_5056.csv,raw_data/run_5056.json
5057,optimum,2026-10-04 11:37,KAUST2023_N2_C0_CKMC_ESR_v10_0_oxygenless,103.3069662660243,34.633737980405016,6.0,4.999999999999999,100.0,1779.7072589824102,raw_data/run_5057.csv,raw_data/run_5057.json
5058,optimum,2026-10-04 11:37,KAUST2023_N2_C0_CKMC_ESR_v10_0_oxygenless,1.898758515374375,143.99251057012867,8.0,4.999999999999999,1.0,1645.1266264051105,raw_data/run_5058.csv,raw_data/run_5058.json
5059,optimum,2026-10-04 11:37,KAUST2023_N2_C0_CKMC_ESR_v10_0_oxygenless,24.936401593569048,874.0232133855594,8.0,4.999999999999999,2.0,1274.5800449660308,raw_data/run_5059.csv,raw_data/run_5059.json
5060,optimum,2026-10-04 11:37,KAUST2023_N2_C0_CKMC_ESR_v10_0_oxygenless,18.346405244788436,656.3484882588044,8.0,4.999999999999999,3.0,1276.7090472725708,raw_data/run_5060.csv,raw_data/run_5060.json
5061,optimum,2026-10-04 11:37,KAUST2023_N2_C0_CKMC_ESR_v10_0_oxygenless,7.447128136681734,272.361029761576,8.0,4.999999999999999,4.0,1242.7430170368393,raw_data/run_5061.csv,raw_data/run_5061.json
5062,optimum,2026-10-04 11:37,KAUST2023_N2_C0_CKMC_ESR_v10_0_oxygenless,9.02770903854569,274.84326340106327,8.0,4.999999999999999,5.0,1286.2772309304298,raw_data/run_5062.csv,raw_data/run_5062.json
5063,optimum,2026-10-04 11:37,KAUST2023_N2_C0_CKMC_ESR_v10_0_oxygenless,12.957223110732969,140.671681080861,8.0,4.999999999999999,10.0,1424.559399641533,raw_data/run_5063.csv,raw_data/run_5063.json
5064,optimum,2026-10-04 11:37,KAUST2023_N2_C0_CKMC_ESR_v10_0_oxygenless,22.96972400086151,84.28430851672329,8.0,4.999999999999999,20.0,1552.3460554430044,raw_data/run_5064.csv,raw_data/run_5064.json
5065,optimum,2026-10-04 11:37,KAUST2023_N2_C0_CKMC_ESR_v10_0_oxygenless,53.33512169789134,45.67267360687652,8.0,4.999999999999999,50.0,1724.83254881145,raw_data/run_5065.csv,raw_data/run_5065.json
5066,optimum,2026-10-04 11:37,KAUST2023_N2_C0_CKMC_ESR_v10_0_oxygenless,102.69396985869449,43.73552507665237,4.0,0.6500000000000001,100.0,2010.1076906193257,raw_data/run_5066.csv,raw_data/run_5066.json
5067,optimum,2026-10-04 11:37,KAUST2023_N2_C0_CKMC_ESR_v10_0_oxygenless,103.73478064543015,29.272453007597925,8.0,4.999999999999999,100.0,1875.8098149530197,raw_data/run_5067.csv,raw_data/run_5067.json
5068,optimum,2026-10-04 11:37,KAUST2023_N2_C0_CKMC_ESR_v10_0_oxygenless,34.00644351944001,996.8280027561033,10.0,4.999999999999999,1.0,1560.8485024291108,raw_data/run_5068.csv,raw_data/run_5068.json
5069,optimum,2026-10-04 11:37,KAUST2023_N2_C0_CKMC_ESR_v10_0_oxygenless,27.208592970662473,734.9429928991113,10.0,4.999999999999999,2.0,1327.8621401374635,raw_data/run_5069.csv,raw_data/run_5069.json
5070,optimum,2026-10-04 11:37,KAUST2023_N2_C0_CKMC_ESR_v10_0_oxygenless,20.297649496120634,557.0498260707842,10.0,4.999999999999999,3.0,1316.1499567031317,raw_data/run_5070.csv,raw_data/run_5070.json
5071,optimum,2026-10-04 11:37,KAUST2023_N2_C0_CKMC_ESR_v10_0_oxygenless,11.597823639213656,349.99470477543616,10.0,4.999999999999999,4.0,1370.0372611763787,raw_data/run_5071.csv,raw_data/run_5071.json
5072,optimum,2026-10-04 11:37,KAUST2023_N2_C0_CKMC_ESR_v10_0_oxygenless,9.104991764404847,222.93808277043286,10.0,4.999999999999999,5.0,1319.5208965549766,raw_data/run_5072.csv,raw_data/run_5072.json
5073,optimum,2026-10-04 11:37,KAUST2023_N2_C0_CKMC_ESR_v10_0_oxygenless,13.379130839021412,127.8037997640345,10.0,4.999999999999999,10.0,1468.9364174330628,raw_data/run_5073.csv,raw_data/run_5073.json
5074,optimum,2026-10-04 11:37,KAUST2023_N2_C0_CKMC_ESR_v10_0_oxygenless,23.232083556327247,73.10094305614999,10.0,4.999999999999999,20.0,1607.1024796327779,raw_data/run_5074.csv,raw_data/run_5074.json
5075,optimum,2026-10-04 11:37,KAUST2023_N2_C0_CKMC_ESR_v10_0_oxygenless,53.644364381425206,39.82166066463117,10.0,4.999999999999999,50.0,1795.4896543965187,raw_data/run_5075.csv,raw_data/run_5075.json
5076,optimum,2026-10-04 11:37,KAUST2023_N2_C0_CKMC_ESR_v10_0_oxygenless,104.17292194675514,26.131013752142998,10.0,4.999999999999999,100.0,1961.5863614707619,raw_data/run_5076.csv,raw_data/run_5076.json
5077,optimum,2026-10-04 11:37,KAUST2023_N2_C0_CKMC_ESR_v10_0_oxygenless,13.157935580739679,995.7796407129035,6.0,0.6500000000000001,1.0,1796.9306833218054,raw_data/run_5077.csv,raw_data/run_5077.json
5078,optimum,2026-10-04 11:37,KAUST2023_N2_C0_CKMC_ESR_v10_0_oxygenless,48.91239009226082,615.4485624222378,20.0,4.999999999999999,1.0,1789.888685620664,raw_data/run_5078.csv,raw_data/run_5078.json
5079,optimum,2026-10-04 11:37,KAUST2023_N2_C0_CKMC_ESR_v10_0_oxygenless,31.178359677081726,394.36316622479876,20.0,4.999999999999999,2.0,1518.2165638296387,raw_data/run_5079.csv,raw_data/run_5079.json
5080,optimum,2026-10-04 11:37,KAUST2023_N2_C0_CKMC_ESR_v10_0_oxygenless,24.63677526651134,310.631959091521,20.0,4.999999999999999,3.0,1464.8533139807964,raw_data/run_5080.csv,raw_data/run_5080.json
5081,optimum,2026-10-04 11:37,KAUST2023_N2_C0_CKMC_ESR_v10_0_oxygenless,8.313007794478118,122.51346374554856,20.0,4.999999999999999,4.0,1470.982902018558,raw_data/run_5081.csv,raw_data/run_5081.json
5082,optimum,2026-10-04 11:37,KAUST2023_N2_C0_CKMC_ESR_v10_0_oxygenless,9.873639410318688,123.41860211818067,20.0,4.999999999999999,5.0,1466.1877752571513,raw_data/run_5082.csv,raw_data/run_5082.json
5083,optimum,2026-10-04 11:37,KAUST2023_N2_C0_CKMC_ESR_v10_0_oxygenless,14.475509189645429,81.35477630460876,20.0,4.999999999999999,10.0,1635.7428271993172,raw_data/run_5083.csv,raw_data/run_5083.json
5084,optimum,2026-10-04 11:37,KAUST2023_N2_C0_CKMC_ESR_v10_0_oxygenless,24.66531333418999,51.4407446695013,20.0,4.999999999999999,20.0,1821.4233802103784,raw_data/run_5084.csv,raw_data/run_5084.json
5085,optimum,2026-10-04 11:37,KAUST2023_N2_C0_CKMC_ESR_v10_0_oxygenless,55.34596180292474,28.925078437011756,20.0,4.999999999999999,50.0,2076.9270491667885,raw_data/run_5085.csv,raw_data/run_5085.json
5086,optimum,2026-10-04 11:37,KAUST2023_N2_C0_CKMC_ESR_v10_0_oxygenless,106.05095452923453,18.86789032440108,20.0,4.999999999999999,100.0,2302.5362648487053,raw_data/run_5086.csv,raw_data/run_5086.json
5087,optimum,2026-10-04 11:37,KAUST2023_N2_C0_CKMC_ESR_v10_0_oxygenless,48.64052011078418,487.44088512663217,25.0,4.999999999999999,1.0,1871.6942053185596,raw_data/run_5087.csv,raw_data/run_5087.json
5088,optimum,2026-10-04 11:37,KAUST2023_N2_C0_CKMC_ESR_v10_0_oxygenless,16.54691831792043,978.3424203235732,6.0,0.6500000000000001,2.0,1411.3029382160173,raw_data/run_5088.csv,raw_data/run_5088.json
5089,optimum,2026-10-04 11:37,KAUST2023_N2_C0_CKMC_ESR_v10_0_oxygenless,33.39388263950945,326.49677179315546,25.0,4.999999999999999,2.0,1587.8151340941488,raw_data/run_5089.csv,raw_data/run_5089.json
5090,optimum,2026-10-04 11:37,KAUST2023_N2_C0_CKMC_ESR_v10_0_oxygenless,25.962079524602384,255.23774445866448,25.0,4.999999999999999,3.0,1522.2906544736434,raw_data/run_5090.csv,raw_data/run_5090.json
5091,optimum,2026-10-04 11:37,KAUST2023_N2_C0_CKMC_ESR_v10_0_oxygenless,23.82482918988261,224.6196388405812,25.0,4.999999999999999,4.0,1546.3395609819472,raw_data/run_5091.csv,raw_data/run_5091.json
5092,optimum,2026-10-04 11:37,KAUST2023_N2_C0_CKMC_ESR_v10_0_oxygenless,14.335556277832957,147.330300613765,25.0,4.999999999999999,5.0,1593.2537896772674,raw_data/run_5092.csv,raw_data/run_5092.json
5093,optimum,2026-10-04 11:37,KAUST2023_N2_C0_CKMC_ESR_v10_0_oxygenless,15.479558963983099,76.92844215373948,25.0,4.999999999999999,10.0,1703.4182800121414,raw_data/run_5093.csv,raw_data/run_5093.json
5094,optimum,2026-10-04 11:37,KAUST2023_N2_C0_CKMC_ESR_v10_0_oxygenless,25.339200760411117,46.272913583790626,25.0,4.999999999999999,20.0,1907.7377594005734,raw_data/run_5094.csv,raw_data/run_5094.json
5095,optimum,2026-10-04 11:37,KAUST2023_N2_C0_CKMC_ESR_v10_0_oxygenless,55.92945772156926,25.595393836819486,25.0,4.999999999999999,50.0,2190.5179137540117,raw_data/run_5095.csv,raw_data/run_5095.json
5096,optimum,2026-10-04 11:37,KAUST2023_N2_C0_CKMC_ESR_v10_0_oxygenless,106.94709685471034,17.323875380111357,25.0,4.999999999999999,100.0,2440.0173631490484,raw_data/run_5096.csv,raw_data/run_5096.json
5097,optimum,2026-10-04 11:37,KAUST2023_N2_C0_CKMC_ESR_v10_0_oxygenless,47.52743428768533,397.72299350717583,30.0,4.999999999999999,1.0,1939.3496177652323,raw_data/run_5097.csv,raw_data/run_5097.json
5098,optimum,2026-10-04 11:37,KAUST2023_N2_C0_CKMC_ESR_v10_0_oxygenless,34.37913578778855,275.94120390856915,30.0,4.999999999999999,2.0,1647.5973546875634,raw_data/run_5098.csv,raw_data/run_5098.json
5099,optimum,2026-10-04 11:37,KAUST2023_N2_C0_CKMC_ESR_v10_0_oxygenless,5.828778088122802,372.4821009001681,6.0,0.6500000000000001,3.0,1457.2665117253093,raw_data/run_5099.csv,raw_data/run_5099.json
5100,optimum,2026-10-04 11:37,KAUST2023_N2_C0_CKMC_ESR_v10_0_oxygenless,29.213895138634875,227.6323281752174,30.0,4.999999999999999,3.0,1573.2374356901048,raw_data/run_5100.csv,raw_data/run_5100.json
5101,optimum,2026-10-04 11:37,KAUST2023_N2_C0_CKMC_ESR_v10_0_oxygenless,25.08724553805455,193.08818295287526,30.0,4.999999999999999,4.0,1588.4879699986939,raw_data/run_5101.csv,raw_data/run_5101.json
5102,optimum,2026-10-04 11:37,KAUST2023_N2_C0_CKMC_ESR_v10_0_oxygenless,10.739084299246942,89.45864021240942,30.0,4.999999999999999,5.0,1600.4505046601653,raw_data/run_5102.csv,raw_data/run_5102.json
5103,optimum,2026-10-04 11:37,KAUST2023_N2_C0_CKMC_ESR_v10_0_oxygenless,15.863836680164779,67.33339197864841,30.0,4.999999999999999,10.0,1758.8134669272733,raw_data/run_5103.csv,raw_data/run_5103.json
5104,optimum,2026-10-04 11:37,KAUST2023_N2_C0_CKMC_ESR_v10_0_oxygenless,25.84811786463326,41.63244721334348,30.0,4.999999999999999,20.0,1984.4435031887356,raw_data/run_5104.csv,raw_data/run_5104.json
5105,optimum,2026-10-04 11:37,KAUST2023_N2_C0_CKMC_ESR_v10_0_oxygenless,56.58570182919389,23.53966394257871,30.0,4.999999999999999,50.0,2293.1466676251757,raw_data/run_5105.csv,raw_data/run_5105.json
5106,optimum,2026-10-04 11:37,KAUST2023_N2_C0_CKMC_ESR_v10_0_oxygenless,107.67971843660152,15.967405764131437,30.0,4.999999999999999,100.0,2564.3561344922173,raw_data/run_5106.csv,raw_data/run_5106.json
5107,optimum,2026-10-04 11:37,KAUST2023_N2_C0_CKMC_ESR_v10_0_oxygenless,23.591614595512002,139.22226462274315,50.0,4.999999999999999,1.0,2075.829937846723,raw_data/run_5107.csv,raw_data/run_5107.json
5108,optimum,2026-10-04 11:37,KAUST2023_N2_C0_CKMC_ESR_v10_0_oxygenless,38.13217056327796,172.95360798663418,50.0,4.999999999999999,2.0,1829.7809990669266,raw_data/run_5108.csv,raw_data/run_5108.json
5109,optimum,2026-10-04 11:37,KAUST2023_N2_C0_CKMC_ESR_v10_0_oxygenless,32.588094415283905,143.50394530110293,50.0,4.999999999999999,3.0,1736.8857541861244,raw_data/run_5109.csv,raw_data/run_5109.json
5110,optimum,2026-10-04 11:37,KAUST2023_N2_C0_CKMC_ESR_v10_0_oxygenless,5.265515127350243,990.1398612272765,1.0,0.6500000000000001,4.0,1242.495578098691,raw_data/run_5110.csv,raw_data/run_5110.json
5111,optimum,2026-10-04 11:37,KAUST2023_N2_C0_CKMC_ESR_v10_0_oxygenless,7.412348680562704,375.7916564798944,6.0,0.6500000000000001,4.0,1486.7679357819572,raw_data/run_5111.csv,raw_data/run_5111.json
5112,optimum,2026-10-04 11:37,KAUST2023_N2_C0_CKMC_ESR_v10_0_oxygenless,31.274321054823165,130.59967469757694,50.0,4.999999999999999,4.0,1729.9901933220592,raw_data/run_5112.csv,raw_data/run_5112.json
5113,optimum,2026-10-04 11:37,KAUST2023_N2_C0_CKMC_ESR_v10_0_oxygenless,28.589131178259343,116.39074667389163,50.0,4.999999999999999,5.0,1771.878225619108,raw_data/run_5113.csv,raw_data/run_5113.json
5114,optimum,2026-10-04 11:37,KAUST2023_N2_C0_CKMC_ESR_v10_0_oxygenless,19.16472629528834,55.717034170470214,50.0,4.999999999999999,10.0,1956.6409058674158,raw_data/run_5114.csv,raw_data/run_5114.json
5115,optimum,2026-10-04 11:37,KAUST2023_N2_C0_CKMC_ESR_v10_0_oxygenless,28.023123068009866,33.15828428893821,50.0,4.999999999999999,20.0,2236.1181933212392,raw_data/run_5115.csv,raw_data/run_5115.json
5116,optimum,2026-10-04 11:37,KAUST2023_N2_C0_CKMC_ESR_v10_0_oxygenless,58.90663824036591,18.78783412567297,50.0,4.999999999999999,50.0,2632.290048153262,raw_data/run_5116.csv,raw_data/run_5116.json
5117,optimum,2026-10-04 11:37,KAUST2023_N2_C0_CKMC_ESR_v10_0_oxygenless,110.34492559720191,12.784307551483693,50.0,4.999999999999999,100.0,2972.150004022702,raw_data/run_5117.csv,raw_data/run_5117.json
5118,optimum,2026-10-04 11:37,KAUST2023_N2_C0_CKMC_ESR_v10_0_oxygenless,47.366061826130675,106.15256731570162,100.0,4.999999999999999,1.0,2371.2586972648414,raw_data/run_5118.csv,raw_data/run_5118.json
5119,optimum,2026-10-04 11:37,KAUST2023_N2_C0_CKMC_ESR_v10_0_oxygenless,49.25012452027159,96.4939737546688,100.0,4.999999999999999,2.0,2138.199843440398,raw_data/run_5119.csv,raw_data/run_5119.json
5120,optimum,2026-10-04 11:37,KAUST2023_N2_C0_CKMC_ESR_v10_0_oxygenless,46.63333153341935,85.79394920908238,100.0,4.999999999999999,3.0,2036.2007209608191,raw_data/run_5120.csv,raw_data/run_5120.json
5121,optimum,2026-10-04 11:37,KAUST2023_N2_C0_CKMC_ESR_v10_0_oxygenless,43.2033787767603,77.04646097451678,100.0,4.999999999999999,4.0,2005.6989927122752,raw_data/run_5121.csv,raw_data/run_5121.json
5122,optimum,2026-10-04 11:37,KAUST2023_N2_C0_CKMC_ESR_v10_0_oxygenless,7.6761980064568665,283.4734076127428,6.0,0.6500000000000001,5.0,1536.3661094247689,raw_data/run_5122.csv,raw_data/run_5122.json
5123,optimum,2026-10-04 11:37,KAUST2023_N2_C0_CKMC_ESR_v10_0_oxygenless,42.709279297152676,72.55558122614381,100.0,4.999999999999999,5.0,2020.128087140624,raw_data/run_5123.csv,raw_data/run_5123.json
5124,optimum,2026-10-04 11:37,KAUST2023_N2_C0_CKMC_ESR_v10_0_oxygenless,24.397624374004096,36.64432269363615,100.0,4.999999999999999,10.0,2301.952678783162,raw_data/run_5124.csv,raw_data/run_5124.json
5125,optimum,2026-10-04 11:37,KAUST2023_N2_C0_CKMC_ESR_v10_0_oxygenless,33.24549177935182,25.145488303601603,100.0,4.999999999999999,20.0,2677.60275469073,raw_data/run_5125.csv,raw_data/run_5125.json
5126,optimum,2026-10-04 11:37,KAUST2023_N2_C0_CKMC_ESR_v10_0_oxygenless,63.967825186988854,14.286289937918554,100.0,4.999999999999999,50.0,3233.5252170916247,raw_data/run_5126.csv,raw_data/run_5126.json
5127,optimum,2026-10-04 11:37,KAUST2023_N2_C0_CKMC_ESR_v10_0_oxygenless,115.69633015669763,9.557255456576605,100.0,4.999999999999999,100.0,3692.929799179863,raw_data/run_5127.csv,raw_data/run_5127.json
5128,optimum,2026-10-04 11:37,KAUST2023_N2_C0_CKMC_ESR_v10_0_oxygenless,88.5896356268296,77.58716219045378,200.0,4.999999999999999,1.0,2952.139520798753,raw_data/run_5128.csv,raw_data/run_5128.json
5129,optimum,2026-10-04 11:37,KAUST2023_N2_C0_CKMC_ESR_v10_0_oxygenless,82.53968484231905,63.70313241010301,200.0,4.999999999999999,2.0,2661.612814523213,raw_data/run_5129.csv,raw_data/run_5129.json
5130,optimum,2026-10-04 11:37,KAUST2023_N2_C0_CKMC_ESR_v10_0_oxygenless,75.78600642428108,55.35050490110757,200.0,4.999999999999999,3.0,2527.7245347217913,raw_data/run_5130.csv,raw_data/run_5130.json
5131,optimum,2026-10-04 11:37,KAUST2023_N2_C0_CKMC_ESR_v10_0_oxygenless,69.20256880958345,49.08236886497251,200.0,4.999999999999999,4.0,2465.283139055674,raw_data/run_5131.csv,raw_data/run_5131.json
5132,optimum,2026-10-04 11:37,KAUST2023_N2_C0_CKMC_ESR_v10_0_oxygenless,67.77023032727865,46.08168351109601,200.0,4.999999999999999,5.0,2446.381479543939,raw_data/run_5132.csv,raw_data/run_5132.json
5133,optimum,2026-10-04 11:37,KAUST2023_N2_C0_CKMC_ESR_v10_0_oxygenless,12.643949637339926,173.6949791234246,6.0,0.6500000000000001,10.0,1680.7641583516147,raw_data/run_5133.csv,raw_data/run_5133.json
5134,optimum,2026-10-04 11:37,KAUST2023_N2_C0_CKMC_ESR_v10_0_oxygenless,58.15133128290887,35.23342920736903,200.0,4.999999999999999,10.0,2679.8589839774427,raw_data/run_5134.csv,raw_data/run_5134.json
5135,optimum,2026-10-04 11:37,KAUST2023_N2_C0_CKMC_ESR_v10_0_oxygenless,43.76197225957844,19.15952930117522,200.0,4.999999999999999,20.0,3244.5003899957824,raw_data/run_5135.csv,raw_data/run_5135.json
5136,optimum,2026-10-04 11:37,KAUST2023_N2_C0_CKMC_ESR_v10_0_oxygenless,72.77430843200955,10.945360694622469,200.0,4.999999999999999,50.0,4026.103947103139,raw_data/run_5136.csv,raw_data/run_5136.json
5137,optimum,2026-10-04 11:37,KAUST2023_N2_C0_CKMC_ESR_v10_0_oxygenless,124.33043124936376,7.182628783722811,200.0,4.999999999999999,100.0,4639.752950946188,raw_data/run_5137.csv,raw_data/run_5137.json
5138,optimum,2026-10-04 11:37,KAUST2023_N2_C0_CKMC_ESR_v10_0_oxygenless,1.499148025073311,999.8251056759727,1.0,10.0,1.0,1460.573974604086,raw_data/run_5138.csv,raw_data/run_5138.json
5139,optimum,2026-10-04 11:37,KAUST2023_N2_C0_CKMC_ESR_v10_0_oxygenless,2.752140985619621,999.3004687507245,1.0,10.0,2.0,1090.3728832519232,raw_data/run_5139.csv,raw_data/run_5139.json
5140,optimum,2026-10-04 11:37,KAUST2023_N2_C0_CKMC_ESR_v10_0_oxygenless,4.0104631599278955,999.1938440333836,1.0,10.0,3.0,1010.1839303657171,raw_data/run_5140.csv,raw_data/run_5140.json
5141,optimum,2026-10-04 11:37,KAUST2023_N2_C0_CKMC_ESR_v10_0_oxygenless,5.269577087189042,999.6544533579855,1.0,10.0,4.0,983.3483181885293,raw_data/run_5141.csv,raw_data/run_5141.json
5142,optimum,2026-10-04 11:37,KAUST2023_N2_C0_CKMC_ESR_v10_0_oxygenless,6.532301084363289,998.9793632524077,1.0,10.0,5.0,998.8491808690733,raw_data/run_5142.csv,raw_data/run_5142.json
5143,optimum,2026-10-04 11:37,KAUST2023_N2_C0_CKMC_ESR_v10_0_oxygenless,11.602218760357037,615.7625493699344,1.0,10.0,10.0,1096.2070313129732,raw_data/run_5143.csv,raw_data/run_5143.json
5144,optimum,2026-10-04 11:37,KAUST2023_N2_C0_CKMC_ESR_v10_0_oxygenless,22.56200825191218,101.03746115384831,6.0,0.6500000000000001,20.0,1807.9717354217069,raw_data/run_5144.csv,raw_data/run_5144.json
5145,optimum,2026-10-04 11:37,KAUST2023_N2_C0_CKMC_ESR_v10_0_oxygenless,21.678023785682754,370.23697468639966,1.0,10.0,20.0,1183.6513857290843,raw_data/run_5145.csv,raw_data/run_5145.json
5146,optimum,2026-10-04 11:37,KAUST2023_N2_C0_CKMC_ESR_v10_0_oxygenless,51.78303013961168,188.57854348720093,1.0,10.0,50.0,1298.0387187621197,raw_data/run_5146.csv,raw_data/run_5146.json
5147,optimum,2026-10-04 11:37,KAUST2023_N2_C0_CKMC_ESR_v10_0_oxygenless,101.91410181390137,115.83181942609039,1.0,10.0,100.0,1390.917916883368,raw_data/run_5147.csv,raw_data/run_5147.json
5148,optimum,2026-10-04 11:37,KAUST2023_N2_C0_CKMC_ESR_v10_0_oxygenless,1.68686718457582,602.2406975784522,2.0,10.0,1.0,1485.8160589919344,raw_data/run_5148.csv,raw_data/run_5148.json
5149,optimum,2026-10-04 11:37,KAUST2023_N2_C0_CKMC_ESR_v10_0_oxygenless,3.732796038613702,906.5929762999658,2.0,10.0,2.0,1018.355113445185,raw_data/run_5149.csv,raw_data/run_5149.json
5150,optimum,2026-10-04 11:37,KAUST2023_N2_C0_CKMC_ESR_v10_0_oxygenless,5.427657375104783,965.3586398906376,2.0,10.0,3.0,984.2293546009463,raw_data/run_5150.csv,raw_data/run_5150.json
5151,optimum,2026-10-04 11:37,KAUST2023_N2_C0_CKMC_ESR_v10_0_oxygenless,5.912218952526757,711.8838896668917,2.0,10.0,4.0,1038.2299912523702,raw_data/run_5151.csv,raw_data/run_5151.json
5152,optimum,2026-10-04 11:37,KAUST2023_N2_C0_CKMC_ESR_v10_0_oxygenless,7.304586049623444,719.7203227387937,2.0,10.0,5.0,1072.15689624832,raw_data/run_5152.csv,raw_data/run_5152.json
5153,optimum,2026-10-04 11:37,KAUST2023_N2_C0_CKMC_ESR_v10_0_oxygenless,11.958686999946027,377.2886927515886,2.0,10.0,10.0,1182.9951065386545,raw_data/run_5153.csv,raw_data/run_5153.json
5154,optimum,2026-10-04 11:37,KAUST2023_N2_C0_CKMC_ESR_v10_0_oxygenless,21.98195990733169,222.96025669591768,2.0,10.0,20.0,1278.0097699118537,raw_data/run_5154.csv,raw_data/run_5154.json
5155,optimum,2026-10-04 11:37,KAUST2023_N2_C0_CKMC_ESR_v10_0_oxygenless,52.834219244853564,53.76037149474549,6.0,0.6500000000000001,50.0,1984.2080292835328,raw_data/run_5155.csv,raw_data/run_5155.json
5156,optimum,2026-10-04 11:37,KAUST2023_N2_C0_CKMC_ESR_v10_0_oxygenless,52.15216768436806,116.1541384060745,2.0,10.0,50.0,1401.3731748240966,raw_data/run_5156.csv,raw_data/run_5156.json
5157,optimum,2026-10-04 11:37,KAUST2023_N2_C0_CKMC_ESR_v10_0_oxygenless,102.2725101287385,70.33770776256806,2.0,10.0,100.0,1502.627128920155,raw_data/run_5157.csv,raw_data/run_5157.json
5158,optimum,2026-10-04 11:37,KAUST2023_N2_C0_CKMC_ESR_v10_0_oxygenless,7.431828922823888,999.6780014226052,4.0,10.0,1.0,1555.4579089047136,raw_data/run_5158.csv,raw_data/run_5158.json
5159,optimum,2026-10-04 11:37,KAUST2023_N2_C0_CKMC_ESR_v10_0_oxygenless,9.321505600213028,980.7890994302038,4.0,10.0,2.0,1042.3730592256188,raw_data/run_5159.csv,raw_data/run_5159.json
5160,optimum,2026-10-04 11:37,KAUST2023_N2_C0_CKMC_ESR_v10_0_oxygenless,5.552198091015236,499.07363427055844,4.0,10.0,3.0,1089.756656232729,raw_data/run_5160.csv,raw_data/run_5160.json
5161,optimum,2026-10-04 11:37,KAUST2023_N2_C0_CKMC_ESR_v10_0_oxygenless,7.190678874437139,514.3980405558524,4.0,10.0,4.0,1114.9379996726534,raw_data/run_5161.csv,raw_data/run_5161.json
5162,optimum,2026-10-04 11:37,KAUST2023_N2_C0_CKMC_ESR_v10_0_oxygenless,7.482067213545688,385.9515377472005,4.0,10.0,5.0,1158.657370848178,raw_data/run_5162.csv,raw_data/run_5162.json
5163,optimum,2026-10-04 11:37,KAUST2023_N2_C0_CKMC_ESR_v10_0_oxygenless,12.427920630626328,231.21491712016993,4.0,10.0,10.0,1282.8988404189367,raw_data/run_5163.csv,raw_data/run_5163.json
5164,optimum,2026-10-04 11:37,KAUST2023_N2_C0_CKMC_ESR_v10_0_oxygenless,22.4382724615662,138.45706145818608,4.0,10.0,20.0,1390.3903766845842,raw_data/run_5164.csv,raw_data/run_5164.json
5165,optimum,2026-10-04 11:37,KAUST2023_N2_C0_CKMC_ESR_v10_0_oxygenless,52.61670648207295,71.50047311255268,4.0,10.0,50.0,1531.078825351619,raw_data/run_5165.csv,raw_data/run_5165.json
5166,optimum,2026-10-04 11:37,KAUST2023_N2_C0_CKMC_ESR_v10_0_oxygenless,103.11898708614449,33.77394142707251,6.0,0.6500000000000001,100.0,2136.4206609560038,raw_data/run_5166.csv,raw_data/run_5166.json
5167,optimum,2026-10-04 11:37,KAUST2023_N2_C0_CKMC_ESR_v10_0_oxygenless,102.84037157330987,44.2398176374157,4.0,10.0,100.0,1650.1434846968564,raw_data/run_5167.csv,raw_data/run_5167.json
5168,optimum,2026-10-04 11:37,KAUST2023_N2_C0_CKMC_ESR_v10_0_oxygenless,1.8117978394433507,186.66227723995456,6.0,10.0,1.0,1577.267324435343,raw_data/run_5168.csv,raw_data/run_5168.json
5169,optimum,2026-10-04 11:37,KAUST2023_N2_C0_CKMC_ESR_v10_0_oxygenless,19.152774629548823,995.5734419055938,6.0,10.0,2.0,1192.3022325348127,raw_data/run_5169.csv,raw_data/run_5169.json
5170,optimum,2026-10-04 11:37,KAUST2023_N2_C0_CKMC_ESR_v10_0_oxygenless,18.349739804700185,869.6456192116839,6.0,10.0,3.0,1204.3593611418992,raw_data/run_5170.csv,raw_data/run_5170.json
5171,optimum,2026-10-04 11:37,KAUST2023_N2_C0_CKMC_ESR_v10_0_oxygenless,7.350039723498754,354.9463510070082,6.0,10.0,4.0,1172.0728117409803,raw_data/run_5171.csv,raw_data/run_5171.json
5172,optimum,2026-10-04 11:37,KAUST2023_N2_C0_CKMC_ESR_v10_0_oxygenless,8.886526586695492,355.6683758272354,6.0,10.0,5.0,1223.4808032177634,raw_data/run_5172.csv,raw_data/run_5172.json
5173,optimum,2026-10-04 11:37,KAUST2023_N2_C0_CKMC_ESR_v10_0_oxygenless,12.850994358928094,180.39129496638006,6.0,10.0,10.0,1350.2503791133427,raw_data/run_5173.csv,raw_data/run_5173.json
5174,optimum,2026-10-04 11:37,KAUST2023_N2_C0_CKMC_ESR_v10_0_oxygenless,22.71195657414925,102.86813962857613,6.0,10.0,20.0,1469.2646358342492,raw_data/run_5174.csv,raw_data/run_5174.json
5175,optimum,2026-10-04 11:37,KAUST2023_N2_C0_CKMC_ESR_v10_0_oxygenless,53.02989968777047,55.112674338655985,6.0,10.0,50.0,1627.1827954108435,raw_data/run_5175.csv,raw_data/run_5175.json
5176,optimum,2026-10-04 11:37,KAUST2023_N2_C0_CKMC_ESR_v10_0_oxygenless,103.46718455253857,36.064647779447455,6.0,10.0,100.0,1764.1190185558592,raw_data/run_5176.csv,raw_data/run_5176.json
5177,optimum,2026-10-04 11:37,KAUST2023_N2_C0_CKMC_ESR_v10_0_oxygenless,21.556903442563616,999.3636719462095,8.0,0.6500000000000001,1.0,1815.7948675090306,raw_data/run_5177.csv,raw_data/run_5177.json
5178,optimum,2026-10-04 11:37,KAUST2023_N2_C0_CKMC_ESR_v10_0_oxygenless,24.025062466929196,999.6747572108063,8.0,10.0,1.0,1514.9068025978404,raw_data/run_5178.csv,raw_data/run_5178.json
5179,optimum,2026-10-04 11:37,KAUST2023_N2_C0_CKMC_ESR_v10_0_oxygenless,24.938355294982657,868.6255371121263,8.0,10.0,2.0,1252.1390207863458,raw_data/run_5179.csv,raw_data/run_5179.json
5180,optimum,2026-10-04 11:37,KAUST2023_N2_C0_CKMC_ESR_v10_0_oxygenless,19.631853484714423,678.7378919509023,8.0,10.0,3.0,1251.2874958004043,raw_data/run_5180.csv,raw_data/run_5180.json
5181,optimum,2026-10-04 11:37,KAUST2023_N2_C0_CKMC_ESR_v10_0_oxygenless,7.428967848871763,270.48541688990105,8.0,10.0,4.0,1222.4115665590657,raw_data/run_5181.csv,raw_data/run_5181.json
5182,optimum,2026-10-04 11:37,KAUST2023_N2_C0_CKMC_ESR_v10_0_oxygenless,9.019878256892923,273.26585233383344,8.0,10.0,5.0,1261.529228242072,raw_data/run_5182.csv,raw_data/run_5182.json
5183,optimum,2026-10-04 11:37,KAUST2023_N2_C0_CKMC_ESR_v10_0_oxygenless,13.039508441083177,143.52943850574835,8.0,10.0,10.0,1403.6907617846018,raw_data/run_5183.csv,raw_data/run_5183.json
5184,optimum,2026-10-04 11:37,KAUST2023_N2_C0_CKMC_ESR_v10_0_oxygenless,23.054548592546933,85.98284680497073,8.0,10.0,20.0,1533.3471862290066,raw_data/run_5184.csv,raw_data/run_5184.json
5185,optimum,2026-10-04 11:37,KAUST2023_N2_C0_CKMC_ESR_v10_0_oxygenless,53.4264966744128,46.697755544637495,8.0,10.0,50.0,1708.3439350808842,raw_data/run_5185.csv,raw_data/run_5185.json
5186,optimum,2026-10-04 11:37,KAUST2023_N2_C0_CKMC_ESR_v10_0_oxygenless,103.92145379558886,30.53647275714797,8.0,10.0,100.0,1861.5587147589436,raw_data/run_5186.csv,raw_data/run_5186.json
5187,optimum,2026-10-04 11:37,KAUST2023_N2_C0_CKMC_ESR_v10_0_oxygenless,34.60298498207742,999.5952845545642,10.0,10.0,1.0,1538.7685741387525,raw_data/run_5187.csv,raw_data/run_5187.json
5188,optimum,2026-10-04 11:37,KAUST2023_N2_C0_CKMC_ESR_v10_0_oxygenless,20.01351740775369,811.2759966284252,8.0,0.6500000000000001,2.0,1556.523647663187,raw_data/run_5188.csv,raw_data/run_5188.json
5189,optimum,2026-10-04 11:37,KAUST2023_N2_C0_CKMC_ESR_v10_0_oxygenless,28.132088301042828,744.8333979376027,10.0,10.0,2.0,1305.959989302425,raw_data/run_5189.csv,raw_data/run_5189.json
5190,optimum,2026-10-04 11:37,KAUST2023_N2_C0_CKMC_ESR_v10_0_oxygenless,21.23076923664185,568.6806469679424,10.0,10.0,3.0,1291.9309474302356,raw_data/run_5190.csv,raw_data/run_5190.json
5191,optimum,2026-10-04 11:37,KAUST2023_N2_C0_CKMC_ESR_v10_0_oxygenless,19.772551690109925,500.0265682821977,10.0,10.0,4.0,1359.1041873296056,raw_data/run_5191.csv,raw_data/run_5191.json
5192,optimum,2026-10-04 11:37,KAUST2023_N2_C0_CKMC_ESR_v10_0_oxygenless,9.215282004574378,225.55735499048072,10.0,10.0,5.0,1296.3349917759356,raw_data/run_5192.csv,raw_data/run_5192.json
5193,optimum,2026-10-04 11:37,KAUST2023_N2_C0_CKMC_ESR_v10_0_oxygenless,13.371754709240955,126.51467366617467,10.0,10.0,10.0,1447.8803956560664,raw_data/run_5193.csv,raw_data/run_5193.json
5194,optimum,2026-10-04 11:37,KAUST2023_N2_C0_CKMC_ESR_v10_0_oxygenless,23.35530502583587,75.3809537805374,10.0,10.0,20.0,1589.1338136751626,raw_data/run_5194.csv,raw_data/run_5194.json
5195,optimum,2026-10-04 11:37,KAUST2023_N2_C0_CKMC_ESR_v10_0_oxygenless,53.761057897485244,40.932907734292925,10.0,10.0,50.0,1780.493537454464,raw_data/run_5195.csv,raw_data/run_5195.json
5196,optimum,2026-10-04 11:37,KAUST2023_N2_C0_CKMC_ESR_v10_0_oxygenless,104.27365942226052,26.51861791487411,10.0,10.0,100.0,1948.828437668703,raw_data/run_5196.csv,raw_data/run_5196.json
5197,optimum,2026-10-04 11:37,KAUST2023_N2_C0_CKMC_ESR_v10_0_oxygenless,50.389710542014676,622.9999336461831,20.0,10.0,1.0,1767.8384388503541,raw_data/run_5197.csv,raw_data/run_5197.json
5198,optimum,2026-10-04 11:37,KAUST2023_N2_C0_CKMC_ESR_v10_0_oxygenless,34.36749391674497,414.6959922917348,20.0,10.0,2.0,1500.6248844735062,raw_data/run_5198.csv,raw_data/run_5198.json
5199,optimum,2026-10-04 11:37,KAUST2023_N2_C0_CKMC_ESR_v10_0_oxygenless,5.89914279975822,283.114995100275,8.0,0.6500000000000001,3.0,1526.510630472032,raw_data/run_5199.csv,raw_data/run_5199.json
5200,optimum,2026-10-04 11:37,KAUST2023_N2_C0_CKMC_ESR_v10_0_oxygenless,26.00873202490977,318.5650240822728,20.0,10.0,3.0,1445.8220659977342,raw_data/run_5200.csv,raw_data/run_5200.json
5201,optimum,2026-10-04 11:37,KAUST2023_N2_C0_CKMC_ESR_v10_0_oxygenless,8.521182936636428,125.0163860465224,20.0,10.0,4.0,1463.3780639037593,raw_data/run_5201.csv,raw_data/run_5201.json
5202,optimum,2026-10-04 11:38,KAUST2023_N2_C0_CKMC_ESR_v10_0_oxygenless,9.968081112212808,123.95257546028216,20.0,10.0,5.0,1451.5792409691408,raw_data/run_5202.csv,raw_data/run_5202.json
5203,optimum,2026-10-04 11:38,KAUST2023_N2_C0_CKMC_ESR_v10_0_oxygenless,14.498704106971514,81.1338734169855,20.0,10.0,10.0,1619.8634248907783,raw_data/run_5203.csv,raw_data/run_5203.json
5204,optimum,2026-10-04 11:38,KAUST2023_N2_C0_CKMC_ESR_v10_0_oxygenless,24.597090828743447,49.973017394513036,20.0,10.0,20.0,1807.6486030397798,raw_data/run_5204.csv,raw_data/run_5204.json
5205,optimum,2026-10-04 11:38,KAUST2023_N2_C0_CKMC_ESR_v10_0_oxygenless,55.40876621853198,29.048789720862874,20.0,10.0,50.0,2065.3785211677227,raw_data/run_5205.csv,raw_data/run_5205.json
5206,optimum,2026-10-04 11:38,KAUST2023_N2_C0_CKMC_ESR_v10_0_oxygenless,106.27387522523917,19.42167041868133,20.0,10.0,100.0,2293.4956507883117,raw_data/run_5206.csv,raw_data/run_5206.json
5207,optimum,2026-10-04 11:38,KAUST2023_N2_C0_CKMC_ESR_v10_0_oxygenless,52.74589523771768,510.27544804950315,25.0,10.0,1.0,1852.0887358734901,raw_data/run_5207.csv,raw_data/run_5207.json
5208,optimum,2026-10-04 11:38,KAUST2023_N2_C0_CKMC_ESR_v10_0_oxygenless,36.27046740769084,341.21539239154646,25.0,10.0,2.0,1572.6203159622803,raw_data/run_5208.csv,raw_data/run_5208.json
5209,optimum,2026-10-04 11:38,KAUST2023_N2_C0_CKMC_ESR_v10_0_oxygenless,29.934834094488956,275.6482690128944,25.0,10.0,3.0,1506.2285043752997,raw_data/run_5209.csv,raw_data/run_5209.json
5210,optimum,2026-10-04 11:38,KAUST2023_N2_C0_CKMC_ESR_v10_0_oxygenless,7.502042653461681,286.92022984812155,8.0,0.6500000000000001,4.0,1537.5321852049121,raw_data/run_5210.csv,raw_data/run_5210.json
5211,optimum,2026-10-04 11:38,KAUST2023_N2_C0_CKMC_ESR_v10_0_oxygenless,24.65235726667883,227.73152790142288,25.0,10.0,4.0,1526.0480144710239,raw_data/run_5211.csv,raw_data/run_5211.json
5212,optimum,2026-10-04 11:38,KAUST2023_N2_C0_CKMC_ESR_v10_0_oxygenless,22.76657804521471,202.49995874738323,25.0,10.0,5.0,1593.9190084705053,raw_data/run_5212.csv,raw_data/run_5212.json
5213,optimum,2026-10-04 11:38,KAUST2023_N2_C0_CKMC_ESR_v10_0_oxygenless,15.662931998784686,78.47883779132017,25.0,10.0,10.0,1685.655215239247,raw_data/run_5213.csv,raw_data/run_5213.json
5214,optimum,2026-10-04 11:38,KAUST2023_N2_C0_CKMC_ESR_v10_0_oxygenless,25.364217433075762,45.99412920152924,25.0,10.0,20.0,1893.9946828016398,raw_data/run_5214.csv,raw_data/run_5214.json
5215,optimum,2026-10-04 11:38,KAUST2023_N2_C0_CKMC_ESR_v10_0_oxygenless,56.05958473724241,25.735463463557405,25.0,10.0,50.0,2180.8547222381435,raw_data/run_5215.csv,raw_data/run_5215.json
5216,optimum,2026-10-04 11:38,KAUST2023_N2_C0_CKMC_ESR_v10_0_oxygenless,107.22037248095437,17.786340197464344,25.0,10.0,100.0,2432.703475872863,raw_data/run_5216.csv,raw_data/run_5216.json
5217,optimum,2026-10-04 11:38,KAUST2023_N2_C0_CKMC_ESR_v10_0_oxygenless,52.23976017717535,419.8816235282253,30.0,10.0,1.0,1922.570226524923,raw_data/run_5217.csv,raw_data/run_5217.json
5218,optimum,2026-10-04 11:38,KAUST2023_N2_C0_CKMC_ESR_v10_0_oxygenless,38.41961046244148,292.70151088601403,30.0,10.0,2.0,1635.1040331801933,raw_data/run_5218.csv,raw_data/run_5218.json
5219,optimum,2026-10-04 11:38,KAUST2023_N2_C0_CKMC_ESR_v10_0_oxygenless,31.133242101783754,234.52309879872064,30.0,10.0,3.0,1559.0916296896303,raw_data/run_5219.csv,raw_data/run_5219.json
5220,optimum,2026-10-04 11:38,KAUST2023_N2_C0_CKMC_ESR_v10_0_oxygenless,26.53291242960339,197.93527620828698,30.0,10.0,4.0,1570.3509065274775,raw_data/run_5220.csv,raw_data/run_5220.json
5221,optimum,2026-10-04 11:38,KAUST2023_N2_C0_CKMC_ESR_v10_0_oxygenless,6.484475917205078,997.3928611990929,1.0,0.6500000000000001,5.0,1272.1302687606901,raw_data/run_5221.csv,raw_data/run_5221.json
5222,optimum,2026-10-04 11:38,KAUST2023_N2_C0_CKMC_ESR_v10_0_oxygenless,7.812592301265567,220.46057361700616,8.0,0.6500000000000001,5.0,1595.4364223772864,raw_data/run_5222.csv,raw_data/run_5222.json
5223,optimum,2026-10-04 11:38,KAUST2023_N2_C0_CKMC_ESR_v10_0_oxygenless,24.709325295894914,177.46911714638944,30.0,10.0,5.0,1630.2197812139839,raw_data/run_5223.csv,raw_data/run_5223.json
5224,optimum,2026-10-04 11:38,KAUST2023_N2_C0_CKMC_ESR_v10_0_oxygenless,15.95378061433287,67.46241233133118,30.0,10.0,10.0,1743.7199412969433,raw_data/run_5224.csv,raw_data/run_5224.json
5225,optimum,2026-10-04 11:38,KAUST2023_N2_C0_CKMC_ESR_v10_0_oxygenless,26.089401356278426,42.935872145605124,30.0,10.0,20.0,1972.1765806202613,raw_data/run_5225.csv,raw_data/run_5225.json
5226,optimum,2026-10-04 11:38,KAUST2023_N2_C0_CKMC_ESR_v10_0_oxygenless,56.87990115506907,24.246631707144065,30.0,10.0,50.0,2284.5966829683834,raw_data/run_5226.csv,raw_data/run_5226.json
5227,optimum,2026-10-04 11:38,KAUST2023_N2_C0_CKMC_ESR_v10_0_oxygenless,107.95135572721364,16.32243703060728,30.0,10.0,100.0,2557.5567967861007,raw_data/run_5227.csv,raw_data/run_5227.json
5228,optimum,2026-10-04 11:38,KAUST2023_N2_C0_CKMC_ESR_v10_0_oxygenless,35.60860330374198,187.7322889960257,50.0,10.0,1.0,2112.81844838978,raw_data/run_5228.csv,raw_data/run_5228.json
5229,optimum,2026-10-04 11:38,KAUST2023_N2_C0_CKMC_ESR_v10_0_oxygenless,42.61794448682208,183.81108762399396,50.0,10.0,2.0,1828.0895742699076,raw_data/run_5229.csv,raw_data/run_5229.json
5230,optimum,2026-10-04 11:38,KAUST2023_N2_C0_CKMC_ESR_v10_0_oxygenless,35.522298199054475,149.97172292373065,50.0,10.0,3.0,1732.1377041923981,raw_data/run_5230.csv,raw_data/run_5230.json
5231,optimum,2026-10-04 11:38,KAUST2023_N2_C0_CKMC_ESR_v10_0_oxygenless,32.21042059996012,131.86802510766182,50.0,10.0,4.0,1721.0500616951952,raw_data/run_5231.csv,raw_data/run_5231.json
5232,optimum,2026-10-04 11:38,KAUST2023_N2_C0_CKMC_ESR_v10_0_oxygenless,30.57619015678537,120.48577774365305,50.0,10.0,5.0,1758.5504655174175,raw_data/run_5232.csv,raw_data/run_5232.json
5233,optimum,2026-10-04 11:38,KAUST2023_N2_C0_CKMC_ESR_v10_0_oxygenless,12.8230668799955,138.68090485449724,8.0,0.6500000000000001,10.0,1741.460009327509,raw_data/run_5233.csv,raw_data/run_5233.json
5234,optimum,2026-10-04 11:38,KAUST2023_N2_C0_CKMC_ESR_v10_0_oxygenless,19.565050273298638,56.96013123716496,50.0,10.0,10.0,1941.6168650247762,raw_data/run_5234.csv,raw_data/run_5234.json
5235,optimum,2026-10-04 11:38,KAUST2023_N2_C0_CKMC_ESR_v10_0_oxygenless,28.36465191527172,34.17566041300302,50.0,10.0,20.0,2226.3585518787045,raw_data/run_5235.csv,raw_data/run_5235.json
5236,optimum,2026-10-04 11:38,KAUST2023_N2_C0_CKMC_ESR_v10_0_oxygenless,59.05470946714645,18.867759465781543,50.0,10.0,50.0,2627.6821320716135,raw_data/run_5236.csv,raw_data/run_5236.json
5237,optimum,2026-10-04 11:38,KAUST2023_N2_C0_CKMC_ESR_v10_0_oxygenless,110.65600237579577,12.966602641433862,50.0,10.0,100.0,2969.9635251675177,raw_data/run_5237.csv,raw_data/run_5237.json
5238,optimum,2026-10-04 11:38,KAUST2023_N2_C0_CKMC_ESR_v10_0_oxygenless,51.78709148226815,112.93813893309816,100.0,10.0,1.0,2408.697598887003,raw_data/run_5238.csv,raw_data/run_5238.json
5239,optimum,2026-10-04 11:38,KAUST2023_N2_C0_CKMC_ESR_v10_0_oxygenless,53.2276206735782,100.95851314824458,100.0,10.0,2.0,2159.207374524449,raw_data/run_5239.csv,raw_data/run_5239.json
5240,optimum,2026-10-04 11:38,KAUST2023_N2_C0_CKMC_ESR_v10_0_oxygenless,50.386558866965316,89.41264514832837,100.0,10.0,3.0,2050.307432009707,raw_data/run_5240.csv,raw_data/run_5240.json
5241,optimum,2026-10-04 11:38,KAUST2023_N2_C0_CKMC_ESR_v10_0_oxygenless,45.75897407929304,79.03716859937968,100.0,10.0,4.0,2014.6685949385317,raw_data/run_5241.csv,raw_data/run_5241.json
5242,optimum,2026-10-04 11:38,KAUST2023_N2_C0_CKMC_ESR_v10_0_oxygenless,43.54542385882286,72.80237522402898,100.0,10.0,5.0,2023.9229070908825,raw_data/run_5242.csv,raw_data/run_5242.json
5243,optimum,2026-10-04 11:38,KAUST2023_N2_C0_CKMC_ESR_v10_0_oxygenless,25.280222372273357,37.79160556166036,100.0,10.0,10.0,2302.190082283513,raw_data/run_5243.csv,raw_data/run_5243.json
5244,optimum,2026-10-04 11:38,KAUST2023_N2_C0_CKMC_ESR_v10_0_oxygenless,22.88583889338344,84.98430538339949,8.0,0.6500000000000001,20.0,1880.3493790452326,raw_data/run_5244.csv,raw_data/run_5244.json
5245,optimum,2026-10-04 11:38,KAUST2023_N2_C0_CKMC_ESR_v10_0_oxygenless,33.89162221278406,26.049448426960744,100.0,10.0,20.0,2673.5462262963183,raw_data/run_5245.csv,raw_data/run_5245.json
5246,optimum,2026-10-04 11:38,KAUST2023_N2_C0_CKMC_ESR_v10_0_oxygenless,64.42291289821216,14.420785451403773,100.0,10.0,50.0,3235.2064330269645,raw_data/run_5246.csv,raw_data/run_5246.json
5247,optimum,2026-10-04 11:38,KAUST2023_N2_C0_CKMC_ESR_v10_0_oxygenless,116.1221902442218,9.661081202807427,100.0,10.0,100.0,3699.140906247081,raw_data/run_5247.csv,raw_data/run_5247.json
5248,optimum,2026-10-04 11:38,KAUST2023_N2_C0_CKMC_ESR_v10_0_oxygenless,94.76314522859796,81.09978251895687,200.0,10.0,1.0,3003.8814736747545,raw_data/run_5248.csv,raw_data/run_5248.json
5249,optimum,2026-10-04 11:38,KAUST2023_N2_C0_CKMC_ESR_v10_0_oxygenless,86.96021211345405,65.69571629513932,200.0,10.0,2.0,2703.6107772160335,raw_data/run_5249.csv,raw_data/run_5249.json
5250,optimum,2026-10-04 11:38,KAUST2023_N2_C0_CKMC_ESR_v10_0_oxygenless,80.51014926089977,57.1800515552713,200.0,10.0,3.0,2565.0730373481406,raw_data/run_5250.csv,raw_data/run_5250.json
5251,optimum,2026-10-04 11:38,KAUST2023_N2_C0_CKMC_ESR_v10_0_oxygenless,74.54413985575354,50.936281459310656,200.0,10.0,4.0,2498.186729340517,raw_data/run_5251.csv,raw_data/run_5251.json
5252,optimum,2026-10-04 11:38,KAUST2023_N2_C0_CKMC_ESR_v10_0_oxygenless,70.70460853247613,46.99001430660047,200.0,10.0,5.0,2474.9645285385423,raw_data/run_5252.csv,raw_data/run_5252.json
5253,optimum,2026-10-04 11:38,KAUST2023_N2_C0_CKMC_ESR_v10_0_oxygenless,60.715938797213774,35.928603429860146,200.0,10.0,10.0,2686.953055594625,raw_data/run_5253.csv,raw_data/run_5253.json
5254,optimum,2026-10-04 11:38,KAUST2023_N2_C0_CKMC_ESR_v10_0_oxygenless,44.79424299474135,19.408838185886673,200.0,10.0,20.0,3247.374396703094,raw_data/run_5254.csv,raw_data/run_5254.json
5255,optimum,2026-10-04 11:38,KAUST2023_N2_C0_CKMC_ESR_v10_0_oxygenless,53.20351136704137,45.36244749868876,8.0,0.6500000000000001,50.0,2074.632696231803,raw_data/run_5255.csv,raw_data/run_5255.json
5256,optimum,2026-10-04 11:38,KAUST2023_N2_C0_CKMC_ESR_v10_0_oxygenless,72.93551056065786,10.859100215424155,200.0,10.0,50.0,4034.891962209933,raw_data/run_5256.csv,raw_data/run_5256.json
5257,optimum,2026-10-04 11:38,KAUST2023_N2_C0_CKMC_ESR_v10_0_oxygenless,124.83852547901542,7.202927195276594,200.0,10.0,100.0,4659.286076563997,raw_data/run_5257.csv,raw_data/run_5257.json
5258,optimum,2026-10-04 11:38,KAUST2023_N2_C0_CKMC_ESR_v10_0_oxygenless,1.462852199391497,965.1404530288281,1.0,50.0,1.0,1400.5788151652948,raw_data/run_5258.csv,raw_data/run_5258.json
5259,optimum,2026-10-04 11:38,KAUST2023_N2_C0_CKMC_ESR_v10_0_oxygenless,2.7590770432506497,998.0507744078676,1.0,50.0,2.0,1116.3437505230638,raw_data/run_5259.csv,raw_data/run_5259.json
5260,optimum,2026-10-04 11:38,KAUST2023_N2_C0_CKMC_ESR_v10_0_oxygenless,4.024123080294526,999.9460671869368,1.0,50.0,3.0,939.5932441134781,raw_data/run_5260.csv,raw_data/run_5260.json
5261,optimum,2026-10-04 11:38,KAUST2023_N2_C0_CKMC_ESR_v10_0_oxygenless,5.2858122705614905,999.8236372458532,1.0,50.0,4.0,981.6645364336131,raw_data/run_5261.csv,raw_data/run_5261.json
5262,optimum,2026-10-04 11:38,KAUST2023_N2_C0_CKMC_ESR_v10_0_oxygenless,6.4865312758190194,968.3644149948935,1.0,50.0,5.0,969.1583876500197,raw_data/run_5262.csv,raw_data/run_5262.json
5263,optimum,2026-10-04 11:38,KAUST2023_N2_C0_CKMC_ESR_v10_0_oxygenless,11.73523640510936,655.9482643842019,1.0,50.0,10.0,1091.608226040493,raw_data/run_5263.csv,raw_data/run_5263.json
5264,optimum,2026-10-04 11:38,KAUST2023_N2_C0_CKMC_ESR_v10_0_oxygenless,21.75691684564521,383.07381239698407,1.0,50.0,20.0,1185.5149024724017,raw_data/run_5264.csv,raw_data/run_5264.json
5265,optimum,2026-10-04 11:38,KAUST2023_N2_C0_CKMC_ESR_v10_0_oxygenless,51.89947041697729,196.52677385072147,1.0,50.0,50.0,1311.6046469631008,raw_data/run_5265.csv,raw_data/run_5265.json
5266,optimum,2026-10-04 11:38,KAUST2023_N2_C0_CKMC_ESR_v10_0_oxygenless,103.56272727761171,28.94042886883248,8.0,0.6500000000000001,100.0,2244.8405332323077,raw_data/run_5266.csv,raw_data/run_5266.json
5267,optimum,2026-10-04 11:38,KAUST2023_N2_C0_CKMC_ESR_v10_0_oxygenless,102.14192324474445,126.45069765226249,1.0,50.0,100.0,1415.5422411837646,raw_data/run_5267.csv,raw_data/run_5267.json
5268,optimum,2026-10-04 11:38,KAUST2023_N2_C0_CKMC_ESR_v10_0_oxygenless,1.7326984274051531,615.8289826423351,2.0,50.0,1.0,1592.844874496597,raw_data/run_5268.csv,raw_data/run_5268.json
5269,optimum,2026-10-04 11:38,KAUST2023_N2_C0_CKMC_ESR_v10_0_oxygenless,3.8193988152633347,924.0429266814502,2.0,50.0,2.0,1038.1136408832185,raw_data/run_5269.csv,raw_data/run_5269.json
5270,optimum,2026-10-04 11:38,KAUST2023_N2_C0_CKMC_ESR_v10_0_oxygenless,5.5120152944157,977.623922419356,2.0,50.0,3.0,982.9053432927964,raw_data/run_5270.csv,raw_data/run_5270.json
5271,optimum,2026-10-04 11:38,KAUST2023_N2_C0_CKMC_ESR_v10_0_oxygenless,7.0847922644068975,989.0887443528632,2.0,50.0,4.0,1031.7904118250167,raw_data/run_5271.csv,raw_data/run_5271.json
5272,optimum,2026-10-04 11:38,KAUST2023_N2_C0_CKMC_ESR_v10_0_oxygenless,7.352129123935109,725.0810128485195,2.0,50.0,5.0,1068.4311789772091,raw_data/run_5272.csv,raw_data/run_5272.json
5273,optimum,2026-10-04 11:38,KAUST2023_N2_C0_CKMC_ESR_v10_0_oxygenless,12.127004728521472,400.0731912355792,2.0,50.0,10.0,1191.5415809872443,raw_data/run_5273.csv,raw_data/run_5273.json
5274,optimum,2026-10-04 11:38,KAUST2023_N2_C0_CKMC_ESR_v10_0_oxygenless,22.159570551443768,237.96353021029924,2.0,50.0,20.0,1297.6983444314883,raw_data/run_5274.csv,raw_data/run_5274.json
5275,optimum,2026-10-04 11:38,KAUST2023_N2_C0_CKMC_ESR_v10_0_oxygenless,52.43193360170936,127.94426676936325,2.0,50.0,50.0,1439.5380280342965,raw_data/run_5275.csv,raw_data/run_5275.json
5276,optimum,2026-10-04 11:38,KAUST2023_N2_C0_CKMC_ESR_v10_0_oxygenless,102.67024920258804,80.4075018286062,2.0,50.0,100.0,1559.0909689763287,raw_data/run_5276.csv,raw_data/run_5276.json
5277,optimum,2026-10-04 11:38,KAUST2023_N2_C0_CKMC_ESR_v10_0_oxygenless,31.19312887827677,999.8122514611123,10.0,0.6500000000000001,1.0,1869.6353205733515,raw_data/run_5277.csv,raw_data/run_5277.json
5278,optimum,2026-10-04 11:38,KAUST2023_N2_C0_CKMC_ESR_v10_0_oxygenless,7.517682439173635,985.3547508248226,4.0,50.0,1.0,1183.7403625835866,raw_data/run_5278.csv,raw_data/run_5278.json
5279,optimum,2026-10-04 11:38,KAUST2023_N2_C0_CKMC_ESR_v10_0_oxygenless,9.868472761019362,998.9271416985451,4.0,50.0,2.0,1171.5829433351962,raw_data/run_5279.csv,raw_data/run_5279.json
5280,optimum,2026-10-04 11:38,KAUST2023_N2_C0_CKMC_ESR_v10_0_oxygenless,5.7994627504032366,524.5537480912421,4.0,50.0,3.0,1116.4344706760287,raw_data/run_5280.csv,raw_data/run_5280.json
5281,optimum,2026-10-04 11:38,KAUST2023_N2_C0_CKMC_ESR_v10_0_oxygenless,7.309233373070014,520.0636000341991,4.0,50.0,4.0,1125.0067616202102,raw_data/run_5281.csv,raw_data/run_5281.json
5282,optimum,2026-10-04 11:38,KAUST2023_N2_C0_CKMC_ESR_v10_0_oxygenless,7.651662984840036,399.5444503053311,4.0,50.0,5.0,1180.8588343696324,raw_data/run_5282.csv,raw_data/run_5282.json
5283,optimum,2026-10-04 11:38,KAUST2023_N2_C0_CKMC_ESR_v10_0_oxygenless,12.761565120027358,255.9756177672212,4.0,50.0,10.0,1312.1361797972063,raw_data/run_5283.csv,raw_data/run_5283.json
5284,optimum,2026-10-04 11:38,KAUST2023_N2_C0_CKMC_ESR_v10_0_oxygenless,22.738439777696893,151.15624866343202,4.0,50.0,20.0,1437.2512523144514,raw_data/run_5284.csv,raw_data/run_5284.json
5285,optimum,2026-10-04 11:38,KAUST2023_N2_C0_CKMC_ESR_v10_0_oxygenless,53.05270769199736,80.87051639207242,4.0,50.0,50.0,1605.4192154101368,raw_data/run_5285.csv,raw_data/run_5285.json
5286,optimum,2026-10-04 11:38,KAUST2023_N2_C0_CKMC_ESR_v10_0_oxygenless,103.49625929389093,52.71696415620599,4.0,50.0,100.0,1749.449928492146,raw_data/run_5286.csv,raw_data/run_5286.json
5287,optimum,2026-10-04 11:38,KAUST2023_N2_C0_CKMC_ESR_v10_0_oxygenless,14.949839052831047,986.4828113348941,6.0,50.0,1.0,1129.9508836101495,raw_data/run_5287.csv,raw_data/run_5287.json
5288,optimum,2026-10-04 11:38,KAUST2023_N2_C0_CKMC_ESR_v10_0_oxygenless,22.504140174724974,706.9698520044625,10.0,0.6500000000000001,2.0,1560.8878446948393,raw_data/run_5288.csv,raw_data/run_5288.json
5289,optimum,2026-10-04 11:38,KAUST2023_N2_C0_CKMC_ESR_v10_0_oxygenless,19.586159016885762,998.8092195250218,6.0,50.0,2.0,1214.4282359456674,raw_data/run_5289.csv,raw_data/run_5289.json
5290,optimum,2026-10-04 11:38,KAUST2023_N2_C0_CKMC_ESR_v10_0_oxygenless,21.404874006301686,944.5438443194384,6.0,50.0,3.0,1210.3788547873653,raw_data/run_5290.csv,raw_data/run_5290.json
5291,optimum,2026-10-04 11:38,KAUST2023_N2_C0_CKMC_ESR_v10_0_oxygenless,7.586580012636924,365.45873465364207,6.0,50.0,4.0,1201.6872616423757,raw_data/run_5291.csv,raw_data/run_5291.json
5292,optimum,2026-10-04 11:38,KAUST2023_N2_C0_CKMC_ESR_v10_0_oxygenless,9.11993896799304,364.27416014272,6.0,50.0,5.0,1241.9596113048747,raw_data/run_5292.csv,raw_data/run_5292.json
5293,optimum,2026-10-04 11:38,KAUST2023_N2_C0_CKMC_ESR_v10_0_oxygenless,13.307227556809538,202.4477269126949,6.0,50.0,10.0,1395.6319212189906,raw_data/run_5293.csv,raw_data/run_5293.json
5294,optimum,2026-10-04 11:38,KAUST2023_N2_C0_CKMC_ESR_v10_0_oxygenless,23.24914445633629,118.71517602651649,6.0,50.0,20.0,1536.9305544165095,raw_data/run_5294.csv,raw_data/run_5294.json
5295,optimum,2026-10-04 11:38,KAUST2023_N2_C0_CKMC_ESR_v10_0_oxygenless,53.632346254135456,63.97356124404455,6.0,50.0,50.0,1727.518274201116,raw_data/run_5295.csv,raw_data/run_5295.json
5296,optimum,2026-10-04 11:38,KAUST2023_N2_C0_CKMC_ESR_v10_0_oxygenless,104.13966467881288,41.58461124121718,6.0,50.0,100.0,1892.6822126489872,raw_data/run_5296.csv,raw_data/run_5296.json
5297,optimum,2026-10-04 11:38,KAUST2023_N2_C0_CKMC_ESR_v10_0_oxygenless,24.335443405130366,997.9553530978153,8.0,50.0,1.0,1581.3163525597513,raw_data/run_5297.csv,raw_data/run_5297.json
5298,optimum,2026-10-04 11:38,KAUST2023_N2_C0_CKMC_ESR_v10_0_oxygenless,29.709321131606252,955.1859276884259,8.0,50.0,2.0,1276.3134494331343,raw_data/run_5298.csv,raw_data/run_5298.json
5299,optimum,2026-10-04 11:38,KAUST2023_N2_C0_CKMC_ESR_v10_0_oxygenless,17.4162737753143,535.4662720484696,10.0,0.6500000000000001,3.0,1621.435129308801,raw_data/run_5299.csv,raw_data/run_5299.json
5300,optimum,2026-10-04 11:38,KAUST2023_N2_C0_CKMC_ESR_v10_0_oxygenless,25.770495199453247,788.2866624172507,8.0,50.0,3.0,1269.740264097937,raw_data/run_5300.csv,raw_data/run_5300.json
5301,optimum,2026-10-04 11:38,KAUST2023_N2_C0_CKMC_ESR_v10_0_oxygenless,7.712945196928464,278.72538170870683,8.0,50.0,4.0,1271.8542907886026,raw_data/run_5301.csv,raw_data/run_5301.json
5302,optimum,2026-10-04 11:38,KAUST2023_N2_C0_CKMC_ESR_v10_0_oxygenless,9.406477391976814,285.46842669401263,8.0,50.0,5.0,1295.2869633235932,raw_data/run_5302.csv,raw_data/run_5302.json
5303,optimum,2026-10-04 11:38,KAUST2023_N2_C0_CKMC_ESR_v10_0_oxygenless,13.562346225462193,162.82971627608356,8.0,50.0,10.0,1462.3343052456948,raw_data/run_5303.csv,raw_data/run_5303.json
5304,optimum,2026-10-04 11:38,KAUST2023_N2_C0_CKMC_ESR_v10_0_oxygenless,23.666177017377567,99.82903261074445,8.0,50.0,20.0,1617.9029409190132,raw_data/run_5304.csv,raw_data/run_5304.json
5305,optimum,2026-10-04 11:38,KAUST2023_N2_C0_CKMC_ESR_v10_0_oxygenless,54.12824887312398,54.26102587203743,8.0,50.0,50.0,1828.9908420021304,raw_data/run_5305.csv,raw_data/run_5305.json
5306,optimum,2026-10-04 11:38,KAUST2023_N2_C0_CKMC_ESR_v10_0_oxygenless,104.69488113916316,35.17419696001879,8.0,50.0,100.0,2013.0287424267717,raw_data/run_5306.csv,raw_data/run_5306.json
5307,optimum,2026-10-04 11:38,KAUST2023_N2_C0_CKMC_ESR_v10_0_oxygenless,35.19414881734742,999.7697119151226,10.0,50.0,1.0,1595.7069000431707,raw_data/run_5307.csv,raw_data/run_5307.json
5308,optimum,2026-10-04 11:38,KAUST2023_N2_C0_CKMC_ESR_v10_0_oxygenless,33.60637101248956,820.1221012308944,10.0,50.0,2.0,1340.7576898421828,raw_data/run_5308.csv,raw_data/run_5308.json
5309,optimum,2026-10-04 11:38,KAUST2023_N2_C0_CKMC_ESR_v10_0_oxygenless,27.240768092036166,651.5890808304224,10.0,50.0,3.0,1320.3640722397533,raw_data/run_5309.csv,raw_data/run_5309.json
5310,optimum,2026-10-04 11:38,KAUST2023_N2_C0_CKMC_ESR_v10_0_oxygenless,7.672070295490519,236.36739422235036,10.0,0.6500000000000001,4.0,1582.9543880662927,raw_data/run_5310.csv,raw_data/run_5310.json
5311,optimum,2026-10-04 11:38,KAUST2023_N2_C0_CKMC_ESR_v10_0_oxygenless,21.98730434150587,528.0935117976014,10.0,50.0,4.0,1377.1761354510295,raw_data/run_5311.csv,raw_data/run_5311.json
5312,optimum,2026-10-04 11:38,KAUST2023_N2_C0_CKMC_ESR_v10_0_oxygenless,9.628638945695423,235.6585327338301,10.0,50.0,5.0,1345.458524798987,raw_data/run_5312.csv,raw_data/run_5312.json
5313,optimum,2026-10-04 11:38,KAUST2023_N2_C0_CKMC_ESR_v10_0_oxygenless,14.121419046891448,147.89033265692132,10.0,50.0,10.0,1519.6901601285729,raw_data/run_5313.csv,raw_data/run_5313.json
5314,optimum,2026-10-04 11:38,KAUST2023_N2_C0_CKMC_ESR_v10_0_oxygenless,24.020130197010754,86.94041508323384,10.0,50.0,20.0,1688.178989423993,raw_data/run_5314.csv,raw_data/run_5314.json
5315,optimum,2026-10-04 11:38,KAUST2023_N2_C0_CKMC_ESR_v10_0_oxygenless,54.55033138332502,47.65677587000089,10.0,50.0,50.0,1917.8757434127497,raw_data/run_5315.csv,raw_data/run_5315.json
5316,optimum,2026-10-04 11:38,KAUST2023_N2_C0_CKMC_ESR_v10_0_oxygenless,105.32987397634221,31.86680666107979,10.0,50.0,100.0,2118.9268188782617,raw_data/run_5316.csv,raw_data/run_5316.json
5317,optimum,2026-10-04 11:38,KAUST2023_N2_C0_CKMC_ESR_v10_0_oxygenless,63.295686417184065,714.8977807868894,20.0,50.0,1.0,1850.8325007912515,raw_data/run_5317.csv,raw_data/run_5317.json
5318,optimum,2026-10-04 11:38,KAUST2023_N2_C0_CKMC_ESR_v10_0_oxygenless,44.05204819856475,476.83099804129535,20.0,50.0,2.0,1584.4354319848376,raw_data/run_5318.csv,raw_data/run_5318.json
5319,optimum,2026-10-04 11:38,KAUST2023_N2_C0_CKMC_ESR_v10_0_oxygenless,32.7569556220224,360.6603388695419,20.0,50.0,3.0,1522.5844692133298,raw_data/run_5319.csv,raw_data/run_5319.json
5320,optimum,2026-10-04 11:38,KAUST2023_N2_C0_CKMC_ESR_v10_0_oxygenless,29.63783665687816,314.7639955534195,20.0,50.0,4.0,1542.720861151073,raw_data/run_5320.csv,raw_data/run_5320.json
5321,optimum,2026-10-04 11:38,KAUST2023_N2_C0_CKMC_ESR_v10_0_oxygenless,9.11892650052693,232.64465331185357,10.0,0.6500000000000001,5.0,1635.9001498266039,raw_data/run_5321.csv,raw_data/run_5321.json
5322,optimum,2026-10-04 11:38,KAUST2023_N2_C0_CKMC_ESR_v10_0_oxygenless,10.808827645585007,133.91131330547302,20.0,50.0,5.0,1575.1194038169924,raw_data/run_5322.csv,raw_data/run_5322.json
5323,optimum,2026-10-04 11:38,KAUST2023_N2_C0_CKMC_ESR_v10_0_oxygenless,15.917386051878303,98.84742024979353,20.0,50.0,10.0,1731.6194476502012,raw_data/run_5323.csv,raw_data/run_5323.json
5324,optimum,2026-10-04 11:38,KAUST2023_N2_C0_CKMC_ESR_v10_0_oxygenless,25.811792025524998,60.10021385509793,20.0,50.0,20.0,1957.2880864351475,raw_data/run_5324.csv,raw_data/run_5324.json
5325,optimum,2026-10-04 11:38,KAUST2023_N2_C0_CKMC_ESR_v10_0_oxygenless,56.57821021203879,33.74243141569473,20.0,50.0,50.0,2262.6171655032085,raw_data/run_5325.csv,raw_data/run_5325.json
5326,optimum,2026-10-04 11:38,KAUST2023_N2_C0_CKMC_ESR_v10_0_oxygenless,107.6313836508513,22.447987847852136,20.0,50.0,100.0,2531.2192869360856,raw_data/run_5326.csv,raw_data/run_5326.json
5327,optimum,2026-10-04 11:38,KAUST2023_N2_C0_CKMC_ESR_v10_0_oxygenless,66.39347619870425,586.5620286746063,25.0,50.0,1.0,1960.5349337822963,raw_data/run_5327.csv,raw_data/run_5327.json
5328,optimum,2026-10-04 11:38,KAUST2023_N2_C0_CKMC_ESR_v10_0_oxygenless,47.480609756952134,397.1983042113619,25.0,50.0,2.0,1679.3697320223177,raw_data/run_5328.csv,raw_data/run_5328.json
5329,optimum,2026-10-04 11:38,KAUST2023_N2_C0_CKMC_ESR_v10_0_oxygenless,37.62642959203095,312.60341647974974,25.0,50.0,3.0,1605.0808873584344,raw_data/run_5329.csv,raw_data/run_5329.json
5330,optimum,2026-10-04 11:38,KAUST2023_N2_C0_CKMC_ESR_v10_0_oxygenless,31.215491206071967,259.048755999933,25.0,50.0,4.0,1612.9324111751894,raw_data/run_5330.csv,raw_data/run_5330.json
5331,optimum,2026-10-04 11:38,KAUST2023_N2_C0_CKMC_ESR_v10_0_oxygenless,29.368698148092587,233.9852640492102,25.0,50.0,5.0,1668.6746546030772,raw_data/run_5331.csv,raw_data/run_5331.json
5332,optimum,2026-10-04 11:38,KAUST2023_N2_C0_CKMC_ESR_v10_0_oxygenless,11.54528412908665,610.4923927817233,1.0,0.6500000000000001,10.0,1381.9520932514965,raw_data/run_5332.csv,raw_data/run_5332.json
5333,optimum,2026-10-04 11:38,KAUST2023_N2_C0_CKMC_ESR_v10_0_oxygenless,13.06048819081686,119.7996750299462,10.0,0.6500000000000001,10.0,1792.6451250724785,raw_data/run_5333.csv,raw_data/run_5333.json
5334,optimum,2026-10-04 11:38,KAUST2023_N2_C0_CKMC_ESR_v10_0_oxygenless,16.449714924732845,83.99608081161493,25.0,50.0,10.0,1817.5640188170505,raw_data/run_5334.csv,raw_data/run_5334.json
5335,optimum,2026-10-04 11:38,KAUST2023_N2_C0_CKMC_ESR_v10_0_oxygenless,26.60901254372265,53.85490167079111,25.0,50.0,20.0,2062.5629788350384,raw_data/run_5335.csv,raw_data/run_5335.json
5336,optimum,2026-10-04 11:38,KAUST2023_N2_C0_CKMC_ESR_v10_0_oxygenless,57.29653084833525,29.66608957692209,25.0,50.0,50.0,2400.6931200555896,raw_data/run_5336.csv,raw_data/run_5336.json
5337,optimum,2026-10-04 11:38,KAUST2023_N2_C0_CKMC_ESR_v10_0_oxygenless,108.59567693562752,20.07914986046865,25.0,50.0,100.0,2696.1010205203543,raw_data/run_5337.csv,raw_data/run_5337.json
5338,optimum,2026-10-04 11:38,KAUST2023_N2_C0_CKMC_ESR_v10_0_oxygenless,69.89816751817267,501.2227045825057,30.0,50.0,1.0,2055.672102089892,raw_data/run_5338.csv,raw_data/run_5338.json
5339,optimum,2026-10-04 11:38,KAUST2023_N2_C0_CKMC_ESR_v10_0_oxygenless,50.66768373689015,342.12667280805465,30.0,50.0,2.0,1764.1141243362727,raw_data/run_5339.csv,raw_data/run_5339.json
5340,optimum,2026-10-04 11:38,KAUST2023_N2_C0_CKMC_ESR_v10_0_oxygenless,40.12648676548278,269.0421247866251,30.0,50.0,3.0,1679.0045416282155,raw_data/run_5340.csv,raw_data/run_5340.json
5341,optimum,2026-10-04 11:38,KAUST2023_N2_C0_CKMC_ESR_v10_0_oxygenless,34.85363324862267,229.8844288253458,30.0,50.0,4.0,1677.66185548887,raw_data/run_5341.csv,raw_data/run_5341.json
5342,optimum,2026-10-04 11:38,KAUST2023_N2_C0_CKMC_ESR_v10_0_oxygenless,32.98606322778607,208.67292077180574,30.0,50.0,5.0,1724.5210308783267,raw_data/run_5342.csv,raw_data/run_5342.json
5343,optimum,2026-10-04 11:38,KAUST2023_N2_C0_CKMC_ESR_v10_0_oxygenless,17.275457592859755,76.02095389937396,30.0,50.0,10.0,1902.4148776411175,raw_data/run_5343.csv,raw_data/run_5343.json
5344,optimum,2026-10-04 11:38,KAUST2023_N2_C0_CKMC_ESR_v10_0_oxygenless,23.09314874703021,72.4530560230261,10.0,0.6500000000000001,20.0,1942.9746522048952,raw_data/run_5344.csv,raw_data/run_5344.json
5345,optimum,2026-10-04 11:38,KAUST2023_N2_C0_CKMC_ESR_v10_0_oxygenless,27.48515459766932,50.19260086960692,30.0,50.0,20.0,2156.314868140442,raw_data/run_5345.csv,raw_data/run_5345.json
5346,optimum,2026-10-04 11:38,KAUST2023_N2_C0_CKMC_ESR_v10_0_oxygenless,58.2435329150547,27.69163649497641,30.0,50.0,50.0,2523.3874910016293,raw_data/run_5346.csv,raw_data/run_5346.json
5347,optimum,2026-10-04 11:38,KAUST2023_N2_C0_CKMC_ESR_v10_0_oxygenless,109.37891480896698,18.13138272530174,30.0,50.0,100.0,2844.729339134397,raw_data/run_5347.csv,raw_data/run_5347.json
5348,optimum,2026-10-04 11:38,KAUST2023_N2_C0_CKMC_ESR_v10_0_oxygenless,77.61415894323247,316.070447445345,50.0,50.0,1.0,2362.4504094879776,raw_data/run_5348.csv,raw_data/run_5348.json
5349,optimum,2026-10-04 11:38,KAUST2023_N2_C0_CKMC_ESR_v10_0_oxygenless,61.34346331113496,227.4201341586768,50.0,50.0,2.0,2041.932670387738,raw_data/run_5349.csv,raw_data/run_5349.json
5350,optimum,2026-10-04 11:38,KAUST2023_N2_C0_CKMC_ESR_v10_0_oxygenless,51.760785866301035,185.2255789257024,50.0,50.0,3.0,1930.379963532053,raw_data/run_5350.csv,raw_data/run_5350.json
5351,optimum,2026-10-04 11:38,KAUST2023_N2_C0_CKMC_ESR_v10_0_oxygenless,42.79554193652837,154.00363819241747,50.0,50.0,4.0,1903.066439837036,raw_data/run_5351.csv,raw_data/run_5351.json
5352,optimum,2026-10-04 11:38,KAUST2023_N2_C0_CKMC_ESR_v10_0_oxygenless,40.798986306291695,141.07955570717735,50.0,50.0,5.0,1923.7874744921205,raw_data/run_5352.csv,raw_data/run_5352.json
5353,optimum,2026-10-04 11:38,KAUST2023_N2_C0_CKMC_ESR_v10_0_oxygenless,21.23469449370412,61.56986058096332,50.0,50.0,10.0,2126.2285575912583,raw_data/run_5353.csv,raw_data/run_5353.json
5354,optimum,2026-10-04 11:38,KAUST2023_N2_C0_CKMC_ESR_v10_0_oxygenless,30.313529433869007,39.535322360704384,50.0,50.0,20.0,2462.864650122453,raw_data/run_5354.csv,raw_data/run_5354.json
5355,optimum,2026-10-04 11:38,KAUST2023_N2_C0_CKMC_ESR_v10_0_oxygenless,53.58448429690575,40.62275771667482,10.0,0.6500000000000001,50.0,2154.499978910551,raw_data/run_5355.csv,raw_data/run_5355.json
5356,optimum,2026-10-04 11:38,KAUST2023_N2_C0_CKMC_ESR_v10_0_oxygenless,61.25009933414874,22.010784451146794,50.0,50.0,50.0,2930.382107100121,raw_data/run_5356.csv,raw_data/run_5356.json
5357,optimum,2026-10-04 11:38,KAUST2023_N2_C0_CKMC_ESR_v10_0_oxygenless,112.77889096868512,14.664683921227864,50.0,50.0,100.0,3331.2222677795335,raw_data/run_5357.csv,raw_data/run_5357.json
5358,optimum,2026-10-04 11:38,KAUST2023_N2_C0_CKMC_ESR_v10_0_oxygenless,94.49475722574871,172.97927583686888,100.0,50.0,1.0,2909.0041182057726,raw_data/run_5358.csv,raw_data/run_5358.json
5359,optimum,2026-10-04 11:38,KAUST2023_N2_C0_CKMC_ESR_v10_0_oxygenless,83.21094591928058,133.5135835700519,100.0,50.0,2.0,2554.870669222983,raw_data/run_5359.csv,raw_data/run_5359.json
5360,optimum,2026-10-04 11:38,KAUST2023_N2_C0_CKMC_ESR_v10_0_oxygenless,73.08491407221102,111.08657035225913,100.0,50.0,3.0,2409.99147023984,raw_data/run_5360.csv,raw_data/run_5360.json
5361,optimum,2026-10-04 11:38,KAUST2023_N2_C0_CKMC_ESR_v10_0_oxygenless,65.903985848493,97.19340553009735,100.0,50.0,4.0,2349.1947457791703,raw_data/run_5361.csv,raw_data/run_5361.json
5362,optimum,2026-10-04 11:38,KAUST2023_N2_C0_CKMC_ESR_v10_0_oxygenless,60.61706380792103,87.38264883617231,100.0,50.0,5.0,2336.723248537518,raw_data/run_5362.csv,raw_data/run_5362.json
5363,optimum,2026-10-04 11:38,KAUST2023_N2_C0_CKMC_ESR_v10_0_oxygenless,48.46233733380447,62.3316615351014,100.0,50.0,10.0,2619.433181851379,raw_data/run_5363.csv,raw_data/run_5363.json
5364,optimum,2026-10-04 11:38,KAUST2023_N2_C0_CKMC_ESR_v10_0_oxygenless,36.826855215038705,28.6695197635009,100.0,50.0,20.0,3001.5276792736236,raw_data/run_5364.csv,raw_data/run_5364.json
5365,optimum,2026-10-04 11:38,KAUST2023_N2_C0_CKMC_ESR_v10_0_oxygenless,67.89072346392223,16.64171651715712,100.0,50.0,50.0,3654.059501331963,raw_data/run_5365.csv,raw_data/run_5365.json
5366,optimum,2026-10-04 11:38,KAUST2023_N2_C0_CKMC_ESR_v10_0_oxygenless,104.03682671766211,26.163980686668197,10.0,0.6500000000000001,100.0,2341.412674693081,raw_data/run_5366.csv,raw_data/run_5366.json
5367,optimum,2026-10-04 11:38,KAUST2023_N2_C0_CKMC_ESR_v10_0_oxygenless,119.84091868278152,11.018534267125156,100.0,50.0,100.0,4194.841354330872,raw_data/run_5367.csv,raw_data/run_5367.json
5368,optimum,2026-10-04 11:38,KAUST2023_N2_C0_CKMC_ESR_v10_0_oxygenless,132.38341924111234,102.36577630469918,200.0,50.0,1.0,3771.747836465824,raw_data/run_5368.csv,raw_data/run_5368.json
5369,optimum,2026-10-04 11:38,KAUST2023_N2_C0_CKMC_ESR_v10_0_oxygenless,119.77666653984626,80.56784000380452,200.0,50.0,2.0,3354.132936725341,raw_data/run_5369.csv,raw_data/run_5369.json
5370,optimum,2026-10-04 11:38,KAUST2023_N2_C0_CKMC_ESR_v10_0_oxygenless,110.94013046944099,69.36338602641293,200.0,50.0,3.0,3166.5643862514025,raw_data/run_5370.csv,raw_data/run_5370.json
5371,optimum,2026-10-04 11:38,KAUST2023_N2_C0_CKMC_ESR_v10_0_oxygenless,103.07249670623452,61.376266853423274,200.0,50.0,4.0,3067.5948722334388,raw_data/run_5371.csv,raw_data/run_5371.json
5372,optimum,2026-10-04 11:38,KAUST2023_N2_C0_CKMC_ESR_v10_0_oxygenless,96.3425177447701,55.78078543976587,200.0,50.0,5.0,3017.7898685681043,raw_data/run_5372.csv,raw_data/run_5372.json
5373,optimum,2026-10-04 11:38,KAUST2023_N2_C0_CKMC_ESR_v10_0_oxygenless,77.27847044269726,40.711550571211816,200.0,50.0,10.0,3132.4656012973946,raw_data/run_5373.csv,raw_data/run_5373.json
5374,optimum,2026-10-04 11:38,KAUST2023_N2_C0_CKMC_ESR_v10_0_oxygenless,52.08386004179596,22.044055726392003,200.0,50.0,20.0,3713.3798227807733,raw_data/run_5374.csv,raw_data/run_5374.json
5375,optimum,2026-10-04 11:38,KAUST2023_N2_C0_CKMC_ESR_v10_0_oxygenless,79.25942685627393,12.636883476026615,200.0,50.0,50.0,4614.024401718966,raw_data/run_5375.csv,raw_data/run_5375.json
5376,optimum,2026-10-04 11:38,KAUST2023_N2_C0_CKMC_ESR_v10_0_oxygenless,131.2438799349846,8.283687200321092,200.0,50.0,100.0,5347.442188727211,raw_data/run_5376.csv,raw_data/run_5376.json
5377,optimum,2026-10-04 11:38,KAUST2023_N2_C0_CKMC_ESR_v10_0_oxygenless,36.63487173444642,543.7845318476876,20.0,0.6500000000000001,1.0,2150.3366704441837,raw_data/run_5377.csv,raw_data/run_5377.json
5378,optimum,2026-10-04 11:38,KAUST2023_N2_C0_CKMC_ESR_v10_0_oxygenless,25.02357178031755,366.0705034957236,20.0,0.6500000000000001,2.0,1830.6759667877154,raw_data/run_5378.csv,raw_data/run_5378.json
5379,optimum,2026-10-04 11:38,KAUST2023_N2_C0_CKMC_ESR_v10_0_oxygenless,19.388564879129774,284.17028568081884,20.0,0.6500000000000001,3.0,1784.0939789819308,raw_data/run_5379.csv,raw_data/run_5379.json
5380,optimum,2026-10-04 11:38,KAUST2023_N2_C0_CKMC_ESR_v10_0_oxygenless,8.413355592477643,131.11364968637807,20.0,0.6500000000000001,4.0,1774.1415171582703,raw_data/run_5380.csv,raw_data/run_5380.json
5381,optimum,2026-10-04 11:38,KAUST2023_N2_C0_CKMC_ESR_v10_0_oxygenless,9.909710766661512,129.85252118529985,20.0,0.6500000000000001,5.0,1789.8542181058326,raw_data/run_5381.csv,raw_data/run_5381.json
5382,optimum,2026-10-04 11:38,KAUST2023_N2_C0_CKMC_ESR_v10_0_oxygenless,14.355036695806717,82.36577821848654,20.0,0.6500000000000001,10.0,1985.3066066193235,raw_data/run_5382.csv,raw_data/run_5382.json
5383,optimum,2026-10-04 11:38,KAUST2023_N2_C0_CKMC_ESR_v10_0_oxygenless,21.61833091731367,370.5558948016207,1.0,0.6500000000000001,20.0,1480.9824593948133,raw_data/run_5383.csv,raw_data/run_5383.json
5384,optimum,2026-10-04 11:38,KAUST2023_N2_C0_CKMC_ESR_v10_0_oxygenless,24.308141726549106,49.431573106259805,20.0,0.6500000000000001,20.0,2186.3352863101286,raw_data/run_5384.csv,raw_data/run_5384.json
5385,optimum,2026-10-04 11:38,KAUST2023_N2_C0_CKMC_ESR_v10_0_oxygenless,55.03943068902435,28.34048839439653,20.0,0.6500000000000001,50.0,2471.380503175329,raw_data/run_5385.csv,raw_data/run_5385.json
5386,optimum,2026-10-04 11:38,KAUST2023_N2_C0_CKMC_ESR_v10_0_oxygenless,105.8998355299196,19.202271223224216,20.0,0.6500000000000001,100.0,2724.14641494179,raw_data/run_5386.csv,raw_data/run_5386.json
5387,optimum,2026-10-04 11:38,KAUST2023_N2_C0_CKMC_ESR_v10_0_oxygenless,37.26233455912575,436.71126371624183,25.0,0.6500000000000001,1.0,2244.370745873557,raw_data/run_5387.csv,raw_data/run_5387.json
5388,optimum,2026-10-04 11:38,KAUST2023_N2_C0_CKMC_ESR_v10_0_oxygenless,26.24366217784056,299.5732368424181,25.0,0.6500000000000001,2.0,1908.2985028612136,raw_data/run_5388.csv,raw_data/run_5388.json
5389,optimum,2026-10-04 11:38,KAUST2023_N2_C0_CKMC_ESR_v10_0_oxygenless,21.797430285419885,242.84867626915553,25.0,0.6500000000000001,3.0,1846.322137351668,raw_data/run_5389.csv,raw_data/run_5389.json
5390,optimum,2026-10-04 11:38,KAUST2023_N2_C0_CKMC_ESR_v10_0_oxygenless,20.32560753921807,215.09787483511832,25.0,0.6500000000000001,4.0,1890.857718235129,raw_data/run_5390.csv,raw_data/run_5390.json
5391,optimum,2026-10-04 11:38,KAUST2023_N2_C0_CKMC_ESR_v10_0_oxygenless,10.327965206838323,108.77907750544942,25.0,0.6500000000000001,5.0,1859.5783573650572,raw_data/run_5391.csv,raw_data/run_5391.json
5392,optimum,2026-10-04 11:38,KAUST2023_N2_C0_CKMC_ESR_v10_0_oxygenless,14.819879800143887,71.43668311834064,25.0,0.6500000000000001,10.0,2060.933284488348,raw_data/run_5392.csv,raw_data/run_5392.json
5393,optimum,2026-10-04 11:38,KAUST2023_N2_C0_CKMC_ESR_v10_0_oxygenless,24.967108971058252,45.033324238748285,25.0,0.6500000000000001,20.0,2284.5334521753475,raw_data/run_5393.csv,raw_data/run_5393.json
5394,optimum,2026-10-04 11:38,KAUST2023_N2_C0_CKMC_ESR_v10_0_oxygenless,51.75513665343067,191.6104860907233,1.0,0.6500000000000001,50.0,1613.6259447129378,raw_data/run_5394.csv,raw_data/run_5394.json
5395,optimum,2026-10-04 11:38,KAUST2023_N2_C0_CKMC_ESR_v10_0_oxygenless,55.632309915576094,25.16052459143894,25.0,0.6500000000000001,50.0,2599.705251873655,raw_data/run_5395.csv,raw_data/run_5395.json
5396,optimum,2026-10-04 11:38,KAUST2023_N2_C0_CKMC_ESR_v10_0_oxygenless,106.60522279818392,17.052402239999388,25.0,0.6500000000000001,100.0,2878.5250088516455,raw_data/run_5396.csv,raw_data/run_5396.json
5397,optimum,2026-10-04 11:38,KAUST2023_N2_C0_CKMC_ESR_v10_0_oxygenless,10.293938012662537,147.98523575087407,30.0,0.6500000000000001,1.0,2286.929406332443,raw_data/run_5397.csv,raw_data/run_5397.json
5398,optimum,2026-10-04 11:38,KAUST2023_N2_C0_CKMC_ESR_v10_0_oxygenless,27.795112270070796,257.26861119575324,30.0,0.6500000000000001,2.0,1975.0281035041833,raw_data/run_5398.csv,raw_data/run_5398.json
5399,optimum,2026-10-04 11:38,KAUST2023_N2_C0_CKMC_ESR_v10_0_oxygenless,23.02274432741619,208.8933416392047,30.0,0.6500000000000001,3.0,1901.6704451611963,raw_data/run_5399.csv,raw_data/run_5399.json
5400,optimum,2026-10-04 11:38,KAUST2023_N2_C0_CKMC_ESR_v10_0_oxygenless,21.303106849582903,183.90516292362756,30.0,0.6500000000000001,4.0,1935.4340327249595,raw_data/run_5400.csv,raw_data/run_5400.json
5401,optimum,2026-10-04 11:38,KAUST2023_N2_C0_CKMC_ESR_v10_0_oxygenless,10.765503196456883,94.69216277489488,30.0,0.6500000000000001,5.0,1926.75260397867,raw_data/run_5401.csv,raw_data/run_5401.json
5402,optimum,2026-10-04 11:38,KAUST2023_N2_C0_CKMC_ESR_v10_0_oxygenless,15.679173699528437,68.25317994000196,30.0,0.6500000000000001,10.0,2130.57897977653,raw_data/run_5402.csv,raw_data/run_5402.json
5403,optimum,2026-10-04 11:38,KAUST2023_N2_C0_CKMC_ESR_v10_0_oxygenless,25.419465631865865,40.27265667179496,30.0,0.6500000000000001,20.0,2372.6874943329617,raw_data/run_5403.csv,raw_data/run_5403.json
5404,optimum,2026-10-04 11:38,KAUST2023_N2_C0_CKMC_ESR_v10_0_oxygenless,56.45550293604332,23.95422990478709,30.0,0.6500000000000001,50.0,2715.861880324962,raw_data/run_5404.csv,raw_data/run_5404.json
5405,optimum,2026-10-04 11:38,KAUST2023_N2_C0_CKMC_ESR_v10_0_oxygenless,101.85838514385654,116.49045990604141,1.0,0.6500000000000001,100.0,1721.183370394921,raw_data/run_5405.csv,raw_data/run_5405.json
5406,optimum,2026-10-04 11:38,KAUST2023_N2_C0_CKMC_ESR_v10_0_oxygenless,107.20871920830221,15.576896982566813,30.0,0.6500000000000001,100.0,3017.5897746932033,raw_data/run_5406.csv,raw_data/run_5406.json
5407,optimum,2026-10-04 11:38,KAUST2023_N2_C0_CKMC_ESR_v10_0_oxygenless,19.586556846560768,130.6825796306771,50.0,0.6500000000000001,1.0,2427.2949773436544,raw_data/run_5407.csv,raw_data/run_5407.json
5408,optimum,2026-10-04 11:38,KAUST2023_N2_C0_CKMC_ESR_v10_0_oxygenless,29.45875562194262,156.0245520792234,50.0,0.6500000000000001,2.0,2175.3521589838133,raw_data/run_5408.csv,raw_data/run_5408.json
5409,optimum,2026-10-04 11:39,KAUST2023_N2_C0_CKMC_ESR_v10_0_oxygenless,28.17622131571584,138.9897130433775,50.0,0.6500000000000001,3.0,2080.652203065929,raw_data/run_5409.csv,raw_data/run_5409.json
5410,optimum,2026-10-04 11:39,KAUST2023_N2_C0_CKMC_ESR_v10_0_oxygenless,25.757608911879178,122.60968142074199,50.0,0.6500000000000001,4.0,2087.4836178921923,raw_data/run_5410.csv,raw_data/run_5410.json
5411,optimum,2026-10-04 11:39,KAUST2023_N2_C0_CKMC_ESR_v10_0_oxygenless,25.17114599166375,113.30120431816083,50.0,0.6500000000000001,5.0,2150.713578829931,raw_data/run_5411.csv,raw_data/run_5411.json
5412,optimum,2026-10-04 11:39,KAUST2023_N2_C0_CKMC_ESR_v10_0_oxygenless,17.44483775668614,49.74913849473403,50.0,0.6500000000000001,10.0,2353.746131362269,raw_data/run_5412.csv,raw_data/run_5412.json
5413,optimum,2026-10-04 11:39,KAUST2023_N2_C0_CKMC_ESR_v10_0_oxygenless,27.550037651310543,32.58692617376345,50.0,0.6500000000000001,20.0,2659.074764160121,raw_data/run_5413.csv,raw_data/run_5413.json
5414,optimum,2026-10-04 11:39,KAUST2023_N2_C0_CKMC_ESR_v10_0_oxygenless,58.616367465385686,18.94855299417416,50.0,0.6500000000000001,50.0,3094.9219307859075,raw_data/run_5414.csv,raw_data/run_5414.json
5415,optimum,2026-10-04 11:39,KAUST2023_N2_C0_CKMC_ESR_v10_0_oxygenless,109.91927936416134,12.802447001711842,50.0,0.6500000000000001,100.0,3471.7677357512193,raw_data/run_5415.csv,raw_data/run_5415.json
5416,optimum,2026-10-04 11:39,KAUST2023_N2_C0_CKMC_ESR_v10_0_oxygenless,1.8291489590418921,735.2463558738849,2.0,0.6500000000000001,1.0,1723.7152375173987,raw_data/run_5416.csv,raw_data/run_5416.json
5417,optimum,2026-10-04 11:39,KAUST2023_N2_C0_CKMC_ESR_v10_0_oxygenless,40.07901951429449,100.36335568050558,100.0,0.6500000000000001,1.0,2796.5681170204275,raw_data/run_5417.csv,raw_data/run_5417.json
5418,optimum,2026-10-04 11:39,KAUST2023_N2_C0_CKMC_ESR_v10_0_oxygenless,39.06124976042372,87.70889828681506,100.0,0.6500000000000001,2.0,2526.851031691609,raw_data/run_5418.csv,raw_data/run_5418.json
5419,optimum,2026-10-04 11:39,KAUST2023_N2_C0_CKMC_ESR_v10_0_oxygenless,38.20020945829444,80.20522415409255,100.0,0.6500000000000001,3.0,2414.693292571278,raw_data/run_5419.csv,raw_data/run_5419.json
5420,optimum,2026-10-04 11:39,KAUST2023_N2_C0_CKMC_ESR_v10_0_oxygenless,36.70980299002076,73.67020830285558,100.0,0.6500000000000001,4.0,2388.8597201775315,raw_data/run_5420.csv,raw_data/run_5420.json
5421,optimum,2026-10-04 11:39,KAUST2023_N2_C0_CKMC_ESR_v10_0_oxygenless,35.94785378989829,69.04175273580988,100.0,0.6500000000000001,5.0,2416.761030411808,raw_data/run_5421.csv,raw_data/run_5421.json
5422,optimum,2026-10-04 11:39,KAUST2023_N2_C0_CKMC_ESR_v10_0_oxygenless,23.51790526750956,37.044909736039614,100.0,0.6500000000000001,10.0,2733.4370648904637,raw_data/run_5422.csv,raw_data/run_5422.json
5423,optimum,2026-10-04 11:39,KAUST2023_N2_C0_CKMC_ESR_v10_0_oxygenless,32.10370597226154,24.42789466241915,100.0,0.6500000000000001,20.0,3157.080419477784,raw_data/run_5423.csv,raw_data/run_5423.json
5424,optimum,2026-10-04 11:39,KAUST2023_N2_C0_CKMC_ESR_v10_0_oxygenless,63.17400213591912,14.023784309436222,100.0,0.6500000000000001,50.0,3766.7062166383994,raw_data/run_5424.csv,raw_data/run_5424.json
5425,optimum,2026-10-04 11:39,KAUST2023_N2_C0_CKMC_ESR_v10_0_oxygenless,114.88844360301016,9.511440665897972,100.0,0.6500000000000001,100.0,4273.530517167589,raw_data/run_5425.csv,raw_data/run_5425.json
5426,optimum,2026-10-04 11:39,KAUST2023_N2_C0_CKMC_ESR_v10_0_oxygenless,74.30631794171103,72.34348834675959,200.0,0.6500000000000001,1.0,3521.432675693352,raw_data/run_5426.csv,raw_data/run_5426.json
5427,optimum,2026-10-07 09:40,KAUST2023_N2_C0_CKMC_ESR_v10_0_oxygenless,1.0168516997885073,146.08182973552582,0.1,0.6500000000000001,1.0,2488.332679359535,raw_data/run_5427.csv,raw_data/run_5427.json
5428,optimum,2026-10-07 09:40,KAUST2023_N2_C0_CKMC_ESR_v10_0_oxygenless,2.0220858766837204,121.01445263359454,0.1,0.6500000000000001,2.0,2464.4635429422583,raw_data/run_5428.csv,raw_data/run_5428.json
5429,optimum,2026-10-07 09:40,KAUST2023_N2_C0_CKMC_ESR_v10_0_oxygenless,2.0374072968399477,123.18363575676469,0.2,0.6500000000000001,2.0,2401.148266658659,raw_data/run_5429.csv,raw_data/run_5429.json
5430,optimum,2026-10-07 09:40,KAUST2023_N2_C0_CKMC_ESR_v10_0_oxygenless,2.0390231051605303,125.41872699579795,0.2,4.999999999999999,2.0,2087.8177297150482,raw_data/run_5430.csv,raw_data/run_5430.json
5431,optimum,2026-10-07 09:40,KAUST2023_N2_C0_CKMC_ESR_v10_0_oxygenless,3.0457768466592823,113.54564636400812,0.2,4.999999999999999,3.0,2066.972178339842,raw_data/run_5431.csv,raw_data/run_5431.json
5432,optimum,2026-10-07 09:40,KAUST2023_N2_C0_CKMC_ESR_v10_0_oxygenless,4.246588793522495,999.4287322913948,0.2,4.999999999999999,4.0,1773.1207965906815,raw_data/run_5432.csv,raw_data/run_5432.json
5433,optimum,2026-10-07 09:40,KAUST2023_N2_C0_CKMC_ESR_v10_0_oxygenless,5.285670556113422,959.1700701873133,0.2,4.999999999999999,5.0,1012.1928461858158,raw_data/run_5433.csv,raw_data/run_5433.json
5434,optimum,2026-10-07 09:40,KAUST2023_N2_C0_CKMC_ESR_v10_0_oxygenless,10.522864176364873,998.5334156933337,0.2,4.999999999999999,10.0,1127.353463106398,raw_data/run_5434.csv,raw_data/run_5434.json
5435,optimum,2026-10-07 09:40,KAUST2023_N2_C0_CKMC_ESR_v10_0_oxygenless,20.76081237144277,800.8846926214496,0.2,4.999999999999999,20.0,822.6963913742669,raw_data/run_5435.csv,raw_data/run_5435.json
5436,optimum,2026-10-07 09:40,KAUST2023_N2_C0_CKMC_ESR_v10_0_oxygenless,27.621825396313064,169.8939594156951,0.2,4.999999999999999,50.0,1.8778549872318146e+97,raw_data/run_5436.csv,raw_data/run_5436.json
5437,optimum,2026-10-07 09:40,KAUST2023_N2_C0_CKMC_ESR_v10_0_oxygenless,71.08281706936555,989.2884124610645,0.2,4.999999999999999,100.0,3.9203606786247617e+104,raw_data/run_5437.csv,raw_data/run_5437.json
5438,optimum,2026-10-07 09:40,KAUST2023_N2_C0_CKMC_ESR_v10_0_oxygenless,1.0539116391821337,170.31236882948352,0.4,4.999999999999999,1.0,2043.53790173246,raw_data/run_5438.csv,raw_data/run_5438.json
5439,optimum,2026-10-07 09:40,KAUST2023_N2_C0_CKMC_ESR_v10_0_oxygenless,2.0707843401805777,143.44367167200156,0.4,4.999999999999999,2.0,2001.6020578369462,raw_data/run_5439.csv,raw_data/run_5439.json
5440,optimum,2026-10-07 09:40,KAUST2023_N2_C0_CKMC_ESR_v10_0_oxygenless,3.044873045773182,116.73384417720746,0.2,0.6500000000000001,3.0,2378.688068458098,raw_data/run_5440.csv,raw_data/run_5440.json
5441,optimum,2026-10-07 09:40,KAUST2023_N2_C0_CKMC_ESR_v10_0_oxygenless,3.0847708908711695,137.09560511817753,0.4,4.999999999999999,3.0,1970.2322574565562,raw_data/run_5441.csv,raw_data/run_5441.json
5442,optimum,2026-10-07 09:40,KAUST2023_N2_C0_CKMC_ESR_v10_0_oxygenless,4.48898779373871,998.9016090645615,0.4,4.999999999999999,4.0,987.9559560301767,raw_data/run_5442.csv,raw_data/run_5442.json
5443,optimum,2026-10-07 09:40,KAUST2023_N2_C0_CKMC_ESR_v10_0_oxygenless,5.581267510414333,944.4716810688346,0.4,4.999999999999999,5.0,896.0804144722085,raw_data/run_5443.csv,raw_data/run_5443.json
5444,optimum,2026-10-07 09:40,KAUST2023_N2_C0_CKMC_ESR_v10_0_oxygenless,11.046963584679851,990.4721125145546,0.4,4.999999999999999,10.0,1027.6090442685424,raw_data/run_5444.csv,raw_data/run_5444.json
5445,optimum,2026-10-07 09:40,KAUST2023_N2_C0_CKMC_ESR_v10_0_oxygenless,21.59725049358545,851.0207040269897,0.4,4.999999999999999,20.0,964.3965541910437,raw_data/run_5445.csv,raw_data/run_5445.json
5446,optimum,2026-10-07 09:40,KAUST2023_N2_C0_CKMC_ESR_v10_0_oxygenless,51.340529982266744,339.8928135318852,0.4,4.999999999999999,50.0,1015.8133393718072,raw_data/run_5446.csv,raw_data/run_5446.json
5447,optimum,2026-10-07 09:40,KAUST2023_N2_C0_CKMC_ESR_v10_0_oxygenless,101.59949393191302,231.08834430315963,0.4,4.999999999999999,100.0,1285.4953159183315,raw_data/run_5447.csv,raw_data/run_5447.json
5448,optimum,2026-10-07 09:40,KAUST2023_N2_C0_CKMC_ESR_v10_0_oxygenless,1.0765200494851463,177.8785952138249,0.6,4.999999999999999,1.0,1988.1852874214853,raw_data/run_5448.csv,raw_data/run_5448.json
5449,optimum,2026-10-07 09:40,KAUST2023_N2_C0_CKMC_ESR_v10_0_oxygenless,2.4314280313836307,999.6521058946778,0.6,4.999999999999999,2.0,1364.3890335310166,raw_data/run_5449.csv,raw_data/run_5449.json
5450,optimum,2026-10-07 09:40,KAUST2023_N2_C0_CKMC_ESR_v10_0_oxygenless,3.569547509026195,937.2284910460462,0.6,4.999999999999999,3.0,891.1185384799579,raw_data/run_5450.csv,raw_data/run_5450.json
5451,optimum,2026-10-07 09:40,KAUST2023_N2_C0_CKMC_ESR_v10_0_oxygenless,4.050987180307081,110.61025264434947,0.2,0.6500000000000001,4.0,2362.2430424971844,raw_data/run_5451.csv,raw_data/run_5451.json
5452,optimum,2026-10-07 09:40,KAUST2023_N2_C0_CKMC_ESR_v10_0_oxygenless,4.692834180164008,883.4991481553685,0.6,4.999999999999999,4.0,960.1199327744331,raw_data/run_5452.csv,raw_data/run_5452.json
5453,optimum,2026-10-07 09:40,KAUST2023_N2_C0_CKMC_ESR_v10_0_oxygenless,5.887368715440357,990.0196726925208,0.6,4.999999999999999,5.0,934.3585464904232,raw_data/run_5453.csv,raw_data/run_5453.json
5454,optimum,2026-10-07 09:40,KAUST2023_N2_C0_CKMC_ESR_v10_0_oxygenless,11.428367001231708,893.6699069917274,0.6,4.999999999999999,10.0,913.3584893471711,raw_data/run_5454.csv,raw_data/run_5454.json
5455,optimum,2026-10-07 09:40,KAUST2023_N2_C0_CKMC_ESR_v10_0_oxygenless,21.505430937527468,549.3659435233819,0.6,4.999999999999999,20.0,1031.9102083392777,raw_data/run_5455.csv,raw_data/run_5455.json
5456,optimum,2026-10-07 09:40,KAUST2023_N2_C0_CKMC_ESR_v10_0_oxygenless,51.57450600499338,271.7609808125763,0.6,4.999999999999999,50.0,1257.145272851242,raw_data/run_5456.csv,raw_data/run_5456.json
5457,optimum,2026-10-07 09:40,KAUST2023_N2_C0_CKMC_ESR_v10_0_oxygenless,101.71459412837007,169.7203641945145,0.6,4.999999999999999,100.0,1347.182185016402,raw_data/run_5457.csv,raw_data/run_5457.json
5458,optimum,2026-10-07 09:40,KAUST2023_N2_C0_CKMC_ESR_v10_0_oxygenless,1.365165369948705,998.1787403105843,0.8,4.999999999999999,1.0,1693.75075646515,raw_data/run_5458.csv,raw_data/run_5458.json
5459,optimum,2026-10-07 09:40,KAUST2023_N2_C0_CKMC_ESR_v10_0_oxygenless,2.567807207762738,996.8786751169911,0.8,4.999999999999999,2.0,972.6566991283751,raw_data/run_5459.csv,raw_data/run_5459.json
5460,optimum,2026-10-07 09:40,KAUST2023_N2_C0_CKMC_ESR_v10_0_oxygenless,3.792982813017811,999.7910507850496,0.8,4.999999999999999,3.0,1073.8704016533247,raw_data/run_5460.csv,raw_data/run_5460.json
5461,optimum,2026-10-07 09:40,KAUST2023_N2_C0_CKMC_ESR_v10_0_oxygenless,5.006868330661832,999.6583895646617,0.8,4.999999999999999,4.0,1023.7921559888524,raw_data/run_5461.csv,raw_data/run_5461.json
5462,optimum,2026-10-07 09:40,KAUST2023_N2_C0_CKMC_ESR_v10_0_oxygenless,5.055576992040007,105.13169708280988,0.2,0.6500000000000001,5.0,2347.0256970034734,raw_data/run_5462.csv,raw_data/run_5462.json
5463,optimum,2026-10-07 09:40,KAUST2023_N2_C0_CKMC_ESR_v10_0_oxygenless,6.210611168283024,981.8373801682512,0.8,4.999999999999999,5.0,936.4907082599069,raw_data/run_5463.csv,raw_data/run_5463.json
5464,optimum,2026-10-07 09:40,KAUST2023_N2_C0_CKMC_ESR_v10_0_oxygenless,11.502563496909083,719.2355614976059,0.8,4.999999999999999,10.0,1095.0721247189315,raw_data/run_5464.csv,raw_data/run_5464.json
5465,optimum,2026-10-07 09:40,KAUST2023_N2_C0_CKMC_ESR_v10_0_oxygenless,21.548362378827267,427.2843592878726,0.8,4.999999999999999,20.0,1180.544069757721,raw_data/run_5465.csv,raw_data/run_5465.json
5466,optimum,2026-10-07 09:40,KAUST2023_N2_C0_CKMC_ESR_v10_0_oxygenless,51.69046017586582,222.0867977301586,0.8,4.999999999999999,50.0,1293.4432105973244,raw_data/run_5466.csv,raw_data/run_5466.json
5467,optimum,2026-10-07 09:40,KAUST2023_N2_C0_CKMC_ESR_v10_0_oxygenless,101.81281709337978,136.63563917858286,0.8,4.999999999999999,100.0,1384.9458217913489,raw_data/run_5467.csv,raw_data/run_5467.json
5468,optimum,2026-10-07 09:40,KAUST2023_N2_C0_CKMC_ESR_v10_0_oxygenless,1.018573749824582,155.8223505615557,0.1,10.0,1.0,2227.558022512861,raw_data/run_5468.csv,raw_data/run_5468.json
5469,optimum,2026-10-07 09:40,KAUST2023_N2_C0_CKMC_ESR_v10_0_oxygenless,2.023713917619158,124.79497393610639,0.1,10.0,2.0,2196.5462172454813,raw_data/run_5469.csv,raw_data/run_5469.json
5470,optimum,2026-10-07 09:40,KAUST2023_N2_C0_CKMC_ESR_v10_0_oxygenless,3.0275919443657795,111.26956425278102,0.1,10.0,3.0,2177.5307020880314,raw_data/run_5470.csv,raw_data/run_5470.json
5471,optimum,2026-10-07 09:40,KAUST2023_N2_C0_CKMC_ESR_v10_0_oxygenless,4.030650486648191,100.68093940525235,0.1,10.0,4.0,2163.3279316837584,raw_data/run_5471.csv,raw_data/run_5471.json
5472,optimum,2026-10-07 09:40,KAUST2023_N2_C0_CKMC_ESR_v10_0_oxygenless,5.033603478628704,96.55013200260616,0.1,10.0,5.0,2151.8049422338604,raw_data/run_5472.csv,raw_data/run_5472.json
5473,optimum,2026-10-07 09:40,KAUST2023_N2_C0_CKMC_ESR_v10_0_oxygenless,10.496675677766168,981.4333607125634,0.2,0.6500000000000001,10.0,1019.6789798722925,raw_data/run_5473.csv,raw_data/run_5473.json
5474,optimum,2026-10-07 09:40,KAUST2023_N2_C0_CKMC_ESR_v10_0_oxygenless,10.043657946854104,78.69402953263808,0.1,10.0,10.0,2112.7908516857524,raw_data/run_5474.csv,raw_data/run_5474.json
5475,optimum,2026-10-07 09:40,KAUST2023_N2_C0_CKMC_ESR_v10_0_oxygenless,20.3906084668701,820.1903257825487,0.1,10.0,20.0,816.6653011203006,raw_data/run_5475.csv,raw_data/run_5475.json
5476,optimum,2026-10-07 09:40,KAUST2023_N2_C0_CKMC_ESR_v10_0_oxygenless,50.08531841409199,55.25824950985504,0.1,10.0,50.0,1994.8637649227505,raw_data/run_5476.csv,raw_data/run_5476.json
5477,optimum,2026-10-07 09:40,KAUST2023_N2_C0_CKMC_ESR_v10_0_oxygenless,21.651319120239975,43.96737359572216,0.1,10.0,100.0,2.1724908005630795e+106,raw_data/run_5477.csv,raw_data/run_5477.json
5478,optimum,2026-10-07 09:40,KAUST2023_N2_C0_CKMC_ESR_v10_0_oxygenless,1.0314409185683935,160.2942599917531,0.2,10.0,1.0,2157.269951801488,raw_data/run_5478.csv,raw_data/run_5478.json
5479,optimum,2026-10-07 09:40,KAUST2023_N2_C0_CKMC_ESR_v10_0_oxygenless,2.0410646868075433,133.59480873210458,0.2,10.0,2.0,2122.7340250991465,raw_data/run_5479.csv,raw_data/run_5479.json
5480,optimum,2026-10-07 09:40,KAUST2023_N2_C0_CKMC_ESR_v10_0_oxygenless,3.0478306729649347,119.4214282174586,0.2,10.0,3.0,2098.895256617762,raw_data/run_5480.csv,raw_data/run_5480.json
5481,optimum,2026-10-07 09:40,KAUST2023_N2_C0_CKMC_ESR_v10_0_oxygenless,4.248158419874471,999.8407471038422,0.2,10.0,4.0,1749.9828417448093,raw_data/run_5481.csv,raw_data/run_5481.json
5482,optimum,2026-10-07 09:40,KAUST2023_N2_C0_CKMC_ESR_v10_0_oxygenless,5.297092903367166,999.8094260527926,0.2,10.0,5.0,1547.5066067021721,raw_data/run_5482.csv,raw_data/run_5482.json
5483,optimum,2026-10-07 09:40,KAUST2023_N2_C0_CKMC_ESR_v10_0_oxygenless,10.079111413984945,93.37738088346512,0.2,10.0,10.0,2010.6905792188256,raw_data/run_5483.csv,raw_data/run_5483.json
5484,optimum,2026-10-07 09:40,KAUST2023_N2_C0_CKMC_ESR_v10_0_oxygenless,20.760218460171025,818.8188310279708,0.2,0.6500000000000001,20.0,1017.6535360791703,raw_data/run_5484.csv,raw_data/run_5484.json
5485,optimum,2026-10-07 09:40,KAUST2023_N2_C0_CKMC_ESR_v10_0_oxygenless,20.687504879794627,732.6947242148073,0.2,10.0,20.0,765.7065211310579,raw_data/run_5485.csv,raw_data/run_5485.json
5486,optimum,2026-10-07 09:40,KAUST2023_N2_C0_CKMC_ESR_v10_0_oxygenless,50.79846914798343,401.47911728391944,0.2,10.0,50.0,903.6495045258308,raw_data/run_5486.csv,raw_data/run_5486.json
5487,optimum,2026-10-07 09:40,KAUST2023_N2_C0_CKMC_ESR_v10_0_oxygenless,11.22493759751896,604.9051163011521,0.2,10.0,100.0,5.229259766501362e+109,raw_data/run_5487.csv,raw_data/run_5487.json
5488,optimum,2026-10-07 09:40,KAUST2023_N2_C0_CKMC_ESR_v10_0_oxygenless,1.056751317878574,182.61417082191946,0.4,10.0,1.0,2072.780525684,raw_data/run_5488.csv,raw_data/run_5488.json
5489,optimum,2026-10-07 09:40,KAUST2023_N2_C0_CKMC_ESR_v10_0_oxygenless,2.073502177578905,150.53618082744984,0.4,10.0,2.0,2026.0258849611016,raw_data/run_5489.csv,raw_data/run_5489.json
5490,optimum,2026-10-07 09:40,KAUST2023_N2_C0_CKMC_ESR_v10_0_oxygenless,3.389731440745303,999.6968247523114,0.4,10.0,3.0,1370.6016146244622,raw_data/run_5490.csv,raw_data/run_5490.json
5491,optimum,2026-10-07 09:40,KAUST2023_N2_C0_CKMC_ESR_v10_0_oxygenless,4.488668344660743,992.2303804947958,0.4,10.0,4.0,937.4252432619696,raw_data/run_5491.csv,raw_data/run_5491.json
5492,optimum,2026-10-07 09:40,KAUST2023_N2_C0_CKMC_ESR_v10_0_oxygenless,5.591825971490942,999.7641176808527,0.4,10.0,5.0,1119.8551346500192,raw_data/run_5492.csv,raw_data/run_5492.json
5493,optimum,2026-10-07 09:40,KAUST2023_N2_C0_CKMC_ESR_v10_0_oxygenless,11.00681224307826,968.6816035650957,0.4,10.0,10.0,812.4556964964622,raw_data/run_5493.csv,raw_data/run_5493.json
5494,optimum,2026-10-07 09:40,KAUST2023_N2_C0_CKMC_ESR_v10_0_oxygenless,21.320365871405237,705.3726006233583,0.4,10.0,20.0,1076.1079160751833,raw_data/run_5494.csv,raw_data/run_5494.json
5495,optimum,2026-10-07 09:40,KAUST2023_N2_C0_CKMC_ESR_v10_0_oxygenless,50.79762657623602,414.6660773298372,0.2,0.6500000000000001,50.0,1059.3662800914815,raw_data/run_5495.csv,raw_data/run_5495.json
5496,optimum,2026-10-07 09:40,KAUST2023_N2_C0_CKMC_ESR_v10_0_oxygenless,51.492431152056966,381.02745061581965,0.4,10.0,50.0,947.6595549669443,raw_data/run_5496.csv,raw_data/run_5496.json
5497,optimum,2026-10-07 09:40,KAUST2023_N2_C0_CKMC_ESR_v10_0_oxygenless,13.131548122459613,47.476474437274625,0.4,10.0,100.0,1.7071232486332585e+107,raw_data/run_5497.csv,raw_data/run_5497.json
5498,optimum,2026-10-07 09:40,KAUST2023_N2_C0_CKMC_ESR_v10_0_oxygenless,1.2676055358658052,999.8434538422165,0.6,10.0,1.0,1885.002132430025,raw_data/run_5498.csv,raw_data/run_5498.json
5499,optimum,2026-10-07 09:40,KAUST2023_N2_C0_CKMC_ESR_v10_0_oxygenless,2.4414468150215445,982.2417788623314,0.6,10.0,2.0,981.3310000714336,raw_data/run_5499.csv,raw_data/run_5499.json
5500,optimum,2026-10-07 09:40,KAUST2023_N2_C0_CKMC_ESR_v10_0_oxygenless,3.5987418645833804,999.7692944578054,0.6,10.0,3.0,1141.4358668295692,raw_data/run_5500.csv,raw_data/run_5500.json
5501,optimum,2026-10-07 09:40,KAUST2023_N2_C0_CKMC_ESR_v10_0_oxygenless,4.754113336934198,999.5803796446414,0.6,10.0,4.0,1054.5656089576225,raw_data/run_5501.csv,raw_data/run_5501.json
5502,optimum,2026-10-07 09:40,KAUST2023_N2_C0_CKMC_ESR_v10_0_oxygenless,5.894120625931073,995.8337047328463,0.6,10.0,5.0,812.55666723618,raw_data/run_5502.csv,raw_data/run_5502.json
5503,optimum,2026-10-07 09:40,KAUST2023_N2_C0_CKMC_ESR_v10_0_oxygenless,11.368763395769761,850.5392108950568,0.6,10.0,10.0,1001.2864883900979,raw_data/run_5503.csv,raw_data/run_5503.json
5504,optimum,2026-10-07 09:40,KAUST2023_N2_C0_CKMC_ESR_v10_0_oxygenless,21.452824509917196,525.4942827482411,0.6,10.0,20.0,1121.594227294337,raw_data/run_5504.csv,raw_data/run_5504.json
5505,optimum,2026-10-07 09:40,KAUST2023_N2_C0_CKMC_ESR_v10_0_oxygenless,51.63626810275511,280.6516274538696,0.6,10.0,50.0,1231.9694854466627,raw_data/run_5505.csv,raw_data/run_5505.json
5506,optimum,2026-10-07 09:40,KAUST2023_N2_C0_CKMC_ESR_v10_0_oxygenless,37.922399588931015,8.042465306575318,0.2,0.6500000000000001,100.0,4.413637450604363e+102,raw_data/run_5506.csv,raw_data/run_5506.json
5507,optimum,2026-10-07 09:40,KAUST2023_N2_C0_CKMC_ESR_v10_0_oxygenless,101.78002647344445,173.18096592635473,0.6,10.0,100.0,1316.1954603248478,raw_data/run_5507.csv,raw_data/run_5507.json
5508,optimum,2026-10-07 09:40,KAUST2023_N2_C0_CKMC_ESR_v10_0_oxygenless,1.3687016100517522,998.9708729071019,0.8,10.0,1.0,1683.726079182901,raw_data/run_5508.csv,raw_data/run_5508.json
5509,optimum,2026-10-07 09:40,KAUST2023_N2_C0_CKMC_ESR_v10_0_oxygenless,2.5768943518137655,999.6666633434996,0.8,10.0,2.0,1199.5189233282135,raw_data/run_5509.csv,raw_data/run_5509.json
5510,optimum,2026-10-07 09:40,KAUST2023_N2_C0_CKMC_ESR_v10_0_oxygenless,3.7899032841482776,984.413126054524,0.8,10.0,3.0,941.2441968923598,raw_data/run_5510.csv,raw_data/run_5510.json
5511,optimum,2026-10-07 09:40,KAUST2023_N2_C0_CKMC_ESR_v10_0_oxygenless,5.0095454289227455,999.4589323573844,0.8,10.0,4.0,1000.9721655583584,raw_data/run_5511.csv,raw_data/run_5511.json
5512,optimum,2026-10-07 09:40,KAUST2023_N2_C0_CKMC_ESR_v10_0_oxygenless,6.221547379507603,999.8756862950497,0.8,10.0,5.0,992.8593139720253,raw_data/run_5512.csv,raw_data/run_5512.json
5513,optimum,2026-10-07 09:40,KAUST2023_N2_C0_CKMC_ESR_v10_0_oxygenless,11.906607377064109,902.4931539000835,0.8,10.0,10.0,1068.473602236766,raw_data/run_5513.csv,raw_data/run_5513.json
5514,optimum,2026-10-07 09:40,KAUST2023_N2_C0_CKMC_ESR_v10_0_oxygenless,21.549342403754416,425.5512644742488,0.8,10.0,20.0,1155.6671442787565,raw_data/run_5514.csv,raw_data/run_5514.json
5515,optimum,2026-10-07 09:40,KAUST2023_N2_C0_CKMC_ESR_v10_0_oxygenless,51.728889668147986,225.3989402742085,0.8,10.0,50.0,1268.1980141755294,raw_data/run_5515.csv,raw_data/run_5515.json
5516,optimum,2026-10-07 09:40,KAUST2023_N2_C0_CKMC_ESR_v10_0_oxygenless,101.8354072147508,137.5085520130871,0.8,10.0,100.0,1359.4073258090368,raw_data/run_5516.csv,raw_data/run_5516.json
5517,optimum,2026-10-07 09:40,KAUST2023_N2_C0_CKMC_ESR_v10_0_oxygenless,1.0528395419093888,174.25422978089725,0.4,0.6500000000000001,1.0,2356.2079337506552,raw_data/run_5517.csv,raw_data/run_5517.json
5518,optimum,2026-10-07 09:40,KAUST2023_N2_C0_CKMC_ESR_v10_0_oxygenless,1.0234899541730895,209.79576500581172,0.1,50.0,1.0,2774.468833994702,raw_data/run_5518.csv,raw_data/run_5518.json
5519,optimum,2026-10-07 09:40,KAUST2023_N2_C0_CKMC_ESR_v10_0_oxygenless,2.030058610349468,170.2611445464932,0.1,50.0,2.0,2714.031515396776,raw_data/run_5519.csv,raw_data/run_5519.json
5520,optimum,2026-10-07 09:40,KAUST2023_N2_C0_CKMC_ESR_v10_0_oxygenless,3.034726340283969,149.7553265030686,0.1,50.0,3.0,2676.9290681915627,raw_data/run_5520.csv,raw_data/run_5520.json
5521,optimum,2026-10-07 09:40,KAUST2023_N2_C0_CKMC_ESR_v10_0_oxygenless,4.038435577668373,135.35047483671767,0.1,50.0,4.0,2649.6503411377007,raw_data/run_5521.csv,raw_data/run_5521.json
5522,optimum,2026-10-07 09:40,KAUST2023_N2_C0_CKMC_ESR_v10_0_oxygenless,5.042534798205418,133.1338379492909,0.1,50.0,5.0,2628.5276399184786,raw_data/run_5522.csv,raw_data/run_5522.json
5523,optimum,2026-10-07 09:40,KAUST2023_N2_C0_CKMC_ESR_v10_0_oxygenless,10.266753826977883,996.4076649027793,0.1,50.0,10.0,916.8497289759688,raw_data/run_5523.csv,raw_data/run_5523.json
5524,optimum,2026-10-07 09:40,KAUST2023_N2_C0_CKMC_ESR_v10_0_oxygenless,20.384725060562374,793.2817569071688,0.1,50.0,20.0,828.4319291336502,raw_data/run_5524.csv,raw_data/run_5524.json
5525,optimum,2026-10-07 09:40,KAUST2023_N2_C0_CKMC_ESR_v10_0_oxygenless,50.39994000528589,395.66441477282336,0.1,50.0,50.0,1568.01327055784,raw_data/run_5525.csv,raw_data/run_5525.json
5526,optimum,2026-10-07 09:40,KAUST2023_N2_C0_CKMC_ESR_v10_0_oxygenless,100.39970083935332,227.5396338407419,0.1,50.0,100.0,1751.7208812622446,raw_data/run_5526.csv,raw_data/run_5526.json
5527,optimum,2026-10-07 09:40,KAUST2023_N2_C0_CKMC_ESR_v10_0_oxygenless,1.0401737403074653,221.57442435565164,0.2,50.0,1.0,2641.6060664920087,raw_data/run_5527.csv,raw_data/run_5527.json
5528,optimum,2026-10-07 09:40,KAUST2023_N2_C0_CKMC_ESR_v10_0_oxygenless,2.2787706683734394,999.305936720184,0.4,0.6500000000000001,2.0,2002.8515859445874,raw_data/run_5528.csv,raw_data/run_5528.json
5529,optimum,2026-10-07 09:40,KAUST2023_N2_C0_CKMC_ESR_v10_0_oxygenless,2.0515652116463308,182.11237510873244,0.2,50.0,2.0,2574.624168222402,raw_data/run_5529.csv,raw_data/run_5529.json
5530,optimum,2026-10-07 09:40,KAUST2023_N2_C0_CKMC_ESR_v10_0_oxygenless,3.1769808670739565,964.1125987987255,0.2,50.0,3.0,1770.9925255915307,raw_data/run_5530.csv,raw_data/run_5530.json
5531,optimum,2026-10-07 09:40,KAUST2023_N2_C0_CKMC_ESR_v10_0_oxygenless,4.252039568587715,999.9556611458994,0.2,50.0,4.0,1801.5833171796455,raw_data/run_5531.csv,raw_data/run_5531.json
5532,optimum,2026-10-07 09:40,KAUST2023_N2_C0_CKMC_ESR_v10_0_oxygenless,5.300984400273936,999.7603469060615,0.2,50.0,5.0,1581.9401742031207,raw_data/run_5532.csv,raw_data/run_5532.json
5533,optimum,2026-10-07 09:40,KAUST2023_N2_C0_CKMC_ESR_v10_0_oxygenless,10.529080554531436,994.4160217774404,0.2,50.0,10.0,808.3120594959058,raw_data/run_5533.csv,raw_data/run_5533.json
5534,optimum,2026-10-07 09:40,KAUST2023_N2_C0_CKMC_ESR_v10_0_oxygenless,20.571252766889152,597.7760161874544,0.2,50.0,20.0,866.1656806097544,raw_data/run_5534.csv,raw_data/run_5534.json
5535,optimum,2026-10-07 09:40,KAUST2023_N2_C0_CKMC_ESR_v10_0_oxygenless,50.79971991883586,397.820182431941,0.2,50.0,50.0,1208.3101081473285,raw_data/run_5535.csv,raw_data/run_5535.json
5536,optimum,2026-10-07 09:40,KAUST2023_N2_C0_CKMC_ESR_v10_0_oxygenless,78.70723478150934,34.48328277117917,0.2,50.0,100.0,9.2062161045361e+104,raw_data/run_5536.csv,raw_data/run_5536.json
5537,optimum,2026-10-07 09:40,KAUST2023_N2_C0_CKMC_ESR_v10_0_oxygenless,1.1838507484298892,998.5794247338337,0.4,50.0,1.0,2343.669571744612,raw_data/run_5537.csv,raw_data/run_5537.json
5538,optimum,2026-10-07 09:40,KAUST2023_N2_C0_CKMC_ESR_v10_0_oxygenless,2.2985365550437176,999.9734641866168,0.4,50.0,2.0,1740.4654394577299,raw_data/run_5538.csv,raw_data/run_5538.json
5539,optimum,2026-10-07 09:40,KAUST2023_N2_C0_CKMC_ESR_v10_0_oxygenless,3.025513388607649,105.43225997662563,0.1,0.6500000000000001,3.0,2448.3170327091493,raw_data/run_5539.csv,raw_data/run_5539.json
5540,optimum,2026-10-07 09:40,KAUST2023_N2_C0_CKMC_ESR_v10_0_oxygenless,3.3770810559225617,998.8853320618705,0.4,0.6500000000000001,3.0,1674.1867767653177,raw_data/run_5540.csv,raw_data/run_5540.json
5541,optimum,2026-10-07 09:40,KAUST2023_N2_C0_CKMC_ESR_v10_0_oxygenless,3.3955600656572438,999.7740923663544,0.4,50.0,3.0,1406.3248276147422,raw_data/run_5541.csv,raw_data/run_5541.json
5542,optimum,2026-10-07 09:40,KAUST2023_N2_C0_CKMC_ESR_v10_0_oxygenless,4.493309624589342,999.6036777034662,0.4,50.0,4.0,1229.6840219409899,raw_data/run_5542.csv,raw_data/run_5542.json
5543,optimum,2026-10-07 09:40,KAUST2023_N2_C0_CKMC_ESR_v10_0_oxygenless,5.556160961457755,913.9162606411479,0.4,50.0,5.0,966.5970440446371,raw_data/run_5543.csv,raw_data/run_5543.json
5544,optimum,2026-10-07 09:41,KAUST2023_N2_C0_CKMC_ESR_v10_0_oxygenless,11.024451313632404,973.486877705017,0.4,50.0,10.0,849.5818702067312,raw_data/run_5544.csv,raw_data/run_5544.json
5545,optimum,2026-10-07 09:41,KAUST2023_N2_C0_CKMC_ESR_v10_0_oxygenless,21.353558604552468,716.8235461789898,0.4,50.0,20.0,1065.1121886672286,raw_data/run_5545.csv,raw_data/run_5545.json
5546,optimum,2026-10-07 09:41,KAUST2023_N2_C0_CKMC_ESR_v10_0_oxygenless,51.51049902039818,379.4506685475813,0.4,50.0,50.0,941.8232146262977,raw_data/run_5546.csv,raw_data/run_5546.json
5547,optimum,2026-10-07 09:41,KAUST2023_N2_C0_CKMC_ESR_v10_0_oxygenless,37.6599232196116,27.356575966847842,0.4,50.0,100.0,2.7963206184104296e+105,raw_data/run_5547.csv,raw_data/run_5547.json
5548,optimum,2026-10-07 09:41,KAUST2023_N2_C0_CKMC_ESR_v10_0_oxygenless,1.274458116380021,999.931090110841,0.6,50.0,1.0,1979.6671731616761,raw_data/run_5548.csv,raw_data/run_5548.json
5549,optimum,2026-10-07 09:41,KAUST2023_N2_C0_CKMC_ESR_v10_0_oxygenless,2.441269884738914,999.919635998867,0.6,50.0,2.0,1393.6993691049354,raw_data/run_5549.csv,raw_data/run_5549.json
5550,optimum,2026-10-07 09:41,KAUST2023_N2_C0_CKMC_ESR_v10_0_oxygenless,3.6083250680965535,999.9713634032299,0.6,50.0,3.0,1161.8388187726375,raw_data/run_5550.csv,raw_data/run_5550.json
5551,optimum,2026-10-07 09:41,KAUST2023_N2_C0_CKMC_ESR_v10_0_oxygenless,4.4780259907651905,997.8297312558484,0.4,0.6500000000000001,4.0,1158.1661044697491,raw_data/run_5551.csv,raw_data/run_5551.json
5552,optimum,2026-10-07 09:41,KAUST2023_N2_C0_CKMC_ESR_v10_0_oxygenless,4.763508290426548,999.3227152932072,0.6,50.0,4.0,1062.739267267836,raw_data/run_5552.csv,raw_data/run_5552.json
5553,optimum,2026-10-07 09:41,KAUST2023_N2_C0_CKMC_ESR_v10_0_oxygenless,5.912051771353692,999.8477745221087,0.6,50.0,5.0,1017.409059088815,raw_data/run_5553.csv,raw_data/run_5553.json
5554,optimum,2026-10-07 09:41,KAUST2023_N2_C0_CKMC_ESR_v10_0_oxygenless,11.469447113260525,917.5037527166107,0.6,50.0,10.0,1027.9198745511046,raw_data/run_5554.csv,raw_data/run_5554.json
5555,optimum,2026-10-07 09:41,KAUST2023_N2_C0_CKMC_ESR_v10_0_oxygenless,21.49084405422281,529.8732071410353,0.6,50.0,20.0,992.0709397393209,raw_data/run_5555.csv,raw_data/run_5555.json
5556,optimum,2026-10-07 09:41,KAUST2023_N2_C0_CKMC_ESR_v10_0_oxygenless,51.677550283002546,284.30232243140546,0.6,50.0,50.0,1232.609193259076,raw_data/run_5556.csv,raw_data/run_5556.json
5557,optimum,2026-10-07 09:41,KAUST2023_N2_C0_CKMC_ESR_v10_0_oxygenless,101.77881748239852,174.92168350195314,0.6,50.0,100.0,1317.761870007422,raw_data/run_5557.csv,raw_data/run_5557.json
5558,optimum,2026-10-07 09:41,KAUST2023_N2_C0_CKMC_ESR_v10_0_oxygenless,1.3780266214186006,999.2102471765628,0.8,50.0,1.0,1776.0138451414714,raw_data/run_5558.csv,raw_data/run_5558.json
5559,optimum,2026-10-07 09:41,KAUST2023_N2_C0_CKMC_ESR_v10_0_oxygenless,2.5894243588926726,999.836865580259,0.8,50.0,2.0,1235.008975368744,raw_data/run_5559.csv,raw_data/run_5559.json
5560,optimum,2026-10-07 09:41,KAUST2023_N2_C0_CKMC_ESR_v10_0_oxygenless,3.7988549255254793,997.8450788379388,0.8,50.0,3.0,947.4449992406414,raw_data/run_5560.csv,raw_data/run_5560.json
5561,optimum,2026-10-07 09:41,KAUST2023_N2_C0_CKMC_ESR_v10_0_oxygenless,5.020465037928175,999.9310860204112,0.8,50.0,4.0,1002.6839001473886,raw_data/run_5561.csv,raw_data/run_5561.json
5562,optimum,2026-10-07 09:41,KAUST2023_N2_C0_CKMC_ESR_v10_0_oxygenless,5.57531018256105,999.8604675123898,0.4,0.6500000000000001,5.0,1394.786276522717,raw_data/run_5562.csv,raw_data/run_5562.json
5563,optimum,2026-10-07 09:41,KAUST2023_N2_C0_CKMC_ESR_v10_0_oxygenless,6.230642813338593,999.6483039283255,0.8,50.0,5.0,989.6547611374691,raw_data/run_5563.csv,raw_data/run_5563.json
5564,optimum,2026-10-07 09:41,KAUST2023_N2_C0_CKMC_ESR_v10_0_oxygenless,11.59023343114286,750.7452972848084,0.8,50.0,10.0,1062.7354943591242,raw_data/run_5564.csv,raw_data/run_5564.json
5565,optimum,2026-10-07 09:41,KAUST2023_N2_C0_CKMC_ESR_v10_0_oxygenless,21.62293629619171,439.502488280532,0.8,50.0,20.0,1153.816045400564,raw_data/run_5565.csv,raw_data/run_5565.json
5566,optimum,2026-10-07 09:41,KAUST2023_N2_C0_CKMC_ESR_v10_0_oxygenless,51.810443325595166,232.4812421538924,0.8,50.0,50.0,1275.4461671964837,raw_data/run_5566.csv,raw_data/run_5566.json
5567,optimum,2026-10-07 09:41,KAUST2023_N2_C0_CKMC_ESR_v10_0_oxygenless,102.07297826323814,151.9411439660278,0.8,50.0,100.0,1376.8250519267206,raw_data/run_5567.csv,raw_data/run_5567.json
5568,optimum,2026-10-07 09:41,KAUST2023_N2_C0_CKMC_ESR_v10_0_oxygenless,11.0234615883744,999.30026858971,0.4,0.6500000000000001,10.0,1272.5410558857072,raw_data/run_5568.csv,raw_data/run_5568.json
5569,optimum,2026-10-07 09:41,KAUST2023_N2_C0_CKMC_ESR_v10_0_oxygenless,21.580613242127203,855.3895419497159,0.4,0.6500000000000001,20.0,1324.6472184108884,raw_data/run_5569.csv,raw_data/run_5569.json
5570,optimum,2026-10-07 09:41,KAUST2023_N2_C0_CKMC_ESR_v10_0_oxygenless,51.514807094692586,393.04385954286874,0.4,0.6500000000000001,50.0,1473.9823323246621,raw_data/run_5570.csv,raw_data/run_5570.json
5571,optimum,2026-10-07 09:41,KAUST2023_N2_C0_CKMC_ESR_v10_0_oxygenless,101.47982350971432,221.66577463770193,0.4,0.6500000000000001,100.0,1572.8923451985806,raw_data/run_5571.csv,raw_data/run_5571.json
5572,optimum,2026-10-07 09:41,KAUST2023_N2_C0_CKMC_ESR_v10_0_oxygenless,1.2533143864871206,999.4662390040698,0.6,0.6500000000000001,1.0,2204.6989428845986,raw_data/run_5572.csv,raw_data/run_5572.json
5573,optimum,2026-10-07 09:41,KAUST2023_N2_C0_CKMC_ESR_v10_0_oxygenless,2.4231048741591943,999.6362039824263,0.6,0.6500000000000001,2.0,1651.1412688806818,raw_data/run_5573.csv,raw_data/run_5573.json
5574,optimum,2026-10-07 09:41,KAUST2023_N2_C0_CKMC_ESR_v10_0_oxygenless,3.5823107232514557,998.8836997516361,0.6,0.6500000000000001,3.0,1425.218868499336,raw_data/run_5574.csv,raw_data/run_5574.json
5575,optimum,2026-10-07 09:41,KAUST2023_N2_C0_CKMC_ESR_v10_0_oxygenless,4.028406712409674,97.1781131686792,0.1,0.6500000000000001,4.0,2436.332438854329,raw_data/run_5575.csv,raw_data/run_5575.json
5576,optimum,2026-10-07 09:41,KAUST2023_N2_C0_CKMC_ESR_v10_0_oxygenless,4.716277475279449,981.7597643739142,0.6,0.6500000000000001,4.0,1078.6333442196353,raw_data/run_5576.csv,raw_data/run_5576.json
5577,optimum,2026-10-07 09:41,KAUST2023_N2_C0_CKMC_ESR_v10_0_oxygenless,5.867514892610736,998.6308985207022,0.6,0.6500000000000001,5.0,1285.5661763057385,raw_data/run_5577.csv,raw_data/run_5577.json
5578,optimum,2026-10-07 09:41,KAUST2023_N2_C0_CKMC_ESR_v10_0_oxygenless,11.33842994192452,870.4694472842334,0.6,0.6500000000000001,10.0,1312.0379899476416,raw_data/run_5578.csv,raw_data/run_5578.json
5579,optimum,2026-10-07 09:41,KAUST2023_N2_C0_CKMC_ESR_v10_0_oxygenless,21.42847011684252,533.0351088310255,0.6,0.6500000000000001,20.0,1406.6830695739532,raw_data/run_5579.csv,raw_data/run_5579.json
5580,optimum,2026-10-07 09:41,KAUST2023_N2_C0_CKMC_ESR_v10_0_oxygenless,51.54991499715278,274.78814065071145,0.6,0.6500000000000001,50.0,1536.2068100329197,raw_data/run_5580.csv,raw_data/run_5580.json
5581,optimum,2026-10-07 09:41,KAUST2023_N2_C0_CKMC_ESR_v10_0_oxygenless,101.65989456032956,169.8571794959718,0.6,0.6500000000000001,100.0,1640.9089791047943,raw_data/run_5581.csv,raw_data/run_5581.json
5582,optimum,2026-10-07 09:41,KAUST2023_N2_C0_CKMC_ESR_v10_0_oxygenless,1.3489165353220975,999.8862482775595,0.8,0.6500000000000001,1.0,1930.2851968532898,raw_data/run_5582.csv,raw_data/run_5582.json
5583,optimum,2026-10-07 09:41,KAUST2023_N2_C0_CKMC_ESR_v10_0_oxygenless,2.5613093156852282,999.7867695197625,0.8,0.6500000000000001,2.0,1466.2243956916802,raw_data/run_5583.csv,raw_data/run_5583.json
5584,optimum,2026-10-07 09:41,KAUST2023_N2_C0_CKMC_ESR_v10_0_oxygenless,3.7761737960301125,999.9095823578208,0.8,0.6500000000000001,3.0,1319.8297764437377,raw_data/run_5584.csv,raw_data/run_5584.json
5585,optimum,2026-10-07 09:41,KAUST2023_N2_C0_CKMC_ESR_v10_0_oxygenless,4.986908586072174,999.4836246717158,0.8,0.6500000000000001,4.0,1271.5065908260062,raw_data/run_5585.csv,raw_data/run_5585.json
5586,optimum,2026-10-07 09:41,KAUST2023_N2_C0_CKMC_ESR_v10_0_oxygenless,5.1475258928810925,999.2386466345672,0.1,0.6500000000000001,5.0,2801.1878095749175,raw_data/run_5586.csv,raw_data/run_5586.json
5587,optimum,2026-10-07 09:41,KAUST2023_N2_C0_CKMC_ESR_v10_0_oxygenless,6.166234166587374,982.6858014630016,0.8,0.6500000000000001,5.0,1252.1814082160997,raw_data/run_5587.csv,raw_data/run_5587.json
5588,optimum,2026-10-07 09:41,KAUST2023_N2_C0_CKMC_ESR_v10_0_oxygenless,11.446654357527446,710.0948391842683,0.8,0.6500000000000001,10.0,1350.8101202665744,raw_data/run_5588.csv,raw_data/run_5588.json
5589,optimum,2026-10-07 09:41,KAUST2023_N2_C0_CKMC_ESR_v10_0_oxygenless,21.4987634627643,425.89368254447726,0.8,0.6500000000000001,20.0,1447.564078534691,raw_data/run_5589.csv,raw_data/run_5589.json
5590,optimum,2026-10-07 09:41,KAUST2023_N2_C0_CKMC_ESR_v10_0_oxygenless,51.7136031080078,224.19334577605954,0.8,0.6500000000000001,50.0,1535.6709930731076,raw_data/run_5590.csv,raw_data/run_5590.json
5591,optimum,2026-10-07 09:41,KAUST2023_N2_C0_CKMC_ESR_v10_0_oxygenless,101.78116686802272,138.34589309722932,0.8,0.6500000000000001,100.0,1684.9660939018574,raw_data/run_5591.csv,raw_data/run_5591.json
5592,optimum,2026-10-07 09:41,KAUST2023_N2_C0_CKMC_ESR_v10_0_oxygenless,1.017165554077433,148.6497868022072,0.1,1.0,1.0,2346.298774471686,raw_data/run_5592.csv,raw_data/run_5592.json
5593,optimum,2026-10-07 09:41,KAUST2023_N2_C0_CKMC_ESR_v10_0_oxygenless,2.0221917519368184,119.78679623680446,0.1,1.0,2.0,2323.1548262500332,raw_data/run_5593.csv,raw_data/run_5593.json
5594,optimum,2026-10-07 09:41,KAUST2023_N2_C0_CKMC_ESR_v10_0_oxygenless,3.025629779884549,104.09581568500023,0.1,1.0,3.0,2307.699377872896,raw_data/run_5594.csv,raw_data/run_5594.json
5595,optimum,2026-10-07 09:41,KAUST2023_N2_C0_CKMC_ESR_v10_0_oxygenless,4.028363069268231,93.73862202861204,0.1,1.0,4.0,2296.3680261312034,raw_data/run_5595.csv,raw_data/run_5595.json
5596,optimum,2026-10-07 09:41,KAUST2023_N2_C0_CKMC_ESR_v10_0_oxygenless,5.031226174074531,90.45200139293108,0.1,1.0,5.0,2286.5762320615886,raw_data/run_5596.csv,raw_data/run_5596.json
5597,optimum,2026-10-07 09:41,KAUST2023_N2_C0_CKMC_ESR_v10_0_oxygenless,10.262092653740446,993.7825017875409,0.1,0.6500000000000001,10.0,1854.737455065484,raw_data/run_5597.csv,raw_data/run_5597.json
5598,optimum,2026-10-07 09:41,KAUST2023_N2_C0_CKMC_ESR_v10_0_oxygenless,10.258027989479864,981.8988022578935,0.1,1.0,10.0,1738.0035187868295,raw_data/run_5598.csv,raw_data/run_5598.json
5599,optimum,2026-10-07 09:41,KAUST2023_N2_C0_CKMC_ESR_v10_0_oxygenless,20.399178424889413,854.5511556757453,0.1,1.0,20.0,965.2874512234383,raw_data/run_5599.csv,raw_data/run_5599.json
5600,optimum,2026-10-07 09:41,KAUST2023_N2_C0_CKMC_ESR_v10_0_oxygenless,41.88666269509698,3.1959967702601264,0.1,1.0,50.0,9.994302454057642e+100,raw_data/run_5600.csv,raw_data/run_5600.json
5601,optimum,2026-10-07 09:41,KAUST2023_N2_C0_CKMC_ESR_v10_0_oxygenless,28.88029257197936,2.761170256448302,0.1,1.0,100.0,4.711026877178344e+97,raw_data/run_5601.csv,raw_data/run_5601.json
5602,optimum,2026-10-07 09:41,KAUST2023_N2_C0_CKMC_ESR_v10_0_oxygenless,1.0294363397856174,151.07529436094208,0.2,1.0,1.0,2292.691179734654,raw_data/run_5602.csv,raw_data/run_5602.json
5603,optimum,2026-10-07 09:41,KAUST2023_N2_C0_CKMC_ESR_v10_0_oxygenless,2.0381407382806183,126.69858015686941,0.2,1.0,2.0,2261.781818666554,raw_data/run_5603.csv,raw_data/run_5603.json
5604,optimum,2026-10-07 09:41,KAUST2023_N2_C0_CKMC_ESR_v10_0_oxygenless,3.0449397728673344,114.5152283051459,0.2,1.0,3.0,2241.3380944117653,raw_data/run_5604.csv,raw_data/run_5604.json
5605,optimum,2026-10-07 09:41,KAUST2023_N2_C0_CKMC_ESR_v10_0_oxygenless,4.248056952791322,992.3151881277303,0.2,1.0,4.0,1293.8931114046209,raw_data/run_5605.csv,raw_data/run_5605.json
5606,optimum,2026-10-07 09:41,KAUST2023_N2_C0_CKMC_ESR_v10_0_oxygenless,5.291331023415721,999.9552132489101,0.2,1.0,5.0,1147.0176380936036,raw_data/run_5606.csv,raw_data/run_5606.json
5607,optimum,2026-10-07 09:41,KAUST2023_N2_C0_CKMC_ESR_v10_0_oxygenless,10.507836835829734,960.7417612880041,0.2,1.0,10.0,939.3750704613194,raw_data/run_5607.csv,raw_data/run_5607.json
5608,optimum,2026-10-07 09:41,KAUST2023_N2_C0_CKMC_ESR_v10_0_oxygenless,20.054466515497086,64.74388583217996,0.1,0.6500000000000001,20.0,2348.9553258501614,raw_data/run_5608.csv,raw_data/run_5608.json
5609,optimum,2026-10-07 09:41,KAUST2023_N2_C0_CKMC_ESR_v10_0_oxygenless,20.75253725548744,804.8535107944223,0.2,1.0,20.0,931.2323759458695,raw_data/run_5609.csv,raw_data/run_5609.json
5610,optimum,2026-10-07 09:41,KAUST2023_N2_C0_CKMC_ESR_v10_0_oxygenless,37.84552507703164,147.66540013881325,0.2,1.0,50.0,2.0211382500799572e+93,raw_data/run_5610.csv,raw_data/run_5610.json
5611,optimum,2026-10-07 09:41,KAUST2023_N2_C0_CKMC_ESR_v10_0_oxygenless,100.79210268596262,235.12121392644616,0.2,1.0,100.0,1509.6712669635247,raw_data/run_5611.csv,raw_data/run_5611.json
5612,optimum,2026-10-07 09:41,KAUST2023_N2_C0_CKMC_ESR_v10_0_oxygenless,1.0527280306357356,169.5375815951799,0.4,1.0,1.0,2219.122716946979,raw_data/run_5612.csv,raw_data/run_5612.json
5613,optimum,2026-10-07 09:41,KAUST2023_N2_C0_CKMC_ESR_v10_0_oxygenless,2.28368094541037,999.9679574012662,0.4,1.0,2.0,1876.88653610929,raw_data/run_5613.csv,raw_data/run_5613.json
5614,optimum,2026-10-07 09:41,KAUST2023_N2_C0_CKMC_ESR_v10_0_oxygenless,3.375798809756393,991.6123614473987,0.4,1.0,3.0,1524.4319430042071,raw_data/run_5614.csv,raw_data/run_5614.json
5615,optimum,2026-10-07 09:41,KAUST2023_N2_C0_CKMC_ESR_v10_0_oxygenless,4.483898149378731,979.8793834352832,0.4,1.0,4.0,1334.5967862487757,raw_data/run_5615.csv,raw_data/run_5615.json
5616,optimum,2026-10-07 09:41,KAUST2023_N2_C0_CKMC_ESR_v10_0_oxygenless,5.580225914287208,999.6854428712948,0.4,1.0,5.0,1297.5556980234967,raw_data/run_5616.csv,raw_data/run_5616.json
5617,optimum,2026-10-07 09:41,KAUST2023_N2_C0_CKMC_ESR_v10_0_oxygenless,10.972808991260244,917.4329630949132,0.4,1.0,10.0,1162.7890527890368,raw_data/run_5617.csv,raw_data/run_5617.json
5618,optimum,2026-10-07 09:41,KAUST2023_N2_C0_CKMC_ESR_v10_0_oxygenless,21.109317104198517,621.3064784971328,0.4,1.0,20.0,1192.0405410577966,raw_data/run_5618.csv,raw_data/run_5618.json
5619,optimum,2026-10-07 09:41,KAUST2023_N2_C0_CKMC_ESR_v10_0_oxygenless,50.39985382464927,411.5707273623906,0.1,0.6500000000000001,50.0,1807.6307741147637,raw_data/run_5619.csv,raw_data/run_5619.json
5620,optimum,2026-10-07 09:41,KAUST2023_N2_C0_CKMC_ESR_v10_0_oxygenless,51.430225276229194,369.809112292198,0.4,1.0,50.0,1376.0847831099184,raw_data/run_5620.csv,raw_data/run_5620.json
5621,optimum,2026-10-07 09:41,KAUST2023_N2_C0_CKMC_ESR_v10_0_oxygenless,101.47844799218092,220.47697806195947,0.4,1.0,100.0,1464.1656724250731,raw_data/run_5621.csv,raw_data/run_5621.json
5622,optimum,2026-10-07 09:41,KAUST2023_N2_C0_CKMC_ESR_v10_0_oxygenless,1.257847190668198,999.2141365927035,0.6,1.0,1.0,2095.4715784653645,raw_data/run_5622.csv,raw_data/run_5622.json
5623,optimum,2026-10-07 09:41,KAUST2023_N2_C0_CKMC_ESR_v10_0_oxygenless,2.427077699684949,999.8782748408207,0.6,1.0,2.0,1536.1381629862867,raw_data/run_5623.csv,raw_data/run_5623.json
5624,optimum,2026-10-07 09:41,KAUST2023_N2_C0_CKMC_ESR_v10_0_oxygenless,3.5883767015513284,999.9681313542809,0.6,1.0,3.0,1325.305086709017,raw_data/run_5624.csv,raw_data/run_5624.json
5625,optimum,2026-10-07 09:41,KAUST2023_N2_C0_CKMC_ESR_v10_0_oxygenless,4.734875417495352,998.67692240397,0.6,1.0,4.0,1099.8561762140735,raw_data/run_5625.csv,raw_data/run_5625.json
5626,optimum,2026-10-07 09:41,KAUST2023_N2_C0_CKMC_ESR_v10_0_oxygenless,5.878024607416518,998.5316736325141,0.6,1.0,5.0,1191.7501018733099,raw_data/run_5626.csv,raw_data/run_5626.json
5627,optimum,2026-10-07 09:41,KAUST2023_N2_C0_CKMC_ESR_v10_0_oxygenless,11.349382653632912,871.5886674081036,0.6,1.0,10.0,1208.376614558933,raw_data/run_5627.csv,raw_data/run_5627.json
5628,optimum,2026-10-07 09:41,KAUST2023_N2_C0_CKMC_ESR_v10_0_oxygenless,21.673398894275927,619.4637677041555,0.6,1.0,20.0,1166.7552936861778,raw_data/run_5628.csv,raw_data/run_5628.json
5629,optimum,2026-10-07 09:41,KAUST2023_N2_C0_CKMC_ESR_v10_0_oxygenless,51.54406484237117,271.604268354273,0.6,1.0,50.0,1429.8289582212544,raw_data/run_5629.csv,raw_data/run_5629.json
5630,optimum,2026-10-07 09:41,KAUST2023_N2_C0_CKMC_ESR_v10_0_oxygenless,44.694025386388766,26.514948303686044,0.1,0.6500000000000001,100.0,9.671190199009933e+105,raw_data/run_5630.csv,raw_data/run_5630.json
5631,optimum,2026-10-07 09:41,KAUST2023_N2_C0_CKMC_ESR_v10_0_oxygenless,101.6624480943121,167.68182232221693,0.6,1.0,100.0,1528.965661126721,raw_data/run_5631.csv,raw_data/run_5631.json
5632,optimum,2026-10-07 09:41,KAUST2023_N2_C0_CKMC_ESR_v10_0_oxygenless,1.3532830898328319,999.0324049955623,0.8,1.0,1.0,1832.2940702111055,raw_data/run_5632.csv,raw_data/run_5632.json
5633,optimum,2026-10-07 09:41,KAUST2023_N2_C0_CKMC_ESR_v10_0_oxygenless,2.567610991934955,999.2638679377341,0.8,1.0,2.0,1366.8900626049003,raw_data/run_5633.csv,raw_data/run_5633.json
5634,optimum,2026-10-07 09:41,KAUST2023_N2_C0_CKMC_ESR_v10_0_oxygenless,3.761167792630598,982.9980447073419,0.8,1.0,3.0,1103.5474285471137,raw_data/run_5634.csv,raw_data/run_5634.json
5635,optimum,2026-10-07 09:41,KAUST2023_N2_C0_CKMC_ESR_v10_0_oxygenless,4.994046783177258,999.6183090984509,0.8,1.0,4.0,1177.835817026444,raw_data/run_5635.csv,raw_data/run_5635.json
5636,optimum,2026-10-07 09:41,KAUST2023_N2_C0_CKMC_ESR_v10_0_oxygenless,6.201708554529342,999.7340287061032,0.8,1.0,5.0,1169.072395725645,raw_data/run_5636.csv,raw_data/run_5636.json
5637,optimum,2026-10-07 09:41,KAUST2023_N2_C0_CKMC_ESR_v10_0_oxygenless,11.538161973470906,746.4216876985689,0.8,1.0,10.0,1247.9814589016855,raw_data/run_5637.csv,raw_data/run_5637.json
5638,optimum,2026-10-07 09:41,KAUST2023_N2_C0_CKMC_ESR_v10_0_oxygenless,21.494010004079357,419.93796800852454,0.8,1.0,20.0,1345.9630848833913,raw_data/run_5638.csv,raw_data/run_5638.json
5639,optimum,2026-10-07 09:41,KAUST2023_N2_C0_CKMC_ESR_v10_0_oxygenless,51.64674392327408,220.4565962998437,0.8,1.0,50.0,1470.0002983767797,raw_data/run_5639.csv,raw_data/run_5639.json
5640,optimum,2026-10-07 09:41,KAUST2023_N2_C0_CKMC_ESR_v10_0_oxygenless,101.77914948530378,136.862970688607,0.8,1.0,100.0,1570.5545504789295,raw_data/run_5640.csv,raw_data/run_5640.json
5641,optimum,2026-10-07 09:41,KAUST2023_N2_C0_CKMC_ESR_v10_0_oxygenless,1.0295137752622148,159.36600433925403,0.2,0.6500000000000001,1.0,2431.657977841888,raw_data/run_5641.csv,raw_data/run_5641.json
5642,optimum,2026-10-07 09:41,KAUST2023_N2_C0_CKMC_ESR_v10_0_oxygenless,1.0177075734845864,148.67316435938525,0.1,4.999999999999999,1.0,2177.6665939829195,raw_data/run_5642.csv,raw_data/run_5642.json
5643,optimum,2026-10-07 09:41,KAUST2023_N2_C0_CKMC_ESR_v10_0_oxygenless,2.022646921299869,118.92406909023576,0.1,4.999999999999999,2.0,2152.6618975153838,raw_data/run_5643.csv,raw_data/run_5643.json
5644,optimum,2026-10-07 09:41,KAUST2023_N2_C0_CKMC_ESR_v10_0_oxygenless,3.026368019121736,103.7363218871428,0.1,4.999999999999999,3.0,2136.0969220340553,raw_data/run_5644.csv,raw_data/run_5644.json
5645,optimum,2026-10-07 09:41,KAUST2023_N2_C0_CKMC_ESR_v10_0_oxygenless,4.029421571231953,96.0270908570343,0.1,4.999999999999999,4.0,2123.677880255532,raw_data/run_5645.csv,raw_data/run_5645.json
5646,optimum,2026-10-07 09:41,KAUST2023_N2_C0_CKMC_ESR_v10_0_oxygenless,5.031941522102563,89.01443220486374,0.1,4.999999999999999,5.0,2113.8902615958295,raw_data/run_5646.csv,raw_data/run_5646.json
5647,optimum,2026-10-07 09:41,KAUST2023_N2_C0_CKMC_ESR_v10_0_oxygenless,10.268010997963412,999.6609631767595,0.1,4.999999999999999,10.0,936.0180715944497,raw_data/run_5647.csv,raw_data/run_5647.json
5648,optimum,2026-10-07 09:41,KAUST2023_N2_C0_CKMC_ESR_v10_0_oxygenless,2.887074905890664,35.28614605656098,0.1,4.999999999999999,20.0,2.9533154925963158e+106,raw_data/run_5648.csv,raw_data/run_5648.json
5649,optimum,2026-10-07 09:41,KAUST2023_N2_C0_CKMC_ESR_v10_0_oxygenless,17.21930104956727,5.779822124395154,0.1,4.999999999999999,50.0,3.4488259240642636e+101,raw_data/run_5649.csv,raw_data/run_5649.json
5650,optimum,2026-10-07 09:41,KAUST2023_N2_C0_CKMC_ESR_v10_0_oxygenless,52.562076124554004,629.4233009328917,0.1,4.999999999999999,100.0,3.878319573648611e+100,raw_data/run_5650.csv,raw_data/run_5650.json
5651,optimum,2026-10-07 09:41,KAUST2023_N2_C0_CKMC_ESR_v10_0_oxygenless,1.0300100335501148,150.25004056547036,0.2,4.999999999999999,1.0,2118.29507888009,raw_data/run_5651.csv,raw_data/run_5651.json
